time_fs,P_0,P_1,P_2,P_3,P_4,P_5,coherence_l1,classical_P_0,classical_P_1,classical_P_2,classical_P_3,classical_P_4,classical_P_5
0.0,1.0,0.0,0.0,0.0,0.0,0.0,0.0,1.0,0.0,0.0,0.0,0.0,0.0
0.1,0.9998766885321725,0.000119714460956658,5.302475801748472e-10,3.236927801075441e-06,3.5954528945354853e-07,3.532695348561675e-12,0.02611746437811881,0.9993210156909592,0.0006472234857591156,3.0857068259136546e-08,2.4560570406025627e-05,7.168690052928504e-06,7.057545128193058e-10
0.2,0.9995215397424011,0.0004644741714383663,8.161509603670404e-09,1.2581611023024243e-05,1.3962592853796184e-06,5.4342566477408555e-11,0.05036741304665587,0.9986429119544634,0.0012935066171833897,1.233635477040745e-07,4.9079559754585554e-05,1.4375682174402994e-05,2.822876470344855e-09
0.30000000000000004,0.9989590194676867,0.0010104469604479852,3.966043990445993e-08,2.7451498227840632e-05,3.042148988358289e-06,2.642092189091172e-10,0.07273503257224614,0.9979656875832537,0.0019388506992768194,2.77422452242429e-07,7.355710262708156e-05,2.162084123711838e-05,6.351152999157726e-09
0.4,0.9982157613369448,0.0017316591013240446,1.200650887020788e-07,4.7234033760376366e-05,5.2246617552231665e-06,8.011269448598408e-10,0.09321882408389326,0.9972893413717377,0.002583257035238416,4.929369315071161e-07,9.799333319374441e-05,2.8904032528193812e-05,1.129037055866073e-08
0.5,0.9973195476730006,0.0026009978212534284,2.8020444808371086e-07,7.130317537839631e-05,7.869251264669123e-06,1.874654890162737e-09,0.11183039684280445,0.996613872115987,0.003226726926464709,7.698102706693221e-07,0.00012238838521484293,3.622512174795353e-05,1.764031494379892e-08
0.6000000000000001,0.9962984018887036,0.003591104554261524,5.543239146568383e-07,9.903388770256999e-05,1.0901622934198124e-05,3.7224835488765134e-09,0.12859402232072187,0.9959392786137359,0.003869261672552241,1.1079458902517291e-06,0.0001467423920418896,4.3583975008711286e-05,2.5400771287771414e-08
0.7000000000000001,0.995179801243883,0.004675150021234557,9.778924548823628e-07,0.0001298145971639346,1.4249646885177637e-05,6.598378532519507e-09,0.14354599276025057,0.9952655596643774,0.004510862571300066,1.507247345941998e-06,0.0001710554866188428,5.0980458833558126e-05,3.4571524064734547e-08
0.8,0.9939900143476311,0.005827486666285283,1.585649977492342e-06,0.00016305763770457337,1.7844936805010146e-05,1.0761596688028653e-08,0.15673382741240835,0.9945927140689637,0.005151530918712238,1.9676183284065047e-06,0.00019532780148330553,5.841444015515388e-05,4.515235709249637e-08
0.9,0.9927535638160276,0.007024177924222632,2.4099365277116547e-06,0.00019820775351236488,2.1624101895980455e-05,1.646781387783763e-08,0.16821536725651276,0.9939207406302007,0.005791268009000298,2.488962663104333e-06,0.00021955946876772028,6.588578631452201e-05,5.7143053535202524e-08
1.0,0.9914928110651967,0.008243407202130989,3.479328945818061e-06,0.00023474875566742388,2.5529686501749384e-05,2.3961557550876137e-08,0.178057795382975,0.9932496381524477,0.006430075134585756,3.0711843101015258e-06,0.0002437506202005613,7.339436505984797e-05,7.054339590601351e-08
1.1,0.9902276573500289,0.009465772311909435,4.8175959965973155e-06,0.00027220845398749166,2.9510817977849063e-05,3.3470099926694546e-08,0.18633661571458834,0.9925794054417144,0.007067953586102578,3.714187363885585e-06,0.00026790138710752255,8.094004454528103e-05,8.535316606977351e-08
1.2000000000000002,0.9889753528490991,0.010674473390284024,6.4429699896759105e-06,0.00031016200391928726,3.3523587969741705e-05,4.519873838265177e-08,0.19313461767242016,0.9919100413056594,0.007704904652399659,4.41787605318023e-06,0.00029201190041270263,8.852269332973956e-05,1.0157214524567039e-07
1.3,0.9877504038303645,0.011855404103478287,8.367721786233104e-06,0.00034823382144605374,3.7531195557506525e-05,5.9327367614937867e-08,0.19854084902609784,0.9912415445535866,0.008340929620543294,5.182154740760411e-06,0.00031608229063978603,9.614218037571982e-05,1.1920011400988755e-07
1.4000000000000001,0.986564566681794,0.01299715718307067,1.0598016944917655e-05,0.000386098227138925,4.150388281918324e-05,7.600823245886018e-08,0.20264961371810314,0.9905739139964432,0.008976029775819652,6.0069279232675716e-06,0.0003401126879132219,0.0001037983750481082,1.3823685229824696e-07
1.5,0.9854269168178504,0.014090956115221487,1.313402363510072e-05,0.0004234789841817659,4.5418694371375534e-05,9.536474003645731e-08,0.20555950607403306,0.9899071484468203,0.009610206401737246,6.892100231025166e-06,0.000364103221959398,0.00011149114711299668,1.5868213940884395e-07
1.6,0.9843439801308996,0.015130525152620283,1.597023780231623e-05,0.0004601478949800053,4.9259092493677895e-05,1.17491204321729e-07,0.2073724876079403,0.9892412467189443,0.010243460780029377,7.837576427854438e-06,0.0003880540221078119,0.00011922036673650199,1.8053575400467335e-07
1.7000000000000002,0.9833199146950868,0.016111909787673264,1.909598781113966e-05,0.0004959226173671754,5.301445866731961e-05,1.4245339450193435e-07,0.20819300766070534,0.9885762076286827,0.010875794190656632,8.843261410890442e-06,0.0004119652172922395,0.00012698590448358816,2.0379747411624763e-07
1.8,0.9823567307948039,0.017033259470285066,2.2496079267845098e-05,0.0005306638549885205,5.667951089491779e-05,1.70289759960077e-07,0.20812716439713014,0.9879120299935344,0.0115072079118093,9.909060210398309e-06,0.0004358369360518988,0.0001347876313168922,2.2846707714420592e-07
1.9000000000000001,0.9814545379851555,0.017894583729034005,2.6151540754497337e-05,0.000564272067694904,6.0253664152646644e-05,2.0101320867400269e-07,0.20728189825703072,0.9872487126326328,0.012137703219909842,1.1034877989589792e-05,0.00045966930653261164,0.00014262541859555339,2.5454433986191555e-07
2.0,0.9806118087428327,0.018697492015155123,3.0040432577080398e-05,0.0005966838372246369,6.374035888889859e-05,2.3461332176154693e-07,0.20576420586263464,0.9865862543667396,0.012767281389615354,1.222062004444004e-05,0.00048346245648796054,0.00015049913807404605,2.820290384180646e-07
2.1,0.9798256492794036,0.019444926587280868,3.413868311665381e-05,0.0006278680115571677,6.714637974755622e-05,2.710588943128781e-07,0.20368035876717708,0.9859246540182467,0.013395943693819986,1.3466191803504629e-05,0.0005072165132804442,0.00015840866190101552,3.1092094833924604e-07
2.2,0.9790920692151479,0.020140896641110906,3.842092074217248e-05,0.0006578217385254829,7.048118377259826e-05,3.1030070112501107e-07,0.20113510856961647,0.9852639104111697,0.01402369140365741,1.4771498827736837e-05,0.0005309316038826285,0.00016635386261811734,3.412198445325346e-07
2.3000000000000003,0.9784062430040827,0.020790220707942165,4.286127326672598e-05,0.0006865664859674053,7.375625434600424e-05,3.522743951391532e-07,0.19823085830805823,0.9846040223711481,0.014650525788503233,1.6136446810305195e-05,0.0005546078548782923,0.0001743346131588603,3.7292550128805407e-07
2.4000000000000004,0.9777627572182869,0.021398283140529484,4.7434111385331236e-05,0.0007141441322298624,7.698449411259492e-05,3.9690345598765974e-07,0.19506678042684517,0.9839449887254429,0.015276448115977464,1.7560941576411252e-05,0.0005782453924635753,0.00018235078684745228,4.060376922815371e-07
2.5,0.977155839005689,0.021970809310227893,5.211471721725831e-05,0.0007406131975196526,8.017966723046857e-05,4.4410211584453876e-07,0.19173786498951548,0.9832868083029337,0.015901459651946927,1.904488908310762e-05,0.0006018443424481163,0.00019040225739764966,4.4055619057687673e-07
2.6,0.9765795621991993,0.022513662986600146,5.687986380434128e-05,0.0007660452736788878,8.335589851792837e-05,4.937781995471649e-07,0.188333889325825,0.9826294799341169,0.016525561660527686,2.0588195419116263e-05,0.0006254048302561923,0.00019848889891161027,4.7648076862866936e-07
2.7,0.9760280286509488,0.023032668285032292,6.170829602721951e-05,0.0007905216976680392,8.65272344982299e-05,5.458358255607374e-07,0.1849383129663863,0.9819730024511034,0.017148755404087487,2.2190766804647007e-05,0.0006489269809278524,0.00020661058587874933,5.138111982847506e-07
2.8000000000000003,0.9754955233733755,0.02353345756939639,6.658110775766175e-05,0.000814130502536202,8.970726901071803e-05,6.00177923666393e-07,0.18162711992835784,0.9813173746876152,0.01777104214324816,2.3852509591216336e-05,0.00067241091912005,0.0002147671931745986,5.525472507887206e-07
2.9000000000000004,0.9749766429740554,0.024021345800287825,7.14820140570199e-05,0.0008369636690778189,9.290883398794084e-05,6.567085341700779e-07,0.17846765330309983,0.9806625954789862,0.018392423136888075,2.5573330261466426e-05,0.0006958567691077697,0.00022295859605966944,5.926886967824652e-07
3.0,0.9744663976634806,0.024501231034862746,7.639752077470147e-05,0.0008591146918107304,9.61437542094016e-05,7.153348618747359e-07,0.17551751190760878,0.9800086636621568,0.019012899642144507,2.7353135428984427e-05,0.0007192646547851531,0.0002311846701783185,6.342353063086643e-07
3.1,0.9739602877888416,0.02497752011739366,8.131699693804829e-05,0.000880676464420456,9.942266334041704e-05,7.759690659724681e-07,0.17282360060673094,0.9793555780756728,0.019632472914416083,2.9191831838121963e-05,0.0007426346996666191,0.000239445291557617,6.771868488132957e-07
3.2,0.9734543564006601,0.02545407805196909,8.623265782179439e-05,0.0009017394824273547,0.00010275487734734546,8.385297743490862e-07,0.17042143833378073,0.9787033375596839,0.020251144207365197,3.108932636381494e-05,0.0007659670268879833,0.00024774033660622324,7.215430931481304e-07
3.3000000000000003,0.9729452197947145,0.025934199118453204,9.113946852881302e-05,0.0009223903545467541,0.00010614832043931133,9.029433175150548e-07,0.16833482444393352,0.9780519409559398,0.02086891477292037,3.3045526011403515e-05,0.0007892617592075725,0.00025606968211325845,7.67303807573217e-07
3.4000000000000004,0.9724300782938572,0.026420597475138162,9.603497931095708e-05,0.0009427106090037564,0.00010960949800662936,9.691446834575466e-07,0.16657594096916706,0.9774013871077902,0.0214857858612787,3.5060337916452435e-05,0.0008125190190073362,0.00026443320524718525,8.144687597593633e-07
3.5,0.9719067097502619,0.026915414779326477,0.00010091910473282826,0.0009627757768909998,0.00011314351058786846,1.0370782001295227e-06,0.16514592662895075,0.9767516748601818,0.02210175872090827,3.713366934457155e-05,0.0008357389282939555,0.000272830783554691,8.630377167906037e-07
3.6,0.9713734483673612,0.02742024224137493,0.00010579385916930193,0.0009826547314599724,0.00011675410267781646,1.1066979570418555e-06,0.16403590491478448,0.9761028030596536,0.022716834598550468,3.926542769123642e-05,0.0008589216086999486,0.0002812622949595721,9.130104451666645e-07
3.7,0.9708291514726733,0.027936154498163272,0.00011066306107729975,0.0010024092599428573,0.00012044374016201116,1.1779679814986786e-06,0.16322839440981168,0.9754547705543388,0.023331014739222458,4.145552048160954e-05,0.0008820671814847726,0.0002897276177616235,9.643867108054173e-07
3.8000000000000003,0.9702731568291455,0.028463752737282615,0.00011553201804913974,0.001022093843031507,0.00012421371030308726,1.2508621884160963e-06,0.1626989867685818,0.9748075761939591,0.023944300386219544,4.3703855370361474e-05,0.0009051757675359228,0.00029822663063553014,1.0171662790453257e-06
3.9000000000000004,0.9697052329653117,0.029003214611775133,0.00012040720389932071,0.0010417556164060461,0.00012806423848253418,1.3253641253982878e-06,0.16241815524184638,0.9741612188298266,0.024556692781117537,4.601034014149236e-05,0.0009282474873700281,0.00030675921262976263,1.0713489146478845e-06
4.0,0.9691255248453057,0.029554348645226977,0.00012529593802180984,0.0010614344886174987,0.00013199461629144021,1.4014665368276522e-06,0.16235305706863348,0.9735156973148357,0.025168193163775155,4.8374882708153636e-05,0.0009512824611339439,0.00031532524316547455,1.1269343818000536e-06
4.1000000000000005,0.9685344970001477,0.030116651026901704,0.00013020607604396725,0.0010811633900954713,0.00013600333603923422,1.4791707721782782e-06,0.16246921308208231,0.9728710105034658,0.0257788027723364,5.07973911124701e-05,0.0009742808086058423,0.0003239246020354051,1.183922444116675e-06
4.2,0.9679328760127974,0.03068936292541186,0.00013514571945751354,0.001100968628983251,0.0001400882272856529,1.5584860646124443e-06,0.16273198003046405,0.9722271572517781,0.026388522843232936,5.3277773525362075e-05,0.0009972426491962963,0.00033255716940278307,1.2423128646428936e-06
4.3,0.9673215940014971,0.0312715266969257,0.00014012295048428808,0.0011208703308116207,0.0001442465915754232,1.6394287062022817e-06,0.16310776694034196,0.9715841364174121,0.026997354611186464,5.581593824636792e-05,0.0010201681019493668,0.00034122282580023496,1.3021054058565648e-06
4.4,0.9667017344883115,0.03186203962078133,0.00014514559698797162,0.0011408829406265662,0.00014847533214696793,1.7220211458731994e-06,0.1635649794475899,0.9709419468595835,0.02760529930921107,5.841179370346665e-05,0.0010430572855436777,0.00034992145212869597,1.36329982967065e-06
4.5,0.9660744817807912,0.03245970405336839,0.00015022103081961482,0.0011610157680078206,0.0001527710759778107,1.8062910354379209e-06,0.16407470133028373,0.9703005874390841,0.028212358168615597,6.106524845290111e-05,0.0010659103182934953,0.00035865292965632387,1.4258958974356147e-06
4.6000000000000005,0.9654410747415408,0.033063273143097184,0.00015535600162530375,0.0011812735573842384,0.00015713028610484848,1.8922702479304772e-06,0.1646111392470406,0.9696600570182781,0.02881853241900606,6.377621117900096e-05,0.001088727318149805,0.0003674171400174167,1.4898933699418076e-06
4.7,0.964802765579189,0.033671491489228954,0.00016055650688219847,0.0012016570681047817,0.00016154936270448231,1.9799938909127616e-06,0.1651518656751829,0.9690203544610977,0.029423823288287906,6.654459069400619e-05,0.0011115084027013774,0.00037621396521133265,1.5552920074218407e-06
4.800000000000001,0.9641607840696732,0.034283130350470654,0.00016582769779097388,0.0012221636508043634,0.00016602473192554014,2.0694993355700715e-06,0.16567789800450752,0.9683814786330466,0.030028232002668458,6.93702959378909e-05,0.0011342536891758366,0.00038504328760141475,1.6220915695529578e-06
4.9,0.9635163074126164,0.03489701721185324,0.0001711738196577932,0.001242787808663362,0.00017055292192926273,2.1608252802960265e-06,0.16617365058310182,0.9677434284011927,0.030631759786659232,7.225323597818713e-05,0.0011569632944407285,0.0003939049899139159,1.6902918154593957e-06
5.0,0.9628704357465209,0.03551205969789703,0.00017659818456004976,0.0012635217341573602,0.00017513062599996826,2.25401086515227e-06,0.16662679282898546,0.9671062026341662,0.03123440786307829,7.519332000980904e-05,0.0011796373350045771,0.0004027989552369297,1.7598925037147384e-06
5.1000000000000005,0.9622241731902019,0.03612726397479381,0.00018210317341362526,0.0012843558137958842,0.000179754752944102,2.3490948511348224e-06,0.1670280414831,0.966469800202163,0.03183617745305257,7.819045735487744e-05,0.001202275927017947,0.0004117250670193233,1.830893392344261e-06
5.2,0.9615784141470822,0.03674174791357467,0.00018769026404606625,0.0013052790951290011,0.00018442246529289046,2.44611487564625e-06,0.16737090953219072,0.9658342199769342,0.032437069776020254,8.12445574625442e-05,0.0012248791862744962,0.00042068320906967296,1.9032942388272728e-06
5.300000000000001,0.9609339345036291,0.0373547493900492,0.00019336008152561417,0.0013262797119384924,0.000189131206065098,2.5451067930178347e-06,0.16765142895294458,0.965199460831791,0.03303708604973309,8.435552990881739e-05,0.0012474472282120298,0.0004296732655552034,1.977094800099446e-06
5.4,0.9602913872726212,0.037965630176435915,0.0001991124667919338,0.0013473452650118714,0.00019387871503319544,2.646104106401985e-06,0.1678678597775173,0.9645655216415977,0.03363622749025875,8.752328439638632e-05,0.0012699801679135487,0.00043869512100072947,2.052294832555138e-06
5.5,0.9596513021747852,0.03857387593536585,0.0002049465595687396,0.0013684631572142337,0.00019866303557156419,2.7491374949117237e-06,0.168020394410545,0.9639324012827747,0.034234495311983144,9.074773075444695e-05,0.0012924781201082947,0.00044774866028760187,2.1288940920497105e-06
5.6000000000000005,0.9590140886169077,0.03917909286108447,0.00021086089159669686,0.0013896208827210061,0.00020348251325303827,2.8542344375649244e-06,0.168110863704588,0.9633000986332895,0.034831890727612745,9.402877893852738e-05,0.0013149411991727966,0.0004568337686526546,2.2068923339018335e-06
5.7,0.958380041508716,0.039781001527301234,0.00021685348639049218,0.0014108062712546103,0.00020833578740472216,2.961418933434741e-06,0.16814244982130874,0.9626686125726609,0.03542841494817694,9.736633903031385e-05,0.0013373695191319067,0.00046595033168715726,2.286289312895793e-06
5.800000000000001,0.9577493493623096,0.04037942849857182,0.00022292196197916741,0.0014320076889839182,0.0002132217768406595,3.0707113154463675e-06,0.16811941003259512,0.9620379419819535,0.03602406918303032,0.00010076032123747682,0.001359763193659841,0.0004750982353357682,2.36708478328378e-06
5.9,0.9571221041342479,0.04097429624481663,0.0002290636334155339,0.001453214198404124,0.00021813966096288396,3.1821281535195094e-06,0.16804681503390123,0.9614080857437759,0.03661885463985503,0.00010421063589349722,0.0013821223360812116,0.0004842773658954926,2.449278498788177e-06
6.0,0.9564983122990376,0.04156561186910617,0.00023527561222070858,0.0014744156800257234,0.00022308885736908472,3.295682241254956e-06,0.16793030484539018,0.9607790427422802,0.03721277252466311,0.00010771719345749309,0.0014044470593720577,0.0004934876100146429,2.532870212603839e-06
6.1000000000000005,0.9558779066812099,0.04215345511967978,0.0002415549003461116,0.0014956029190757788,0.00022806899702990124,3.4113826591145057e-06,0.16777586487299476,0.9601508118631574,0.037805824041798664,0.00011127990451404631,0.001426737476160875,0.0005027288546918007,2.617859677400364e-06
6.2,0.9552607586190265,0.042737966110724716,0.000247898476671308,0.0015167676606651105,0.00023307989800689275,3.5292349060524854e-06,0.16758962417288112,0.9595233919936369,0.03839801039394039,0.00011489867977302973,0.0014489936987296403,0.0005120009872747856,2.704246645324355e-06
6.300000000000001,0.9546466900838193,0.043319333125000484,0.0002543033744969281,0.0015379026370147123,0.0002381215385783483,3.649241090823847e-06,0.16737767742075704,0.9588967820224845,0.03898933278210374,0.00011857343006943439,0.0014712158390148332,0.0005213038954596218,2.792030868001683e-06
6.4,0.9540354854329557,0.04389778081704083,0.00026076674892431265,0.0015590015703772827,0.00024319403052877486,3.7714001737125395e-06,0.16714593154750176,0.9582709808399991,0.03957979240564324,0.00012230406636319716,0.0014934040086084558,0.0005306374672895127,2.881212096539728e-06
6.5,0.9534269025295516,0.044473559080281375,0.0002672859334261156,0.001580059155249056,0.00024829759324314083,3.895708249183754e-06,0.16689997747475313,0.9576459873380118,0.040169390462254845,0.00012609049973902838,0.0015155583187590502,0.0005400015911538147,2.971790081529628e-06
6.6000000000000005,0.9528206830166693,0.04504693278668701,0.00027385848529542595,0.0016010710233565191,0.0002534325291322688,4.022158859949091e-06,0.16664498687359958,0.9570218004098827,0.04075812814797818,0.0001299326414062398,0.0015376788803727088,0.0005493961557870158,3.063764573048512e-06
6.7,0.9522165615864324,0.045618172554687995,0.00028048222000761095,0.0016220336947351615,0.00025859920080418,4.150743333125762e-06,0.16638563338044898,0.9563984189505002,0.04134600665719887,0.00013383040269857299,0.0015597658040140884,0.0005588210502677173,3.1571353206617284e-06
6.800000000000001,0.9516142741341168,0.04618754665162507,0.0002871552348335685,0.0016429445180052831,0.0002637980102901699,4.281451129547253e-06,0.16612603724241967,0.955775841856277,0.0419330271826508,0.0001377836950740276,0.0015818191999074146,0.0005682761640176172,3.2519020734250627e-06
6.9,0.9510135647329081,0.04675531409135242,0.0002938759223018117,0.0016638016027044394,0.00026902938053592233,4.414270197819034e-06,0.1658697319391724,0.9551540680251487,0.04251919091541844,0.00014179243011469024,0.001603839177937489,0.0005777613868004983,3.348064579886951e-06
7.0,0.9504141914059903,0.047321718946820676,0.0003006429743179697,0.0016846037462676978,0.0002742937392785344,4.549187325382912e-06,0.16561965095055067,0.9545330963565742,0.04310449904493909,0.0001458565195265634,0.001625825847650688,0.0005872766087212164,3.4456225880906925e-06
7.1000000000000005,0.9498159307084879,0.04788698586180371,0.00030745537791360594,0.0017053503579647173,0.00027959150535095497,4.68618847963068e-06,0.16537813252235237,0.9539129257515291,0.04368895275900522,0.00014997587513939444,0.0016477793182559657,0.0005968217202246958,3.544575845576643e-06
7.2,0.9492185811622663,0.04845131671568683,0.00031431240371290563,0.0017260413818149403,0.00028492307738665266,4.82525913296495e-06,0.16514694003782118,0.9532935551125067,0.044272553243766666,0.00015415040890650513,0.0016696996986258444,0.0006063966120949224,3.644924099384403e-06
7.300000000000001,0.9486219656116385,0.049014888370462036,0.0003212135882780795,0.0017466772202158628,0.0002902888248395624,4.9663845666161925e-06,0.16492729543917162,0.9526749833435153,0.044855301683732994,0.0001583800329046214,0.0016915870972974139,0.0006160011754539451,3.7466670960550137e-06
7.4,0.9480259325877146,0.04957785140968362,0.0003281587115256168,0.0017672586597403661,0.00029568908118742806,5.109550148964632e-06,0.1647199230666538,0.9520572093500747,0.045437199261775675,0.00016266465933370292,0.0017134416224733149,0.0006256353017608754,3.849804581633125e-06
7.5,0.9474303567836749,0.05014032976489831,0.00033514777039986195,0.0017877868002922595,0.0003011241391502012,5.254741585060458e-06,0.16452510129253645,0.9514402320392173,0.04601824715913047,0.00016700420051677354,0.0017352633820227322,0.0006352988828108933,3.954336301669169e-06
7.6000000000000005,0.9468351387529834,0.05070242111564294,0.00034218094995242145,0.00180826298855833,0.0003065942477285873,5.401945134963888e-06,0.16434271941905382,0.9508240503194826,0.046598446555399575,0.00017139856889975135,0.0017570524834823764,0.0006449918107342532,4.060262001221522e-06
7.7,0.9462402039478954,0.05126419794408162,0.00034925859291061245,0.0018286887564632186,0.00031209961085038415,5.551147799418927e-06,0.16417233747355162,0.9502086631009171,0.047177798628554014,0.00017584767705127935,0.0017788090340574638,0.0006547139779952961,4.1675814248586696e-06
7.800000000000001,0.9456455012170182,0.05182570912425423,0.0003563811687306847,0.001849065765122346,0.00031764038740304335,5.702337472214566e-06,0.16401324675788206,0.9495940692950708,0.047756304554935715,0.00018035143766255638,0.0018005331406226997,0.0006644652773914618,4.276294316661341e-06
7.9,0.9450510008786759,0.052386981928210286,0.0003635492430270181,0.0018693957545991653,0.00032321669242891377,5.855503059360552e-06,0.16386452927745668,0.9489802678149971,0.048333965509259995,0.0001849097635471679,0.0018222249097232504,0.0006742456020523047,4.386400420224667e-06
8.0,0.9444566924819418,0.05294802433647031,0.0003707634481519229,0.0018896804996068307,0.00032882859926387857,6.0106345659009885e-06,0.16372511447222163,0.9483672575752484,0.04891078266461763,0.00018952256764091755,0.0018438844475757155,0.0006840548454385127,4.497899478660307e-06
8.1,0.9438625823599635,0.05350882754774817,0.0003780244555767504,0.0019099217711508818,0.0003344761424095126,6.1677231517993374e-06,0.1635938319815142,0.9477550374918767,0.04948675719247719,0.00019418976300165848,0.0018655118600691058,0.0006938929013409299,4.610791234598574e-06
8.200000000000001,0.9432686910711553,0.05406936859215752,0.00038533295059812366,0.0019301213039883299,0.0003401593209424568,6.326761158847689e-06,0.16346945948301092,0.9471436064824281,0.050061890262687245,0.0001989112628091249,0.0018871072527657997,0.0007037596638795793,4.725075430190569e-06
8.3,0.9426750508134538,0.05462961296270862,0.0003926896097670938,0.0019502807696786311,0.0003458781022814226,6.4877421109783335e-06,0.16335076494069156,0.9465329634659442,0.05063618304347867,0.00020368698036476456,0.0019086707309025161,0.0007136550275026925,4.840751807110283e-06
8.4,0.9420817028856067,0.0551895171913124,0.0004000950813173355,0.0019704017549222914,0.0003516324261512003,6.650660690686606e-06,0.16323654286839556,0.9459231073629579,0.05120963670146682,0.0002085168290915704,0.0019302023993912703,0.0007235788869857376,4.957820106556714e-06
8.5,0.9414886952578055,0.0557490313073215,0.00040754996875394094,0.0019904857448217283,0.00035742220860337837,6.81551269451212e-06,0.1631256444573789,0.9453140370954923,0.0517822524016538,0.00021340072253391335,0.0019517023628203422,0.0007335311374304542,5.0762800692559645e-06
8.6,0.9408960803022633,0.056308101128477915,0.0004150548176592834,0.0020105341106549765,0.0003632473459744543,6.982294970675091e-06,0.16301700162412622,0.9447057515870573,0.05235403130743069,0.00021833857435737473,0.0019731707254552213,0.0007435116742638872,5.196131435463333e-06
8.700000000000001,0.9403039127228947,0.05686667034567845,0.0004226101056785365,0.0020305481017240316,0.0003691077186829478,7.151005342030521e-06,0.1629096452067827,0.9440982497626498,0.05292497458057978,0.00022333029834857926,0.0019946075912395693,0.0007535203932374277,5.317373944965402e-06
8.8,0.9397122477123624,0.05742468237394294,0.000430216235565985,0.002050528840824367,0.0003750031947874663,7.321642517492743e-06,0.16280271767504526,0.9434915305487488,0.05349508338127681,0.00022837580841502823,0.002016013063796163,0.0007635571904258517,5.440007337082129e-06
8.9,0.9391211393546176,0.057982081952157545,0.0004378735311049788,0.0020704773228785588,0.0003809336332469529,7.49420599500399e-06,0.16269548082090599,0.9428855928733171,0.05406435886809317,0.00023347501858493263,0.002037387246427851,0.0007736219622263666,5.564031350668905e-06
9.0,0.9385306392818559,0.058538816483400764,0.0004455822356595237,0.002090394416283302,0.00038689888684220535,7.668695958981968e-06,0.16258731896897666,0.9422804356657942,0.05463280219799812,0.00023862784300704703,0.0020587302421184897,0.0007837146053576568,5.6894457241186324e-06
9.1,0.9379407955866577,0.05909483711582642,0.00045334251307395173,0.002110280866533685,0.0003928988047339283,7.845113174992354e-06,0.1624777382886474,0.9416760578571004,0.05520041452636108,0.00024383419595050315,0.002080042153533896,0.0007938350168589339,5.816250195363779e-06
9.200000000000001,0.9373516519830476,0.059650099571103905,0.00046115445060836195,0.0021301373017097794,0.00039893323464687194,8.023458884161868e-06,0.16236636280979602,0.941072458379628,0.05576719700695374,0.00024909399180464366,0.0021013230830227787,0.0008039830940889887,5.944444501878439e-06
9.3,0.9367632472043309,0.06020456473327043,0.0004690180635808043,0.002149964239436949,0.00040500202468193196,8.203734699585745e-06,0.16225292774294714,0.9404696361672453,0.05633315079195232,0.00025440714507885703,0.0021225731326176786,0.0008141587347252467,6.074028380680363e-06
9.4,0.936175614620844,0.060758199015538576,0.0004769333013814593,0.0021697620949614224,0.00041110502476838915,8.385942506699317e-06,0.1621372706873952,0.9398675901552908,0.056898277031939816,0.0002597735704024117,0.0021437924040359027,0.0008243618367628257,6.205001568333032e-06
9.5,0.9355887820571502,0.061310974526160765,0.0004849000545281562,0.0021895311900153335,0.0004172420877767863,8.570084369285542e-06,0.162019321280258,0.9392663192805726,0.05746257687590818,0.0002651931825242906,0.002164980998680458,0.0008345922985135976,6.337363800947647e-06
9.600000000000001,0.9350027717856717,0.061862869056942243,0.0004929181624451474,0.002209271762179613,0.00042341307031935004,8.756162442487276e-06,0.1618990897988484,0.938665822481366,0.05802605147126044,0.00027066589631302636,0.002186139017640976,0.0008448500186052492,6.471114814185191e-06
9.700000000000001,0.9344176006721852,0.062413865919497505,0.000500987421666722,0.002228983974487822,0.00042961783326948155,8.944178893891889e-06,0.16177665518090403,0.938066098697412,0.058588701963813085,0.00027619162675653655,0.002207266561694643,0.0008551348959803511,6.606254343258441e-06
9.8,0.9338332804479319,0.06296395365495933,0.0005091075941925915,0.002248667925048474,0.0004358562420348197,9.13413583346357e-06,0.16165215287449236,0.9374671468699146,0.059150529497798074,0.0002817702889619585,0.0022283637313071235,0.0008654468298954248,6.742782122933964e-06
9.9,0.9332498180831978,0.06351312564268156,0.0005172784157516013,0.0022683236564968977,0.0004421281666198794,9.326035252820523e-06,0.1615257628739139,0.9368689659415386,0.05971153521586513,0.00028740179815548545,0.002249430626633477,0.0008757857199200144,6.880697887534149e-06
10.0,0.9326672162379875,0.0640613796326417,0.0005254996037628965,0.002287951165119816,0.00044843348151449834,9.519878974095692e-06,0.16139769824141828,0.936271554856408,0.06027172025908396,0.0002930860696822025,0.00227046734751908,0.0008861514659357616,7.020001370939195e-06
10.100000000000001,0.9320854737667433,0.06460871722486146,0.0005337708648179268,0.002307550409525973,0.00045477206544345316,9.715668608383772e-06,0.16126819435853518,0.9356749125601054,0.06083108576694632,0.00029882301900592236,0.002291473993500544,0.0008965439681354807,7.160692306589101e-06
10.200000000000001,0.9315045862558214,0.06515514331733899,0.0005420919015414704,0.002327121318764176,0.00046114380101085206,9.913405523567476e-06,0.1611374990965654,0.9350790379996664,0.06138963287736836,0.00030461256170902164,0.0023124506638066192,0.00090696312702224,7.302770427485666e-06
10.3,0.930924546574534,0.06570066554183492,0.0005504624187241881,0.002346663799815737,0.00046754857427044546,1.0113090821134116e-05,0.1610058640443107,0.9344839301235813,0.06194736272669256,0.0003104546134922771,0.002333397457359116,0.0009174088434084444,7.446235466194457e-06
10.4,0.9303453454228856,0.0662452937044799,0.0005588821286521882,0.0023661777444113335,0.0004739862742500127,1.0314725321440428e-05,0.16087353688329123,0.9338895878817912,0.06250427644969038,0.00031634909017470327,0.0023543144727738046,0.0009278810184149171,7.591087154846797e-06
10.5,0.9297669718615865,0.06678903924566973,0.0005673507555899753,0.0023856630351428224,0.00048045679245464393,1.0518309556759888e-05,0.16074075495715695,0.9332960102256861,0.06306037517956377,0.00032229590769338855,0.002375201808361325,0.0009383795534699897,7.737325225141725e-06
10.600000000000001,0.9291894138124289,0.06733191473117016,0.0005758680394013868,0.00240511955085841,0.0004869600223701953,1.0723843771351851e-05,0.16060774004324302,0.9327031961081038,0.06361566004794793,0.0003282949821033328,0.002396059562128084,0.0009489043503085918,7.88494940834795e-06
10.700000000000001,0.9286126585195817,0.0678739333838432,0.0005844337383182447,0.002424547171344929,0.0004934958589845881,1.0931327927724706e-05,0.16047469430055628,0.9321111444833259,0.06417013218491323,0.0003343462295772849,0.0024168878317771623,0.0009594553109713443,8.03395943530583e-06
10.8,0.9280366929647478,0.06841510866299126,0.0005930476308881898,0.0024439457813139097,0.0005000641983410643,1.1140761718224434e-05,0.1603417973401056,0.9315198543070781,0.06472379271896729,0.00034044956640557955,0.0024376867147092043,0.0009700323378036541,8.184355036429297e-06
10.9,0.9274615042313659,0.06895545389604935,0.0006017095171513195,0.002463315273718724,0.0005066649371340932,1.1352144581063126e-05,0.16020920434042055,0.9309293245365268,0.0652766427770573,0.00034660490899597623,0.002458456308023318,0.0009806353334548103,8.336135941707807e-06
11.0,0.9268870798150991,0.06949498196527752,0.0006104192191098251,0.0024826555524385878,0.0005132979723554395,1.1565475719907423e-05,0.16007704511325097,0.9303395541302784,0.06582868348457224,0.0003528121738734968,0.002479196708517965,0.0009912642008770899,8.489301880708282e-06
11.100000000000001,0.926313407879695,0.0700337050502467,0.0006191765805658114,0.0025019665343716706,0.0005199632009949911,1.1780754126171102e-05,0.15994542401158815,0.9297505420483757,0.06637991596534479,0.00035907127768026347,0.0024999080126918496,0.001001918843324855,8.643852582577041e-06
11.200000000000001,0.925740477458915,0.07057163442528944,0.0006279814664100807,0.002521248150984304,0.0005266605197983623,1.1997978603196989e-05,0.1598144205639941,0.9291622872522963,0.06693034134165365,0.00036538213717533764,0.002520590316744808,0.0010125991643536627,8.799787776041706e-06
11.3,0.9251682786065957,0.07110878030971657,0.0006368337614490763,0.0025405003493663885,0.0005333898250810602,1.2217147791568119e-05,0.15968409071534184,0.9285747887049521,0.06747996073422578,0.000371744669234559,0.002541243716578686,0.001023305067819372,8.957107189413142e-06
11.4,0.9245968024980264,0.07164515176747838,0.0006457333688586694,0.002559723092844813,0.0005401510125971273,1.2438260194853224e-05,0.15955446855403896,0.9279880453706851,0.06802877526223829,0.00037815879085038395,0.002561868307798229,0.001034036457877256,9.115810550587354e-06
11.5,0.9240260414867008,0.07218075665207614,0.0006546802083524019,0.0025789163612072,0.0005469439774586727,1.2661314205165304e-05,0.15942556840906985,0.9274020562152673,0.06857678604332078,0.00038462441913172474,0.002582464185711957,0.0010447932389811134,9.275897587047396e-06
11.600000000000001,0.9234559891211437,0.07271560159189085,0.0006636742141484835,0.002598080150587748,0.0005537686141015477,1.2886308127990879e-05,0.15929738720625225,0.9268168202058972,0.06912399419355754,0.0003911414713037893,0.0026030314453330413,0.0010555753158823854,9.437368025865262e-06
11.700000000000001,0.9228866401269454,0.07324969201067724,0.0006727153328146782,0.0026172144730655347,0.0005606248162915984,1.3113240205829377e-05,0.1591699069813946,0.9262323363111995,0.06967040082748942,0.0003977098647079208,0.0026235701813801813,0.001066382593629277,9.600221593703796e-06
11.8,0.9223179903593531,0.07378303217775437,0.0006818035210635608,0.002636319356023539,0.0005675124771654165,1.3342108640264758e-05,0.1590430974580263,0.925648603501221,0.07021600705811627,0.00040432951680143724,0.002644080488278469,0.001077214977565874,9.764458016818559e-06
11.9,0.9217500367318288,0.07431562528238334,0.0006909387435628588,0.0026553948413139475,0.0005744314892992601,1.3572911612172768e-05,0.1589169186085547,0.9250656207474308,0.07076081399689887,0.00041100034515747174,0.0026645624601602663,0.0010880723733312705,9.930077021059718e-06
12.0,0.9211827771258718,0.07484747352693948,0.0007001209708170631,0.002674440984272239,0.0005813817447998225,1.3805647299845578e-05,0.15879132312957417,0.9244833870227174,0.07130482275376111,0.00041772226746481254,0.0026850161908660687,0.0010989546868586915,1.0097078331873926e-05
12.100000000000001,0.9206162102871778,0.07537857823373031,0.0007093501771675188,0.0026934578526191266,0.0005883631354107219,1.4040313894889456e-05,0.15866625877420903,0.9239019013013856,0.0718480344370922,0.0004244952015277438,0.002705441773945365,0.0011098618243746267,1.0265461674306162e-05
12.200000000000001,0.9200503357128593,0.07590893996066131,0.0007186263389490978,0.0027124455252858382,0.0005953755526289552,1.4276909615819223e-05,0.15854167049641021,0.923321162559157,0.0723904501537487,0.00043131906526588655,0.0027258393026575057,0.0011207936923979566,1.0435226773001635e-05
12.3,0.9194851535340451,0.07643855862138271,0.0007279494328325702,0.002731404091194532,0.0006024188878260566,1.4515432719335094e-05,0.15841750237373065,0.9227411697731656,0.07293207100905671,0.00043819377671403887,0.002746208869972557,0.0011317501977390907,1.060637335220761e-05
12.4,0.9189206643976874,0.07696743360603936,0.000737319434373153,0.002750333648021901,0.0006094930323692896,1.4755881509321704e-05,0.15829369928600523,0.9221619219219571,0.07347289810681386,0.0004451192540220179,0.00276655056857216,0.0011427312474991014,1.0778901135775245e-05
12.5,0.9183568693508984,0.07749556389927152,0.0007467363167776268,0.0027692343009703695,0.0006165978777388589,1.4998254343656182e-05,0.1581702083373547,0.9215834179854875,0.07401293254929159,0.00045209541545450046,0.0027868644908503825,0.0011537367490688638,1.0952809847161477e-05
12.600000000000001,0.9177937697306036,0.07802294819265741,0.0007562000498950037,0.002788106161567696,0.000623733315637814,1.5242549638951085e-05,0.15804698001785725,0.9210056569451193,0.07455217543723723,0.0004591221793908652,0.002807150728914571,0.0011647666101281978,1.112809920943083e-05
12.700000000000001,0.9172313670607624,0.07854958498933118,0.0007657105994291294,0.0028069493465123895,0.0006308992380920093,1.5488765873389337e-05,0.15792396910900208,0.9204286377836223,0.07509062786987604,0.0004661994643250344,0.0028274093745862035,0.00117582073864501,1.1304768945257236e-05
12.8,0.9166696629588906,0.07907547269903892,0.0007752679263658872,0.0028257639765791012,0.0006380955375381659,1.573690158783218e-05,0.15780113534358098,0.9198523594851683,0.07562829094491329,0.0004733271888653157,0.002847640519401731,0.0011868990428744424,1.1482818776925889e-05
12.9,0.9161086590531219,0.07960060972239646,0.0007848719866028654,0.0028445501755951508,0.0006453221068987203,1.598695538539764e-05,0.15767844383600824,0.9192768210353315,0.07616516575853652,0.0004805052717342443,0.0028678442546134237,0.0011980014313580198,1.1662248426335043e-05
13.0,0.9155483569105878,0.08012499452357817,0.0007945227307654935,0.00286330806949654,0.0006525788396427439,1.6238925929717146e-05,0.15755586530318047,0.9187020214210859,0.07670125340541747,0.00048773363176842595,0.0028880206711902135,0.001209127812922802,1.1843057614997832e-05
13.100000000000001,0.9149887579774791,0.0806486256910865,0.000804220104190704,0.002882037785469293,0.0006598656298327485,1.6492811942081637e-05,0.15743337609897123,0.9181279596308041,0.07723655497871436,0.0004950121879183791,0.002908169859818531,0.0012202780966805366,1.2025246064044082e-05
13.200000000000001,0.9144298635307845,0.08117150198662383,0.0008139640470571194,0.002900739451179661,0.0006671823721576604,1.6748612197687153e-05,0.15731095808738504,0.9175546346542537,0.07777107157007379,0.0005023408592483781,0.0029282919109031454,0.0012314521920268166,1.2208813494222093e-05
13.3,0.9138716746413852,0.08169362238240714,0.0008237544946395244,0.002919413194094724,0.0006745289619526406,1.70063255211835e-05,0.15718859838034566,0.9169820454825965,0.07830480426963293,0.0005097195649362962,0.0029483869145679976,0.0012426500086402381,1.2393759625900462e-05
13.4,0.9133141921479232,0.08221498608753078,0.0008335913776649043,0.0029380591408931208,0.000681905295206742,1.7265950781719447e-05,0.15706628896620733,0.916410191108387,0.07883775416602168,0.0005171482242734487,0.002968454960657031,0.0012538714564815613,1.2580084179069853e-05
13.5,0.9127574166406462,0.0827355925641952,0.0008434746227475195,0.002956677416964154,0.0006893112685596472,1.752748688766451e-05,0.15694402625444326,0.9158390705255695,0.0793699223463646,0.000524626756664437,0.002988496138735023,0.0012651164457928746,1.2767786873344777e-05
13.600000000000001,0.912201348454278,0.08325544153477883,0.0008534041528812528,0.002975268145992185,0.0006967467792888971,1.7790932781171396e-05,0.1568218105607284,0.9152686827294761,0.07990130989628316,0.0005321550816269919,0.0030085105380884087,0.0012763848870967617,1.2956867427965397e-05
13.700000000000001,0.9116459876688459,0.0837745329808418,0.0008633798879687216,0.002993831449622211,0.0007042117252891335,1.8056287432725426e-05,0.15669964555489843,0.9146990267168273,0.08043191789989769,0.000539733118791818,0.003028498247726114,0.0012876766911954667,1.3147325561799248e-05
13.8,0.9110913341173335,0.08429286713521633,0.0008734017453682949,0.003012367447201654,0.000711706005044925,1.8323549835808472e-05,0.1565775376921579,0.9141301014857244,0.08096174743982949,0.000547360787902437,0.0030484593563803643,0.0012989917691700688,1.3339160993343064e-05
13.9,0.9105373873990008,0.08481044446836433,0.0008834696404420821,0.0030308762555927276,0.0007192295175987337,1.8592719001785265e-05,0.15645549564553832,0.9135619060356541,0.08149079959720294,0.0005550380088150334,0.0030683939525075208,0.0013103300323796527,1.3532373440724504e-05
14.0,0.9099841468972175,0.08532726567017289,0.0008935834870901218,0.003049357989049309,0.0007267821625155374,1.886379395510071e-05,0.1563335297550737,0.9129944393674834,0.08201907545164756,0.0005627647014982982,0.003088302124288882,0.001321691392460486,1.3726962621703894e-05
14.100000000000001,0.9094316118006979,0.08584333162831807,0.0009037431982582498,0.003067812759151906,0.0007343638398455202,1.91367737288576e-05,0.15621165150654945,0.9124277004834563,0.08254657608130016,0.0005705407860332735,0.0031081839596315106,0.0013330757613251958,1.3922928253676007e-05
14.200000000000001,0.9088797811270874,0.08635864340426247,0.000913948686409446,0.0030862406747941733,0.0007419744500861314,1.9411657360826042e-05,0.15608987305009364,0.9118616883871957,0.08307330256280664,0.0005783661826131992,0.003128039546169044,0.001344483051161951,1.4120270053671791e-05
14.3,0.9083286537479337,0.08687320220786705,0.0009241998639507458,0.003104641842214405,0.000749613894144665,1.968844388991888e-05,0.1559682067663574,0.9112964020836978,0.08359925597132438,0.0005862408115433557,0.0031478689712624995,0.001355913174433643,1.4318987738360095e-05
14.4,0.9077782284141716,0.08738700937149795,0.000934496643610003,0.003123016365065496,0.0007572820733023507,1.9967132353151703e-05,0.15584666488565865,0.9107318405793325,0.08412443738052412,0.0005941645932409116,0.00316767232200109,0.0013673660438770715,1.4519081024049414e-05
14.5,0.9072285037813607,0.08790006632439996,0.0009448389387588754,0.003141364344517086,0.0007649788891807835,2.024772178309221e-05,0.15572525916326496,0.9101680028818412,0.08464884786259208,0.0006021374482347682,0.0031874496852030247,0.001378841572502132,1.4720549626689615e-05
14.600000000000001,0.9066794784340263,0.08841237456799296,0.0009552266636803041,0.0031596858793838324,0.0007727042437113437,2.0530211205791302e-05,0.15560400061201726,0.9096048880003335,0.08517248848823193,0.0006101592971654059,0.003207201147416311,0.0013903396735910074,1.4923393261873649e-05
14.700000000000001,0.9061311509085678,0.08892393565263085,0.0009656597337804678,0.0031779810662741093,0.0007804580391080952,2.0814599639178e-05,0.15548289929175538,0.9090424949452867,0.08569536032666696,0.0006182300607847302,0.0032269267949195653,0.0014018602606973582,1.512761164483927e-05
14.8,0.9055835197143156,0.08943475115624797,0.0009761380657466836,0.0031962499997538274,0.0007882401778444869,2.1100886091891584e-05,0.15536196415353123,0.9084808227285431,0.086217464445642,0.0006263496599559173,0.0032466267137227986,0.001413403247645517,1.5333204490470733e-05
14.9,0.9050365833524229,0.08994482266520662,0.0009866615776539759,0.003214492772520467,0.0007960505626340316,2.1389069562517525e-05,0.15524120293536808,0.9079198703633093,0.08673880191142569,0.000634518015653262,0.0032663009895682253,0.001424968548529686,1.5540171513300534e-05
15.0,0.9044903403323824,0.09045415175755696,0.0009972301890240657,0.0032327094755829054,0.0008038890964150042,2.1679149039188814e-05,0.15512062210536243,0.9073596368641539,0.08725937378881224,0.0006427350489620237,0.0032859497079310482,0.0014365560777131372,1.5748512427511023e-05
15.100000000000001,0.9039447891860528,0.09096273998882475,0.0010078438208413181,0.003250900198443066,0.000811755682339079,2.19711234995107e-05,0.15500022684721165,0.9068001212470034,0.08777918114112362,0.0006510006810782727,0.0033055729540202544,0.0014481657498274121,1.59582269469362e-05
15.200000000000001,0.903399928479161,0.09147058888035847,0.001018502395530749,0.003269065029275916,0.0008196502237637227,2.22649919107649e-05,0.15488002108276241,0.9062413225291434,0.08829822503021165,0.0006593148333087383,0.0033251708127794064,0.001459797479771526,1.616931478506334e-05
15.3,0.9028557568203203,0.09197769991019353,0.0010292058369035556,0.003287204055104809,0.0008275726242480822,2.256075323034875e-05,0.15476000752590963,0.9056832397292158,0.08881650651645998,0.0006676774270706562,0.0033447433688874274,0.0014714511827111764,1.6381775655034666e-05
15.4,0.902312272867668,0.09248407450632877,0.0010399540700757927,0.0033053173619696273,0.0008355227875520268,2.285840640640519e-05,0.1546401877620982,0.9051258718672153,0.08933402665878594,0.0006760883838916154,0.0033642907067593843,0.001483126774077948,1.6595609269649048e-05
15.5,0.9017694753332723,0.09298971404226021,0.0010507470213658126,0.003323405035085663,0.0008435006176379743,2.315795037860108e-05,0.15452056234776831,0.9045692179644903,0.089850786514643,0.0006845476254094065,0.003383812910547275,0.0014948241695685266,1.6810815341363686e-05
15.600000000000001,0.9012273629855015,0.09349461983457742,0.0010615846181759273,0.0033414671589915694,0.0008515060186750812,2.345938407901368e-05,0.154401130924321,0.9040132770437385,0.09036678714002234,0.0006930550733718694,0.0034033100641408074,0.0015065432851439093,1.7027393582295737e-05
15.700000000000001,0.9006859346495744,0.09399879314239903,0.0010724667888634652,0.003359503817685153,0.000859538895045375,2.376270643308811e-05,0.15428189234152492,0.903458048129007,0.09088202958945515,0.0007016106496367418,0.003422782251168174,0.0015182840370286217,1.724534370422399e-05
15.8,0.9001451892065304,0.09450223516840597,0.001083393462606021,0.003377515094746136,0.0008675991513513963,2.4067916360632223e-05,0.15416284478572637,0.9029035302456886,0.0913965149160146,0.0007102142761715075,0.0034422295549968347,0.0015300463417099368,1.7464665418590523e-05
15.9,0.8996051255908676,0.09500494706122069,0.0010943645692652142,0.003395501073445363,0.0008756866924249313,2.4375012776818973e-05,0.1540439859087296,0.9023497224205209,0.0919102441713178,0.0007188658750532443,0.0034616520587342826,0.0015418301159370897,1.768535843650232e-05
16.0,0.8990657427870977,0.09550692991888018,0.0011053800392527694,0.0034134618368402464,0.0008838014233364386,2.4683994593170688e-05,0.15392531295376033,0.9017966236815855,0.09242321840552782,0.0007275653684684745,0.003481049845228819,0.0015536352767205072,1.7907422468732977e-05
16.1,0.8985270398254628,0.09600818479315573,0.0011164398034021687,0.0034313974678565062,0.0008919432494047989,2.4994860718503528e-05,0.1538068228754974,0.9012442330583043,0.09293543866735583,0.0007363126787130124,0.003500422997070331,0.0015654617413310254,1.8130857225724284e-05
16.2,0.8979890157770444,0.09650871269448412,0.0011275437928485535,0.0034493080493565066,0.000900112076207052,2.5307610059814613e-05,0.15368851245172913,0.9006925495814376,0.09344690600406297,0.000745107728191814,0.00351977159659104,0.0015773094272991215,1.8355662417587853e-05
16.3,0.8974516697484842,0.09700851459729161,0.0011386919389190023,0.003467193664194706,0.0009083078095878375,2.562224152309841e-05,0.15357037838475487,0.9001415722830847,0.09395762146146228,0.0007539504394188269,0.0035390957258662854,0.0015891782524141377,1.858183775410678e-05
16.400000000000002,0.8969150008765113,0.09750759144551123,0.0011498841730347297,0.0034850543952608688,0.0009165303556682764,2.593875401408218e-05,0.15345241739118543,0.8995913001966782,0.09446758608392097,0.0007628407350168391,0.003558395466715276,0.0016010681347235168,1.8809382944737246e-05
16.5,0.8963790083224518,0.09800594415811759,0.0011611204266262663,0.003502890325511879,0.0009247796208541008,2.6257146438874464e-05,0.1533346262792929,0.8990417323569878,0.09497680091436235,0.00077177853771733,0.0035776709007018515,0.0016129789925320354,1.90382976986101e-05
16.6,0.8958436912668712,0.09850357363452664,0.0011724006310621733,0.0035207015379930535,0.0009330555118428695,2.6577417704523148e-05,0.15321700201351718,0.8984928678001111,0.09548526699426751,0.0007807637703603192,0.003596922109135248,0.0016249107444010345,1.9268581724532564e-05
16.7,0.8953090489044763,0.09900048075973324,0.0011837247175914135,0.0035384881158499427,0.0009413579356301504,2.689956671948248e-05,0.15309954176613452,0.8979447055634784,0.09599298536367777,0.0007897963558942176,0.00361614917307084,0.0016368633091476638,1.9500234730989694e-05
16.8,0.8947750804393769,0.09949666640908414,0.0011950926172991374,0.0035562501423316672,0.0009496867995146028,2.7223592393991158e-05,0.15298224295643972,0.8973972446858466,0.09649995706119636,0.0007988762173756778,0.0036353521733109096,0.001648836605844117,1.9733256426146097e-05
16.900000000000002,0.8942417850807877,0.09999213145260828,0.001206504261075293,0.0035739877007868407,0.0009580420111019202,2.7549493640365086e-05,0.152865103278085,0.8968504842073,0.09700618312399062,0.0008080032779694446,0.003654531190405389,0.0016608305538168761,1.99676465178475e-05
17.0,0.8937091620392221,0.10048687675884901,0.0012179595795952253,0.0035917008746531435,0.0009664234783076354,2.7877269373210414e-05,0.15274812071544547,0.8963044231692456,0.09751166458779374,0.0008171774609482062,0.0036736863046526115,0.0016728450726459562,2.0203404713622288e-05
17.1,0.8931772105232147,0.1009809031981644,0.0012294585033112042,0.0036093897474415953,0.0009748311093588203,2.820691850956356e-05,0.15263129355006474,0.8957590606144152,0.09801640248690702,0.0008263986896924444,0.003692817596100058,0.0016848800821641506,2.0440530720683123e-05
17.2,0.8926459297365862,0.10147421164548022,0.0012410009624536688,0.0036270544027165153,0.0009832648127947297,2.8538439968965547e-05,0.15251462035835192,0.8952143955868603,0.09852039785420165,0.0008356668876902874,0.0037119251445451086,0.0016969355024562805,2.067902424592855e-05
17.3,0.892115318876249,0.10196680298249838,0.0012525868870408882,0.0036446949240721504,0.0009917244974664776,2.8871832673479174e-05,0.15239810000177823,0.8946704271319519,0.09902365172112076,0.0008449819785373596,0.0037310090295357705,0.0017090112538584467,2.091888499594449e-05
17.400000000000002,0.8915853771305378,0.10245867809937656,0.001264216206895664,0.0036623113951068506,0.0010002100725358292,2.9207095547657084e-05,0.15228173161085667,0.8941271542963763,0.09952616511768152,0.0008543438859366351,0.0037500693303714394,0.0017211072569572813,2.1160112677005893e-05
17.5,0.8910561036780373,0.1029498378959079,0.0012758888516677077,0.0036799038993956252,0.001008721447473224,2.9544227518469373e-05,0.15216551456417265,0.8935845761281368,0.1000279390724768,0.0008637525336982874,0.0037691061261036184,0.0017332234325892048,2.140270699507824e-05
17.6,0.8905274976868689,0.10344028328223885,0.0012876047508603454,0.003697472520461833,0.0010172585320551404,2.988322751519892e-05,0.15204944846370202,0.8930426916765506,0.10052897461267744,0.0008732078457395448,0.0037881194955366694,0.00174535970183968,2.1646667655819126e-05
17.7,0.8899995583143913,0.10393001517916989,0.0012993638338602595,0.003715017341748663,0.0010258212363609153,3.0224094469312026e-05,0.15193353310757537,0.8925014999922455,0.10102927276403417,0.0008827097460845383,0.0038071095172285325,0.0017575159860424778,2.18919943645798e-05
17.8,0.8894722847072667,0.10441903451809002,0.001311166029969081,0.0037325384465910112,0.001034409470769148,3.0566827314312094e-05,0.15181776846136602,0.8919610001271596,0.10152883455087945,0.0008922581588641584,0.003826076269491477,0.0017696922067789327,2.213868682640672e-05
17.900000000000002,0.8889456760018395,0.10490734224059749,0.0013230112684357279,0.00375003591818824,0.0010430231459537928,3.09114249855825e-05,0.15170215462886474,0.8914211911345385,0.10202766099612949,0.0009018530083159054,0.0038450198303928186,0.0017818882858772083,2.2386744746043093e-05
18.0,0.8884197313247719,0.10539493929786126,0.0013348994784885342,0.0037675098395782507,0.001051662172880057,3.125788642022493e-05,0.1515866918231898,0.8908820720689348,0.10252575312128621,0.0009114942187837429,0.0038639402777556416,0.0017941041454115712,2.2636167827930398e-05
18.1,0.8878944497938869,0.1058818266497768,0.0013468305893663275,0.003784960293613211,0.0010603264628002052,3.160621055689814e-05,0.15147138033895705,0.8903436419862053,0.10302311194643933,0.0009211817147179507,0.003882837689159543,0.0018063397077016442,2.2886955776209937e-05
18.2,0.8873698305191627,0.10636800526396759,0.0013588045303477552,0.0038023873629371894,0.001069015927249359,3.195639633566136e-05,0.15135622052610606,0.8898058999435094,0.10351973849026808,0.0009309154206749782,0.0039017121419413405,0.0018185948953116898,2.3139108294724337e-05
18.3,0.8868458726038355,0.10685347611468142,0.0013708212307783118,0.0038197911299659103,0.001077730478041381,3.2308442697826236e-05,0.15124121276585015,0.8892688449993066,0.10401563377004329,0.0009406952613172989,0.003920563713195803,0.0018308696310498766,2.339262508701908e-05
18.400000000000002,0.8863225751455606,0.10733824018162573,0.0013828806200946266,0.0038371716768687415,0.0010864700272649056,3.266234858581953e-05,0.15112635744910596,0.888732476213357,0.10451079880162949,0.0009505211614132627,0.003939392479776366,0.0018431638379675555,2.3647505856344062e-05
18.5,0.8857999372375966,0.10782229844878237,0.0013949826278457321,0.0038545290855529863,0.001095234487279583,3.301811294305921e-05,0.15101165495763058,0.8881967926467167,0.1050052345994864,0.00096039304583695,0.00395819851829585,0.0018554774393585369,2.3903750305654986e-05
18.6,0.8852779579699757,0.10830565190323672,0.0014071271837111281,0.0038718634376505023,0.0011040237707125797,3.3375734713844795e-05,0.15089710564800457,0.8876617933617373,0.10549894217667145,0.0009703108395680276,0.003976981905127173,0.0018678103587583652,2.4161358137615014e-05
18.7,0.884756636430629,0.10878830153405074,0.0014193142175155727,0.0038891748145065954,0.0011128377904553652,3.3735212843262866e-05,0.15078270983849346,0.8871274774220648,0.10599192254484134,0.000980274467691601,0.0039957427164040715,0.0018801625199436056,2.442032905459617e-05
18.8,0.8842359717064461,0.10927024833120472,0.001431543659240642,0.0039064632971711425,0.0011216764596608218,3.409654627710816e-05,0.1506684677987463,0.8865938438926365,0.106484176714254,0.0009902838553980697,0.004014481028021803,0.0018925338469311277,2.4680662758680843e-05
18.900000000000002,0.8837159628842466,0.10975149328462652,0.0014438154390331553,0.0039237289663918064,0.0011305396917406757,3.445973396181956e-05,0.15055437974221583,0.8860608918396795,0.10697570569377075,0.0010003389279829818,0.004033196915637859,0.0019049242639773796,2.494235895166333e-05
19.0,0.8831966090516505,0.11023203738332252,0.0014561294872106568,0.003940971902609235,0.0011394274003632648,3.482477484443075e-05,0.15044044582112923,0.8855286203307101,0.10746651049085798,0.0010104396108468888,0.004051890454672678,0.0019173336955776894,2.520541733505126e-05
19.1,0.8826779092978385,0.11071188161461971,0.0014684857342641916,0.003958192185954076,0.0011483394994516343,3.5191667872534304e-05,0.1503266661237965,0.8849970284345298,0.10795659211158926,0.0010205858294952011,0.004070561720310332,0.0019297620664655445,2.5469837610067107e-05
19.200000000000003,0.8821598627141964,0.11119102696352377,0.0014808841108586422,0.003975389896245634,0.0011572759031819445,3.5560411994258186e-05,0.15021304067400443,0.884466115221226,0.10844595156064712,0.0010307775095380444,0.004089210787499256,0.0019422093016118883,2.573561947764968e-05
19.3,0.8816424683948428,0.11166947441219449,0.001493324547830944,0.0039925651129920055,0.0011662365259821803,3.593100615825314e-05,0.1500995694322316,0.883935879762169,0.10893458984132516,0.001041014576690112,0.004107837730952926,0.001954675326224409,2.600276263845554e-05
19.400000000000002,0.8811257254370415,0.1121472249395364,0.001505806976186501,0.004009717915391486,0.0011752212825311347,3.630344931368978e-05,0.14998625229839777,0.8834063211300095,0.10942250795552974,0.0010512969567705237,0.004126442625150567,0.0019671600657468384,2.6271266792860515e-05
19.5,0.8806096329415041,0.11262427952089946,0.0015183313270941178,0.004026848382335078,0.0011842300877576387,3.667774041026347e-05,0.1498730891158701,0.882877438398678,0.10990970690378223,0.0010616245757026808,0.004145025544337855,0.0019796634458582483,2.6541131640961135e-05
19.6,0.8800941900125898,0.11310063912788286,0.0015308975318797965,0.004043956592409916,0.0011932628568400137,3.7053878398206005e-05,0.14976007967644342,0.8823492306433829,0.11039618768522043,0.0010719973595141217,0.0041635865625276,0.0019921853924723507,2.6812356882576114e-05
19.700000000000003,0.879579395758411,0.1135763047282325,0.0015435055220196863,0.004061042623903414,0.0012023195052057074,3.7431862228302124e-05,0.14964722372603198,0.881821696940608,0.11088195129760106,0.001082415234336378,0.004182125753500452,0.002004725831736797,2.7084942217247753e-05
19.8,0.8790652492908549,0.11405127728582226,0.0015561552291324964,0.004078106554807995,0.00121139994853109,3.781169085190989e-05,0.14953452097082318,0.8812948363681116,0.11136699873730115,0.001092878126404832,0.004200643190805576,0.002017284690032483,2.735888734424345e-05
19.900000000000002,0.878551749725533,0.11452555776070761,0.0015688465849716387,0.004095148462826224,0.0012205041027413736,3.819336322098342e-05,0.14942197108366756,0.8807686480049238,0.11185133099932046,0.0011033859620585742,0.004219138947761359,0.0020298618939728554,2.7634191962557073e-05
20.0,0.8780388961816684,0.11499914710924018,0.0015815795214173369,0.004112168425376204,0.0012296318840106261,3.8576878288096966e-05,0.1493095737105033,0.8802431309313467,0.11233494907728295,0.001113938667740257,0.004237613097456083,0.0020424573704032173,2.7910855770910436e-05
20.1,0.8775266877819348,0.11547204628423172,0.0015943539704689198,0.004129166519597115,0.0012387832087618514,3.896223500646925e-05,0.14919732847664025,0.8797182842289486,0.1128178539634388,0.0011245361699959541,0.004256065712748614,0.0020550710464000395,2.8188878467754735e-05
20.200000000000003,0.8770151236522554,0.11594425623515604,0.0016071698642374707,0.00414614282235477,0.0012479579936671076,3.9349432329987306e-05,0.14908523499275683,0.8791941069805681,0.11330004664866651,0.0011351783954750194,0.004274496866269085,0.002067702849270273,2.8468259751271957e-05
20.3,0.8765042029215755,0.11641577790837837,0.0016200271349389845,0.004163097410247084,0.0012571561556476416,3.9738469213229114e-05,0.14897329286049107,0.8786705982703059,0.11378152812247451,0.0011458652709299395,0.004292906630419582,0.0020803527065506562,2.874899931937632e-05
20.400000000000002,0.8759939247216157,0.11688661224740199,0.0016329257148881384,0.004180030359609395,0.001266377611874015,4.012934461148441e-05,0.14886150167753126,0.8781477571835291,0.11426229937300332,0.0011565967232161983,0.004311295077374814,0.002093020546007041,2.9031096869715625e-05
20.5,0.8754842881866185,0.11735676019312306,0.001645865536492761,0.004196941746519524,0.0012756222797662047,4.052205748077331e-05,0.14874986104214455,0.8776255828068644,0.11474236138702719,0.0011673726792921276,0.004329662279082792,0.002105706295633699,2.9314552099672797e-05
20.6,0.8749752924530917,0.11782622268408602,0.0016588465322490541,0.004213831646802569,0.001284890076993664,4.0916606777862614e-05,0.14863837055709625,0.8771040742282005,0.11522171514995629,0.0011781930662187708,0.004348008307265511,0.002118409883652653,2.959936470636715e-05
20.700000000000003,0.8744669366595604,0.11829500065673187,0.0016718686347375839,0.004230700136035342,0.001294180921475326,4.131299146027933e-05,0.14852702983294352,0.8765832305366826,0.11570036164583843,0.0011890578111597386,0.004366333233419611,0.0021311312385129872,2.98855343866559e-05
20.8,0.8739592199463299,0.11876309504563458,0.0016849317766200519,0.004247547289550451,0.0013034947313795464,4.171121048632171e-05,0.14841583849070042,0.8760630508227143,0.1161783018573607,0.0011999668413810673,0.004384637128817058,0.002143870288890178,3.017306083713549e-05
20.900000000000002,0.8734521414552647,0.11923050678372014,0.0016980358906368233,0.00426437318244,0.001312831425123976,4.211126281506773e-05,0.14830479616389164,0.8755435341779517,0.11665553676585173,0.0012109200842510793,0.004402920064505812,0.0021566269636854136,3.046194375414303e-05
21.0,0.8729457003295898,0.11969723680246515,0.0017111809096051658,0.004281177889558888,0.0013221909213753534,4.2513147406380875e-05,0.14819390250002282,0.875024679695307,0.11713206735128362,0.00122191746724024,0.004421182111310492,0.0021694011920249294,3.0752182833757635e-05
21.1,0.872439895713712,0.12016328603207264,0.0017243667664181665,0.004297961485527728,0.0013315731390492285,4.291686322091403e-05,0.1480831571615111,0.8745064864689415,0.11760789459227342,0.0012329589179210171,0.004439423339833035,0.0021821929032593314,3.104377777180188e-05
21.200000000000003,0.8719347267530683,0.12062865540162314,0.0017375933940442423,0.004314724044735367,0.0013409779973095998,4.3322409220110946e-05,0.14797255982612345,0.873988953594267,0.1180830194660853,0.0012440443639677428,0.004457643820453369,0.0021950020269629286,3.133672826384311e-05
21.3,0.8714301925939971,0.1210933458392007,0.0017508607255271892,0.004331465641341057,0.0013504054155684833,4.372978436620618e-05,0.14786211018698067,0.8734720801679429,0.11855744294863234,0.0012551737331564674,0.004475843623330072,0.0022078284929330665,3.1631034005194855e-05
21.400000000000002,0.870926292383636,0.12155735827199424,0.0017641686939866925,0.004348186349276268,0.0013598553134854087,4.413898762222356e-05,0.1477518079521844,0.8729558652878754,0.11903116601447838,0.0012663469533648257,0.004494022818401028,0.0022206722311894625,3.19266946909182e-05
21.5,0.8704230252698423,0.12202069362637429,0.0017775172326192088,0.0043648862422461755,0.0013693276109668455,4.455001795197323e-05,0.14764165284413094,0.8724403080532145,0.11950418963684001,0.0012775639525718912,0.004512181475384086,0.002233533171973545,3.222371001582311e-05
21.6,0.8699203904011379,0.12248335282794723,0.001790906274699159,0.004381565393730865,0.0013788222281655709,4.4962874320048036e-05,0.14753164459857207,0.8719254075643533,0.11997651478758815,0.00128882465885804,0.0045303196637777165,0.0022464112457477856,3.252207967446986e-05
21.700000000000003,0.8694183869266741,0.12294533680158835,0.001804335753580344,0.004398223876986267,0.0013883390854799822,4.537755569181908e-05,0.14742178296348127,0.871411162922927,0.12044814243725034,0.0013001290004048087,0.004548437452861668,0.0022593063831950503,3.28218033611703e-05
21.8,0.8689170139962157,0.123406646471456,0.0018178056026975182,0.004414861765044856,0.0013978781035533605,4.579406103343102e-05,0.14731206769778302,0.8708975732318076,0.12091907355501222,0.0013114769054947558,0.004566534911697608,0.0022722185152179337,3.31228807699893e-05
21.900000000000002,0.8684162707601427,0.12386728276098902,0.0018313157555680537,0.0044314791307161604,0.0014074392032730968,4.621238931179721e-05,0.1472024985699972,0.8703846375951066,0.12138930910871944,0.0013228683025113216,0.004584612109129783,0.00228514757293811,3.342531159474606e-05
22.0,0.8679161563694656,0.12432724659289006,0.0018448661457936297,0.0044480760465870905,0.001417022305769879,4.6632539494594774e-05,0.14709307535684496,0.8698723551181711,0.12185885006487977,0.0013343031199386916,0.00460266911378567,0.0022980934876956735,3.37290955290154e-05
22.1,0.8674166699758525,0.12478653888909717,0.0018584567070619063,0.00446465258502214,0.0014266273324168586,4.70545105502601e-05,0.14698379784185794,0.8693607249075821,0.12232769738866478,0.0013457812863616526,0.0046207059940766085,0.0023110561910484936,3.403423226612915e-05
22.200000000000003,0.8669178107316664,0.12524516057074608,0.0018720873731481237,0.0044812088181634705,0.0014362542048287936,4.747830144798455e-05,0.14687466581402717,0.868849746071154,0.12279585204391158,0.0013573027304654578,0.004638722818198454,0.002324035614771558,3.434072149917753e-05
22.3,0.866419577790009,0.12570311255812552,0.0018857580779166,0.0044977448179309215,0.0014459028448611801,4.790391115771068e-05,0.14676567906652122,0.8683394177179302,0.12326331499312478,0.0013688673810356871,0.004656719654132221,0.0023370316908563355,3.464856292101038e-05
22.400000000000002,0.8659219703047694,0.12616039577062804,0.0018994687553220947,0.004514260656021959,0.0014555731746093768,4.833133865012912e-05,0.14665683739549598,0.8678297389581845,0.12373008719747847,0.0013804751669581094,0.004674696569644719,0.00235004435151012,3.495775622423854e-05
22.5,0.8654249874306759,0.12661701112669804,0.0019132193394110128,0.004530756403911595,0.0014652651164077251,4.87605828966759e-05,0.14654814059901633,0.8673207089034176,0.12419616961681776,0.0013921260172185422,0.004692653632289196,0.0023630735291553908,3.5268301101235174e-05
22.6,0.8649286283233488,0.12707295954377906,0.001927009764322441,0.004547232132852292,0.0014749785928286747,4.919164286953059e-05,0.14643958847610117,0.866812326666357,0.124661563209661,0.0014038198609027152,0.004710590909405967,0.0023761191564291716,3.5580197244137034e-05
22.700000000000003,0.8644328921393527,0.1275282419382617,0.0019408399642890004,0.004563687913873871,0.0014847135266819141,4.9624517541614875e-05,0.14633118082589888,0.8663045913609523,0.1251262689332011,0.0014155566271961328,0.004728508468123064,0.00238918116618239,3.589344434484588e-05
22.8,0.863937778036246,0.12798285922543376,0.0019547098736375198,0.004580123817783445,0.00149446984101351,5.0059205886591836e-05,0.14622291744699709,0.8657975021023768,0.12559028774330802,0.0014273362453839358,0.004746406375356852,0.002402259491479238,3.6208042095029634e-05
22.900000000000002,0.8634432851726284,0.12843681231943369,0.00196861942678953,0.004596539915165381,0.0015042474591050634,5.04957068788659e-05,0.14611479813686554,0.865291058007024,0.12605362059452987,0.0014391586448507625,0.004764284697812665,0.002415354065596534,3.65239901861238e-05
23.0,0.8629494127081837,0.12889010213320784,0.0019825685582615825,0.0046129362763812996,0.0015140463044728753,5.093401949358304e-05,0.14600682269142826,0.8647852581925063,0.1265162684400954,0.0014510237550806142,0.004782143501985451,0.002428464822023096,3.6841288309332736e-05
23.1,0.8624561598037188,0.12934272957847268,0.0019965572026654126,0.004629312971570137,0.0015238663008671324,5.1374142706631695e-05,0.1458989909047567,0.8642801017776528,0.1269782322319154,0.001462931505656715,0.004799982854160372,0.002441591694459098,3.7159936155630915e-05
23.200000000000003,0.8619635256211968,0.12979469556568204,0.002010585294707949,0.004645670070648254,0.0015337073722711074,5.181607549464387e-05,0.1457913025688761,0.8637755878825094,0.12743951292058486,0.001474881826261379,0.0048178028204134546,0.00245473461681545,3.747993341576425e-05
23.3,0.861471509323765,0.13024600100399955,0.002024652769191196,0.004662007643309603,0.001543569442900378,5.22598168349966e-05,0.14568375747367246,0.863271715628334,0.12790011145538432,0.0014868746466758685,0.004835603466612198,0.0024678935232131547,3.7801279780251334e-05
23.400000000000002,0.8609801100757781,0.13069664680127677,0.0020387595610120023,0.004678325759025965,0.0015534524372020646,5.270536570581376e-05,0.14557635540688998,0.8627684841375994,0.12836002878428204,0.001498909896780261,0.004853384858416202,0.002481068347982699,3.81239749393848e-05
23.5,0.8604893270428154,0.13114663386403627,0.0020529056051617283,0.004694624487047237,0.001563356279854083,5.3152721085967746e-05,0.1454690961542035,0.8622658925339863,0.12881926585393597,0.001510987506553312,0.004871147061277793,0.002494259025663414,3.8448018583232475e-05
23.6,0.8599991593916937,0.13159596309745997,0.002067090836725844,0.00471090389640179,0.0015732808957644152,5.3601881955081575e-05,0.1453619794993561,0.8617639399423854,0.12927782360969503,0.0015231074060723185,0.004888890140442628,0.002507465491002856,3.877341040163879e-05
23.700000000000003,0.8595096062904746,0.13204463540538197,0.002081315190883458,0.004727164055896873,0.0015832262100703956,5.4052847293530696e-05,0.1452550052243462,0.8612626254888947,0.12973570299560144,0.0015352695255129837,0.004906614160950329,0.0025206876789561853,3.9100150084225946e-05
23.8,0.8590206669084687,0.13249265169028587,0.0020955786029068085,0.004743405034119082,0.0015931921481380097,5.4505616082444894e-05,0.14514817310965336,0.8607619483008172,0.13019290495439215,0.00154747379514928,0.00492431918763508,0.0025339255246855483,3.942823732039522e-05
23.900000000000002,0.8585323404162345,0.1329400128533058,0.0021098810081607304,0.004759626899434874,0.0016031786355612115,5.496018730371016e-05,0.14504148293449096,0.8602619075066607,0.13064943042750096,0.0015597201453533135,0.004942005285126252,0.0025471789635594525,3.97576717993282e-05
24.0,0.8580446259855757,0.13338671979423064,0.0021242223421021026,0.00477582971999113,0.0016131855981612452,5.541655993997024e-05,0.1449349344770738,0.8597625022361334,0.13110528035506008,0.0015720085065951902,0.0049596725178490154,0.002560447931152161,4.008845320998805e-05
24.1,0.8575575227895341,0.13383277341151106,0.0021386025402793047,0.004792013563715753,0.001623212961985985,5.587473297462817e-05,0.14482852751489286,0.8592637316201457,0.13156045567590208,0.0015843388094428801,0.004977320950024938,0.0025737323632430663,4.042058124112078e-05
24.200000000000003,0.8570710300023808,0.13427817460226896,0.0021530215383316767,0.00480817849831831,0.0016332606533092774,5.6334705391847506e-05,0.14472226182498846,0.8587655947908062,0.1320149573275616,0.0015967109845620795,0.004994950645672605,0.0025870321958160847,4.075405558125647e-05
24.3,0.8565851467996062,0.13472292426230825,0.0021674792719890085,0.0048243245912907,0.0016433285986302965,5.679647617655335e-05,0.14461613718421204,0.8582680908814206,0.13246878624627723,0.0016091249627160809,0.005012561668608219,0.0026003473650590436,4.108887591871051e-05
24.400000000000002,0.8560998723579075,0.1351670232861272,0.0021819756770710564,0.00484045190990785,0.0016534167246729041,5.726004431443325e-05,0.14451015336947431,0.8577712190264906,0.13292194336699314,0.0016215806747656345,0.005030154082446204,0.002613677807363074,4.1425041941584846e-05
24.5,0.8556152058551771,0.1356104725669313,0.0021965106894870886,0.0048565605212284296,0.0016635249583850122,5.7725408791937625e-05,0.14440431015797345,0.8572749783617103,0.13337442962336118,0.0016340780516688142,0.00504772795059981,0.002627023459321998,4.1762553337769184e-05
24.6,0.8551311464704889,0.13605327299664668,0.0022110842452354794,0.004872650492095581,0.001673653226937955,5.819256859628025e-05,0.14429860732739888,0.8567793680239683,0.13382624594774226,0.001646617024480886,0.005065283336281711,0.0026403842577317296,4.210140979494229e-05
24.700000000000003,0.8546476933840852,0.13649542546593332,0.0022256962804033382,0.0048887218891376675,0.0016838014577258596,5.86615227154383e-05,0.14419304465611052,0.8562843871513424,0.13427739327120852,0.0016591975243541704,0.005082820302504607,0.0026537601395896664,4.2441611000573144e-05
24.8,0.8541648457773644,0.136936930864198,0.0022403467311661813,0.004904774778769017,0.0016939695783650195,5.913227013815226e-05,0.14408762192329008,0.8557900348830996,0.1347278725235448,0.0016718194825379104,0.005100338912081824,0.0026671510420940903,4.278315664192219e-05
24.900000000000002,0.8536826028328685,0.1373777900796068,0.0022550355337876533,0.004920809227190683,0.001704157516693274,5.960480985392574e-05,0.14398233890906464,0.8552963103596933,0.13517768463325072,0.0016844828303781369,0.005117839227627897,0.0026805569026435616,4.3126046406042556e-05
25.0,0.8532009637342715,0.1378180039990965,0.002269762624619279,0.004936825300391199,0.0017143652007693812,6.007914085302494e-05,0.1438771953946045,0.8548032127227654,0.13562683052754224,0.0016971874993175371,0.00513532131155918,0.0026939776588363303,4.347027997978119e-05
25.1,0.852719927666369,0.13825757350838538,0.0022845279401002647,0.004952823064147328,0.0017245925588723978,6.055526212647819e-05,0.14377219116219353,0.8543107411151373,0.13607531113235335,0.0017099334208953182,0.005152785226094425,0.0027074132484697275,4.381585704978026e-05
25.200000000000003,0.8522394938150688,0.13869649949198268,0.002299331416757327,0.004968802584024817,0.0017348395195010543,6.103317266607513e-05,0.14366732599527582,0.8538188946808172,0.13652312737233832,0.0017227205267470735,0.005170231033255383,0.0027208636095395816,4.416277730247813e-05
25.3,0.8517596613673825,0.13913478283319702,0.0023141729912045583,0.00498476392537913,0.0017451060113731329,6.151287146436603e-05,0.14356259967847923,0.8533276725649914,0.13697028017087273,0.001735548748604656,0.005187658794867381,0.002734328680239614,4.45110404241107e-05
25.400000000000002,0.8512804295114179,0.13957242441414378,0.0023290526001433234,0.005000707153356191,0.0017553919634248432,6.199435751466093e-05,0.14345801199761993,0.8528370739140265,0.13741677045005618,0.001748418018296038,0.005205068572559919,0.0027478083989608587,4.4860646100712564e-05
25.5,0.8508017974363731,0.14000942511575107,0.0023439701803621735,0.0050166323328930985,0.0017656973048101971,6.24776298110287e-05,0.14335356273968858,0.8523470978754655,0.13786259913071294,0.0017613282677451797,0.005222460427767248,0.0027613027042910614,4.521159401811821e-05
25.6,0.8503237643325313,0.14044578581776496,0.0023589256687367873,0.005032539528718847,0.0017760219649003857,6.296268734829627e-05,0.14324925169282163,0.8518577435980279,0.1383077671323948,0.0017742794289719033,0.005239834421728963,0.0027748115350140993,4.556388386196317e-05
25.700000000000003,0.8498463293912573,0.14088150739875321,0.0023739190022299232,0.0050484288053550255,0.00178636587328315,6.344952912204751e-05,0.14314507864626136,0.851369010231609,0.13875227537338203,0.0017872714340917517,0.005257190615490574,0.00278833483010939,4.591751531768528e-05
25.8,0.8493694918049934,0.14131659073610844,0.002388950117891384,0.005064300227116505,0.001796728959762156,6.393815412862254e-05,0.14304104339030504,0.8508808969272726,0.13919612477068558,0.0018003042153158612,0.005274529069904085,0.0028018725287513088,4.6272488070525754e-05
25.900000000000002,0.8488932507672586,0.1417510367060503,0.002404018952857995,0.005080153858112127,0.0018071111543563698,6.442856136511683e-05,0.14293714571624835,0.850393402837258,0.13963931624004874,0.0018133777049508307,0.005291849845628591,0.0028154245703086046,4.662880180553049e-05
26.0,0.848417605472646,0.1421848461836267,0.002419125444353578,0.005095989762245362,0.0018175123872994274,6.492074982938037e-05,0.14283338541632326,0.8499065271149706,0.1400818506959487,0.0018264918353985862,0.005309153003130827,0.0028289908943438208,4.698645620755109e-05
26.1,0.8479425551168227,0.14261802004271482,0.002434269529688933,0.005111808003214972,0.00182793258903901,6.541471852001698e-05,0.14272976228363413,0.8494202689149857,0.14052372905159852,0.0018396465391562497,0.005326438602685769,0.0028425714406127107,4.734545096124616e-05
26.200000000000003,0.8474680988965294,0.143050559156021,0.0024494511462618157,0.005127608644515658,0.0018383716902362149,6.591046643638361e-05,0.1426262761120922,0.8489346273930433,0.140964952218949,0.0018528417488160149,0.005343706704377194,0.002856166149063663,4.77057857510824e-05
26.3,0.8469942360095806,0.14348246439508072,0.0024646702315569103,0.005143391749438693,0.0018488296217649299,6.640799257858969e-05,0.14252292669635255,0.8484496017060483,0.14140552110868998,0.0018660773970650035,0.005360957368098249,0.002869774959837128,4.806746026133579e-05
26.400000000000002,0.8465209656548652,0.1439137366302581,0.0024799267231458014,0.005159157381072555,0.001859306314711209,6.690729594749678e-05,0.14241971383175225,0.8479651910120692,0.14184543663025254,0.001879353416685145,0.005378190653552026,0.002883397813265037,4.843047417609272e-05
26.5,0.8460482870323475,0.1443443767307451,0.0024952205586869303,0.00517490560230354,0.0018698017003726437,6.740837554471788e-05,0.14231663731425262,0.8474813944703349,0.1422846996918104,0.00189266974055304,0.005395406620252135,0.002897034649870231,4.8794827179251175e-05
26.6,0.8455761993430675,0.14477438556456068,0.0025105516759255514,0.005190636475816382,0.0018803157102577437,6.791123037261735e-05,0.14221369694038627,0.8469982112412343,0.14272331120028187,0.001906026301639833,0.005412605327523264,0.002910685410365894,4.9160518954521876e-05
26.700000000000003,0.8451047017891424,0.14520376399854995,0.002525920012693673,0.005206350064094849,0.0018908482760853099,6.841585943431033e-05,0.14211089250720846,0.8465156404863151,0.14316127206133164,0.0019194230330110782,0.005429786834501743,0.0029243500356549764,4.952754918542941e-05
26.8,0.8446337935737674,0.14563251289838325,0.00254132550690999,0.0052220464294223485,0.0019013993297838149,6.892226173366263e-05,0.14200822381225506,0.8460336813682799,0.14359858317937227,0.001932859867826615,0.005446951200136112,0.0029380284668296297,4.989591755531333e-05
26.900000000000002,0.8441634739012165,0.14606063312855555,0.002556768096579813,0.005237725633882518,0.0019119688034907848,6.943043627529069e-05,0.1419056906535051,0.8455523330509879,0.14403524545756602,0.0019463367393404273,0.005464098483187685,0.002951720645170646,5.0265623747329416e-05
27.0,0.8436937419768432,0.1464881255523857,0.002572247719794974,0.005253387739359811,0.001922556629552177,6.994038206456119e-05,0.1418032928293503,0.8450715946994505,0.14447125979782682,0.0019598535809005274,0.0054812287422310955,0.002965426512146883,5.063666744445067e-05
27.1,0.8432245970070811,0.14691499103201613,0.0025877643147337414,0.005269032807540089,0.0019331627405217695,7.045209810759126e-05,0.14170103013856852,0.8445914654798308,0.14490662710082153,0.0019734103259488158,0.005498342035654875,0.0029791460094147062,5.100904832946842e-05
27.200000000000003,0.842756038199444,0.14734123042841263,0.00260331781966071,0.005284660899911196,0.0019437870691605416,7.096558341124826e-05,0.1415989023803051,0.8441119445594425,0.14534134826597214,0.001987006908020954,0.005515438421661998,0.0029928790788174287,5.138276608499373e-05
27.3,0.8422880647625266,0.14776684460136433,0.0026189081729266917,0.005300272077763537,0.001954429548436064,7.148083698314983e-05,0.14149690935405648,0.8436330311067478,0.1457754241914572,0.0020006432607462383,0.00553251795827044,0.0030066256623847514,5.1757820393458163e-05
27.400000000000002,0.8418206759060035,0.1481918344094841,0.002634535312968602,0.005315866402190661,0.0019650901115218903,7.199785783166406e-05,0.14139505085966025,0.8431547242913559,0.14620885577421358,0.002014319317847466,0.005549580703313729,0.0030203857023321998,5.213421093711502e-05
27.5,0.8413538708406294,0.148616200710209,0.0026501991783093293,0.005331443934089827,0.001975768691796944,7.251664496590927e-05,0.14129332669728875,0.8426770232840208,0.1466416439099383,0.0020280350131408127,0.005566626714441503,0.0030341591410605736,5.251193739804058e-05
27.6,0.8408876487782385,0.14903994435980106,0.0026658997075576134,0.005347004734162584,0.0019864652228449176,7.303719739575436e-05,0.1411917366674462,0.8421999272566404,0.1470737894930902,0.002041790280535694,0.005583656049120051,0.0030479459211553857,5.2890999458135045e-05
27.700000000000003,0.8404220089317435,0.14946306621334826,0.002681636839407909,0.005362548862915334,0.001997179638453665,7.355951413181865e-05,0.14109028057096798,0.8417234353822552,0.14750529341689148,0.0020555850540346443,0.005600668764632877,0.00306174598538632,5.327139679912369e-05
27.8,0.8399569505151344,0.14988556712476583,0.002697410512640251,0.005378076380659911,0.0020079118726146006,7.408359418547204e-05,0.14098895820902446,0.8412475468350468,0.14793615657332965,0.0020694192677331883,0.005617664918081223,0.0030755592767066613,5.365312910255812e-05
27.900000000000002,0.8394924727434777,0.15030744794679757,0.00271322066612012,0.005393587347514147,0.0020186618595221016,7.460943656883507e-05,0.14088776938312397,0.8407722607903337,0.1483663798531592,0.002083292855819708,0.005634644566384644,0.0030893857382527654,5.4036196049817035e-05
28.0,0.8390285748329146,0.15072870953101744,0.002729067238798302,0.005409081823402441,0.002029429533572907,7.513704029477888e-05,0.14078671389511982,0.8402975764245741,0.14879596414590326,0.0020972057525753167,0.005651607766281534,0.003103225313343495,5.4420597322107565e-05
28.1,0.8385652560006597,0.15114935272783128,0.002744950169710749,0.0054245598680563315,0.0020402148293655244,7.566640437692537e-05,0.14068579154721594,0.8398234929153613,0.14922491033985522,0.0021111578923737333,0.005668554574329664,0.003117077945479683,5.480633260046647e-05
28.200000000000003,0.838102515464999,0.1515693783864787,0.002760869397978442,0.00544002154101506,0.0020510176816996347,7.619752782964703e-05,0.14058500214197459,0.8393500094414225,0.14965321932208042,0.0021251492096811485,0.005685485046906745,0.0031309435783435807,5.519340156576089e-05
28.3,0.8376403524452887,0.1519887873550349,0.0027768248628072503,0.00545546690162614,0.002061838025575501,7.673040966806704e-05,0.14048434548232383,0.8388771251826177,0.15008089197841823,0.002139179639056107,0.005702399240210934,0.003144822155798317,5.558180389868967e-05
28.400000000000002,0.8371787661619524,0.15240758048041295,0.0027928165034878023,0.005470896009045931,0.002072675796193379,7.726504890805927e-05,0.14038382137156416,0.8384048393199388,0.1505079291934832,0.002153249115149368,0.00571929721026141,0.0031587136218873568,5.597153927978432e-05
28.5,0.8367177558364803,0.1528257586083655,0.0028088442593953425,0.005486308922240196,0.0020835309289529286,7.780144456624808e-05,0.1402834296133751,0.8379331510355067,0.15093433185066701,0.0021673575727037884,0.005736179012898881,0.00317261792083396,5.6362607389410225e-05
28.6,0.8362573206914264,0.1532433225834872,0.0028249080699896045,0.005501705699984678,0.0020944033594526286,7.833959566000837e-05,0.14018317001182176,0.837462059512571,0.1513601008321403,0.0021815049465541874,0.005753044703786126,0.0031865349970406397,5.6755007907767555e-05
28.700000000000003,0.835797459950407,0.15366027324921658,0.002841007874814679,0.0055170864008656575,0.0021052930234891905,7.887950120746536e-05,0.1400830423713594,0.8369915639355064,0.1517852370188543,0.0021956911716272285,0.005769894338408543,0.0032004647950886296,5.714874051489251e-05
28.8,0.8353381728380983,0.15407661144783832,0.002857143613498886,0.0055324510832805264,0.0021161998570569775,7.942116022749453e-05,0.13998304649683757,0.836521663489814,0.15220974129054207,0.002209916182941282,0.005786727972074651,0.0032144072597373413,5.754380489065819e-05
28.900000000000002,0.834879458580235,0.1544923380204853,0.0028733152257546498,0.005547799805438347,0.0021271237963474245,7.996457173972147e-05,0.13988318219350376,0.8360523573621172,0.15263361452572094,0.0022241799156063075,0.00580354565991665,0.003228362335923842,5.794020071477573e-05
29.0,0.8344213164036082,0.15490745380714052,0.002889522651378375,0.00556313262536042,0.0021380647777484545,8.050973476452162e-05,0.13978344926700442,0.8355836447401626,0.1530568576016936,0.002238482304823723,0.005820347456890937,0.003242329968762309,5.83379276667955e-05
29.1,0.8339637455360629,0.15532195964663945,0.0029057658302503292,0.005578449600880848,0.002149022737843908,8.105664832302022e-05,0.139683847523387,0.8351155248128156,0.15347947139455,0.0022528232858862805,0.0058371334177786185,0.003256310103543505,5.8736985426107916e-05
29.200000000000003,0.8335067452064971,0.15573585637667162,0.002922044702334519,0.005593750789647092,0.0021599976134129605,8.160531143709198e-05,0.1395843767690996,0.8346479967700605,0.15390145677916908,0.0022672027941779364,0.005853903597186064,0.003270302685734245,5.913737367194459e-05
29.3,0.8330503146448596,0.15614914483378278,0.0029383592076785777,0.005609036249120542,0.002170989341429552,8.215572312936088e-05,0.13948503681098975,0.8341810598030002,0.15432281462922032,0.002281620765173732,0.00587065804954541,0.003284307660976874,5.953909208337948e-05
29.400000000000002,0.8325944530821477,0.15656182585337683,0.0029547092864136517,0.005624306036577073,0.002181997859061815,8.270788242320004e-05,0.1393858274563029,0.8337147131038516,0.1547435458171655,0.0022960771344396596,0.005887396829115087,0.003298324975088736,5.9942140339329794e-05
29.5,0.8321391597504069,0.1569739002697174,0.002971094878754282,0.005639560209107599,0.0021930231036714994,8.326178834273132e-05,0.1392867485126793,0.8332489558659464,0.15516365121426048,0.0023105718376325445,0.005904119989980342,0.003312354574061651,6.0346518118557126e-05
29.6,0.8316844338827275,0.15738536891592977,0.0029875159249983007,0.005654798823618643,0.0022040650128134086,8.38174399128252e-05,0.13918779978815163,0.8327837872837289,0.15558313169055643,0.0023251048104999165,0.005920827586053754,0.0033263964040613856,6.0752225099668354e-05
29.700000000000003,0.8312302747132444,0.15779623262400258,0.003003972365526713,0.0056700219368328785,0.0022151235242348273,8.437483615910046e-05,0.13908898109114023,0.832319206552754,0.156001988114902,0.002339675988879884,0.005937519671075759,0.003340450411427143,6.115926096111676e-05
29.8,0.8307766814771349,0.1582064922247894,0.0030204641408035924,0.005685229605289695,0.002226198575874956,8.493397610792387e-05,0.13899029223044926,0.8318552128696867,0.15642022135494485,0.0023542853087010073,0.005954196298615156,0.003354516542671029,6.156762538120315e-05
29.900000000000002,0.8303236534106175,0.1586161485480105,0.0030369911913759725,0.00570042188534575,0.0022372901058643497,8.549485878641009e-05,0.138891733015262,0.8313918054322996,0.15683783227713305,0.0023689327059821796,0.005970857522069635,0.003368594744477546,6.197731803807668e-05
30.0,0.8298711897509503,0.15902520242225424,0.0030535534578737342,0.005715598833175513,0.0022483980525243494,8.605748322242115e-05,0.13879330325513575,0.8309289834394715,0.15725482174671704,0.002383618116832497,0.005987503394666275,0.003382684963703064,6.238833860973598e-05
30.1,0.8294192897364294,0.15943365467497866,0.0030701508810095047,0.0057307605047718264,0.0022595223543665256,8.662184844456646e-05,0.138695002759997,0.8304667460911864,0.15767119062775117,0.0023983414774511338,0.006004133969462064,0.0033967871473753143,6.280068677403029e-05
30.200000000000003,0.8289679526063881,0.1598415061325131,0.0030867834015785452,0.005745906955946448,0.0022706629500921153,8.718795348220234e-05,0.13859683134013656,0.8300050925885316,0.1580869397830953,0.0024131027241272233,0.00602074929934441,0.003410901242692865,6.321436220866014e-05
30.3,0.8285171776011948,0.1602487576200595,0.0031034509604586434,0.005761038242330595,0.002281819778591464,8.775579736543178e-05,0.13849878880620378,0.8295440221336959,0.15850207007441677,0.0024279017932397283,0.006037349437031648,0.0034250271970246195,6.362936459117878e-05
30.400000000000002,0.8280669639622523,0.16065540996169403,0.0031201534986100114,0.005776154419375498,0.002292992778943471,8.832537912510436e-05,0.1384008749692024,0.8290835339299697,0.15891658236219142,0.00244273862125732,0.0060539344350735505,0.003439164957909299,6.404569359899287e-05
30.5,0.8276173109319962,0.16106146398036836,0.0031368909570751702,0.005791255542352935,0.002304181890415032,8.889669779281571e-05,0.13830308964048532,0.8286236271817397,0.15933047750570586,0.0024576131447382518,0.006070504345851819,0.0034533144730549323,6.446334890936354e-05
30.6,0.8271682177538933,0.16146692049791125,0.003153663276978849,0.005806341666355778,0.002315387052460486,8.94697524009075e-05,0.13820543263175003,0.8281643010944926,0.15974375636305885,0.0024725253003302396,0.006087059221580614,0.0034674756903383445,6.488233019940759e-05
30.700000000000003,0.8267196836724406,0.16187178033502986,0.0031704703995278716,0.0058214128462985345,0.0023266082047210634,9.004454198246701e-05,0.13810790375503443,0.8277055548748086,0.16015641979116302,0.002487475024770332,0.006103599114307032,0.0034816485578046605,6.530263714609815e-05
30.8,0.8262717079331646,0.16227604431131118,0.003187312266011051,0.005836469136917879,0.002337845287024336,9.062106557132699e-05,0.13801050282271227,0.8272473877303645,0.16056846864574628,0.002502462254884795,0.006120124075911622,0.003495833023666788,6.572426942626596e-05
30.900000000000002,0.8258242897826189,0.16267971324522354,0.0032041888177990812,0.0058515105927731985,0.0023490982393836683,9.11993222020654e-05,0.13791322964749017,0.8267897988699272,0.1609799037813537,0.0025174869275889807,0.006136634158108881,0.0035100290363049235,6.614722671660025e-05
31.0,0.8253774284683834,0.16308278795411787,0.003221099996344422,0.005866537268247118,0.0023603670019976676,9.177931091000505e-05,0.13781608404240311,0.8263327875033565,0.1613907260513491,0.00253254897988721,0.006153129412447752,0.003524236544266036,6.657150869364973e-05
31.1,0.824931123239063,0.16348526925422935,0.0032380457431811977,0.00588154921754604,0.002371651515249643,9.236103073121355e-05,0.13771906582081211,0.8258763528416012,0.16180093630791678,0.0025476483488726487,0.006169609890312125,0.003538455496263385,6.699711503382346e-05
31.200000000000003,0.8244853733442866,0.16388715796067857,0.0032550259999250806,0.005896546494700674,0.0023829517197070573,9.294448070250293e-05,0.13762217479640038,0.8254204940966994,0.16221053540206287,0.0025627849717271816,0.00618607564292132,0.003552685841176002,6.742404541339208e-05
31.3,0.8240401780347052,0.1642884548874732,0.0032720407082731835,0.005911529153566567,0.002394267556120985,9.352965986142942e-05,0.13752541078317143,0.8249652104817742,0.1626195241836171,0.002577958785721294,0.006202526721330605,0.0035669275280482094,6.785229950848862e-05
31.400000000000002,0.8235955365619908,0.16468916084750937,0.00328908981000395,0.005926497247824627,0.0024055989654255747,9.411656724629329e-05,0.137428773595446,0.8245105012110356,0.16302790350123472,0.0025931697282139485,0.0062189631764316645,0.0035811805060891088,6.82818769951094e-05
31.5,0.8231514481788352,0.16508927665257306,0.0033061732469770407,0.005941450830981658,0.002416945888737504,9.470520189613852e-05,0.13733226304786061,0.8240563654997758,0.16343567420239757,0.00260841773665246,0.006235385058953092,0.003595444724672096,6.871277754911513e-05
31.6,0.8227079121389487,0.16548880311334166,0.003323290961133226,0.005956389956370873,0.002428308267355448,9.529556285075265e-05,0.13723587895536468,0.8236028025643701,0.16384283713341616,0.002623702748572378,0.0062517924194609035,0.0036097201333343608,6.914500084623187e-05
31.700000000000003,0.8222649276970584,0.1658877410393854,0.0033404428944942715,0.00597131467715243,0.0024396860427595376,9.588764915066646e-05,0.13713962113321912,0.8231498116222742,0.16424939313943107,0.002639024701597361,0.0062681853083590075,0.003624006681776401,6.9578546562052e-05
31.8,0.8218224941089072,0.16628609123916882,0.003357628989162829,0.005986225046313942,0.002451079156610828,9.648145983715381e-05,0.1370434893969951,0.8226973918920231,0.16465534306441465,0.0026543835334390583,0.006284563775889686,0.0036383043198615263,7.001341437203497e-05
31.900000000000002,0.821380610631252,0.16668385452005235,0.0033748491873223257,0.006001121116671005,0.0024624875507507646,9.707699395223141e-05,0.13694748356257172,0.8222455425932297,0.1650606877511725,0.002669779181896984,0.006300927872134093,0.003652612997615371,7.044960395150861e-05
32.0,0.8209392765218632,0.1670810316882937,0.0033921034312368514,0.006016002940867713,0.0024739111672006514,9.767425053865846e-05,0.13685160344613542,0.8217942629465826,0.16546542804134529,0.0026852115848584007,0.006317277647012735,0.0036669326652254046,7.088711497566973e-05
32.1,0.820498491039522,0.1674776235490494,0.00340939166325105,0.006030870571377175,0.002485349948161122,9.827322863993663e-05,0.13675584886417802,0.8213435521738456,0.16586956477541034,0.0027006806802981963,0.006333613150285954,0.0036812632730404476,7.132594711958533e-05
32.2,0.8200582534440203,0.16787363090637641,0.003426713825790006,0.006045724060502031,0.0024968038360116086,9.887392730030959e-05,0.13666021963349598,0.8208934094978554,0.16627309879268312,0.002716186406278761,0.0063499344315544074,0.003695604771570187,7.176610005819336e-05
32.300000000000004,0.8196185629961585,0.1682690545632335,0.0034440698613591343,0.006060563460374961,0.002508272773309817,9.947634556476287e-05,0.136564715571189,0.8204438341425206,0.1666760309313187,0.002731728700949867,0.006366241540259547,0.003709957111484685,7.220757346630382e-05
32.4,0.8191794189577445,0.16866389532148274,0.0034614597125440707,0.006075388822959204,0.0025197567027912,0.00010008048247902367,0.13646933649465862,0.8199948253328208,0.16707836202831383,0.002747307502548553,0.006382534525684095,0.0037243202436139074,7.265036701859961e-05
32.5,0.8187408205915919,0.16905815398189125,0.003478883322010564,0.006090200200049069,0.002531255567368437,0.0001006863370895606,0.13637408222160757,0.8195463822948036,0.1674800929195082,0.0027629227493989983,0.006398813436952526,0.003738694118947234,7.30944803896374e-05
32.6,0.818302767161519,0.1694518313441325,0.003496340632504361,0.006104997643270437,0.0025427693101309065,0.00010129390844358336,0.13627895257003866,0.8190985042555831,0.16788122443958595,0.0027785743799124017,0.00641507832303155,0.003753078688632982,7.353991325384877e-05
32.7,0.8178652579323474,0.16984492820678782,0.0035138315868510975,0.006119781204081272,0.0025542978743441666,0.00010190319558904243,0.136183947358253,0.818651190443341,0.1682817574220777,0.002794262332586865,0.006431329232730564,0.0037674739039779345,7.398666528554086e-05
32.800000000000004,0.8174282921699004,0.17023744536734808,0.0035313561279561923,0.006134550933772131,0.0025658412034494393,0.00010251419757462905,0.1360890664048497,0.8182044400873231,0.16868169269936162,0.002809986546007274,0.00644756621470215,0.0037818797164468503,7.443473615889748e-05
32.9,0.8169918691410016,0.17062938362221505,0.0035489141988047338,0.006149306883466661,0.0025773992410630868,0.00010312691344977471,0.13599430952872404,0.8177582524178367,0.1690810311026653,0.002825746958845172,0.006463789317442533,0.0037962960776619973,7.488412554798009e-05
33.0,0.8165559881134736,0.1710207437667031,0.003566505742461377,0.006164049104122114,0.002588971930976101,0.00010374134226465117,0.1358996765490669,0.8173126266662525,0.16947977346206763,0.0028415435098586477,0.006479998589292045,0.00381072293940268,7.533483312672846e-05
33.1,0.8161206483561367,0.17141152659504041,0.0035841307020702253,0.006178777646529835,0.002600559217153584,0.00010435748307016986,0.13580516728536332,0.8168675620649987,0.16987792060649962,0.002857376137892211,0.0064961940784356124,0.003825160253604762,7.578685856896188e-05
33.2,0.8156858491388075,0.1718017329003708,0.0036017890208547305,0.006193492561315771,0.002612161043734236,0.00010497533491798187,0.13571078155739108,0.8164230578475647,0.17027547336374688,0.002873244781876674,0.0065123758329032125,0.0038396079723601985,7.624020154837983e-05
33.300000000000004,0.8152515897322972,0.17219136347475497,0.00361948064211758,0.0062081938989409675,0.002623777355029844,0.00010559489686047759,0.13561651918521989,0.8159791132484953,0.1706724325604503,0.0028891493808290356,0.00652854390057033,0.0038540660479165602,7.66948617385631e-05
33.4,0.8148178694084106,0.17258041910917218,0.003637205509240591,0.0062228817097020675,0.0026354080955247722,0.00010621616795078646,0.13552237998921002,0.8155357275033912,0.17106879902210864,0.002905089873852358,0.006544698329158448,0.00386853443267657,7.71508388129745e-05
33.5,0.8143846874399447,0.17296890059352166,0.003654963565684602,0.006237556043731806,0.002647053209875452,0.00010683914724277673,0.13542836379001102,0.815092899848907,0.17146457357307912,0.0029210662001356506,0.006560839166235478,0.003883013079197643,7.760813244495987e-05
33.6,0.8139520431006871,0.17335680871662412,0.003672754754989365,0.006252216950999506,0.0026587126429098735,0.00010746383379105512,0.13533447040856064,0.8146506295227511,0.1718597570365797,0.0029370782989537473,0.006576966459216252,0.0038975019401914046,7.806674230774901e-05
33.7,0.8135199356654149,0.17374414426622314,0.003690579020773437,0.0062668644813115675,0.00267038633962708,0.00010809022665096654,0.13524069966608326,0.8142089157636816,0.1722543502346904,0.0029531261096671963,0.006593080255362959,0.003912000968523238,7.852666807445645e-05
33.800000000000004,0.813088364409893,0.17413090802898679,0.003708436306734075,0.006281498684311965,0.0026820742451966638,0.00010871832487859389,0.13514705138408914,0.8137677578115078,0.17264835398835474,0.0029692095717221323,0.006609180601785639,0.003926510117211817,7.898790941808246e-05
33.9,0.8126573286108731,0.17451710079050903,0.0037263265566471267,0.006296119609482733,0.0026937763049582632,0.00010934812753075768,0.13505352538437254,0.8133271549070855,0.1730417691173816,0.0029853286246501643,0.006625267545442582,0.0039410293394286445,7.945046601151385e-05
34.0,0.8122268275460924,0.1749027233353112,0.0037442497143669283,0.00631072730614446,0.0027054924644210623,0.00010997963366501592,0.1349601214890113,0.8128871062923195,0.17343459644044654,0.0030014832080682554,0.006641341133140851,0.0039555585884975914,7.991433752752505e-05
34.1,0.8117968604942717,0.17528777644684349,0.003762205723826192,0.006325321823456771,0.0027172226692632868,0.00011061284233966364,0.1348668395203649,0.8124476112101578,0.17382683677509358,0.0030176732616786052,0.006657401411536684,0.003970097817894445,8.03795236387787e-05
34.2,0.8113674267351145,0.17567226090748633,0.0037801945290359025,0.006339903210418815,0.002728966865331709,0.0001112477526137327,0.13477367930107356,0.8120086689045946,0.17421849093773656,0.0030338987252685316,0.006673448427135988,0.003984646981246439,8.084602401782669e-05
34.300000000000004,0.8109385255493059,0.17605617749855204,0.0037982160740852124,0.006354471515869754,0.002740724998641148,0.00011188436354699153,0.13468064065405724,0.811570278620665,0.1746095597436608,0.003050159538710356,0.006689482226294759,0.003999206032331805,8.131383833711106e-05
34.4,0.8105101562185106,0.176439527000286,0.0038162703031413303,0.006369026788489236,0.0027524970153739747,0.00011252267419994472,0.1345877234025143,0.811132439604446,0.17500004400702487,0.003066455641961282,0.006705502855219561,0.004013774925079318,8.17829662689649e-05
34.5,0.8100823180253719,0.1768223101918684,0.003834357160449422,0.006383569076797892,0.0027642828618796187,0.00011316268363383295,0.13449492736992014,0.8106951511030539,0.17538994454086157,0.0030827869750632802,0.006721510359967953,0.004028353613567841,8.225340748561299e-05
34.6,0.8096550102535105,0.17720452785141547,0.0038524765903325004,0.0063980984291578035,0.002776082484674073,0.00011380439091063246,0.1344022523800266,0.8102584123646428,0.17577926215708017,0.0030991534781429704,0.006737504786448951,0.004042942052025868,8.272516165917302e-05
34.7,0.8092282321875232,0.17758618075598104,0.003870628537191319,0.006412614893772985,0.0027878958304394033,0.00011444779509305492,0.13430969825686068,0.8098222226384044,0.17616799766646762,0.003115555091411506,0.006753486180423473,0.004057540194831082,8.319822846165617e-05
34.800000000000004,0.808801983112981,0.17796726968155796,0.003888812945504267,0.0064271185186898635,0.0027997228460232572,0.00011509289524454701,0.13421726482472318,0.8093865811745659,0.1765561518786899,0.0031319917551644568,0.006769454587504789,0.004072147996509901,8.367260756496804e-05
34.9,0.8083762623164287,0.17834779540307952,0.003907029759827265,0.006441609351797753,0.0028115634784383757,0.00011573969042929022,0.13412495190818832,0.8089514872243873,0.1769437256022941,0.0031484634097816927,0.00678541005315895,0.004086765411737028,8.414829864090966e-05
35.0,0.8079510690853826,0.17872775869442098,0.003925278924793661,0.006456087440829336,0.002823417674862109,0.00011638817971220067,0.13403275933210224,0.808516940040162,0.1773307196447094,0.003164969995727264,0.006801352622705248,0.004101392395335006,8.462530136117813e-05
35.1,0.8075264027083299,0.1791071603284009,0.00394356038511412,0.006470552833361123,0.0028352853826359237,0.0001170383621589285,0.13394068692158206,0.8080829388752138,0.17771713481224918,0.003181511453549289,0.006817282341316648,0.004116028902273767,8.510361539736762e-05
35.2,0.807102262474727,0.17948600107678261,0.003961874085576523,0.00648500557681394,0.002847166549264925,0.00011769023683585782,0.13384873450201565,0.8076494829838964,0.17810297191011198,0.003198087723879839,0.0068331992540202465,0.004130674887670204,8.558324042097009e-05
35.300000000000004,0.8066786476749985,0.17986428171027571,0.00398021997104586,0.006499445718453389,0.00285906112241737,0.00011834380281010632,0.13375690189905964,0.807216571621593,0.17848823174238362,0.003214698747434818,0.00684910340569768,0.004145330306787704,8.606417610337636e-05
35.4,0.8062555576005355,0.1802420029985374,0.003998597986464125,0.0065138733053903206,0.002870969049924185,0.00011899905914952495,0.1336651889386397,0.8067842040447106,0.17887291511203818,0.0032313444650138483,0.006864994841085593,0.0041599951150357245,8.654642211587663e-05
35.5,0.8058329915436943,0.18061916571017408,0.004017008076850214,0.0065282883845813044,0.002882890279778491,0.00011965600492269781,0.13357359544694858,0.8063523795106847,0.17925702282094,0.0032480248175001556,0.006880873604776066,0.004174669267969343,8.702997812966165e-05
35.6,0.8054109487977955,0.18099577061274258,0.0040354501872998175,0.006542691002829091,0.002894824760135116,0.00012031463919894154,0.13348212125044612,0.8059210972779728,0.17964055566984502,0.003264739745860456,0.006896739741217029,0.0041893527212888285,8.75148438158233e-05
35.7,0.8049894286571225,0.18137181847275174,0.004053924262985314,0.0065570812067830804,0.0029067724393101245,0.00012097496104830521,0.1333907661758586,0.8054903566060555,0.18002351445840223,0.003281489191144839,0.006912593294712732,0.00420404543083919,8.800101884535553e-05
35.800000000000004,0.8045684304169199,0.18174731005566377,0.0040724302491556685,0.006571459042939785,0.002918733265780337,0.00012163696954156997,0.13329953005017695,0.8050601567554349,0.18040589998515524,0.0032982730944866477,0.006928434309424162,0.004218747352609747,8.848850288915538e-05
35.9,0.8041479533733927,0.18212224612589567,0.004090968091136328,0.006585824557643293,0.0029307071881828585,0.00012230066375024868,0.13320841270065692,0.8046304969876321,0.18078771304754404,0.0033150913971023667,0.006944262829369468,0.004233458442733698,8.897729561802337e-05
36.0,0.8037279968237043,0.18249662744682074,0.004109537734329119,0.006600177797085729,0.002942694155314603,0.00012296604274658585,0.13311741395481827,0.8042013765651873,0.1811689544419063,0.0033319440402915135,0.006960078898424398,0.0042481786574876754,8.946739670266462e-05
36.1,0.803308560065976,0.18287045478076996,0.004128139124212139,0.006614518807307713,0.002954694116131821,0.000123633105603557,0.13302653364044342,0.8037727947516565,0.18154962496347876,0.003348830965436516,0.006975882560322729,0.004262907953291321,8.995880581368978e-05
36.2,0.8028896423992848,0.18324372888903337,0.0041467722063396545,0.006628847634198819,0.0029667070197496315,0.0001243018513948685,0.13293577158557754,0.803344750811613,0.18192972540639926,0.0033657521140026004,0.006991673858656701,0.0042776462867068574,9.045152262161556e-05
36.300000000000004,0.8024712431236631,0.18361645053186154,0.004165436926341999,0.006643164323498035,0.002978732815441549,0.00012497227919495735,0.1328451276185275,0.8029172440106421,0.18230925656370756,0.0033827074275376793,0.007007452836877423,0.004292393614438646,9.094554679686574e-05
36.4,0.8020533615400965,0.18398862046846695,0.004184133229925465,0.006657468920794214,0.0029907714526390167,0.0001256443880789906,0.13275460156786104,0.8024902736153424,0.18268821922734754,0.0033996968476722317,0.007023219538295328,0.004307149893332769,9.14408780097719e-05
36.5,0.8016359969505231,0.18436023945702554,0.004202861062872209,0.006671761471526534,0.003002822880930943,0.0001263181771228654,0.13266419326240664,0.8020638388933249,0.18306661418816814,0.003416720316119195,0.007038974006080571,0.004321915080376589,9.193751593057425e-05
36.6,0.8012191486578317,0.1847313082546779,0.004221620371040136,0.006686042020984947,0.0030148870500632317,0.00012699364540320844,0.13257390253125215,0.8016379391132091,0.18344444223592551,0.0034337777746738466,0.007054716283263476,0.004336689132698344,9.24354602294225e-05
36.7,0.8008028159658612,0.1851018276175309,0.004240411100362805,0.00670031061431063,0.0030269639099383206,0.00012767079199737556,0.13248372920374488,0.8012125735446248,0.18382170415928373,0.0034508691652136935,0.007070446412734929,0.004351472007566699,9.293471057637648e-05
36.800000000000004,0.8003869981793984,0.185471798300659,0.004259233196849326,0.006714567296496442,0.003039053410614718,0.00012834961598345168,0.13239367310949068,0.800787741458206,0.18419840074581706,0.0034679944296983588,0.007086164437246827,0.00436626366239033,9.343526664140737e-05
36.9,0.7999716946041773,0.18584122105810558,0.004278086606584249,0.006728812112387365,0.0030511555023065404,0.00012903011644025024,0.1323037340783531,0.8003634421255955,0.18457453278201105,0.0034851535101694656,0.00710187039941249,0.00438106405471751,9.393712809439785e-05
37.0,0.7995569045468779,0.18621009664288463,0.004296971275727475,0.006743045106680959,0.0030632701353830566,0.00012971229244731317,0.1322139119404531,0.7999396748194375,0.184950101053264,0.0035023463487505254,0.007117564341707058,0.004395873142235669,9.444029460514335e-05
37.1,0.7991426273151244,0.18657842580698183,0.004315887150514138,0.006757266323927802,0.0030753972603682245,0.00013039614308491023,0.13212420652616827,0.7995164388133822,0.18532510634388868,0.003519572887646824,0.0071332463064679354,0.004410690882770999,9.4944765843353e-05
37.2,0.7987288622174844,0.18694620930135616,0.004334834177254513,0.006771475808531941,0.0030875368279402364,0.00013108166743403893,0.1320346176661325,0.7990937333820786,0.1856995494371138,0.0035368330691453098,0.0071489163358952005,0.0044255172342880095,9.545054147864971e-05
37.300000000000004,0.7983156085634673,0.18731344787594126,0.004353812302333911,0.006785673604751332,0.0030996887889310617,0.0001317688645764241,0.13194514519123515,0.7986715578011778,0.1860734311150855,0.0035541268356144794,0.007164574472052004,0.004440352154889121,9.595762118057188e-05
37.4,0.7979028656635232,0.18768014227964674,0.004372821472212571,0.006799859756698283,0.003111853094325992,0.00013245773359451743,0.13185578893262068,0.7982499113473294,0.18644675215886863,0.0035714541295042675,0.007180220756865009,0.004455195602814254,9.646600461857326e-05
37.5,0.7974906328290414,0.18804629326035976,0.004391861633425569,0.0068140343083399006,0.0031240296952631907,0.00013314827357149757,0.1317665487216876,0.7978287932981785,0.1868195133484484,0.003588814893345934,0.007195855232124771,0.004470047536440402,9.697569146202465e-05
37.6,0.7970789093723494,0.18841190156494625,0.004410932732582709,0.0068281973034985234,0.003136218543033238,0.00013384048359126936,0.1316774243900887,0.7974082029323679,0.18719171546273206,0.003606209069751946,0.007211477939486173,0.00448490791428122,9.748668138021386e-05
37.7,0.7966676946067113,0.18877696793925236,0.00443003471636842,0.006842348785852163,0.0031484195890786795,0.00013453436273846365,0.13158841576973002,0.796988139529536,0.18756335927955023,0.0036236366014158784,0.007227088920468842,0.004499776694986621,9.799897404234695e-05
37.800000000000004,0.7962569878463268,0.18914149312810596,0.004449167531541657,0.006856488798934942,0.0031606327849935806,0.00013522991009843704,0.13149952269277004,0.7965686023703122,0.18793444557565817,0.0036410974311122837,0.007242688216457521,0.004514653837342355,9.851256911754901e-05
37.9,0.7958467884063298,0.18950547787531788,0.004468331124935797,0.006870617386137528,0.003172858082523074,0.0001359271247572714,0.13141074499162006,0.796149590736319,0.18830497512673758,0.003658591501696597,0.007258275868702515,0.004529539300269593,9.902746627486462e-05
38.0,0.7954370956027871,0.18986892292368343,0.0044875254434585485,0.0068847345907075775,0.003185095433562919,0.0001366260058017738,0.1313220824989426,0.7957311039101691,0.18867494870739812,0.0036761187561050145,0.007273851918320078,0.0045444330428245335,9.954366518325907e-05
38.1,0.7950279087526971,0.19023182901498364,0.004506750434091832,0.006898840455750155,0.003197344790159047,0.0001373265523194758,0.1312335350476516,0.7953131411754648,0.18904436709117853,0.003693679137354389,0.0072894164062928144,0.004559335024197981,0.0001000611655116186
38.2,0.7946192271739889,0.19059419688998677,0.004526006043891692,0.006912935024228177,0.0032096061045071254,0.0001380287633986334,0.13114510247091174,0.7948957018167957,0.18941323105054833,0.0037112725885421085,0.007304969373470099,0.004574245203714948,0.00010057996692875161
38.300000000000004,0.7942110501855203,0.19095602728844965,0.004545292219988193,0.006927018338962838,0.0032218793289521108,0.0001387326381282266,0.13105678460213768,0.7944787851197381,0.18978154135690975,0.0037288990528459953,0.007320510860568469,0.004589163540834237,0.00010110006910338923
38.400000000000006,0.793803377107077,0.19131732094911905,0.004564608909585317,0.006941090442634042,0.0032341644159878074,0.0001394381755979591,0.13096858127499417,0.7940623903708535,0.19014929878059805,0.00374655847352419,0.007336040908172022,0.004604089995148051,0.00010162147170418601
38.5,0.7933962072593718,0.19167807860973307,0.004583956059960863,0.006955151377780828,0.0032464613182564277,0.00014014537489825783,0.1308804923233948,0.7936465168576866,0.1905165040908843,0.003764250793915038,0.007351559556732823,0.0046190245263815774,0.0001021441743997209
38.6,0.7929895399640421,0.1920383010070226,0.00460333361846635,0.006969201186801805,0.003258769988548155,0.00014085423512027288,0.130792517581502,0.7932311638687644,0.1908831580559759,0.003781975957436982,0.007367066846571301,0.004633967094392595,0.0001026681768584976
38.7,0.7925833745436497,0.1923979888767125,0.004622741532526914,0.0069832399119555705,0.0032710903798007012,0.00014156475535587686,0.13070465688372657,0.7928163306935961,0.19124926144301865,0.0037997339075884567,0.007382562817876653,0.004648917659171065,0.00010319347874894584
38.800000000000004,0.7921777103216792,0.19275714295352317,0.004642179749641203,0.006997267595361137,0.003283422445098873,0.00014227693469766466,0.13061691006472706,0.7924020166226688,0.1916148150180978,0.003817524587947769,0.007398047510707223,0.004663876180838735,0.00010372007973942184
38.900000000000006,0.7917725466225366,0.19311576397117183,0.0046616482173812875,0.007011284278998358,0.0032957661376741367,0.00014299077223895322,0.13052927695940922,0.7919882209474494,0.19197981954623972,0.0038353479421729883,0.007413520964990928,0.0046788426196487385,0.00010424797949820884
39.0,0.7913678827715485,0.19347385266237385,0.004681146883392549,0.007025290004708347,0.003308121410904182,0.00014370626707378096,0.1304417574029257,0.7915749429603802,0.1923442757914134,0.003853203914001845,0.0074289832205256204,0.004693816935985203,0.00010477717769351832
39.1,0.79096371809496,0.19383140975884428,0.0047006756953935904,0.007039284814193903,0.0033204882183124943,0.00014442341829690771,0.13035435123067587,0.7911621819548805,0.19270818451653188,0.0038710924472516108,0.007444434316979494,0.004708799090362846,0.00010530767399349032
39.2,0.7905600519199344,0.194188435991299,0.004720234601176129,0.007053268749019928,0.003332866513567917,0.00014514222500381412,0.1302670582783047,0.7907499372253433,0.19307154648345354,0.0038890134858189924,0.00745987429389148,0.00472378904342658,0.00010583946806619428
39.300000000000004,0.7901568835745512,0.19454493208945628,0.0047398235486049,0.007067241850613844,0.003345256250484224,0.00014586268629070145,0.13017987838170303,0.790338208067134,0.193434362452984,0.003906966973680028,0.007475303190671646,0.004738786755951129,0.00010637255957963018
39.400000000000006,0.7897542123878054,0.194900898782038,0.004759442485617556,0.007081204160266013,0.003357657383019692,0.0001465848012544911,0.13009281137700662,0.7899269937765891,0.19379663318487672,0.003924952854889965,0.007490721046601558,0.00475379218884062,0.00010690694820172852
39.5,0.7893520376896058,0.19525633679677107,0.004779091360224566,0.007095155719130152,0.0033700698652766687,0.00014730856899282434,0.130005857100596,0.7895162936510178,0.19415835943783558,0.003942971073583165,0.007506127900834696,0.004768805303128201,0.00010744263360035172
39.6,0.7889503588107741,0.19561124686038883,0.004798770120509124,0.00710909656822375,0.0033824936515011524,0.000148033988604062,0.1299190153890962,0.7891061069886958,0.19451954196951543,0.00396102157397298,0.007521523792396832,0.004783826059975652,0.0001079796154432946
39.7,0.7885491750830435,0.19596562969863235,0.004818478714627041,0.007123026748428478,0.0033949286960823608,0.00014876105918728403,0.1298322860793756,0.7886964330888665,0.194880181536524,0.0039791043003516505,0.007536908760186415,0.0047988544206729825,0.00010851789339828475
39.800000000000004,0.7881484858390574,0.19631948603625174,0.004838217090806646,0.007136946300490605,0.0034073749535523095,0.00014948977984228918,0.12974566900854675,0.7882872712517406,0.1952402788944233,0.003997219197090203,0.007552282842974954,0.004813890346638059,0.00010905746713298389
39.900000000000006,0.7877482904123683,0.19667281659700764,0.004857985197348693,0.007150855265021407,0.003419832378585389,0.00015022014966959454,0.12965916401396482,0.7878786207784924,0.1955998347977306,0.004015366208638329,0.007567646079407405,0.004828933799416213,0.00010959833631498833
40.0,0.7873485881374364,0.19702562210367242,0.00487778298262626,0.007164753682497578,0.003432300925997941,0.00015095216777043534,0.1295727709332277,0.7874704809712604,0.19595884999992091,0.004033545279524285,0.007582998508002562,0.004843984740679842,0.00011014050061182928
40.1,0.7869493783496283,0.1973779032780317,0.004897610395084652,0.007178641593261643,0.0034447805507478437,0.0001516858332467646,0.12948648960417578,0.7870628511331454,0.19631732525342713,0.0040517563543547765,0.007598340167153425,0.0048590431322280475,0.00011068395969097426
40.2,0.7865506603852163,0.19772966084088556,0.004917467383241298,0.00719251903752236,0.003457271207934086,0.00015242114520125263,0.1294003198648911,0.7866557305682088,0.19667526130964255,0.004069999377814862,0.007613671095127594,0.00487410893598623,0.00011122871321982741
40.300000000000004,0.7861524335813764,0.1980808955120499,0.004937353895685656,0.007206386055355126,0.0034697728527963525,0.00015315810273728672,0.12931426155369746,0.7862491185814715,0.1970326589189217,0.004088274294667827,0.007628991330067629,0.004889182114005718,0.00011177476086573002
40.400000000000006,0.7857546972761877,0.19843160801035784,0.0049572698810791144,0.0072202426867023885,0.0034822854407146075,0.00015389670495897083,0.1292283145091596,0.7858430144789119,0.1973895188305819,0.004106581049755092,0.007644300909991458,0.004904262628463384,0.00011232210229596167
40.5,0.785357450808631,0.198781799053661,0.0049772152881548916,0.0072340889713740425,0.0034948089272086756,0.00015463695097112502,0.12914247857008312,0.7854374175674673,0.19774584179290494,0.004124919587996097,0.007659599872792721,0.0049193504416612625,0.0001128707371777408
40.6,0.7849606935185868,0.19913146935883097,0.004997190065717946,0.007247924949047844,0.0035073432679378343,0.00015537883987928557,0.12905675357551405,0.7850323271550281,0.19810162855313818,0.00414328985438819,0.007674888256241186,0.004934445516026169,0.00011342066517822497
40.7,0.7845644247468354,0.1994806196417605,0.00501719416264487,0.007261750659269799,0.0035198884187003943,0.00015612237078970406,0.12897113936473836,0.7846277425504405,0.19845687985749608,0.004161691794006537,0.007690166097983079,0.004949547814109325,0.00011397188596451238
40.800000000000004,0.7841686438350548,0.19982925061736487,0.005037227527883793,0.007275566141454573,0.0035324443354332897,0.0001568675428093473,0.1288856357772818,0.784223663063503,0.19881159645116206,0.004180125352003987,0.007705433435541491,0.004964657298585987,0.00011452439920364185
40.900000000000006,0.7837733501258197,0.20017736299958327,0.005057290110454288,0.007289371434885886,0.0035450109742116674,0.00015761435504589688,0.12880024265290935,0.7838200880049659,0.19916577907828886,0.00419859047361099,0.007720690306316738,0.00497977393225505,0.00011507820456259378
41.0,0.7833785429626002,0.20052495750138008,0.005077381859447271,0.007303166578716914,0.003557588291248477,0.0001583628066077488,0.1287149598316248,0.7834170166865294,0.19951942848200133,0.004217087104135472,0.0077359367475867465,0.004994897678038697,0.00011563330170829079
41.1,0.7829842216897608,0.2008720348347463,0.005097502724024906,0.007316951611970684,0.0035701762428940647,0.00015911289660401322,0.1286297871536709,0.7830144484208434,0.19987254540439678,0.004235615188962744,0.007751172796507398,0.005010028498982006,0.00011618969030759865
41.2,0.7825903856525587,0.20121859571070083,0.005117652653420509,0.007330726573540472,0.0035827747856357634,0.00015986462414451392,0.12854472445952825,0.7826123825215051,0.20022513058654678,0.004254174673555377,0.007766398490112924,0.00502516635825259,0.00011674737002732655
41.300000000000004,0.7821970341971431,0.20156464083929168,0.005137831596938444,0.0073444915021901955,0.0035953838760974864,0.000160617988339788,0.12845977158991573,0.7822108183030576,0.20057718476849884,0.0042727655034531095,0.007781613865316263,0.005040311219140222,0.00011730634053422805
41.400000000000006,0.781804166670554,0.20191017092959748,0.005158039503954034,0.0073582464365548085,0.0036080034710393246,0.0001613729883010855,0.12837492838578937,0.7818097550809893,0.20092870868927726,0.004291387624272734,0.007796818958909438,0.005055463045056454,0.00011786660149500169
41.5,0.7814117824207203,0.2022551866897287,0.005178276323913463,0.007371991415140693,0.003620633527357141,0.00016212962314036906,0.12829019468834266,0.7814091921717327,0.20127970308688506,0.004310040981707998,0.007812013807563893,0.005070621799534268,0.00011842815257629177
41.6,0.7810198807964595,0.20259968882682897,0.0051985420063336745,0.007385726476326053,0.003633274002082171,0.0001628878919703135,0.1282055703390059,0.7810091288926622,0.20163016869830516,0.004328725521529484,0.00782719844783091,0.005085787446227684,0.00011899099344468873
41.7,0.7806284611474757,0.20294367804707647,0.005218836500802282,0.007399451658361301,0.0036459248523806167,0.00016364779390430542,0.12812105517944586,0.7806095645620935,0.20198010625950183,0.004347441189584517,0.007842372916141925,0.005100959948911412,0.00011955512376673021
41.800000000000004,0.780237522824359,0.2032871550556852,0.005239159756977466,0.00741316699936945,0.003658586035553251,0.00016440932805644295,0.1280366490515657,0.7802104984992825,0.20232951650542194,0.004366187931797053,0.007857537248808916,0.005116139271480473,0.00012012054320890137
41.900000000000006,0.7798470651785836,0.20363012055690627,0.005259511724587883,0.007426872537346499,0.0036712575090350145,0.00016517249354153514,0.12795235179750433,0.7798119300244235,0.20267840016999678,0.004384965694167571,0.007872691482024761,0.005131325377949843,0.00012068725143763592
42.0,0.7794570875625075,0.2039725752540292,0.005279892353432564,0.007440568310161821,0.0036839392303946194,0.00016593728947510177,0.127868163259636,0.7794138584586471,0.20302675798614306,0.004403774422772973,0.007887835651863602,0.005146518232454086,0.00012125524811931641
42.1,0.7790675893293704,0.20431451984938345,0.005300301593380828,0.0074542543555585535,0.003696631157334157,0.0001667037149733731,0.12778408328057037,0.7790162831240209,0.20337459068576416,0.004422614063766467,0.007902969794281192,0.005161717799246985,0.00012182453292027505
42.2,0.7786785698332931,0.20465595504433942,0.005320739394372177,0.007467930711153973,0.0037093332476886946,0.00016747176915328908,0.1277001117031521,0.7786192033435468,0.20372189899975246,0.004441484563377482,0.007918093945115268,0.005176924042701185,0.00012239510550679446
42.300000000000004,0.7782900284292762,0.20499688153930998,0.005341205706416202,0.007481597414439885,0.0037220454594258856,0.0001682414511324993,0.12761624837046018,0.7782226184411601,0.20406868365798964,0.004460385867911538,0.007933208140085909,0.0051921369273078355,0.00012296696554510824
42.400000000000006,0.7779019644731986,0.20533730003375164,0.005361700479592492,0.007495254502783004,0.003734767750645575,0.00016901276002936246,0.12753249312580783,0.7778265277417279,0.20441494538934846,0.004479317923750156,0.007948312414795888,0.005207356417676222,0.00012354011270140157
42.5,0.7775143773218166,0.2056772112261659,0.005382223664050532,0.007508902013425339,0.003747500079579407,0.00016978569496294598,0.1274488458127424,0.7774309305710483,0.20476068492169477,0.004498280677350759,0.007963406804731022,0.005222582478533416,0.00012411454664181204
42.6,0.7771272663327624,0.20601661581410063,0.005402775210009615,0.007522539983484567,0.003760242404590436,0.0001705602550530258,0.12736530627504464,0.7770358262558488,0.20510590298188783,0.004517274075246548,0.007978491345260528,0.0052378150747239074,0.00012469026703243005
42.7,0.7767406308645434,0.20635551449415138,0.005423355067758744,0.0075361684499544185,0.0037729946841727345,0.00017133643942008586,0.12728187435672883,0.7766412141237851,0.20545060029578238,0.004536298064046411,0.007993566071637405,0.005253054171209262,0.00012526727353929964
42.800000000000004,0.7763544702765405,0.20669390796196244,0.005443963187656533,0.007549787449705049,0.0037857568769510044,0.00017211424718531756,0.1271985499020418,0.7762470935034406,0.20579477758822992,0.004555352590434813,0.008008631018998746,0.0052682997330677495,0.00012584556582841906
42.900000000000006,0.775968783929007,0.20703179691222842,0.005464599520131116,0.007563397019483419,0.0037985289416801902,0.00017289367747061961,0.1271153327554635,0.7758534637243221,0.20613843558308034,0.004574437601171699,0.00802368622236611,0.005283551725493999,0.00012642514356574154
43.0,0.7755835711830679,0.20736918203869545,0.005485264015680051,0.007576997195913668,0.003811310837245092,0.00017367472939859747,0.12703222276170587,0.7754603241168634,0.20648157500318257,0.004593553043092376,0.008038731716645873,0.005298810113798647,0.0001270060064171757
43.1,0.775198831400718,0.20770606403416247,0.005505956624870231,0.007590588015497496,0.0038241025226599824,0.00017445740209256323,0.12694921976571324,0.7750676740124196,0.20682419657038661,0.004612698863107424,0.008053767536629584,0.005314074863407971,0.00012758815404858643
43.2,0.7748145639448211,0.2080424435904825,0.005526677298337781,0.007604169514614526,0.0038369039570682185,0.00017524169467653488,0.1268663236126613,0.7746755127432688,0.20716630100554487,0.004631875008202585,0.008068793716994293,0.0053293459398635595,0.00012817158612579525
43.300000000000004,0.7744307681791089,0.20837832139856394,0.0055474259867879655,0.007617741729522683,0.00384971509974186,0.00017602760627523606,0.12678353414795746,0.7742838396426087,0.20750788902851336,0.0046510814254386535,0.008083810292302906,0.0053446233088219434,0.00012875630231458133
43.400000000000006,0.7740474434681798,0.20871369814837187,0.0055682026409950985,0.007631304696358563,0.003862535910081288,0.00017681513601409572,0.12670085121724026,0.7738926540445562,0.2078489613581529,0.004670318061951381,0.00809881729700456,0.0053599069360542526,0.00012934230228068153
43.5,0.773664589177497,0.2090485745289294,0.005589007211802445,0.007644858451137803,0.0038753663476148244,0.00017760428301924768,0.1266182746663789,0.7735019552841471,0.20818951871233082,0.0046895848649513745,0.008113814765434919,0.005375196787445865,0.00012992958568979195
43.6,0.7732822046733885,0.20938295122831882,0.0056098396501221325,0.007658403029755456,0.0038882063719983513,0.00017839504641753025,0.1265358043414731,0.7731117426973333,0.20852956180792231,0.0047088817817239805,0.008128802731816568,0.005390492828996071,0.0001305181522075673
43.7,0.7729002893230449,0.20971682893368304,0.00563069990693505,0.007671938467986348,0.003901055943014932,0.00017918742533648582,0.126453440088853,0.7727220156209826,0.2088690913608117,0.004728208759629197,0.008143781230259316,0.005405795026817711,0.00013110800149962297
43.800000000000004,0.772518842494519,0.21005020833122676,0.0056515879332907585,0.007685464801485453,0.003913915020574433,0.0001799814189043604,0.1263711817550785,0.7723327733928758,0.20920810808589368,0.0047475657461015595,0.008158750294760563,0.005421103347136836,0.0001316991332315342
43.900000000000006,0.772137863556724,0.21038309010621778,0.005672503680307397,0.007698982065788256,0.003926783564713149,0.00018077702625010332,0.12628902918693943,0.771944015351708,0.20954661269707497,0.00476695268865004,0.008173709959205638,0.005436417756292371,0.00013229154706883791
44.0,0.7717573518794328,0.21071547494298828,0.005693447099171587,0.007712490296311118,0.003939661535593426,0.00018157424650336678,0.12620698223145452,0.7715557408370857,0.20988460590727573,0.004786369534857952,0.00818866025736813,0.005451738220735754,0.00013288524267703256
44.1,0.7713773068332767,0.2110473635249362,0.005714418141138345,0.007725989528351641,0.003952548893503289,0.00018237307879450559,0.12612504073587189,0.7711679491895248,0.2102220884284301,0.004805816232382836,0.008203601222910244,0.005467064707030612,0.00013348021972157912
44.2,0.7709977277897437,0.21137875653452629,0.005735416757530981,0.00773947979708903,0.003965445598856064,0.0001831735222545765,0.12604320454766818,0.7707806397504511,0.21055906097148885,0.00482529272895636,0.00821853288938311,0.005482397181852414,0.00013407647786790143
44.300000000000004,0.7706186141211783,0.21170965465329158,0.005756442899741012,0.0077529611375844526,0.003978351612190013,0.00018397557601533798,0.1259614735145488,0.7703938118621995,0.21089552424641977,0.0048447989723842295,0.008233455290227166,0.0054977356119881235,0.00013467401678138714
44.400000000000006,0.7702399652007794,0.2120400585618346,0.005777496519228068,0.007766433584781401,0.003991266894167956,0.00018477923920924983,0.12587984748444703,0.7700074648680084,0.21123147896220953,0.004864334910546067,0.008248368458772453,0.005513079964335864,0.000135272836127388
44.5,0.7698617804025999,0.21236996893982865,0.0057985775675197925,0.007779897173506052,0.004004191405576905,0.00018558451096947266,0.1257983263055242,0.7696215981120252,0.2115669258268645,0.004883900491395318,0.008263272428238965,0.005528430205904582,0.00013587293557122066
44.6,0.7694840591015447,0.21269938646601905,0.005819685996211761,0.0077933519384676235,0.004017125107327695,0.00018639139042986766,0.1257169098261693,0.7692362109392991,0.211901865547413,0.004903495662959155,0.008278167231737,0.005543786303813712,0.00013647431477816722
44.7,0.7691068006733706,0.21302831181822443,0.00584082175696738,0.007806797914258735,0.0040300679604546134,0.00018719987672499602,0.12563559789499837,0.7688513026957822,0.21223629882990555,0.004923120373338365,0.008293052902267459,0.005559148225292833,0.00013707697341347577
44.800000000000004,0.7687300044946841,0.21335674567333793,0.005861984801517794,0.007820235135355761,0.004043019926115035,0.00018800996899011858,0.12555439036085492,0.7684668727283298,0.21257022637941714,0.004942774570707255,0.008307929472722225,0.005574515937681334,0.00013768091114236105
44.900000000000006,0.768353669942941,0.2136846887073285,0.005883175081661799,0.007833663636119186,0.004055980965589055,0.00018882166636119546,0.12547328707280872,0.7680829203846958,0.21290364890004826,0.004962458203313544,0.008322796975884436,0.005589889408428091,0.00013828612763000506
45.0,0.7679777963964447,0.2140121415952423,0.005904392549265747,0.007847083450793959,0.004068951040279127,0.00018963496797488562,0.12539228788015633,0.7676994450135343,0.21323656709492586,0.004982171219478269,0.00833765544442887,0.005605268605091112,0.0001388926225415576
45.1,0.7676023832343455,0.2143391050112038,0.005925637156263458,0.00786049461350985,0.004081930111709699,0.0001904498729685466,0.1253113926324204,0.7673164459643975,0.21356898166620525,0.005001913567595681,0.008352504910922256,0.0056206534953372285,0.00013950039554213697
45.2,0.7672274298366388,0.21466557962841695,0.0059469088546561175,0.007873897158281797,0.004094918141526846,0.00019126638048023377,0.1252306011793494,0.7669339225877331,0.2139008933150716,0.005021685196133139,0.008367345407823589,0.005636044046941748,0.0001401094462968304
45.300000000000004,0.7668529355841649,0.21499156611916678,0.005968207596512198,0.007887291119010261,0.0041079150914979145,0.00019208448964870027,0.12514991337091752,0.7665518742348851,0.2142323027417401,0.005041486053631017,0.00838217696748447,0.005651440227788131,0.0001407197744706947
45.400000000000006,0.766478899858607,0.21531706515482027,0.005989533333967355,0.007900676529481575,0.0041209209235111574,0.00019290419961339638,0.12506932905732418,0.7661703002580926,0.21456321064545888,0.005061316088702595,0.008396999622149435,0.0056668420058676545,0.00014133137972875695
45.5,0.7661053220424904,0.2156420774058279,0.006010886019224344,0.00791405342336829,0.004133935599575378,0.00019372550951446917,0.124988848088994,0.7657892000104852,0.21489361772450935,0.005081175250033965,0.008411813403956277,0.005682249349279092,0.00014194426173601496
45.6,0.7657322015191813,0.21596660354172464,0.006032265604552929,0.00792742183422953,0.004146959081819571,0.00019454841849276224,0.12490847031657627,0.7654085728460864,0.21522352467620745,0.005101063486383932,0.008426618344936366,0.00569766222622838,0.00014255842015743788
45.7,0.7653595376728858,0.21629064423113148,0.006053672042289783,0.007940781795511326,0.004159991332492561,0.00019537292568981497,0.12482819559094481,0.7650284181198093,0.2155529321969058,0.005120980746583898,0.00844141447701499,0.005713080605028292,0.0001431738546579667
45.800000000000004,0.7649873298886484,0.21661420014175645,0.006075105284838406,0.00795413334054698,0.004173032313962655,0.00019619903024786252,0.1247480237631975,0.7646487351874557,0.2158818409819943,0.005140926979537781,0.008456201832011664,0.0057285044540981095,0.00014379056490251518
45.900000000000006,0.7646155775523512,0.21693727194039597,0.006096565284669028,0.007967476502557394,0.004186081988717275,0.00019702673130983498,0.12466795468465651,0.764269523405717,0.2162102517259017,0.005160902134221907,0.00847098044164044,0.005743933741963315,0.00014440855055596988
46.0,0.7642442800507127,0.2172598602929361,0.006118051994318522,0.007980811314651422,0.004199140319362614,0.00019785602801935734,0.12458798820686735,0.7638907821321693,0.21653816512209698,0.0051809061596849075,0.008485750337510268,0.005759368437255237,0.00014502781128319104
46.1,0.7638734367712864,0.21758196586435374,0.006139565366390311,0.007994137809826211,0.004212207268623281,0.00019868691952074888,0.12450812418159904,0.7635125107252765,0.21686558186309066,0.005200939005047619,0.008500511551125264,0.005774808508710764,0.00014564834674901336
46.2,0.76350304710246,0.21790358931871795,0.0061611053535542745,0.008007456020967543,0.004225282799341941,0.00019951940495902275,0.12442836246084381,0.7631347085443859,0.21719250264043585,0.005221000619502994,0.008515264113885082,0.005790253925171988,0.00014627015661824606
46.300000000000004,0.763133110433454,0.218224731319191,0.006182671908546666,0.008020765980850176,0.004238366874478975,0.0002003534834798856,0.12434870289681652,0.7627573749497266,0.21751892814473037,0.005241090952315981,0.008530008057085188,0.005805704655585902,0.00014689324055567384
46.400000000000006,0.7627636261543207,0.21854539252802993,0.006204264984170015,0.008034067722138187,0.0042514594571121216,0.00020118915422973714,0.12426914534195481,0.7623805093024122,0.21784485906561685,0.005261209952823449,0.008544743411917206,0.005821160669004085,0.00014751759822605735
46.5,0.7623945936559431,0.21886557360658743,0.006225884533293035,0.008047361277385298,0.0042645605104361314,0.00020202641635566967,0.12418968964891847,0.7620041109644352,0.2181702960917852,0.005281357570434072,0.008559470209469221,0.005836621934582366,0.00014814322929413361
46.6,0.7620260123300336,0.21918527521531334,0.006247530508850545,0.008060646679035234,0.00427766999776242,0.00020286526900546785,0.12411033567058932,0.7616281792986673,0.2184952399109734,0.00530153375462823,0.008574188480726108,0.005852088421580524,0.00014877013342461668
46.7,0.7616578815691332,0.21950449801375574,0.006269202863843367,0.00807392395942204,0.004290787882518716,0.00020370571132760805,0.12403108326007115,0.7612527136688599,0.2188196912099684,0.005321738454957922,0.008588898256569822,0.005867560099361946,0.00014939831028219842
46.800000000000004,0.7612902007666097,0.2198232426605623,0.006290901551338241,0.008087193150770436,0.00430391412824872,0.00020454774247125802,0.12395193227068882,0.7608777134396401,0.21914365067460856,0.005341971621046653,0.008603599567779735,0.005883036937393344,0.0001500277595315485
46.900000000000006,0.7609229693166574,0.22014150981348135,0.0063126265244677375,0.008100454285196132,0.004317048698611756,0.00020539136158627657,0.12387288255598869,0.7605031779765125,0.2194671189897838,0.005362233202589343,0.00861829244503294,0.005898518905244418,0.00015065848083731568
47.0,0.7605561866142955,0.2204593001293632,0.00633437773643016,0.00811370739470618,0.004330191557382428,0.00020623656782321287,0.12379393396973803,0.7601291066458539,0.21979009683943773,0.005382523149352227,0.008632976918904566,0.005914005972587531,0.00015129047386412765
47.1,0.7601898520553668,0.2207766142641615,0.006356155140489468,0.008126952511199298,0.004343342668450282,0.00020708336033330643,0.12371508636592461,0.7597554988149167,0.22011258490656846,0.005402841411172754,0.008647653019868083,0.00592949810919743,0.0001519237382765921
47.2,0.7598239650365373,0.22109345287293417,0.006377958689975173,0.008140189666466199,0.004356501995819454,0.00020793173826848626,0.12363633959875682,0.7593823538518241,0.22043458387323017,0.005423187937959493,0.008662320778295613,0.005944995284950906,0.00015255827373929706
47.300000000000004,0.759458524955294,0.22140981660984485,0.006399788338282259,0.008153418892189929,0.004369669503608338,0.0002087817007813708,0.12355769352266295,0.7590096711255723,0.22075609442053426,0.005443562679692034,0.008676980224458253,0.005960497469826489,0.0001531940799168113
47.400000000000006,0.7590935312099449,0.22172570612816406,0.006421644038871091,0.00816664021994619,0.004382845156049238,0.00020963324702526713,0.12347914799229139,0.7586374500060241,0.22107711722865064,0.0054639655864208835,0.008691631388526359,0.005976004633904131,0.0001538311564736852
47.5,0.7587289831996172,0.22204112208027035,0.006443525745267323,0.00817985368120368,0.0043960289174880375,0.0002104863761541709,0.1234007028625098,0.7582656898639138,0.22139765297680958,0.005484396608267376,0.008706274300569866,0.005991516747364923,0.00015446950307445106
47.6,0.7583648803242563,0.22235606511765169,0.006465433411061815,0.00819305930732441,0.004409220752383855,0.00021134108732276573,0.12332235798840548,0.7578943900708416,0.22171770234330185,0.005504855695423559,0.008720908990558614,0.006007033780490746,0.00015510911938362363
47.7,0.7580012219846247,0.22267053589090643,0.006487366989910536,0.008206257129564033,0.0044224206253087065,0.0002121973796864227,0.12324411322528443,0.7575235499992743,0.22203726600548132,0.005525342798152127,0.008735535488362606,0.006022555703663993,0.00015575000506570078
47.800000000000004,0.757638007582301,0.22298453504974486,0.006509326435534482,0.008219447179072178,0.004435628500947175,0.00021305525240120017,0.1231659684286718,0.7571531690225436,0.22235634463976525,0.005545857866786294,0.008750153823752367,0.00603808248736726,0.00015639215978516417
47.900000000000006,0.7572752365196788,0.22329806324299,0.006531311701719583,0.008232629486892764,0.004448844344096068,0.00021391470462384302,0.12308792345431104,0.7567832465148455,0.22267493892163606,0.005566400851729701,0.008764764026399197,0.006053614102183013,0.00015703558320647907
48.0,0.756912908199965,0.22361112111857923,0.006553322742316618,0.008245804083964334,0.00446206811966409,0.00021477573551178256,0.12300997815816377,0.7564137818512376,0.22299304952564292,0.005586971703456333,0.008779366125875526,0.006069150518793328,0.00015768027499409593
48.1,0.7565510220271797,0.2239237093235652,0.006575359511241127,0.008258971001120373,0.004475299792671505,0.00021563834422313587,0.12293213239640982,0.75604477440764,0.22331067712540217,0.005607570372510405,0.008793960151655162,0.006084691707979531,0.00015832623481245017
48.2,0.7561895774061544,0.22423582850411716,0.006597421962473315,0.00827213026908963,0.004488539328249804,0.00021650252991670541,0.12285438602544645,0.7556762235608325,0.2236278223935994,0.005628196809506287,0.008808546133113637,0.006100237640621949,0.0001589734623259628
48.300000000000004,0.7558285737425311,0.22454747930552219,0.006619510050057973,0.008285281918496442,0.004501786691641376,0.00021736829175197868,0.12277673890188864,0.7553081286884542,0.2239444860019903,0.005648850965128372,0.008823124099528483,0.006115788287699569,0.00015962195719904123
48.400000000000006,0.7554680104427609,0.22485866237218632,0.006641623728104387,0.008298425979861053,0.004515041848199176,0.00021823562888912765,0.12269919088256828,0.7549404891690015,0.2242606686214021,0.0056695327901310185,0.008837694080079526,0.0061313436202897545,0.00016027171909607953
48.5,0.7551078869141036,0.22516937834763584,0.006663762950786245,0.008311562483599934,0.004528304763386395,0.00021910454048900836,0.1226217418245345,0.7545733043818281,0.2245763709217351,0.005690242235338429,0.008852256103849217,0.006146903609567939,0.00016092274768145923
48.6,0.7547482025646256,0.22547962787451836,0.00668592767234156,0.008324691460026103,0.004541575402776136,0.00021997502571316076,0.12254439158505268,0.7542065737071427,0.2248915935719632,0.005710979251644553,0.008866810199822883,0.006162468226807331,0.00016157504261954937
48.7,0.7543889568032,0.22578941159460417,0.006708117847072572,0.008337812939349437,0.004554853732051081,0.0002208470837238078,0.1224671400216049,0.7538402965260084,0.22520633724013625,0.005731743790013004,0.008881356396889072,0.006178037443378602,0.00016222860357470738
48.800000000000004,0.754030149039504,0.22609873014878729,0.006730333429345663,0.008350926951676996,0.004568139717003164,0.00022172071368385524,0.12238998699188923,0.7534744722203423,0.2255206025933802,0.00575253580147696,0.008895894723839812,0.006193611230749603,0.00016288343021127972
48.900000000000006,0.7536717786840195,0.22640758417708678,0.006752574373591275,0.008364033527013334,0.004581433323533252,0.00022259591475689135,0.12231293235381954,0.7531091001729121,0.2258343902978995,0.0057733552371390575,0.008910425209370916,0.006209189560485069,0.00016353952219360195
49.0,0.7533138451480305,0.22671597431864784,0.0067748406343038125,0.008377132695260813,0.00459473451765081,0.00022347268610718613,0.1222359759655253,0.7527441797673368,0.2261477010189772,0.005794202048171301,0.008924947882082299,0.006224772404246299,0.00016419687918599972
49.1,0.752956347843623,0.22702390121174315,0.006797132166041568,0.008390224486219927,0.004608043265473591,0.0002243510268996913,0.12215911768535145,0.7523797103880858,0.22646053542097733,0.005815076185814975,0.008939462770478225,0.006240359733790893,0.00016485550085278873
49.2,0.7525992861836834,0.22733136549377392,0.006819448923426624,0.0084033089295896,0.004621359533227301,0.0002252309363000395,0.12208235737185788,0.7520156914204752,0.2267728941673454,0.005835977601380537,0.008953969902967644,0.006255951520972425,0.0001655153868582757
49.300000000000004,0.7522426595818977,0.22763836780127109,0.006841790861144771,0.008416386054967508,0.004634683287245282,0.000226112413474544,0.1220056948838191,0.751652122250671,0.22708477792061016,0.0058569062462475235,0.008968469307864458,0.006271547737740182,0.0001661765368667588
49.400000000000006,0.7518864674527502,0.22794490876989654,0.006864157933945419,0.008429455891850386,0.004648014493968191,0.00022699545759019823,0.1219291300802243,0.751289002265682,0.22739618734238423,0.005877862071864467,0.008982961013387827,0.006287148356138835,0.0001668389505425279
49.5,0.7515307092115224,0.22825098903444432,0.006886550096641512,0.008442518469634338,0.004661353119943678,0.00022788006781467528,0.1218526628202771,0.7509263308533642,0.22770712309336616,0.005898845029748776,0.008997445047662433,0.006302753348308186,0.0001675026275498654
49.6,0.7511753842742921,0.22855660922884194,0.006908967304109444,0.008455573817615154,0.004674699131826074,0.00022876624331632785,0.12177629296339486,0.7505641074024172,0.2280175858333414,0.005919855071486667,0.009011921438718809,0.006318362686482839,0.00016816756755304646
49.7,0.750820492057932,0.2288617699861512,0.006931409511288964,0.008468621964988605,0.004688052496376063,0.00022965398326418713,0.12170002036920875,0.750202331302382,0.2283275762211831,0.005940892148733057,0.009026390214493593,0.006333976342991943,0.00016883377021633967
49.800000000000004,0.7504660319801091,0.22916647193856973,0.006953876673183096,0.008481662940850763,0.0047014131804603695,0.00023054328682796285,0.12162384489756357,0.7498410019436418,0.22863709491485404,0.005961956213211458,0.009040851402829822,0.006349594290258878,0.0001695012352040075
49.900000000000006,0.7501120034592832,0.22947071571743197,0.006976368744858056,0.008494696774198299,0.004714781151051442,0.00023143415317804269,0.12154776640851696,0.7494801187174199,0.22894614257140736,0.0059830472167138994,0.009055305031477235,0.0063652165008009675,0.00017016996218030666
50.0,0.749758405914706,0.22977450195321045,0.006998885681443154,0.008507723493928794,0.004728156375227137,0.00023232658148549185,0.12147178476233983,0.7491196810157793,0.2292547198469884,0.006004165111100831,0.009069751128092537,0.006380842947229217,0.00017083995080948867
50.1,0.7494052387664198,0.23007783127551693,0.0070214274381307255,0.008520743128841043,0.00474153882017041,0.00023322057092205276,0.12139589981951564,0.7487596882316202,0.2295628273968352,0.006025309848301015,0.009084189720239704,0.006396473602247999,0.00017151120075580074
50.2,0.7490525014352569,0.23038070431310353,0.007043993970176027,0.008533755707635355,0.004754928453168991,0.00023411612066014434,0.1213201114407404,0.7484001397586794,0.22987046587528054,0.006046481380311446,0.009098620835390238,0.006412108438654779,0.00017218371168348568
50.300000000000004,0.7487001933428381,0.23068312169386399,0.00706658523289716,0.008546761258913859,0.004768325241615081,0.00023501322987286164,0.12124441948692201,0.74804103499153,0.2301776359357526,0.006067679659197254,0.009113044500923491,0.006427747429339816,0.00017285748325678236
50.400000000000006,0.7483483139115715,0.23098508404483478,0.007089201181674988,0.008559759811180807,0.004781729153005036,0.0002359118977339756,0.12116882381918047,0.7476823733255791,0.23048433823077646,0.006088904637091601,0.009127460744126915,0.0064433905472859,0.00017353251513992684
50.5,0.7479968625646518,0.2312865919921963,0.007111841771953042,0.008572751392842873,0.004795140154939057,0.0002368121234179323,0.12109332429884745,0.7473241541570675,0.23079057341197526,0.006110156266195595,0.00914186959219634,0.006459037765568057,0.00017420880699715229
50.6,0.7476458387260594,0.23158764616127409,0.0071345069592374435,0.008585736032209456,0.004808558215120883,0.00023771390609985288,0.1210179207874658,0.746966376883068,0.23109634213007182,0.006131434498778198,0.009156271072236287,0.006474689057353272,0.00017488635849268944
50.7,0.7472952418205585,0.2318882471765398,0.007157196699096812,0.008598713757492975,0.0048219833013574765,0.00023861724495553271,0.1209426131467895,0.7466090409014837,0.23140164503488914,0.006152739287176132,0.00917066521126022,0.00649034439590019,0.0001755651692907678
50.800000000000004,0.7469450712736969,0.23218839566161265,0.007179910947162187,0.008611684596809176,0.00483541538155872,0.00023952213916144117,0.12086740123878358,0.7462521456110481,0.23170648277535233,0.006174070583793764,0.009185052036190827,0.006506003754558853,0.00017624523905561496
50.900000000000006,0.7465953265118045,0.2324880922392604,0.0072026496591269355,0.008624648578177418,0.004848854423737107,0.00024042858789472115,0.12079228492562345,0.7458956904113251,0.23201085599948962,0.006195428341103056,0.009199431573860314,0.00652166710677042,0.00017692656745145818
51.0,0.7462460069619923,0.23278733753140052,0.007225412790746673,0.008637605729520978,0.004862300396007431,0.00024133659033318856,0.12071726406969484,0.7455396747027033,0.23231476535443335,0.006216812511643427,0.009213803851010671,0.0065373344260668724,0.000177609154142524
51.1,0.7458971120521513,0.23308613215910148,0.0072482002978391784,0.008650556078667345,0.004875753266586493,0.00024224614565533209,0.1206423385335937,0.7451840978863988,0.23261821148642142,0.0062382230480216875,0.009228168894293945,0.006553005686070753,0.00017829299879303925
51.2,0.7455486412109513,0.23338447674258378,0.007271012136284302,0.008663499653348514,0.004889213003792784,0.00024315725304031229,0.1205675081801256,0.7448289593644541,0.23292119504079906,0.006259659902911935,0.00924252673027252,0.006568680860494864,0.00017897810106723164
51.300000000000004,0.7452005938678405,0.2336823719012211,0.007293848262023889,0.008676436481201281,0.004902679576046186,0.00024406991166796171,0.12049277287230567,0.7444742585397349,0.2332237166620188,0.006281123029055466,0.009256877385419394,0.0065843599231420235,0.00017966446062932926
51.400000000000006,0.7448529694530438,0.23397981825354153,0.007316708631061689,0.008689366589767539,0.004916152951867667,0.0002449841207187839,0.12041813247335834,0.7441199948159296,0.23352577699364307,0.006302612379260683,0.009271220886118457,0.006600042847904758,0.00018035207714356264
51.5,0.7445057673975615,0.23427681641722872,0.007339593199463277,0.008702290006494565,0.004929633099878986,0.0002458998793739533,0.12034358684671714,0.7437661675975485,0.23382737667834452,0.006324127906402987,0.009285557258664746,0.006615729608765046,0.00018104095027416346
51.6,0.7441589871331689,0.23457336700912304,0.007362501923355968,0.008715206758735316,0.004943119988802386,0.00024681718681531493,0.1202691358560242,0.7434127762899232,0.2341285163579074,0.006345669563424711,0.009299886529264735,0.006631420179794044,0.0001817310796853663
51.7,0.7438126280924151,0.23486947064522265,0.007385434758928729,0.008728116873748715,0.0049566135874602926,0.0002477360422253835,0.1201947793651301,0.7430598202992058,0.23442919667322934,0.006367237303335014,0.00931420872403661,0.006647114535151795,0.00018242246504140847
51.800000000000004,0.7434666897086217,0.23516512794068473,0.007408391662432094,0.008741020378699947,0.004970113864775019,0.000248656444787343,0.12012051723809393,0.7427072990323648,0.23472941826432164,0.006388831079209776,0.009328523869010522,0.0066628126490869705,0.000183115106006531
51.900000000000006,0.743121171415882,0.23546033950982662,0.00743137259017809,0.008753917300660746,0.004983620789768467,0.0002495783936850468,0.12004634933918232,0.7423552118971863,0.2350291817703114,0.006410450844191529,0.009342831990128858,0.006678514495936593,0.00018380900224497832
52.0,0.7427760726490594,0.23575510596612687,0.007454377498540138,0.008766807666609677,0.0049971343315618234,0.0002505018881030163,0.11997227553286999,0.7420035583022749,0.23532848782944235,0.006432096551489353,0.009357133113246536,0.006694220050125777,0.0001845041534209992
52.1,0.7424313928437872,0.23604942792222658,0.0074774063439529866,0.008779691503432434,0.005010654459375274,0.00025142692722644153,0.11989829568383888,0.7416523376570479,0.23562733707907582,0.006453768154378784,0.009371427264131248,0.006709929286167438,0.00018520055919884752
52.2,0.742087131436467,0.23634330598993042,0.007500459082912614,0.00879256883792212,0.0050241811425277,0.00025235351024117985,0.11982440965697812,0.741301549371737,0.23592573015569243,0.00647546560620172,0.009385714468463728,0.006725642178662032,0.0001858982192427819
52.300000000000004,0.7417432878642676,0.23663674078020766,0.007523535671976151,0.008805439696779532,0.005037714350436382,0.00025328163633375576,0.11975061731738378,0.7409511928573882,0.23622366769489317,0.006497188860366338,0.009399994751838036,0.006741358702297296,0.00018659713321706687
52.400000000000006,0.7413998615651243,0.23692973290319355,0.007546636067761796,0.008818304106613446,0.005051254052616712,0.00025421130469136053,0.11967691853035865,0.7406012675258572,0.23652115033140028,0.006518937870346989,0.009414268139761806,0.006757078831847959,0.00018729730078597304
52.5,0.7410568519777375,0.23722228296819023,0.00756976022694873,0.008831162093940905,0.005064800218681895,0.00025514251450185174,0.11960331316141186,0.7402517727898112,0.23681817869905883,0.006540712589684127,0.009428534657656532,0.006772802542175497,0.00018799872161377726
52.6,0.740714258541572,0.23751439158366816,0.00759290810627704,0.008844013685187503,0.005078352818342661,0.00025607526495375276,0.11952980107625867,0.7399027080627273,0.237114753430838,0.006562512971984195,0.009442794330857802,0.006788529808227857,0.00018870139536476384
52.7,0.7403720806968557,0.2378060593572669,0.007616079662547628,0.008856858906687656,0.0050919118214069695,0.00025700955523625215,0.1194563821408201,0.7395540727588905,0.23741087515883194,0.006584338970919543,0.009457047184615588,0.006804260605039177,0.00018940532170322395
52.800000000000004,0.7400303178845786,0.23809728689579648,0.007639274852622133,0.008869697784684896,0.005105477197779719,0.0002579453845392035,0.11938305622122297,0.7392058662933931,0.23770654451426104,0.006606190540228344,0.009471293244094507,0.006819994907729547,0.00019011050029345722
52.900000000000006,0.739688969546492,0.2383880748052385,0.007662493633422845,0.008882530345332143,0.0051190489174624595,0.0002588827520531248,0.11930982318379948,0.7388580880821332,0.23800176212747365,0.0066280676337144954,0.009485532534374064,0.006835732691504726,0.00019081693079977093
53.0,0.7393480351251069,0.23867842369074715,0.007685735961932623,0.008895356614691992,0.005132626950553102,0.00025982165696919777,0.11923668289508664,0.7385107375418144,0.23829652862794665,0.006649970205247526,0.009499765080448936,0.006851473931655888,0.00019152461288648176
53.1,0.7390075140636937,0.23896833415665056,0.007709001795194819,0.00890817661873699,0.005146211267245634,0.0002607620984792681,0.11916363522182663,0.7381638140899439,0.23859084464428676,0.00667189820876251,0.009513990907229215,0.0068672186035593575,0.00019223354621791502
53.2,0.7386674058062805,0.23925780680645167,0.0077322910903131845,0.008920990383349911,0.005159801837829824,0.0002617040757758442,0.11909068003096583,0.7378173171448325,0.23888471080423224,0.006693851598259976,0.009528210039540679,0.00688296668267634,0.00019294373045840584
53.300000000000004,0.7383277097976526,0.23954684224282954,0.007755603804451795,0.008933797934324032,0.005173398632690943,0.000262647588052097,0.11901781718965523,0.7374712461255906,0.23917812773465336,0.006715830327805816,0.009542422502125046,0.006898718144552673,0.0001936551652722995
53.400000000000006,0.737988425483351,0.23983544106764038,0.007778939894834965,0.008946599297363416,0.005187001622309475,0.00026359263450185985,0.11894504656524983,0.7371256004521315,0.23947109606155417,0.006737834351531193,0.009556628319640232,0.006914472964818554,0.0001943678503239515
53.5,0.7376495523096716,0.24012360388191867,0.007802299318747165,0.008959394498083183,0.005200610777260831,0.0002645392143196273,0.11887236802530825,0.7367803795451674,0.23976361641007363,0.006759863623632455,0.00957082751666062,0.006930231119188286,0.00019508178527772823
53.6,0.7373110897236642,0.24041133128587847,0.00782568203353295,0.00897218356200979,0.00521422606821507,0.0002654873267005556,0.11879978143759265,0.7364355828262071,0.2400556894044863,0.006781918098371038,0.00958502011767729,0.00694599258346003,0.00019579696979800783
53.7,0.7369730371731316,0.24069862387891425,0.007849087996596857,0.008984966514581293,0.00522784746593661,0.00026643697084046146,0.11872728667006878,0.7360912097175596,0.2403473156682042,0.006803997730073387,0.009599206147098301,0.0069617573335155215,0.0001965134035491796
53.800000000000004,0.7366353941066281,0.24098548225960217,0.007872517165403343,0.008997743381147635,0.005241474941283952,0.00026738814593582177,0.11865488359090487,0.735747259642327,0.24063849582377778,0.006826102473130848,0.009613385629248948,0.006977525345319837,0.00019723108619564537
53.900000000000006,0.736298159973459,0.2412719070257012,0.007895969497476691,0.00901051418697091,0.005255108465209391,0.00026834085118377336,0.11858257206847242,0.7354037320244088,0.24092923049289677,0.006848232281999601,0.009627558588371976,0.0069932965949211275,0.0001979500174018196
54.0,0.7359613342236794,0.24155789877415415,0.007919444950400934,0.009023278957225636,0.005268748008758739,0.00026929508578211233,0.11851035197134491,0.7350606262884976,0.2412195202963918,0.006870387111200553,0.009641725048627894,0.007009071058450353,0.00019867019683212945
54.1,0.7356249163080928,0.24184345810108898,0.007942943481819776,0.009036037716999028,0.005282393543071047,0.0002702508489292938,0.11843822316829856,0.7347179418600781,0.24150936585423532,0.006892566915319258,0.009655885034095183,0.007024848712121056,0.00019939162415101577
54.2,0.7352889056782508,0.24212858560181963,0.0079664650494365,0.009048790491291264,0.005296045039378325,0.00027120813982443106,0.11836618552831112,0.7343756781654281,0.24179876778554313,0.006914771649005822,0.00967003856877056,0.007040629532229071,0.00020011429902293322
54.300000000000004,0.7349533017864512,0.24241328187084737,0.007990009611013899,0.009061537305015759,0.005309702469005261,0.00027216695766729557,0.11829423892056229,0.734033834631616,0.2420877267085751,0.006937001266974815,0.009684185676569246,0.007056413495152306,0.0002008382211123506
54.400000000000006,0.7346181040857381,0.2426975475018618,0.008013577124374184,0.009074278182999428,0.005323365803368945,0.00027312730165831607,0.1182223832144331,0.7336924106864987,0.24237624324073676,0.006959255724005181,0.009698326381325183,0.007072200577350458,0.00020156339008375166
54.5,0.7342833120298998,0.24298138308774192,0.00803716754739891,0.00908701314998296,0.005337035013978592,0.0002740891709985784,0.11815061827950582,0.7333514057587219,0.24266431799858015,0.006981534974940161,0.009712460706791328,0.0070879907553647835,0.00020228980560163477
54.6,0.7339489250734683,0.2432647892205574,0.008060780838028898,0.009099742230621079,0.00535071007243527,0.00027505256488982504,0.11807894398556368,0.7330108192777193,0.2429519515978052,0.007003838974687182,0.009726588676639848,0.007103784005817835,0.00020301746733051413
54.7,0.7336149426717182,0.2435477664915695,0.008084416954264142,0.009112465449482816,0.005364390950431619,0.0002760174825344543,0.11800736020259048,0.732670650673711,0.2432391446532609,0.007026167678217781,0.009740710314462431,0.007119580305413218,0.0002037463749349199
54.800000000000004,0.7332813642806658,0.24383031549123232,0.00810807585416374,0.009125182831051766,0.00537807761975158,0.00027698392313552035,0.11793586680077041,0.7323308993777008,0.24352589777894643,0.007048521040567524,0.009754825643770478,0.007135379630935338,0.00020447652807939842
54.900000000000006,0.732948189357068,0.24411243680919378,0.00813175749584581,0.009137894399726365,0.005391770052270123,0.0002779518858967324,0.11786446365048797,0.7319915648214785,0.24381221158801233,0.007070899016835902,0.00976893468799539,0.00715118195924915,0.00020520792642851268
55.0,0.732615417358421,0.24439413103429677,0.008155461837487403,0.009150600179820138,0.005405468219952967,0.0002789213700224542,0.11779315062232729,0.7316526464376164,0.2440980866927617,0.0070933015621862505,0.009783037470488783,0.0071669872672999145,0.00020594056964684293
55.1,0.7322830477429599,0.24467539875458028,0.008179188837324436,0.009163300195561976,0.005419172094856321,0.0002798923747177039,0.11772192758707246,0.7313141436594685,0.24438352370465127,0.00711572863184566,0.00979713401452276,0.0071827955321129375,0.0002066744573989869
55.2,0.7319510799696574,0.2449562405572805,0.008202938453651594,0.00917599447109639,0.005432881649126599,0.0002808648991881533,0.11765079441570665,0.7309760559211692,0.2446685232342929,0.0071381801811048915,0.009811224343290148,0.007198606730793349,0.00020740958934956015
55.300000000000004,0.7316195134982225,0.24523665702883182,0.008226710644822267,0.009188683030483775,0.005446596855000161,0.00028183894264012743,0.11757975097941224,0.7306383826576336,0.24495308589145418,0.007160656165318282,0.009825308479904716,0.007214420840525825,0.0002081459651631968
55.400000000000006,0.7312883477890999,0.24551664875486803,0.00825050536924846,0.00920136589770067,0.005460317684803034,0.0002828145042806041,0.11750879714957045,0.7303011233045559,0.24523721228506018,0.007183156539903659,0.009839386447401474,0.007230237838574368,0.0002088835845045493
55.5,0.7309575823034686,0.24579621632022342,0.008274322585400713,0.009214043096640019,0.00547404411095065,0.00028379158331721336,0.11743793279776116,0.7299642772984062,0.2455209030231943,0.007205681260342254,0.009853458268736863,0.007246057702282049,0.0002096224470382897
55.6,0.7306272165032416,0.2460753603089338,0.008298162251808029,0.00922671465111143,0.005487776105947578,0.00028477017895823744,0.11736715779576239,0.7296278440764334,0.24580415871309932,0.007228230282178617,0.009867523966789013,0.007261880409070767,0.00021036255242910917
55.7,0.730297249851064,0.24635408130423755,0.008322024327057784,0.009239380584841432,0.005501513642387251,0.0002857502904126096,0.1172964720155505,0.72929182307666,0.24608697996117895,0.007250803561020519,0.009881583564358002,0.007277705936440997,0.00021110390034171899
55.800000000000004,0.7299676818103128,0.24663237988857692,0.008345908769795657,0.009252040921473734,0.005515256692951706,0.0002867319168899141,0.11722587532929939,0.728956213737884,0.24636936737299872,0.007273401052538883,0.009895637084166081,0.007293534261971579,0.00021184649044085066
55.900000000000006,0.7296385118450952,0.24691025664359884,0.00836981553872554,0.009264695684569479,0.005529005230411317,0.00028771505760038574,0.11715536760938076,0.7286210154996766,0.24665132155328706,0.007296022712467671,0.009909684548857914,0.007309365363319426,0.00021259032239125618
56.0,0.7293097394202481,0.24718771215015617,0.008393744592609467,0.009277344897607502,0.005542759227624524,0.0002886997117549091,0.11708494872836339,0.7282862278023814,0.2469328431059369,0.00731866849660382,0.009923725981000813,0.00732519921821933,0.000213335395857709
56.1,0.7289813640013372,0.2474647469883088,0.008417695890267533,0.009289988583984589,0.005556518657537579,0.0002896858785650184,0.11701461855901317,0.7279518500871132,0.24721393263400593,0.007341338360807154,0.009937761403084994,0.007341035804483686,0.00021408171050500382
56.2,0.7286533850546554,0.24774136173732472,0.008441669390577809,0.009302626767015725,0.005570283493184276,0.0002906735572428968,0.11694437697429293,0.7276178817957567,0.2474945907397191,0.007364032261000273,0.00995179083752379,0.007356875100002281,0.00021482926599795723
56.300000000000004,0.7283258020472222,0.24801755697568095,0.008465665052476272,0.009315259469934353,0.005584053707685689,0.000291662747001376,0.11687422384736171,0.7272843223709656,0.24777481802446827,0.007386750153168487,0.00996581430665392,0.007372717082742031,0.00021557806200140798
56.400000000000006,0.7279986144467828,0.24829333328106487,0.008489682834956722,0.009327886715892622,0.005597829274249912,0.0002926534470539358,0.11680415905157512,0.7269511712561628,0.24805461508881468,0.007409491993359728,0.00997983183273569,0.007388561730746769,0.00021632809818021735
56.5,0.727671821721807,0.24856869123037503,0.008513722697070698,0.00934050852796164,0.005611610166171797,0.0002936456566147034,0.11673418246048463,0.7266184278955367,0.24833398253248937,0.007432257737684463,0.009993843437953252,0.00740440902213697,0.00021707937419926978
56.6,0.727345423341488,0.24884363139972251,0.008537784597927409,0.009353124929131736,0.0056253963568326975,0.00029463937489845345,0.11666429394783731,0.7262860917340423,0.24861292095439416,0.007455047342315597,0.010007849144414842,0.007420258935109553,0.00021783188972347305
56.7,0.7270194187757418,0.24911815436443174,0.008561868496693648,0.009365735942312695,0.0056391878197002004,0.0002956346011206071,0.11659449338757592,0.7259541622173995,0.24889143095260338,0.0074778607634884,0.010021848974152986,0.007436111447937623,0.00021858564441775867
56.800000000000004,0.7266938074952062,0.24939226069904172,0.008585974352593713,0.009378341590334016,0.005652984528327876,0.0002966313344972315,0.1165247806538385,0.7256226387920929,0.24916951312436483,0.007500697957500412,0.010035842949124775,0.007451966538970246,0.00021934063794708217
56.900000000000006,0.7263685889712391,0.24966595097730707,0.008610102124909334,0.009390941895945165,0.0056667864563550155,0.00029762957424503975,0.11645515562095785,0.7252915209053674,0.24944716806610068,0.007523558880711359,0.01004983109121205,0.0074678241866321955,0.00022009686997642367
57.0,0.7260437626759186,0.24993922577219904,0.008634251772979589,0.009403536881815814,0.005680593577506373,0.00029862931958138974,0.11638561816346159,0.7249608080052319,0.24972439637340862,0.007546443489543068,0.01006381342222169,0.007483684369423744,0.0002208543401707881
57.1,0.725719328082041,0.2502120856559067,0.008658423256200835,0.009416126570536101,0.0056944058655919155,0.00029963056972428473,0.11631616815607179,0.7246304995404556,0.2500011986410637,0.007569351740479385,0.01007778996388578,0.007499547065920406,0.00022161304819520562
57.2,0.7253952846631205,0.2504845311998379,0.008682616534026614,0.009428710984616864,0.005708223294506558,0.00030063332389237166,0.1162468054737048,0.7243005949605663,0.25027757546301804,0.007592283590066079,0.010091760737861914,0.007515412254772727,0.0002223729937147321
57.300000000000004,0.7250716318933881,0.25075656297462035,0.008706831565967589,0.009441290146489895,0.005722045838229915,0.0003016375813049416,0.11617752999147084,0.7239710937158517,0.25055352743240383,0.007615238994910773,0.010105725765733346,0.007531279914706036,0.0002231341763944493
57.400000000000006,0.7247483692477904,0.25102818155010276,0.008731068311591463,0.009453864078508185,0.0057358734708260455,0.0003026433411819287,0.11610834158467359,0.7236419952573552,0.25082905514153275,0.007638217911682835,0.010119685069009293,0.007547150024520223,0.0002238965958994652
57.5,0.7244254962019888,0.25129938749535574,0.008755326730522893,0.00946643280294617,0.0057497061664431946,0.00030365060274391005,0.11603924012881063,0.7233132990368791,0.25110415918189816,0.007661220297113314,0.010133638669125112,0.007563022563089499,0.00022466025189491474
57.6,0.7241030122323586,0.25157018137867315,0.008779606782443428,0.009478996341999972,0.005763543899313549,0.0003046593652121051,0.11597022549957237,0.7229850045069786,0.25137884014417583,0.00768424610799484,0.010147586587442544,0.007578897509362168,0.00022542514404595972
57.7,0.7237809168159876,0.25184056376757286,0.008803908427091419,0.009491554717787643,0.0057773866437529795,0.0003056696278083752,0.11590129757284215,0.7226571111209651,0.25165309861822505,0.007707295301181551,0.010161528845249967,0.007594774842360421,0.00022619127201778944
57.800000000000004,0.7234592094306755,0.25211053522879784,0.008828231624261936,0.009504107952349409,0.0057912343741607876,0.00030668138975522294,0.11583245622469615,0.7223296183329029,0.25192693519308995,0.007730367833589001,0.010175465463762577,0.00761065454118006,0.00022695863547562105
57.900000000000006,0.7231378895549333,0.2523800963283175,0.00885257633380671,0.009516656067647912,0.005805087065019458,0.0003076946502757919,0.11576370133140285,0.7220025255976077,0.2522003504570006,0.007753463662194073,0.010189396464122648,0.007626536584990309,0.0002277272340846997
58.0,0.7228169566679814,0.2526492476313285,0.008876942515634038,0.009529199085568452,0.005818944690894412,0.00030870940859386605,0.11569503276942275,0.7216758323706475,0.2524733449973739,0.007776582744034905,0.01020332186739975,0.007642420953033592,0.0002284970675102992
58.1,0.7224964102497493,0.2529179897022559,0.008901330129708717,0.009541737027919226,0.005832807226433756,0.0003097256639338695,0.11562645041540844,0.7213495381083401,0.2527459194008149,0.007799725036210784,0.010217241694590963,0.007658307624625263,0.00022926813541772226
58.2,0.7221762497808745,0.2531863231047539,0.00892573913605196,0.009554269916431567,0.005846674646368027,0.0003107434155208655,0.11555795414620411,0.7210236422677531,0.253018074253118,0.007822890495882091,0.010231155966621113,0.007674196579153423,0.00023004043747230053
58.300000000000004,0.7218564747427012,0.2534542484017076,0.008950169494741322,0.009566797772760188,0.005860546925509955,0.00031176266258055654,0.11548954383884517,0.720698144306701,0.2532898101392679,0.007846079080270189,0.01024506470434299,0.007690087796078674,0.00023081397333939532
58.400000000000006,0.7215370846172801,0.2537217661552333,0.008974621165910622,0.009579320618483414,0.005874424038754209,0.0003127834043392836,0.11542121937055833,0.720373043683746,0.25356112764344063,0.007869290746657353,0.010258967928537565,0.007705981254933895,0.0002315887426843982
58.5,0.7212180788873664,0.25398887692667993,0.008999094109749866,0.009591838475103425,0.005888305961077152,0.0003138056400240254,0.11535298061876116,0.7200483398581973,0.25383202734900506,0.00789252545238669,0.010272865659914242,0.007721876935324034,0.00023236474517273072
58.6,0.72089945703642,0.2542555812766302,0.00902358828650518,0.009604351364046491,0.005902192667536601,0.00031482936886239866,0.11528482746106157,0.719724032290108,0.2541025098385236,0.007915783154862034,0.01028675791911102,0.007737774816925861,0.00023314198046984474
58.7,0.7205812185486035,0.25452187976490126,0.009048103656478708,0.009616859306663207,0.005916084133271574,0.0003158545900826569,0.11521675977525825,0.7194001204402747,0.25437257569375354,0.007939063811547884,0.0103006447266948,0.00775367487948776,0.00023392044824122382
58.800000000000004,0.7202633629087817,0.25478777295054605,0.009072640180028567,0.009629362324228731,0.005929980333502051,0.0003168813029136902,0.11514877743933968,0.7190766037702393,0.2546422254956482,0.007962367379969316,0.010314526103161494,0.007769577102829511,0.00023470014815238236
58.900000000000006,0.7199458896025209,0.25505326139185436,0.009097197817568748,0.00964186043794302,0.005943881243528731,0.00031790950658502486,0.11508088033148438,0.7187534817422829,0.2549114598243577,0.007985693817711886,0.010328402068936373,0.007785481466842047,0.00023548107986886635
59.0,0.7196287981160875,0.2553183456463536,0.009121776529569046,0.009654353668931059,0.005957786838732783,0.0003189392003268226,0.11501306833006028,0.7184307538194302,0.25518027925923065,0.008009043082421572,0.010342272644374173,0.007801387951487262,0.00023626324305625414
59.1,0.7193120879364471,0.2555830262708101,0.009146376276554995,0.0096668420382431,0.005971697094575616,0.00031997038336988053,0.11494534131362485,0.7181084194654433,0.25544868437881457,0.008032415131804645,0.01035613784975937,0.007817296536797776,0.00023704663738015604
59.2,0.7189957585512637,0.2558473038212301,0.009170997019107771,0.009679325566854892,0.005985611986598625,0.0003210030549456303,0.11487769916092444,0.7177864781448255,0.25571667576085766,0.008055809923627644,0.010369997705306389,0.00783320720287671,0.00023783126250621529
59.300000000000004,0.718679809448899,0.2561111788528607,0.009195638717864132,0.009691804275667914,0.005999531490422956,0.00032203721428613745,0.11481014175089439,0.7174649293228159,0.2559842539823095,0.008079227415717247,0.01038385223115984,0.007849119929897477,0.0002386171181001081
59.400000000000006,0.7183642401184106,0.25637465192019093,0.00922030133351634,0.00970427818550961,0.006013455581749271,0.0003230728606241017,0.11474266896265854,0.7171437724653922,0.2562514196193221,0.008102667565960205,0.010397701447394662,0.007865034698103564,0.0002394042038275441
59.5,0.7180490500495521,0.25663772357695275,0.009244984826812075,0.009716747317133607,0.006027384236357498,0.00032410999319285554,0.11467528067552916,0.7168230070392663,0.2565181732472515,0.008126130332303267,0.010411545374016444,0.007880951487808313,0.00024019251935426635
59.6,0.7177342387327713,0.25690039437612233,0.009269689158554376,0.009729211691219966,0.006041317430106605,0.00032514861122636454,0.11460797676900641,0.7165026325118867,0.256784515440658,0.008149615672753081,0.010425384030961554,0.007896870279394692,0.00024098206434605224
59.7,0.7174198056592098,0.2571626648699207,0.00929441428960155,0.009741671328375393,0.006055255138934352,0.00032618871395922625,0.1145407571227784,0.7161826483514341,0.2570504467733084,0.008173123545376108,0.010439217438097408,0.0079127910533151,0.00024177283846871329
59.800000000000004,0.7171057503207018,0.25742453560981493,0.009319160180867108,0.00975412624913348,0.006069197338857058,0.00032723030062667,0.1144736216167207,0.7158630540268235,0.257315967818176,0.008196653908298575,0.010453045615222636,0.007928713790091146,0.0002425648413880962
59.900000000000006,0.716792072209773,0.25768600714651946,0.00934392679331968,0.009766576473954921,0.006083144005969367,0.00032827337046455646,0.11440657013089643,0.7155438490077004,0.25758107914744244,0.008220206719706347,0.010466868582067338,0.007944638470313414,0.00024335807277008195
60.0,0.7164787708196403,0.2579470800299966,0.009368714087982942,0.009779022023227751,0.006097095116444006,0.0003293179227093769,0.11433960254555556,0.7152250327644417,0.2578457813324984,0.008243781937844865,0.010480686358293273,0.007960565074641275,0.0002441525322805874
60.1,0.71616584564421,0.25820775480945796,0.009393522025935554,0.009791462917267568,0.006111050646531558,0.00033036395659825305,0.11427271874113488,0.7149066047681539,0.2581100749439449,0.008267379521019072,0.010494498963494085,0.007976493583802669,0.00024494821958556494
60.2,0.7158532961780777,0.2584680320333653,0.009418350568311064,0.009803899176317757,0.0061250105725602225,0.0003314114713689365,0.11420591859825772,0.7145885644906723,0.25837396055159423,0.008290999427593313,0.010508306417195485,0.007992423978593868,0.00024574513435100315
60.300000000000004,0.7155411219165265,0.2587279122494316,0.009443199676297845,0.009816330820549718,0.00613897487093558,0.0003324604662598079,0.11413920199773404,0.7142709114045597,0.2586374387244712,0.008314641615991266,0.010522108738855509,0.008008356239879293,0.0002465432762429264
60.400000000000006,0.7152293223555268,0.2589873960046219,0.009468069311139023,0.009828757870063095,0.0061529435181403675,0.000333510940509877,0.11407256882055927,0.7139536449831063,0.2589005100308142,0.008338306044695855,0.010535905947864679,0.008024290348591293,0.00024734264492739627
60.5,0.7149178969917349,0.25924648384515475,0.009492959434132392,0.00984118034488599,0.006166916490734236,0.0003345628933587816,0.11400601894791519,0.7136367647003277,0.25916317503807623,0.008361992672249168,0.010549698063546257,0.00804022628572993,0.0002481432400705113
60.6,0.7146068453224923,0.25950517631650294,0.00951787000663035,0.009853598264975193,0.006180893765353527,0.00033561632404678773,0.11393955226116881,0.7133202700309645,0.25942543431292575,0.008385701457252374,0.010563485105156416,0.008056164032362763,0.00024894506133840705
60.7,0.7142961668458246,0.2597634739633944,0.009542800990039818,0.009866011650216404,0.0061948753187110375,0.0003366712318147885,0.11387316864187258,0.7130041604504794,0.25968728842124844,0.008409432358365642,0.01057726709188447,0.008072103569624654,0.00024974810839725693
60.800000000000004,0.7139858610604409,0.2600213773298134,0.009567752345822163,0.009878420520424456,0.006208861127595789,0.00033772761590430386,0.11380686797176402,0.7126884354350606,0.25994873792814754,0.008433185334308065,0.010591044042853062,0.00808804487871755,0.0002505523809132719
60.900000000000006,0.7136759274657324,0.2602788869590017,0.009592724035493135,0.009890824895343535,0.006222851168872804,0.0003387854755574805,0.11374065013276535,0.7123730944616156,0.2602097833979453,0.008456960343857562,0.010604815977118412,0.008103987940910268,0.00025135787855270185
61.0,0.7133663655617718,0.2605360033934591,0.009617716020622776,0.009903224794647395,0.006236845419482867,0.00033984481001709063,0.11367451500698338,0.7120581370077746,0.2604704253941841,0.008480757345850827,0.01061858291367047,0.008119932737538306,0.00025216460098183454
61.1,0.7130571748493122,0.2607927271749451,0.009642728262835366,0.009915620237939595,0.0062508438564423075,0.00034090561852653215,0.11360846247670933,0.7117435625518855,0.2607306644796274,0.008504576299183218,0.010632344871433165,0.008135879250003608,0.0002529725478669971
61.2,0.7127483548297862,0.26104905884447926,0.009667760723809333,0.0099280112447537,0.0062648464568427625,0.0003419679003298278,0.11354249242441831,0.7114293705730174,0.2609905012162606,0.00852841716280868,0.010646101869264579,0.008151827459774387,0.0002537817188745557
61.300000000000004,0.7124399050053051,0.26130499894234266,0.009692813365277183,0.00994039783455351,0.006278853197850957,0.00034303165467162473,0.1134766047327694,0.7111155605509546,0.26124993616529285,0.008552279895739685,0.010659853925957172,0.008167777348384897,0.00025459211367091593
61.400000000000006,0.7121318248786579,0.26156054800807876,0.00971788614902543,0.009952780026733271,0.006292864056708473,0.000344096880797194,0.11341079928460503,0.7108021319661999,0.2615089698871572,0.008576164457047127,0.010673601060237976,0.008183728897435233,0.0002554037319225233
61.5,0.7118241139533102,0.2618157065804943,0.009742979036894516,0.009965157840617904,0.006306879010731528,0.00034516357795243006,0.11334507596295121,0.7104890842999715,0.2617676029415124,0.008600070805860255,0.01068734329076881,0.008199682088591143,0.00025621657329586366
61.6,0.7115167717334038,0.2620704751976605,0.009768091990778749,0.00997753129546321,0.0063208980373107475,0.00034623174538385074,0.11327943465101685,0.7101764170342023,0.26202583588724343,0.008623998901366585,0.010701080636146458,0.00821563690358379,0.00025703063745746257
61.7,0.7112097977237549,0.26232485439691405,0.009793224972626215,0.009989900410456096,0.006334921113910939,0.000347301382338596,0.11321387523219359,0.7098641296515388,0.2622836692824631,0.008647948702811829,0.010714813114902903,0.00823159332420958,0.0002578459240738873
61.800000000000004,0.7109031914298541,0.2625788447148578,0.009818377944438716,0.01000226520471478,0.006348948218070872,0.00034837248806442785,0.11314839759005578,0.7095522216353403,0.26254110368451244,0.008671920169499798,0.010728540745505506,0.008247551332329944,0.0002586624328117455
61.900000000000006,0.710596952357865,0.2628324466873623,0.009843550868271687,0.010014625697289014,0.006362979327403055,0.00034944506180972985,0.11308300160836011,0.7092406924696786,0.2627981396499628,0.008695913260792344,0.010742263546357208,0.00826351090987113,0.00025948016333768634
62.0,0.7102910800146233,0.26308566084956614,0.009868743706234126,0.010026981907160297,0.006377014419593509,0.0003505191028235065,0.11301768717104528,0.7089295416393361,0.26305477773461555,0.00871992793610926,0.010755981535796735,0.008279472038824025,0.00026029911531840106
62.1,0.7099855739076356,0.26333848773587765,0.009893956420488534,0.01003933385324209,0.0063910534724015535,0.00035159461035538304,0.11295245416223186,0.7086187686298042,0.26331101849350425,0.008743964154928207,0.010769694732098807,0.00829543470124392,0.0002611192884206219
62.2,0.7096804335450794,0.26359092787997535,0.00991918897325082,0.010051681554380023,0.006405096463659575,0.0003526715836556045,0.11288730246622192,0.7083083729272841,0.2635668624808954,0.008768021876784634,0.01078340315347433,0.008311398879250339,0.0002619406823111243
62.300000000000004,0.7093756584358012,0.26384298181480925,0.009944441326790242,0.010064025029352112,0.006419143371272817,0.0003537500219750356,0.11282223196749881,0.7079983540186849,0.26382231025028924,0.008792101061271707,0.010797106818070579,0.00832736455502683,0.000262763296656726
62.400000000000006,0.7090712480893163,0.2640946500726017,0.009969713443429333,0.01007636429686897,0.006433194173219152,0.0003548299245651602,0.11275724255072729,0.7076887113916224,0.26407736235442103,0.008816201668040211,0.010810805743971414,0.008343331710820748,0.00026358713112428723
62.5,0.7087672020158075,0.2643459331848484,0.009995005285543819,0.010088699375574018,0.006447248847548868,0.0003559112906780803,0.11269233410075268,0.707379444534418,0.2643320193452623,0.008840323656798479,0.010824499949197491,0.008359300328943083,0.00026441218538071176
62.6,0.7084635197261239,0.2645968316823195,0.010020316815562562,0.010101030284043699,0.006461307372384449,0.0003569941195665165,0.11262750650260084,0.7070705529360988,0.2645862817740213,0.00886446698731232,0.010838189451706415,0.008375270391768242,0.0002652384590929467
62.7,0.7081602007317808,0.2648473460950605,0.010045647995967473,0.010113357040787682,0.006475369725920357,0.00035807841048380673,0.11256275964147829,0.7067620360863952,0.2648401501911448,0.00888863161940493,0.010851874269392969,0.008391241881733865,0.00026606595192798285
62.800000000000004,0.7078572445449581,0.26509747695239316,0.01007099878929345,0.010125679664249074,0.00648943588642281,0.000359164162683906,0.11249809340277137,0.706453893475742,0.2650936251463185,0.008912817512956814,0.010865554420089326,0.008407214781340622,0.00026689466355285497
62.900000000000006,0.7075546506785,0.26534722478291667,0.010096369158128296,0.01013799817280463,0.006503505832229574,0.00036025137542138594,0.11243350767204653,0.7061461245952739,0.26534670718846864,0.008937024627905708,0.010879229921565179,0.008423189073152,0.0002677245936346424
63.0,0.7072524186459134,0.2655965901145084,0.010121759065112654,0.010150312584764957,0.00651757954174974,0.0003613400479514343,0.11236900233504962,0.7058387289368283,0.2655993968657626,0.008961252924246503,0.01089290079152801,0.008439164739794149,0.0002685557418404688
63.1,0.7069505479613672,0.2658455734743253,0.010147168472939937,0.010162622918374727,0.006531656993463514,0.0003624301795298546,0.11230457727770611,0.7055317059929427,0.2658516947256098,0.008985502362031156,0.010906567047623236,0.008455141763955634,0.00026938810783750305
63.2,0.706649038139692,0.26609417538880437,0.010172597344356245,0.010174929191812876,0.006545738165921999,0.00036352176941306517,0.11224023238612034,0.7052250552568526,0.266103601314664,0.009009772901368627,0.010920228707434426,0.008471120128387293,0.0002702216912929587
63.300000000000004,0.7063478886963783,0.26634239638366397,0.010198045642160305,0.01018723142319282,0.006559823037746981,0.0003646148168580992,0.11217596754657577,0.7049187762224932,0.2663551171788224,0.009034064502424785,0.010933885788483474,0.008487099815901998,0.0002710564918740955
63.400000000000006,0.7060470991475764,0.2665902369839048,0.010223513329203392,0.01019952963056266,0.006573911587630719,0.00036570932112260407,0.11211178264553445,0.7046128683844961,0.26660624286322815,0.009058377125422335,0.010947538308230816,0.00850308080937448,0.0002718925092482182
63.5,0.7057466690100948,0.26683769771381066,0.010249000368389256,0.01021182383190537,0.006588003794335727,0.0003668052814648405,0.11204767756963684,0.7043073312381889,0.26685697891227106,0.009082710730640738,0.010961186284075577,0.00851906309174115,0.00027272974308267827
63.6,0.7054465978013996,0.26708477909694966,0.010274506722674057,0.010224114045139026,0.006602099636694566,0.00036790269714368276,0.11198365220570146,0.7040021642795947,0.2671073258695882,0.009107065278416142,0.01097482973335584,0.008535046645999874,0.00027356819304487297
63.7,0.7051468850396141,0.267331481656175,0.01030003235506629,0.010236400288116992,0.006616199093609631,0.00036900156741861745,0.11191970644072496,0.7036973670054322,0.26735728427806565,0.009131440729141292,0.010988468673348751,0.008551031455209818,0.00027440785880224655
63.800000000000004,0.704847530243517,0.2675778059136262,0.010325577228626712,0.01024868257862813,0.006630302144052942,0.00037010189154974355,0.11185584016188167,0.7033929389131119,0.2676068546798388,0.009155837043265447,0.011002103121270753,0.008567017502491225,0.0002752487400222899
63.900000000000006,0.7045485329325419,0.2678237523907297,0.010351141306468272,0.010260960934397,0.006644408767065929,0.0003712036687977716,0.11179205325652317,0.7030888795007364,0.26785603761629373,0.009180254181294319,0.011015733094277782,0.008583004771025237,0.00027609083637254104
64.0,0.7042498926267768,0.26806932160820035,0.01037672455175604,0.010273235373084066,0.006658518941759227,0.00037230689842402326,0.11172834561217845,0.7027851882671017,0.26810483362806864,0.00920469210378999,0.011029358609465429,0.00859899324405371,0.0002769341475205858
64.10000000000001,0.7039516088469628,0.26831451408604184,0.010402326927707142,0.010285505912285896,0.006672632647312466,0.00037341157969043127,0.11166471711655329,0.7024818647116926,0.26835324325505405,0.009229150771370815,0.011042979683869164,0.008614982904879026,0.00027777867313405735
64.2,0.7036536811144929,0.268559330343548,0.010427948397590668,0.010297772569535358,0.00668674986297406,0.000374517711859538,0.11160116765753049,0.7021789083346851,0.26860126703639453,0.009253630144711374,0.011056596334464472,0.008630973736863891,0.000278624412880637
64.3,0.7033561089514119,0.2688037708993038,0.010453588924727628,0.010310035362301824,0.006700870568061,0.0003756252941944958,0.11153769712316913,0.7018763186369419,0.2688489055104897,0.009278130184542372,0.011070208578167076,0.008646965723431137,0.0002794713664280544
64.4,0.7030588918804147,0.269047836271186,0.010479248472490868,0.010322294307991373,0.0067149947419586535,0.00037673432595906637,0.11147430540170448,0.7015740951200142,0.26909615921499414,0.009302650851650569,0.01108381643183314,0.008662958848063574,0.00028031953344408747
64.5,0.7027620294248461,0.26929152697636444,0.010504927004304991,0.010334549423946984,0.006729122364120546,0.00037784480641761986,0.111410992381548,0.7012722372861409,0.2693430286868204,0.009327192106878709,0.011097419912259406,0.008678953094303768,0.00028116891359656346
64.60000000000001,0.7024655211086993,0.26953484353130297,0.01053062448364631,0.010346800727448736,0.0067432534140681654,0.0003789567348351349,0.11134775795128701,0.7009707446382457,0.26958951446213847,0.00935175391112542,0.011111019036183422,0.008694948445753862,0.00028201950655335807
64.7,0.7021693664566158,0.2697777864517601,0.010556340874042744,0.010359048235714008,0.006757387871390748,0.00038007011047719763,0.11128460199968405,0.700669616679936,0.2698356170763771,0.009376336225345172,0.011124613820283695,0.008710944886075399,0.0002828713119823967
64.8,0.7018735649938836,0.27002035625279036,0.010582076139073781,0.010371291965897674,0.006771525715745082,0.0003811849326100014,0.11122152441567736,0.700368852915506,0.27008133706422527,0.009400939010548167,0.011138204281179911,0.00872694239898912,0.0002837243295516547
64.9,0.701578116246437,0.2702625534487452,0.010607830242370393,0.010383531935092302,0.0067856669268553,0.0003823012005003468,0.11115852508837991,0.7000684528499299,0.2703266749596329,0.009425562227800275,0.011151790435433078,0.008742940968274797,0.00028457855892915644
65.0,0.7012830197408553,0.2705043785532736,0.010633603147614952,0.010395768160328342,0.006799811484512668,0.00038341891341563974,0.1110956039070798,0.6997684159888656,0.2705716312958119,0.009450205838222968,0.01116537229954574,0.008758940577771034,0.00028543399978297714
65.10000000000001,0.7009882750043622,0.27074583207932335,0.010659394818541185,0.010408000658574338,0.006813959368575397,0.0003845380706238927,0.11103276076123952,0.6994687418386509,0.27081620660523714,0.00947486980299322,0.01117894988996214,0.008774941211375089,0.00028629065178124245
65.2,0.700693881564825,0.27098691453914203,0.010685205218934086,0.010420229446737104,0.006828110558968427,0.00038565867139372294,0.11096999554049597,0.6991694299063057,0.2710604014196477,0.009499554083343445,0.01119252322306844,0.008790942853042695,0.0002871485145921282
65.3,0.7003998389507533,0.2712276264442777,0.010711034312629856,0.010432454541661928,0.0068422650356832326,0.0003867807149943526,0.11090730813466028,0.6988704796995265,0.2713042162700475,0.00952425864056143,0.011206092315192836,0.008806945486787867,0.00028800758788386177
65.4,0.7001061466912982,0.2714679683055803,0.010736882063515831,0.01044467596013277,0.006856422778777623,0.0003879042006956084,0.11084469843371744,0.69857189072669,0.2715476516867066,0.009548983435990222,0.011219657182605786,0.00882294909668272,0.0002888678713247212
65.5,0.6998128043162521,0.27170794063320197,0.010762748435530402,0.010456893718872448,0.006870583768375533,0.0003890291277679203,0.1107821663278261,0.6982736624968487,0.2717907081991624,0.009573728431028095,0.011233217841520208,0.0088389536668573,0.00028972936458303636
65.60000000000001,0.6995198113560469,0.2719475439365986,0.010788633392662965,0.010469107834542829,0.006884747984666832,0.000390155495482322,0.11071971170731831,0.6979757945197331,0.27203338633622,0.009598493587128446,0.011246774308091604,0.008854959181499387,0.00029059206732718864
65.7,0.6992271673417537,0.2721867787245304,0.010814536898953828,0.010481318323745024,0.006898915407907117,0.00039128330311044953,0.11065733446269932,0.6976782863057478,0.2722756866259541,0.009623278865799736,0.011260326598418278,0.008870965624854333,0.00029145597922561155
65.8,0.6989348718050816,0.2724256455050631,0.010840458918494158,0.010493525203019584,0.0069130860184175216,0.0003924125499245415,0.11059503448464747,0.6973811373659726,0.27251760959570903,0.00964808422860539,0.011273874728541513,0.008886972981224853,0.0002923210999467909
65.9,0.6986429242783773,0.2726641447855688,0.010866399415425916,0.010505728488846686,0.006927259796584513,0.0003935432351974384,0.1105328116640136,0.6970843472121601,0.27275915577210047,0.00967290963716374,0.011287418714445729,0.00890298123497087,0.00029318742915926464
66.0,0.6983513242946237,0.27290227707272663,0.010892358353941764,0.01051792819764632,0.006941436722859689,0.00039467535820258157,0.11047066589182135,0.696787915356736,0.2730003256810164,0.009697755053147957,0.011300958572058688,0.00891899037050933,0.00029405496653162397
66.10000000000001,0.6980600713874391,0.2731400428725244,0.010918335698285021,0.010530124345778491,0.006955616777759596,0.00039580891821401376,0.11040859705926648,0.6964918413127983,0.2732411198476176,0.009722620438285944,0.011314494317251645,0.008935000372314015,0.0002949237117325126
66.2,0.697769165091077,0.2733774426902588,0.010944331412749576,0.010542316949543388,0.006969799941865513,0.0003969439145063774,0.11034660505771672,0.696196124594115,0.27348153879633946,0.009747505754360293,0.011328025965839556,0.008951011224915385,0.00029579366443062795
66.3,0.6974786049404244,0.2736144770305367,0.010970345461679827,0.010554506025181591,0.006983986195823272,0.00039808034635491506,0.11028468977871174,0.6959007647151236,0.27372158305089217,0.009772410963208194,0.011341553533581199,0.008967022912900366,0.00029666482429472057
66.4,0.6971883904710011,0.2738511463972762,0.010996377809470622,0.010566691588874256,0.006998175520343056,0.00039921821303546884,0.11022285111396282,0.6956057611909316,0.27396125313426206,0.009797336026721342,0.011355077036179422,0.008983035420912203,0.0002975371909935952
66.5,0.6968985212189595,0.2740874512937072,0.011022428420567162,0.010578873656743289,0.007012367896199198,0.00040035751382447884,0.1101610889553525,0.6953111135373137,0.274200549568713,0.009822280906845905,0.01136859648928127,0.008999048733650277,0.0002984107641961097
66.60000000000001,0.6966089967210826,0.2743233922223727,0.011048497259464964,0.010591052244851552,0.007026563304230001,0.0004014982479989845,0.11009940319493437,0.695016821270712,0.2744394728757863,0.009847245565582417,0.011382111908478166,0.009015062835869921,0.00029928554357117743
66.7,0.6963198165147844,0.27455896968512944,0.011074584290709765,0.010603227369203034,0.00704076172533753,0.00040264041483662215,0.11003779372493325,0.6947228839082346,0.2746780235763034,0.009872229964985707,0.011395623309306095,0.009031077712382249,0.00030016152878776527
66.8,0.6960309801381079,0.2747941841831492,0.011100689478897478,0.010615399045743048,0.007054963140487428,0.00040378401361562606,0.10997626043774421,0.6944293009676556,0.27491620219036506,0.009897234067164824,0.011409130707245795,0.009047093348053979,0.00030103871951489547
66.9,0.6957424871297251,0.2750290362169195,0.01112681278867411,0.01062756729035841,0.007069167530708725,0.00040492904361482746,0.10991480322593303,0.6941360719674114,0.27515400923735367,0.009922257834282959,0.011422634117722865,0.009063109727807266,0.0003019171154216444
67.0,0.6954543370289358,0.2752635262862443,0.011152954184735681,0.010639732118877619,0.007083374877093628,0.00040607550411365305,0.10985342198223576,0.693843196426605,0.27539144523593323,0.009947301228557394,0.011436133556108017,0.009079126836619515,0.0003027967161771451
67.10000000000001,0.6951665293756665,0.2754976548902455,0.01117911363182819,0.010651893547071054,0.0070975851607973555,0.00040722339439212623,0.1097921165995581,0.6935506738649977,0.2756285107040516,0.009972364212259385,0.011449629037717192,0.009095144659523218,0.00030367752145058434
67.2,0.6948790637104698,0.27573142252736343,0.011205291094747508,0.010664051590651149,0.007111798363037928,0.0004083727137308651,0.10973088697097595,0.6932585038030169,0.2758652061589403,0.00999744674771415,0.011463120577811778,0.009111163181605783,0.00030455953091120593
67.3,0.6945919395745238,0.2759648296953579,0.011231486538339342,0.010676206265272575,0.007126014465095985,0.0004095234614110832,0.10966973298973455,0.6929666857617472,0.27610153211711586,0.010022548797300697,0.01147660819159873,0.009127182388009344,0.0003054427442283096
67.4,0.6943051565096308,0.2761978768913092,0.011257699927499155,0.01068835758653243,0.007140233448314596,0.0004106756367145881,0.10960865454924819,0.6926752192629342,0.2763374890943813,0.010047670323451859,0.011490091894230772,0.00914320226393062,0.00030632716107125026
67.5,0.6940187140582166,0.2764305646116188,0.011283931227172079,0.010700505569970407,0.007154455294099061,0.00041182923892378094,0.10954765154310073,0.6923841038289827,0.2765730776058264,0.010072811288654155,0.011503571700806575,0.009159222794620704,0.00030721278110944
67.60000000000001,0.6937326117633297,0.2766628933520107,0.011310180402352881,0.010712650231068996,0.0071686799839167405,0.0004129842673216567,0.10948672386504454,0.692093338982955,0.2768082981658292,0.01009797165544771,0.011517047626370897,0.009175243965384928,0.00030809960401234767
67.7,0.6934468491686405,0.27689486360753196,0.011336447418085873,0.010724791585253645,0.007182907499296849,0.0004141407211918029,0.10942587140900087,0.6918029242485704,0.2770431512880567,0.010123151386426213,0.011530519685914767,0.009191265761582667,0.00030898762944949837
67.8,0.6931614258184404,0.27712647587255373,0.01136273223946485,0.010736929647892954,0.007197137821830279,0.0004152985998183995,0.10936509406905924,0.691512859150204,0.27727763748546574,0.010148350444236844,0.011543987894375673,0.00920728816862719,0.0003098768570904753
67.9,0.6928763412576407,0.2773577306407724,0.011389034831633026,0.010749064434298848,0.007211370933169411,0.0004164579024862186,0.10930439173947723,0.6912231432128872,0.2775117572703046,0.010173568791580162,0.011557452266637683,0.009223311171985472,0.00031076728660491806
68.0,0.6925915950317724,0.27758862840521004,0.011415355159782956,0.010761195959726754,0.007225606815027917,0.00041761862848062293,0.10924376431468072,0.6909337759623042,0.2777455111541134,0.01019880639121007,0.01157091281753167,0.009239334757178046,0.0003116589176625245
68.10000000000001,0.6923071866869844,0.27781916965821585,0.011441693189156485,0.01077332423937579,0.007239845449180597,0.000418780777087567,0.10918321168926319,0.690644756924794,0.277978899647725,0.010224063205933722,0.01158436956183544,0.009255358909778803,0.0003125517499330502
68.2,0.6920231157700437,0.27804935489146665,0.011468048885044659,0.010785449288388932,0.007254086817463168,0.00041994434759359475,0.10912273375798552,0.6903560856273468,0.2782119232612665,0.01024933919861145,0.011597822514273886,0.009271383615414863,0.0003134457830863084
68.3,0.6917393818283338,0.2782791845959681,0.01149442221278768,0.010797571121853197,0.0072683309017721,0.00042110933928584066,0.10906233041577608,0.6900677615976057,0.27844458250415977,0.010274634332156694,0.011611271689519217,0.009287408859766368,0.00031434101679217154
68.4,0.6914559844098541,0.2785086592620556,0.011520813137774831,0.010809689754799824,0.007282577684064419,0.0004222757514520286,0.10900200155773018,0.6897797843638633,0.27867687788512263,0.010299948569535936,0.01162471710219105,0.009303434628566351,0.00031523745072056916
68.5,0.6911729230632191,0.27873777937939487,0.011547221625444392,0.01082180520220444,0.007296827146357526,0.00042344358338047063,0.10894174707911003,0.6894921534550628,0.2789088099121698,0.010325281873768615,0.011638158766856635,0.009319460907600548,0.0003161350845414911
68.60000000000001,0.6908901973376576,0.2789665454369832,0.011573647641283605,0.010833917478987246,0.007311079270729019,0.000424612834360068,0.10888156687534471,0.6892048684007956,0.27914037909261386,0.010350634207927048,0.011651596698030953,0.009335487682707241,0.00031703391792498503
68.7,0.6906078067830117,0.2791949579231503,0.01160009115082858,0.010846026600013188,0.0073253340393165025,0.0004257835036803093,0.10882146084202926,0.6889179287313023,0.279371585933066,0.010376005535136392,0.011665030910176968,0.009351514939777074,0.0003179339505411583
68.8,0.6903257509497364,0.2794230173255592,0.01162655211966424,0.010858132580092134,0.0073395914343174105,0.0004269555906312707,0.10876142887492542,0.6886313339774689,0.27960243093943754,0.01040139581857451,0.011678461417705713,0.009367542664752933,0.000318835182060178
68.9,0.6900440293888978,0.279650724131207,0.011653030513424256,0.010870235433979044,0.007353851437988824,0.0004281290945036153,0.10870147086996047,0.688345083670829,0.27983291461694015,0.01042680502147196,0.011691888234976492,0.009383570843629714,0.00031973761215227034
69.0,0.6897626416521734,0.27987807882642607,0.011679526297790973,0.010882335176374153,0.007368114032647287,0.0004293040145885924,0.10864158672322782,0.6880591773435613,0.28006303747008776,0.01045223310711188,0.01170531137629704,0.009399599462454231,0.00032064124048772135
69.10000000000001,0.6894815872918505,0.28010508189688477,0.011706039438495354,0.010894431821923133,0.007382379200668632,0.00043048035017803746,0.10858177633098619,0.6877736145284878,0.28029280000269635,0.010477680038829942,0.011718730855923648,0.009415628507324993,0.00032154606673687745
69.2,0.6892008658608259,0.28033173382758825,0.011732569901316891,0.010906525385217275,0.00739664692448779,0.00043165810056437076,0.10852203958965974,0.687488394759076,0.2805222027178861,0.01050314578001428,0.0117321466880614,0.00943165796439209,0.00032245209057014544
69.3,0.6889204769126044,0.28055803510287963,0.011759117652083572,0.010918615880793658,0.007410917186598622,0.0004328372650405982,0.10846237639583774,0.687203517569434,0.28075124611808133,0.010528630294105355,0.01174555888686426,0.009447687819856991,0.00032335931165799266
69.4,0.6886404200012987,0.2807839862064407,0.011785682656671799,0.010930703323135322,0.007425189969553739,0.00043401784290030985,0.10840278664627429,0.6869189824943127,0.2809799307050123,0.010554133544595994,0.011758967466435268,0.009463718059972401,0.00032426772967094676
69.5,0.6883606946816279,0.2810095876212929,0.011812264881006302,0.010942787726671436,0.007439465255964309,0.0004351998334376793,0.10834327023788813,0.6866347890691046,0.2812082569797157,0.010579655495031218,0.011772372440826696,0.0094797486710421,0.00032517734427959697
69.60000000000001,0.6880813005089174,0.28123483982979824,0.01183886429106011,0.010954869105777474,0.007453743028499897,0.0004363832359474641,0.10828382706776268,0.6863509368298407,0.2814362254425355,0.010605196109008225,0.011785773824040214,0.009495779639420767,0.0003260881551545931
69.7,0.6878022370390974,0.2814597433136601,0.01186548085285445,0.010966947474775382,0.007468023269888277,0.00043756804972500395,0.10822445703314541,0.686067425313192,0.28166383659312444,0.010630755350176288,0.011799171630027028,0.009511810951513844,0.00032700016196664694
69.8,0.6875235038287024,0.2816842985539243,0.011892114532458713,0.010979022847933749,0.007482305962915263,0.00043875427406622183,0.10816516003144777,0.6857842540564669,0.28189109093044434,0.010656333182236704,0.01181256587268805,0.009527842593777376,0.00032791336438653125
69.9,0.6872451004348704,0.2819085060309798,0.011918765295990369,0.01099109523946798,0.007496591090424525,0.0004399419082676223,0.1081059359602453,0.6855014225976125,0.28211798895276763,0.010681929568942719,0.011825956565874087,0.00954387455271779,0.00032882776208508147
70.0,0.6869670264153419,0.2821323662245597,0.01194543310961489,0.01100316466354045,0.007510878635317411,0.00044113095162629065,0.1080467847172768,0.6852189304752113,0.28234453115767794,0.01070754447409944,0.011839343723385937,0.009559906814891847,0.00032974335473319433
70.10000000000001,0.6866892813284593,0.2823558796137423,0.011972117939545725,0.011015231134260697,0.007525168580552787,0.00044232140343989425,0.10798770620044469,0.6849367772284819,0.2825707180420711,0.010733177861563782,0.01185272735897459,0.009575939366906368,0.000330660142001829
70.2,0.686411864733166,0.28257904667695144,0.011998819752044185,0.011027294665685564,0.007539460909146841,0.0004435132630066798,0.10792870030781443,0.6846549623972777,0.2827965501021565,0.010758829695244379,0.011866107486341402,0.009591972195418162,0.0003315781235620072
70.3,0.6861347761890053,0.2828018678919581,0.012025538513419413,0.01103935527181939,0.007553755604172927,0.0004447065296254746,0.10786976693761446,0.6843734855220848,0.28302202783345703,0.010784499939101536,0.011879484119138178,0.009608005287133821,0.00033249729908481357
70.4,0.6858580152561201,0.283024343735881,0.012052274190028314,0.011051412966614162,0.007568052648761383,0.0004459012025956854,0.10781090598823616,0.6840923461440233,0.28324715173081116,0.010810188557147136,0.01189285727096741,0.009624038628809568,0.0003334176682413951
70.5,0.6855815814952517,0.2832464746851872,0.012079026748275467,0.011063467763969678,0.007582352026099354,0.0004470972812172973,0.10775211735823302,0.6838115438048455,0.2834719222883734,0.010835895513444575,0.01190622695538237,0.009640072207251127,0.0003343392307029622
70.60000000000001,0.6853054744677389,0.28346826121569346,0.012105796154613092,0.011075519677733731,0.007596653719430631,0.00044829476479087447,0.10769340094632125,0.6835310780469344,0.28369633999961524,0.010861620772108695,0.011919593185887327,0.00965610600931354,0.0003352619861407886
70.7,0.6850296937355178,0.2836897038025667,0.012132582375540947,0.011087568721702249,0.007610957712055459,0.00044949365261755817,0.10763475665137892,0.6832509484133037,0.2839204053573259,0.010887364297305689,0.011932955975937633,0.009672140021901022,0.00033618593422621133
70.8,0.6847542388611202,0.2839108029203253,0.012159385377606307,0.01109961490961949,0.0076252639873303895,0.00045069394399906794,0.10757618437244608,0.6829711544475959,0.2841441188536137,0.010913126053253093,0.011946315338939922,0.009688174231966799,0.0003371110746306313
70.9,0.6844791094076732,0.2841315590428397,0.01218620512740387,0.011111658255178182,0.007639572528668093,0.0004518956382377,0.1075176840087244,0.6826916956940828,0.28436748097990655,0.010938906004219632,0.011959671288252273,0.009704208626512957,0.000338037407025513
71.0,0.6842043049388985,0.2843519726433334,0.012213041591575689,0.011123698772019694,0.007653883319537189,0.0004530987346363266,0.10745925545957714,0.6824125716976643,0.2845904922269534,0.010964704114525213,0.0119730238371843,0.009720243192590291,0.00033896493108238554
71.10000000000001,0.6839298250191111,0.2845720441943838,0.012239894736811134,0.011135736473734208,0.0076681963434620855,0.0004543032324983966,0.10740089862452863,0.6821337820038661,0.28481315308482485,0.010990520348540814,0.011986372998997392,0.009736277917298143,0.000339893646472842
71.2,0.6836556692132194,0.28479177416792306,0.012266764529846793,0.011147771373860863,0.007682511584022794,0.00045550913112793343,0.10734261340326437,0.6818553261588398,0.285035464042914,0.011016354670688447,0.011999718786904786,0.009752312787784271,0.00034082355286854026
71.3,0.6833818370867232,0.285011163035239,0.01229365093746644,0.01115980348588794,0.007696829024854777,0.0004567164298295362,0.10728439969563061,0.6815772037093638,0.2852574255899375,0.011042207045441059,0.012013061214071776,0.009768347791244655,0.0003417546499412022
71.4,0.6831083282057137,0.28523021126697606,0.012320553926500949,0.011171832823253012,0.007711148649648769,0.0004579251279083782,0.10722625740163422,0.6812994142028387,0.2854790382139367,0.011068077437322478,0.012026400293615834,0.00978438291492338,0.00034268693736261535
71.5,0.6828351421368726,0.28544891933313604,0.012347473463828232,0.0111838593993431,0.007725470442150606,0.00045913522467020643,0.10716818642144252,0.6810219571872902,0.28570030240227845,0.011093965810907333,0.01203973603860677,0.009800418146112468,0.0003436204148046324
71.60000000000001,0.6825622784474711,0.28566728770307914,0.01237440951637319,0.011195883227494846,0.007739794386161068,0.0004603467194213418,0.10711018665538305,0.6807448322113657,0.2859212186416556,0.011119872130820985,0.012053068462066876,0.009816453472151735,0.00034455508193917075
71.7,0.6822897367053694,0.2858853168455247,0.012401362051107626,0.011207904320994666,0.007754120465535701,0.0004615596114686777,0.10705225800394322,0.680468038824334,0.28614178741808866,0.011145796361739476,0.012066397576971099,0.009832488880428628,0.00034549093843821364
71.8,0.6820175164790152,0.2861030072285521,0.012428331035050201,0.011219922693078912,0.007768448664184657,0.00046277390011968016,0.10699440036777019,0.6801915765760856,0.28636200921692617,0.011171738468389422,0.012079723396247148,0.009848524358378083,0.00034642798397380994
71.9,0.6817456173374438,0.28632035931960165,0.012455316435266364,0.011231938356934036,0.007782778966072527,0.00046398958468238746,0.10693661364767086,0.6799154450171299,0.28658188452284583,0.011197698415547972,0.012093045932775682,0.009864559893482384,0.00034736621821807414
72.0,0.6814740388502767,0.2865373735854755,0.012482318218868268,0.011243951325696737,0.00779711135521817,0.0004652066644654086,0.10687889774461137,0.6796396436985971,0.2868014138198557,0.011223676168042736,0.012106365199390456,0.009880595473270963,0.00034830564084318747
72.10000000000001,0.681202780587721,0.28675405049233843,0.01250933635301475,0.011255961612454136,0.007811445815694556,0.0004664251387779244,0.1068212525597169,0.6793641721722335,0.2870205975912946,0.011249671690751703,0.012119681208878436,0.009896631085320351,0.0003492462515213971
72.2,0.6809318421205687,0.28697039050571876,0.012536370804911219,0.011267969230243917,0.007825782331628589,0.00046764500692968527,0.10676367799427172,0.6790890299904043,0.28723943631983345,0.011275684948603178,0.01213299397397998,0.009912666717253915,0.0003501880499250168
72.3,0.6806612230201954,0.28718639409050933,0.012563421541809627,0.011279974192054499,0.007840120887200958,0.00046886626823101224,0.1067061739497187,0.6788142167060914,0.28745793048747564,0.011301715906575704,0.012146303507388989,0.00992870235674179,0.00035113103572642586
72.4,0.6803909228585604,0.28740206171096816,0.01259048853100839,0.011291976510825186,0.007854461466645962,0.00047008892199279555,0.10664874032765935,0.6785397318728912,0.28767608057555893,0.011327764529698015,0.01215960982175301,0.009944737991500679,0.0003520752085980722
72.5,0.680120941208205,0.2876173938307194,0.012617571739852321,0.011303976199446324,0.007868804054251345,0.0004713129675264942,0.10659137702985329,0.6782655750450158,0.2878938870647554,0.011353830783048935,0.012172912929673436,0.009960773609293752,0.0003530205682124698
72.60000000000001,0.6798512776422522,0.2878323909127543,0.012644671135732588,0.01131597327075946,0.007883148634358147,0.00047253840414413623,0.1065340839582182,0.6779917457772914,0.28811135043507297,0.011379914631757353,0.012186212843705614,0.009976809197930469,0.0003539671142421999
72.7,0.679581931734406,0.28804705341943193,0.012671786686086612,0.01132796773755749,0.00789749519136052,0.0004737652311583168,0.10647686101482996,0.6777182436251566,0.2883284711658557,0.011406016041002075,0.01219950957635902,0.009992844745266427,0.00035491484635991137
72.8,0.6793129030589501,0.28826138181248007,0.012698918358398053,0.011339959612584832,0.007911843709705593,0.0004749934478821994,0.1064197081019218,0.6774450681446632,0.28854524973578577,0.011432134976011853,0.012212803140097372,0.01000888023920324,0.0003558637642383202
72.9,0.6790441911907474,0.28847537655299627,0.012726066120196711,0.01135194890853756,0.007926194173893284,0.00047622305362951425,0.10636262512188441,0.6771722188924743,0.28876168662288304,0.011458271402065259,0.012226093547338807,0.010024915667688376,0.00035681386755021086
73.0,0.6787757957052397,0.28868903810144825,0.012753229939058463,0.011363935638063568,0.007940546568476155,0.0004774540477145573,0.10630561197726585,0.6768996954258628,0.28897778230450716,0.0114844252844906,0.012239380810455993,0.010040951018715018,0.00035776515596843523
73.10000000000001,0.678507716178446,0.2889023669176753,0.012780409782605225,0.011375919813762726,0.007954900878059244,0.0004786864294521915,0.10624866857077117,0.6766274973027122,0.28919353725735786,0.011510596588665913,0.012252664941776311,0.010056986280321915,0.00035871762916591364
73.2,0.6782399521869622,0.2891153634608888,0.012807605618504863,0.01138790144818703,0.007969257087299913,0.0004799201981578446,0.10619179480526204,0.6763556240815146,0.28940895195747574,0.011536785280018827,0.01226594595358196,0.010073021440593227,0.00035967128681563466
73.3,0.6779725033079603,0.2893280281896732,0.012834817414471154,0.011399880553840757,0.007983615180907679,0.00048115535314750986,0.10613499058375715,0.6760840753213705,0.2896240268802437,0.01156299132402653,0.012279223858110137,0.01008905648765841,0.0003606261285906552
73.4,0.6777053691191878,0.28954036156198676,0.012862045138263703,0.01141185714318062,0.007997975143644063,0.00048239189373774476,0.10607825580943123,0.6758128505819876,0.2898387625003876,0.011589214686215715,0.01229249866755313,0.010105091409692048,0.0003615821541641009
73.5,0.6774385491989663,0.28975236403516247,0.012889288757687883,0.011423831228615905,0.00801233696032242,0.0004836298192456704,0.10602159038561526,0.6755419494236792,0.2900531592919767,0.011615455332162475,0.012305770394058514,0.010121126194913703,0.0003625393632091668
73.60000000000001,0.6771720431261914,0.28996403606590915,0.012916548240594789,0.011435802822508645,0.008026700615807798,0.00048486912898897203,0.10596499421579621,0.6752713714073656,0.2902672177284258,0.011641713227492249,0.01231903904972927,0.010137160831587807,0.00036349775539911637
73.7,0.6769058504803315,0.29017537811031174,0.012943823554881152,0.011447771937173756,0.008041066095016761,0.0004861098222858974,0.10590846720361691,0.6750011160945715,0.29048093828249444,0.011667988337879765,0.012332304646623929,0.010153195308023485,0.00036445733040728204
73.8,0.676639970841427,0.2903863906238327,0.012971114668489298,0.011459738584879194,0.008055433382917247,0.00048735189845525693,0.10585200925287541,0.6747311830474234,0.29069432142628926,0.011694280629048965,0.012345567196756677,0.010169229612574417,0.00036541808790706667
73.9,0.67637440379009,0.29059707406131263,0.01299842154940708,0.011471702777846106,0.008069802464528406,0.0004885953568164235,0.10579562026752559,0.6744615718286547,0.29090736763126457,0.011720590066772918,0.012358826712097563,0.01018526373363873,0.0003663800275719417
74.0,0.676109148907503,0.2908074288769711,0.013025744165667798,0.01148366452824897,0.008084173324920436,0.0004898401966893306,0.10573930015167593,0.6741922820015971,0.29112007736822254,0.011746916616873793,0.012372083204572597,0.010201297659658819,0.00036734314907544926
74.10000000000001,0.6758442057754183,0.29101745552440744,0.013053082485350163,0.011495623848215756,0.008098545949214442,0.0004910864173944733,0.10568304880959013,0.6739233131301866,0.2913324511073146,0.011773260245222752,0.012385336686063881,0.010217331379121208,0.00036830745209120015
74.2,0.6755795739761573,0.29122715445660174,0.013080436476578213,0.011507580749828068,0.008112920322582264,0.0004923340182529069,0.10562686614568645,0.6736546647789585,0.2915444893180424,0.011799620917739896,0.012398587168409787,0.010233364880556439,0.0003692729362928766
74.3,0.6753152530926096,0.2914365261259157,0.01310780610752127,0.011519535245121296,0.008127296430246334,0.0004935829985862468,0.10557075206453763,0.6733863365130484,0.29175619246925955,0.011825998600394209,0.012411834663405064,0.010249398152538905,0.00037023960135423037
74.4,0.6750512427082324,0.2916455709840933,0.01313519134639387,0.01153148734608477,0.008141674257479525,0.0004948333577166684,0.10551470647087074,0.6731183278981895,0.29196756102917004,0.011852393259203469,0.012425079182800971,0.010265431183686719,0.0003712074469490836
74.5,0.6747875424070492,0.2918542894822619,0.013162592161455686,0.011543437064661889,0.008156053789604977,0.0004960850949669052,0.10545872926956677,0.6728506385007155,0.2921785954653318,0.011878804860234198,0.012438320738305456,0.010281463962661577,0.0003721764727513296
74.60000000000001,0.6745241517736498,0.29206268207093267,0.0131900085210115,0.011555384412750287,0.008170435011995962,0.00049733820966025,0.10540282036566065,0.6725832678875548,0.2923892962446565,0.011905233369601578,0.012451559341583235,0.010297496478168614,0.0003731466784349318
74.7,0.6742610703931892,0.2922707492000019,0.013217440393411104,0.01156732940220197,0.008184817910075727,0.0004985927011205532,0.10534697966434083,0.6723162156262344,0.29259966383340996,0.011931678753469406,0.012464795004255996,0.010313528718956282,0.000374118063673925
74.8,0.6739982978513867,0.29247849131875153,0.013244887747049272,0.011579272044823466,0.008199202469317336,0.0004998485686722229,0.10529120707094912,0.6720494812848753,0.29280969869721346,0.011958140978050003,0.012478027737902474,0.010329560673816176,0.0003750906281424151
74.9,0.6737358337345248,0.2926859088758502,0.013272350550365675,0.011591212352375969,0.008213588675243522,0.0005011058116402244,0.10523550249098057,0.6717830644321944,0.2930194013010452,0.01198462000960417,0.012491257554058634,0.010345592331582946,0.00037606437151457926
75.0,0.6734736776294497,0.29289300231935383,0.013299828771844826,0.011603150336575484,0.008227976513426528,0.000502364429350079,0.1051798658300832,0.6715169646375017,0.2932287721092405,0.012011115814441094,0.012504484464217763,0.010361623681134122,0.00037703929346466605
75.10000000000001,0.6732118291235689,0.2930997720967067,0.013327322380016028,0.011615086009092977,0.008242365969487976,0.0005036244211278647,0.10512429699405763,0.6712511814707011,0.2934378115854927,0.012037628358918298,0.012517708479830667,0.010377654711389982,0.0003780153936669956
75.2,0.6729502878048517,0.29330621865474205,0.013354831343453291,0.011627019381554509,0.008256757029098682,0.0005048857863002142,0.10506879588885709,0.6709857145022887,0.29364652019285453,0.012064157609441593,0.012530929612305725,0.010393685411313436,0.00037899267179595993
75.3,0.6726890532618276,0.2935123424396832,0.013382355630775302,0.011638950465541392,0.008271149677978542,0.0005061485241943163,0.10501336242058706,0.6707205633033516,0.2938548983937385,0.01209070353246496,0.012544147873009106,0.010409715769909872,0.0003799711275260229
75.4,0.6724281250835862,0.29371814389714423,0.01340989521064534,0.011650879272590328,0.008285543901896356,0.0005074126341379138,0.10495799649550504,0.6704557274455679,0.2940629466499178,0.012117266094490525,0.012557363273264845,0.010425745776227029,0.0003809507605317205
75.5,0.6721675028597759,0.2939236234721307,0.013437450051771212,0.011662805814193542,0.008299939686669686,0.0005086781154593032,0.10490269802002054,0.6701912065012062,0.29427066542252767,0.012143845262068485,0.012570575824354994,0.010441775419354846,0.00038193157048766157
75.60000000000001,0.6719071861806034,0.2941287816090407,0.01346502012290522,0.011674730101798947,0.008314337018164714,0.0005099449674873353,0.10484746690069449,0.6699270000431234,0.29447805517206593,0.012170441001797039,0.012583785537519768,0.010457804688425361,0.0003829135570685262
75.7,0.671647174636833,0.29433361875166547,0.013492605392844064,0.011686652146810264,0.00832873588229608,0.0005112131895514132,0.1047923030442393,0.6696631076447649,0.2946851163583935,0.01219705328032231,0.012596992423957674,0.010473833572612544,0.0003838967199490683
75.8,0.6713874678197856,0.29453813534319034,0.013520205830428816,0.011698571960587179,0.00834313626502675,0.0005124827809814933,0.10473720635751847,0.6693995288801636,0.29489184944073626,0.01222368206433828,0.012610196494825641,0.010489862061132173,0.0003848810588041139
75.9,0.6711280653213383,0.2947423318261957,0.013547821404544838,0.011710489554445478,0.008357538152367852,0.0005137537411080838,0.10468217674754648,0.6691362633239388,0.29509825487768526,0.012250327320586757,0.012623397761239117,0.010505890143241712,0.0003858665733085617
76.0,0.6708689667339232,0.2949462086426574,0.013575452084121715,0.011722404939657186,0.008371941530378534,0.0005150260692622441,0.10462721412148855,0.6688733105512961,0.29530433312719684,0.012276989015857267,0.012636596234272265,0.01052191780824015,0.0003868532631373843
76.10000000000001,0.6706101716505267,0.29514976623394823,0.013603097838133224,0.011734318127450717,0.008386346385165827,0.0005162997647755854,0.10457231838666042,0.6686106701380261,0.29551008464659556,0.01230366711698701,0.012649791924958067,0.010537945045467926,0.0003878411279656271
76.2,0.6703516796646893,0.29535300504083795,0.013630758635597238,0.011746229129011002,0.008400752702884479,0.0005175748269802687,0.1045174894505279,0.6683483416605026,0.29571550989257306,0.012330361590860778,0.012662984844288433,0.010553971844306717,0.0003888301674684085
76.3,0.6700934903705044,0.29555592550349474,0.013658434445575691,0.01175813795547964,0.008415160469736825,0.0005188512552090056,0.10446272722070696,0.6680863246956846,0.29592060932118985,0.01235707240441091,0.012676175003214359,0.010569998194179371,0.0003898203813209211
76.4,0.6698356033626172,0.29575852806148584,0.013686125237174523,0.01177004461795503,0.008429569671972642,0.0005201290487950574,0.10440803160496319,0.6678246188211119,0.2961253833878767,0.01238379952461722,0.01268936241264604,0.010586024084549738,0.0003908117691984309
76.5,0.6695780182362248,0.2959608131537782,0.013713830979543583,0.01178194912749251,0.008443980295888987,0.0005214082070722343,0.104353402511212,0.667563223614907,0.2963298325474339,0.012410542918506913,0.012702547083453029,0.010602049504922566,0.0003918043307762778
76.60000000000001,0.6693207345870745,0.29616278121873957,0.01374155164187661,0.011793851495104502,0.008458392327830069,0.0005226887293748949,0.10429883984751784,0.667302138655774,0.2965339572540338,0.012437302553154542,0.012715729026464334,0.010618074444843355,0.0003927980657298755
76.7,0.6690637520114643,0.29636443269413904,0.013769287193411143,0.011805751731760641,0.008472805754187095,0.0005239706150379459,0.10424434352209437,0.6670413635229957,0.2967377579612206,0.012464078395681937,0.012728908252468555,0.010634098893898221,0.00039379297373471256
76.80000000000001,0.6688070701062406,0.29656576801714807,0.01379703760342849,0.011817649848387929,0.008487220561398133,0.0005252538633968425,0.10418991344330394,0.6667808977964357,0.29694123512191195,0.012490870413258127,0.01274208477221402,0.01065012284171378,0.0003947890544663508
76.9,0.6685506884687988,0.2967667876243412,0.013824802841253632,0.011829545855870847,0.00850163673594796,0.0005265384737875856,0.1041355495196578,0.6665207410565352,0.2971443891883993,0.012517678573099288,0.012755258596408914,0.010666146277957023,0.0003957863076004278
77.0,0.6682946066970816,0.2969674919516971,0.013852582876255199,0.011841439765051514,0.008516054264367929,0.0005278244455467237,0.10408125165981512,0.6662608928843132,0.29734722061234875,0.012544502842468669,0.012768429735721407,0.010682169192335151,0.0003967847328126544
77.10000000000001,0.6680388243895788,0.2971678814345988,0.013880377677845397,0.011853331586729816,0.008530473133235818,0.0005291117780113516,0.1040270197725835,0.6660013528613673,0.29754972984480244,0.012571343188676545,0.012781598200779768,0.010698191574595494,0.0003977843297788171
77.2,0.6677833411453266,0.2973679565078352,0.01390818721547993,0.011865221331663539,0.008544893329175686,0.000530400470519109,0.10397285376691821,0.6657421205698683,0.2977519173361786,0.012598199579080127,0.012794764002172518,0.010714213414525357,0.00039878509817477704
77.30000000000001,0.6675281565639061,0.2975677176056015,0.013936011458657974,0.011877109010568512,0.008559314838857746,0.0005316905224081816,0.10391875355192222,0.665483195592566,0.2979537835362736,0.012625071981083511,0.012807927150448525,0.010730234701951892,0.0003997870376764705
77.4,0.6672732702454438,0.2977671651614999,0.01396385037692208,0.011888994634118726,0.008573737648998197,0.0005329819330172986,0.10386471903684591,0.665224577512782,0.29815532889426133,0.012651960362137612,0.012821087656117164,0.010746255426741977,0.00040079014795990923
77.5,0.6670186817906096,0.2979662996085409,0.013991703939858158,0.011900878212946496,0.008588161746359114,0.0005342747016857344,0.1038107501310865,0.6649662659144128,0.2983565538586953,0.01267886468974009,0.012834245529648422,0.010762275578802084,0.00040179442870117967
77.60000000000001,0.666764390800617,0.2981651213791434,0.014019572117095378,0.011912759757642572,0.008602587117748287,0.0005355688277533067,0.10375684674418846,0.6647082603819278,0.2985574588775091,0.012705784931435309,0.012847400781473003,0.010778295148078161,0.0004027998795764443
77.7,0.6665103968772218,0.29836363090513623,0.01404745487830613,0.011924639278756278,0.00861701375001908,0.0005368643105603761,0.10370300878584256,0.6644505605003691,0.29875804439801673,0.012732721054814237,0.012860553421982527,0.010794314124555485,0.0004038065002619412
77.80000000000001,0.6662566996227215,0.29856182861775854,0.014075352193205973,0.011936516786795658,0.008631441630070309,0.0005381611494478466,0.10364923616588598,0.6641931658553492,0.29895831086691416,0.012759673027514408,0.012873703461529565,0.010810332498258562,0.0004048142904339842
77.9,0.6660032986399549,0.2987597149476606,0.014103264031553554,0.011948392292227591,0.008645870744846079,0.0005394593437571635,0.10359552879430198,0.6639360760330523,0.2991582587302799,0.01278664081721986,0.012886850910427823,0.010826350259250998,0.0004058232497689627
78.0,0.6657501935323007,0.2989572903249047,0.014131190363150564,0.01196026580547794,0.008660301081335661,0.0005407588928303144,0.10354188658121966,0.6636792906202319,0.29935788843357614,0.012813624391661048,0.012899995778952246,0.010842367397635342,0.0004068333779433429
78.10000000000001,0.6654973839036773,0.29915455517896605,0.014159131157841676,0.011972137336931674,0.008674732626573351,0.0005420597960098279,0.10348830943691371,0.6634228092042108,0.29955720042164846,0.012840623718614795,0.012913138077339143,0.010858383903553002,0.00040784467463366673
78.2,0.665244869358542,0.29935150993873333,0.014187086385514483,0.011984006896933,0.008689165367638326,0.0005433620526387733,0.10343479727180396,0.6631666313728799,0.29975619513872875,0.012867638765904233,0.012926277815786322,0.010874399767184103,0.00040885713951655265
78.30000000000001,0.6649926495018899,0.29954815503250987,0.014215056016099452,0.011995874495785508,0.008703599291654514,0.0005446656620607603,0.10338134999645536,0.6629107567146978,0.2999548730284342,0.012894669501398722,0.012939415004453184,0.010890414978747348,0.0004098707722686955
78.4,0.6647407239392535,0.2997444908880139,0.014243040019569837,0.01200774014375228,0.008718034385790444,0.0005459706236199379,0.10332796752157777,0.6626551848186895,0.3001532345337688,0.012921715893013795,0.012952549653460887,0.010906429528499937,0.00041088557256686723
78.5,0.6644890922767022,0.29994051793237997,0.014271038365941659,0.012019603851056044,0.008732470637259128,0.0005472769366609948,0.10327464975802504,0.662399915274447,0.30035128009712414,0.012948777908711104,0.012965681772892436,0.01092244340673737,0.00041190154008791585
78.60000000000001,0.6642377541208407,0.3001362365921592,0.014299051025273618,0.012031465627879288,0.00874690803331791,0.0005485846005291584,0.10322139661679575,0.6621449476721257,0.3005490101602808,0.012975855516498325,0.012978811372792802,0.010938456603793422,0.00041291867450876657
78.7,0.6639867090788095,0.30033164729332046,0.014327077967667039,0.012043325484364396,0.00876134656126833,0.0005498936145701936,0.10316820800903205,0.661890281602447,0.3007464251644084,0.013002948684429146,0.012991938463169077,0.010954469110039935,0.00041393697550642217
78.80000000000001,0.663735956758283,0.30052675046125105,0.014355119163265834,0.012055183430613785,0.008775786208455998,0.0005512039781304044,0.10311508384601983,0.6616359166566949,0.3009435255500666,0.013030057380603149,0.013005063053990578,0.010970480915886737,0.0004149564427579619
78.9,0.6634854967674694,0.3007215465207572,0.014383174582256408,0.012067039476690012,0.008790226962270444,0.0005525156905566304,0.10306202403918835,0.6613818524267167,0.30114031175720646,0.013057181573165778,0.013018185155188938,0.010986492011781514,0.00041597707594054275
79.0,0.6632353287151098,0.30091603589606547,0.01441124419486764,0.01207889363261593,0.008804668810144998,0.0005538287511962493,0.10300902850010991,0.6611280885049217,0.3013367842251706,0.013084321230308272,0.013031304776658295,0.011002502388209696,0.00041699887473139926
79.10000000000001,0.6629854522104777,0.301110219010823,0.0144393279713708,0.012090745908374806,0.00881911173955665,0.0005551431593971748,0.10295609714049954,0.6608746244842802,0.30153294339269443,0.013111476320267578,0.013044421928255332,0.011018512035694289,0.00041802183880784336
79.2,0.6627358668633779,0.30130409628809857,0.014467425882079492,0.012102596313910438,0.008833555738025908,0.000556458914507856,0.10290322987221473,0.6606214599583237,0.3017287896979074,0.013138646811326342,0.013057536619799463,0.011034520944795847,0.0004190459678472648
79.30000000000001,0.6624865722841461,0.30149766815038326,0.014495537897349616,0.012114444859127299,0.00884800079311668,0.0005577760158772775,0.10285042660725519,0.6603685945211422,0.30192432357833254,0.013165832671812778,0.01307064886107291,0.011050529106112249,0.0004200712615271312
79.4,0.6622375680836479,0.3016909350195913,0.014523663987579274,0.012126291553890651,0.008862446892436121,0.0005590944628549586,0.10279768725776249,0.6601160277673861,0.30211954547088865,0.013193033870100651,0.013083758661820846,0.011066536510278653,0.0004210977195249879
79.5,0.6619888538732783,0.301883897317061,0.014551804123208754,0.012138136408026688,0.008876894023634518,0.0005604142547909531,0.10274501173601974,0.6598637592922632,0.30231445581189076,0.013220250374609206,0.013096866031751492,0.011082543147967333,0.00042212534151845954
79.60000000000001,0.661740429264961,0.30207655546355516,0.014579958274720447,0.01214997943132265,0.008891342174405148,0.0005617353910358486,0.10269239995445151,0.6596117886915378,0.30250905503704995,0.013247482153803072,0.013109970980536284,0.011098549009887583,0.0004231541271852469
79.7,0.6614922938711474,0.30226890987926225,0.014608126412638787,0.012161820633526948,0.008905791332484144,0.000563057870940766,0.10263985182562295,0.6593601155615333,0.3027033435814762,0.013274729176192279,0.013123073517809931,0.011114554086785597,0.0004241840762031318
79.80000000000001,0.661244447304816,0.30246096098379693,0.014636308507530211,0.012173660024349298,0.008920241485650371,0.0005643816938573588,0.10258736726224021,0.6591087394991257,0.30289732187967683,0.013301991410332078,0.013136173653170527,0.011130558369444331,0.00042521518824997214
79.9,0.6609968891794722,0.302652709196201,0.014664504530003085,0.012185497613460843,0.00893469262172529,0.0005657068591378131,0.10253494617714952,0.65885766010175,0.30309099036556014,0.013329268824823003,0.013149271396179777,0.011146561848683411,0.00042624746300370627
80.0,0.6607496191091465,0.30284415493494415,0.014692714450707658,0.012197333410494279,0.008949144728572824,0.0005670333661348467,0.10248258848333719,0.6586068769673923,0.3032843494724328,0.013356561388310704,0.013162366756362957,0.011162564515358997,0.00042728090014235024
80.10000000000001,0.6605026367083948,0.3030352986179246,0.014720938240335999,0.012209167425043974,0.008963597794099235,0.0005683612142017091,0.1024302940939293,0.658356389694593,0.30347739963300424,0.01338386906948595,0.01317545974320916,0.011178566360363651,0.0004283154993439994
80.2,0.6602559415922972,0.30322614066247,0.014749175869621935,0.0122209996666661,0.008978051806252978,0.00056969040269218,0.1023780629221912,0.6581061978824468,0.30367014127938424,0.013411191837084543,0.013188550366171357,0.011194567374626277,0.0004293512602868286
80.30000000000001,0.6600095333764572,0.30341668148533824,0.014777427309341016,0.012232830144878758,0.0089925067530246,0.0005710209309605703,0.10232589488152714,0.6578563011305985,0.30386257484308665,0.013438529659887257,0.013201638634666493,0.011210567549111945,0.0004303881826490912
80.4,0.6597634116770015,0.3036069215027182,0.014805692530310421,0.012244658869162092,0.009006962622446577,0.0005723527983617202,0.10227378988548026,0.6576066990392454,0.3040547007550282,0.013465882506719764,0.013214724558075637,0.011226566874821778,0.0004314262661091197
80.5,0.6595175761105786,0.30379686113023036,0.01483397150338894,0.012256485848958418,0.00902141940259321,0.0005736860042509995,0.10222174784773198,0.657357391209135,0.30424651944553,0.013493250346452617,0.013227808145744114,0.0112425653427929,0.000432465510345327
80.60000000000001,0.6592720262943585,0.303986500782928,0.014862264199476892,0.012268311093672353,0.009035877081580483,0.0005750205479843072,0.10216976868210165,0.6571083772415647,0.30443803134431835,0.013520633148001128,0.013240889406981572,0.011258562944098223,0.0004335059150362047
80.7,0.6590267618460323,0.30417584087529737,0.014890570589516067,0.012280134612670923,0.009050335647565936,0.00057635642891807,0.10211785230254634,0.6568596567383804,0.3046292368805254,0.013548030880325326,0.013253968351062117,0.011274559669846418,0.00043454747986032424
80.80000000000001,0.6587817823838105,0.304364881821259,0.014918890644489691,0.012291956415283698,0.009064795088748544,0.0005776936464092433,0.10206599862316036,0.6566112293019769,0.3048201364826908,0.013575443512429928,0.013267044987224441,0.011290555511181745,0.00043559020449633704
80.9,0.6585370875264234,0.3045536240341682,0.014947224335422348,0.012303776510802906,0.009079255393368579,0.0005790321998153093,0.10201420755817497,0.6563630945352961,0.30501073057876105,0.01360287101336424,0.013280119324671909,0.01130655045928397,0.00043663408862297466
81.0,0.6582926768931195,0.30474206792681585,0.014975571633379934,0.01231559490848356,0.009093716549707495,0.0005803720884942777,0.10196247902195808,0.6561152520418264,0.3052010195960916,0.0136303133522221,0.013293191372572698,0.011322544505368223,0.00043767913191904785
81.10000000000001,0.6580485501036656,0.3049302139114294,0.015003932509469603,0.012327411617543582,0.009108178546087793,0.0005817133118046846,0.10191081292901374,0.655867701425603,0.3053910039614468,0.013657770498141831,0.013306261140059897,0.011338537640684921,0.00043872533406344845
81.2,0.6578047067783453,0.3051180623996732,0.01503230693483969,0.012339226647163904,0.009122641370872887,0.0005830558691055916,0.10185920919398192,0.6556204422912056,0.3055806841010016,0.013685242420306177,0.013319328636231633,0.011354529856519609,0.0004397726947351479
81.30000000000001,0.657561146537959,0.3053056138026497,0.01506069488067969,0.012351040006488618,0.009137105012467001,0.0005843997597565865,0.10180766773163798,0.6553734742437589,0.3057700604403417,0.013712729087942221,0.013332393870151154,0.011370521144192866,0.0004408212136131985
81.4,0.6573178690038227,0.30549286853089996,0.015089096318220164,0.012362851704625068,0.009151569459315017,0.0005857449831177814,0.10175618845689241,0.6551267968889304,0.30595913340446396,0.013740230470321349,0.01334545685084697,0.01138651149506024,0.0004418708903767328
81.5,0.6570748737977674,0.3056798269944045,0.01511751121873271,0.012374661750643987,0.009166034699902369,0.0005870915385498132,0.10170477128479044,0.6548804098329319,0.3061479034177788,0.013767746536759171,0.013358517587312957,0.011402500900512027,0.0004429217247049642
81.60000000000001,0.6568321605421384,0.30586648960258406,0.015145939553529901,0.012386470153579614,0.009180500722754911,0.0005884394254138433,0.1016534161305117,0.6546343126825164,0.3063363709041089,0.013795277256615474,0.013371576088508476,0.01141848935197327,0.00044397371627718656
81.7,0.6565897288597952,0.3060528567643003,0.015174381293965212,0.012398276922429806,0.009194967516438782,0.0005897886430715558,0.10160212290936939,0.6543885050449791,0.30652453628669213,0.013822822599294148,0.013384632363358448,0.011434476840903587,0.000445026864772775
81.80000000000001,0.6563475783741094,0.30623892888785675,0.015202836411432994,0.012410082066156162,0.009209435069560307,0.0005911391908851583,0.10155089153681085,0.6541429865281547,0.30671239998818034,0.013850382534243135,0.01339768642075351,0.011450463358797057,0.0004460811698711851
81.9,0.6561057087089657,0.30642470638099933,0.015231304877368382,0.012421885593684134,0.00922390337076584,0.0005924910682173807,0.10149972192841605,0.6538977567404192,0.306899962430642,0.013877957030954366,0.013410738269550119,0.011466448897182152,0.00044713663125195413
82.0,0.6558641194887599,0.30661018965091735,0.015259786663247276,0.01243368751390316,0.009238372408741672,0.0005938442744314755,0.10144861399989792,0.6536528152906874,0.3070872240355618,0.013905546058963684,0.01342378791857063,0.011482433447621562,0.00044819324859470027
82.10000000000001,0.6556228103383985,0.3067953791042441,0.015288281740586265,0.01244548783566677,0.00925284217221389,0.0005951988088912165,0.10139756766710158,0.6534081617884123,0.3072741852238419,0.013933149587850803,0.013436835376603434,0.01149841700171214,0.00044925102157912283
82.2,0.6553817808832989,0.3069802751470575,0.015316790080942565,0.012457286567792696,0.009267312649948253,0.0005965546709608983,0.10134658284600415,0.6531637958435856,0.30746084641580257,0.013960767587239253,0.013449880652403056,0.011514399551084773,0.00045030994988500315
82.30000000000001,0.6551410307493871,0.3071648781848813,0.015345311655913988,0.012469083719063011,0.009281783830750085,0.0005979118600053367,0.1012956594527142,0.6529197170667344,0.30764720803118284,0.013988400026796292,0.013462923754690274,0.01153038108740427,0.0004513700331922035
82.4,0.6549005595630984,0.3073491886226853,0.015373846437138855,0.012480879298224218,0.00929625570346413,0.0005992703753898671,0.10124479740347134,0.6526759250689229,0.30783327048914205,0.014016046876232865,0.013475964692152223,0.011546361602369236,0.0004524312711806683
82.5,0.6546603669513762,0.30753320686488644,0.015402394396295961,0.01249267331398739,0.009310728256974451,0.0006006302164803447,0.10119399661464591,0.6524324194617519,0.3080190342082597,0.014043708105303547,0.0134890034734425,0.011562341087711998,0.00045349366353042333
82.60000000000001,0.654420452541671,0.30771693331534955,0.01543095550510453,0.012504465775028272,0.009325201480204302,0.0006019913826431442,0.1011432570027381,0.6521891998573547,0.30820449960653745,0.014071383683806456,0.01350204010718127,0.011578319535198476,0.0004545572099215768
82.7,0.6541808159619402,0.30790036837738793,0.015459529735324126,0.012516256689987399,0.009339675362115996,0.0006033538732451584,0.10109257848437826,0.6519462658684012,0.308389667101398,0.014099073581583231,0.013515074601955385,0.011594296936628045,0.0004556219100343183
82.80000000000001,0.6539414568406472,0.3080835124537642,0.015488117058754629,0.012528046067470214,0.009354149891710803,0.0006047176876537988,0.10104196097632583,0.651703617108092,0.3085745371096881,0.014126777768518946,0.013528106966318487,0.01161027328383351,0.00045668776354891995
82.9,0.6537023748067606,0.30826636594669105,0.015516717447236159,0.012539833916047181,0.009368625058028813,0.000606082825236994,0.10099140439546903,0.6514612531901625,0.30875911004767737,0.01415449621454205,0.013541137208791118,0.01162624856868088,0.0004577547701457361
83.0,0.6534635694897539,0.30844892925783196,0.015545330872649036,0.012551620244253896,0.009383100850148826,0.0006074492853631901,0.1009409086588246,0.6512191737288792,0.3089433863310614,0.014182228889624312,0.0135541653378608,0.011642222783069396,0.00045882292950520317
83.10000000000001,0.6532250405196042,0.30863120278830214,0.015573957306913725,0.012563405060591207,0.009397577257188235,0.0006088170674013508,0.10089047368353705,0.6509773783390383,0.30912736637495947,0.014209975763780771,0.013567191361982181,0.011658195918931294,0.00045989224130783986
83.2,0.652986787526792,0.3088131869386689,0.015602596721990755,0.012575188373525321,0.00941205426830289,0.0006101861707209544,0.10084009938687849,0.650735866635969,0.3093110505939182,0.014237736807069669,0.013580215289577136,0.011674167968231773,0.00046096270523424853
83.30000000000001,0.6527488101423004,0.3089948821089527,0.015631249089880707,0.012586970191487922,0.009426531872687001,0.000611556594691996,0.10078978568624794,0.6504946382355279,0.3094944394019107,0.01426551198959237,0.013593237129034834,0.011690138922968895,0.0004620343209651128
83.4,0.6525111079976144,0.30917628869862784,0.015659914382624117,0.012598750522876283,0.009441010059573,0.0006129283386849858,0.10073953249917089,0.6502536927541018,0.3096775332123384,0.014293301281493335,0.013606256888711896,0.011706108775173432,0.0004631070881811998
83.5,0.6522736807247203,0.30935740710662313,0.015688592572301454,0.012610529376053375,0.009455488818231439,0.0006143014020709485,0.10068933974329888,0.650013029808605,0.3098603324380306,0.01432110465296005,0.013619274576932456,0.011722077516908786,0.00046418100656335926
83.60000000000001,0.6520365279561046,0.3095382377313228,0.01571728363103305,0.012622306759347989,0.009469968137970866,0.0006156757842214239,0.10063920733640892,0.6497726490164791,0.3100428374912461,0.014348922074222946,0.013632290201988296,0.011738045140270869,0.000465256075792524
83.7,0.6517996493247538,0.3097187809705668,0.01574598753097904,0.012634082681054834,0.009484448008137697,0.0006170514845084646,0.10058913519640318,0.6495325499956937,0.31022504878367435,0.014376753515555365,0.013645303772138944,0.011754011637388043,0.00046633229554971005
83.80000000000001,0.6515630444641535,0.3098990372216523,0.015774704244339327,0.01264585714943466,0.009498928418116117,0.0006184285023046372,0.10053912324130804,0.6492927323647429,0.31040696672643503,0.014404598947273504,0.013658315295611758,0.011769977000420945,0.00046740966551601633
83.9,0.6513267130082881,0.3100790068813336,0.0158034337433535,0.01265763017271436,0.009513409357327945,0.0006198068369830206,0.10048917138927431,0.6490531957426465,0.3105885917300799,0.014432458339736321,0.01367132478060207,0.011785941221562438,0.0004684881853726252
84.0,0.6510906545916394,0.31025869034582354,0.015832176000300804,0.012669401759087092,0.009527890815232537,0.0006211864879172067,0.100439279558576,0.6488139397489493,0.31076992420459354,0.014460331663345517,0.013684332235273244,0.011801904293037473,0.0004695678548008024
84.10000000000001,0.6508548688491862,0.31043808801079387,0.015860930987500087,0.012681171916712383,0.009542372781326657,0.0006225674544812991,0.1003894476676102,0.6485749640037198,0.310950964559393,0.014488218888545443,0.013697337667756805,0.011817866207103013,0.00047064867348189693
84.2,0.6506193554164043,0.310617200271376,0.01588969867730972,0.012692940653716232,0.009556855245144357,0.0006239497360499124,0.1003396756348966,0.648336268127549,0.3111317132033302,0.01451611998582307,0.013710341086152567,0.011833826956047901,0.0004717306410973421
84.30000000000001,0.6503841139292648,0.31079602752216196,0.015918479042127565,0.012704707978191232,0.009571338196256877,0.0006253333319981724,0.10028996337907652,0.6480978517415512,0.311312170544691,0.014544034925707907,0.013723342498528666,0.011849786532192774,0.0004728137573286536
84.4,0.6501491440242338,0.31097457015720487,0.015947272054390917,0.012716473898196677,0.009585821624272517,0.0006267182417017153,0.10024031081891291,0.6478597144673608,0.31149233699119794,0.014571963678771957,0.013736341912921729,0.011865744927889957,0.00047389802185743236
84.5,0.6499144453382724,0.31115282857001986,0.01597607768657644,0.012728238421758666,0.009600305518836524,0.0006281044645366873,0.1001907178732895,0.6476218559271354,0.311672212950009,0.014599906215629645,0.013749339337336951,0.011881702135523349,0.00047498343436536204
84.60000000000001,0.6496800175088346,0.3113308031535848,0.016004895911200134,0.012740001556870217,0.009614789869630989,0.0006294919998797444,0.10014118446121043,0.647384275743551,0.3118517988277205,0.014627862506937768,0.013762334779748187,0.011897658147508339,0.0004760699945342111
84.7,0.6494458601738683,0.31150849430034083,0.016033726700817253,0.01275176331149137,0.009629274666374713,0.0006308808471080504,0.10009171050179948,0.6471469735398043,0.3120310950303653,0.014655832523395435,0.01377532824809807,0.011913612956291699,0.00047715770204583165
84.80000000000001,0.6492119729718131,0.31168590240219346,0.016062570028022284,0.012763523693549304,0.009643759898823111,0.0006322710055992792,0.10004229591429961,0.6469099489396086,0.31221010196341564,0.014683816235744012,0.01378831975029811,0.011929566554351453,0.00047824655658215985
84.9,0.6489783555416008,0.31186302785051284,0.016091425865448854,0.012775282710938432,0.00965824555676809,0.0006336624747316113,0.09999294061807272,0.6466732015671983,0.3123888200317838,0.01471181361476706,0.01380130929422877,0.011945518934196828,0.00047933655782521676
85.0,0.6487450075226538,0.31203987103613484,0.016120294185769716,0.012787040371520524,0.009672731630037935,0.0006350552538837359,0.09994364453259848,0.6464367310473231,0.3125672496398218,0.014739824631290272,0.013814296887739634,0.011961470088368106,0.0004804277054571072
85.10000000000001,0.6485119285548853,0.31221643234936175,0.016149174961696676,0.012798796683124803,0.009687218108497209,0.0006364493424348485,0.09989440757747414,0.6462005370052499,0.3127453911913223,0.014767849256181407,0.013827282538649401,0.01197742000943654,0.0004815199991600205
85.2,0.6482791182786979,0.3123927121799628,0.01617806816598053,0.012810551653548052,0.009701704982046614,0.0006378447397646513,0.09984522967241401,0.6459646190667624,0.312923245089521,0.01479588746035027,0.013840266254746098,0.011993368690004268,0.0004826134386162307
85.30000000000001,0.6480465763349834,0.31256871091717503,0.016206973771411042,0.012822305290554732,0.009716192240622914,0.000639241445253353,0.09979611073724866,0.645728976858157,0.3131008117370948,0.014823939214748606,0.013853248043787096,0.012009316122704183,0.00048370802350809674
85.4,0.647814302365122,0.3127444289497041,0.016235891750816845,0.012834057601877072,0.009730679874198789,0.0006406394582816672,0.09974705069192442,0.6454936100062474,0.31327809153616526,0.014852004490370073,0.013866227913499249,0.012025262300199853,0.0004848037535180622
85.5,0.6475822960109815,0.31291986666572486,0.01626482207706543,0.012845808595215186,0.009745167872782748,0.0006420387782308132,0.09969804945650296,0.6452585181383599,0.313455084888297,0.014880083258250163,0.013879205871578983,0.012041207215185423,0.0004859006283286553
85.60000000000001,0.6473505569149167,0.3130950244528821,0.016293764723063073,0.01285755827823718,0.009759656226419007,0.000643439404482515,0.09964910695116021,0.6450237008823331,0.3136317921945,0.014908175489466166,0.013892181925692393,0.012057150860385496,0.00048699864762248904
85.7,0.6471190847197689,0.31326990269829136,0.01632271966175478,0.012869306658579242,0.009774144925187375,0.0006448413364190001,0.0996002230961866,0.6447891578665199,0.3138082138552303,0.014936281155137099,0.013905156083475362,0.012073093228555057,0.0004880978110822618
85.80000000000001,0.6468878790688649,0.3134445017885395,0.016351686866124253,0.012881053743845773,0.00978863395920316,0.0006462445734230006,0.09955139781198542,0.644554888719783,0.31398435027038996,0.014964400226423645,0.013918128352533626,0.012089034312479352,0.0004891981183907572
85.9,0.6466569396060169,0.3136188221096856,0.0163806663091938,0.012892799541609462,0.009803123318617036,0.0006476491148777509,0.09950263101907306,0.6443208930714964,0.31416020183932797,0.014992532674528101,0.013931098740442892,0.012104974104973824,0.0004902995692308437
86.0,0.6464262659755212,0.3137928640472616,0.016409657964024334,0.012904544059411414,0.009817612993614954,0.0006490549601669888,0.09945392263807802,0.6440871705515456,0.3143357689608421,0.015020678470694326,0.01394406725474894,0.012120912598883949,0.0004914021632854751
86.10000000000001,0.646195857822158,0.313966627986273,0.016438661803715275,0.012916287304761246,0.009832102974418024,0.0006504621086749543,0.09940527258974026,0.6438537207903242,0.31451105203317775,0.015048837586207665,0.01395703390296768,0.01213684978708522,0.0004925059002376907
86.2,0.6459657147911905,0.31414011431119965,0.01646767780140451,0.012928029285137182,0.009846593251282393,0.0006518705597863886,0.0993566807949107,0.6436205434187353,0.3146860514540308,0.015077009992394915,0.013969998692585332,0.012152785662482997,0.0004936107797706155
86.30000000000001,0.645735836528364,0.31431332340599627,0.016496705930268356,0.012939770007986172,0.009861083814499166,0.0006532803128865352,0.09930814717455075,0.6433876380681903,0.31486076762054704,0.01510519566062426,0.013982961631058437,0.012168720218012402,0.0004947168015674596
86.4,0.6455062226799061,0.31448625565409344,0.016525746163521485,0.012951509480723981,0.009875574654394264,0.0006546913673611371,0.09925967164973115,0.6431550043706078,0.31503520092932324,0.015133394562305197,0.013995922725814,0.012184653446638277,0.0004958239653115197
86.5,0.6452768728925252,0.31465891143839814,0.016554798474416894,0.012963247710735305,0.00989006576132834,0.0006561037225964386,0.09921125414163211,0.6429226419584131,0.31520935177640763,0.015161606668888496,0.014008881984249565,0.012200585341355022,0.0004969322706861764
86.60000000000001,0.6450477868134104,0.3148312911412945,0.01658386283624583,0.012974984705373858,0.009904557125696666,0.0006575173779791839,0.09916289457154177,0.6426905504645373,0.31538322055730195,0.01518983195186614,0.014021839413733339,0.012216515895186535,0.0004980417173748983
86.7,0.64481896409023,0.3150033951446445,0.016612939222337753,0.01298672047196249,0.009919048737929015,0.000658932332896616,0.09911459286085662,0.642458729522417,0.31555680766695987,0.015218070382771258,0.014034795021604252,0.012232445101186118,0.0004991523050612386
86.80000000000001,0.6445904043711319,0.3151752238297888,0.01664202760606028,0.012998455017793278,0.009933540588489565,0.0006603485867364771,0.09906634893107964,0.6422271787659946,0.31573011349979,0.0152463219331781,0.014047748815172078,0.012248372952436352,0.0005002640334288367
86.9,0.6443621073047425,0.3153467775775472,0.016671127960819127,0.01301018835012763,0.009948032667876788,0.0006617661388870077,0.0990181627038209,0.6419958978297142,0.31590313844965573,0.015274586574701925,0.014060700801717521,0.012264299442049048,0.0005013769021614182
87.0,0.644134072540166,0.31551805676821965,0.016700240260058064,0.013021920476196394,0.00996252496662334,0.0006631849887369464,0.0989700341007959,0.641764886348525,0.3160758829098755,0.015302864278998997,0.014073650988492323,0.012280224563165099,0.0005024909109427952
87.10000000000001,0.6439062997269832,0.31568906178158673,0.016729364477258868,0.013033651403199946,0.009977017475295972,0.0006646051356755296,0.09892196304382557,0.6415341439578786,0.31624834727322465,0.01533115501776649,0.014086599382719315,0.012296148308954424,0.0005036060594568655
87.2,0.6436787885152523,0.3158597929969105,0.016758500585941253,0.013045381138308294,0.00999151018449539,0.0006660265790924896,0.09887394945483524,0.6413036702937266,0.31642053193193487,0.015359458762742471,0.014099545991592565,0.012312070672615841,0.0005047223473876136
87.30000000000001,0.6434515385555067,0.31603025079293523,0.016787648559662843,0.013057109688661191,0.01000600308485619,0.0006674493183780565,0.09882599325585423,0.6410734649925244,0.31659243727769637,0.0153877754857058,0.014112490822277444,0.012327991647377013,0.0005058397744191101
87.4,0.6432245494987555,0.31620043554788774,0.01681680837201908,0.013068837061368214,0.010020496167046714,0.0006688733529229554,0.09877809436901504,0.6408435276912261,0.3167640637016572,0.015416105158476098,0.014125433881910732,0.01234391122649433,0.0005069583402355126
87.5,0.6429978209964821,0.3163703476394787,0.016845979996643223,0.013080563263508883,0.010034989421768975,0.0006702986821184074,0.09873025271655281,0.6406138580272862,0.3169354115944258,0.015444447752913693,0.014138375177600691,0.012359829403252788,0.0005080780445210655
87.60000000000001,0.6427713527006437,0.31653998744490286,0.01687516340720627,0.013092288302132753,0.01004948283975854,0.0006717253053561292,0.0986824682208045,0.6403844556386581,0.31710648134606917,0.015472803240919548,0.014151314716427183,0.01237574617096595,0.000509198886960098
87.7,0.6425451442636712,0.31670935534083994,0.01690435857741689,0.013104012184259507,0.010063976411784423,0.0006731532220283311,0.09863474080420842,0.640155320163794,0.3172772733461162,0.015501171594435217,0.014164252505441734,0.012391661522975815,0.000510320867237029
87.80000000000001,0.6423191953384676,0.31687845170345547,0.016933565481021404,0.013115734916879064,0.01007847012864899,0.0006745824315277184,0.09858707038930353,0.6399264512416437,0.3174477879835569,0.01552955278544279,0.01417718855166767,0.01240757545265275,0.000511443985036362
87.9,0.6420935055784085,0.31704727690840107,0.016962784091803712,0.013127456506951667,0.010092963981187838,0.0006760129332474891,0.0985394568987286,0.6396978485116535,0.3176180256468438,0.015557946785964831,0.014190122862100165,0.012423487953395351,0.000512568240042688
88.0,0.6418680746373403,0.31721583133081566,0.016992014383585254,0.013139176961407999,0.010107457960269713,0.0006774447265813355,0.09849190025522181,0.6394695116137658,0.31778798672389214,0.0155863535680643,0.014203055443706349,0.012439399018630413,0.0005136936319406854
88.10000000000001,0.6416429021695805,0.3173841153453258,0.01702125633022495,0.013150896287149261,0.010121952056796397,0.000678877810923442,0.09844440038161978,0.6392414401884213,0.31795767160208094,0.015614773103844567,0.01421598630342539,0.012455308641812794,0.0005148201604151193
88.2,0.6414179878299164,0.3175521293260464,0.017050509905619144,0.013162614491047282,0.010136446261702597,0.0006803121856684851,0.09839695720085728,0.6390136338765519,0.3181270806682542,0.015643205365449258,0.014228915448168645,0.012471216816425323,0.0005159478251508421
88.30000000000001,0.6411933312736049,0.3177198736465818,0.017079775083701575,0.013174331579944612,0.01015094056595586,0.0006817478502116334,0.09834957063596642,0.638786092319586,0.31829621430872035,0.015671650325062278,0.01424184288481965,0.012487123535978747,0.0005170766258327931
88.4,0.6409689321563715,0.31788734868002594,0.017109051838443298,0.01318604756065462,0.01016543496055645,0.0006831848039485465,0.09830224061007566,0.6385588151594457,0.3184650729092546,0.015700107954907727,0.014254768620234283,0.0125030287940116,0.000518206562146
88.5,0.64074479013441,0.31805455479896344,0.017138340143852654,0.01319776243996159,0.010179929436537267,0.000684623046275375,0.09825496704640975,0.638331802038545,0.3186336568550984,0.015728578227249844,0.014267692661240842,0.012518932584090113,0.0005193376337755761
88.60000000000001,0.6405209048643816,0.31822149237547015,0.017167639973975215,0.01320947622462082,0.010194423984963733,0.0006860625765887601,0.09820774986828851,0.6381050525997911,0.318801966530961,0.015757061114392942,0.014280615014640117,0.012534834899808148,0.0005204698404067236
88.7,0.6402972760034146,0.31838816178111384,0.01719695130289371,0.013221188921358713,0.010208918596933689,0.0006875033942858321,0.09816058899912673,0.637878566486582,0.3189700023210193,0.015785556588681367,0.014293535687205504,0.0125507357347871,0.0005216031817247317
88.80000000000001,0.6400739032091031,0.31855456338695487,0.017226274104728014,0.01323290053687288,0.010223413263577305,0.0006889454987642113,0.09811348436243292,0.637652343342807,0.3191377646089196,0.015814064622499433,0.014306454685683062,0.012566635082675782,0.0005227376574149773
88.9,0.6398507861395071,0.3187206975635469,0.01725560835363506,0.013244611077832225,0.010237907976056962,0.0006903888894220065,0.098066435881809,0.6374263828128456,0.31930525377777785,0.015842585188271394,0.014319372016791648,0.012582532937150368,0.0005238732671629249
89.0,0.6396279244531516,0.3188865646809377,0.017284954023808818,0.013256320550877053,0.010252402725567171,0.0006918335656578153,0.09801944348094983,0.6372006845415671,0.31947247021018005,0.015871118258461332,0.014332287687222969,0.012598429291914286,0.0005250100106541273
89.10000000000001,0.6394053178090259,0.31905216510866974,0.01731431108948023,0.013268028962619156,0.010266897503334463,0.0006932795268707234,0.0979725070836419,0.6369752481743292,0.3196394142881836,0.015899663805573158,0.014345201703641664,0.012614324140698125,0.0005261478875742238
89.2,0.6391829658665827,0.3192174992157808,0.017343679524917152,0.01327973631964191,0.010281392300617285,0.0006947267724603034,0.0979256266137637,0.6367500733569776,0.31980608639331776,0.01592822180215054,0.014358114072685455,0.012630217477259561,0.0005272868976089435
89.30000000000001,0.6389608682857381,0.31938256737080484,0.017373059304424322,0.013291442628500374,0.01029588710870591,0.0006961753018266156,0.09787880199528398,0.6365251597358464,0.319972486906584,0.015956792220776825,0.014371024800965143,0.01264610929538326,0.0005284270404441016
89.4,0.6387390247268705,0.31954736994177246,0.01740245040234328,0.01330314789572137,0.01031038191892233,0.0006976251143702061,0.09783203315226194,0.636300506957756,0.3201386162084578,0.015985375034075006,0.014383933895064784,0.01266199958888076,0.0005295683157656029
89.5,0.6385174348508201,0.31971190729621185,0.017431852793052358,0.013314852127803598,0.010324876722620155,0.0006990762094921078,0.09778532000884607,0.6360761146700127,0.32030447467888806,0.01601397021470767,0.01439684136154171,0.012677888351590458,0.0005307107232594395
89.60000000000001,0.6382960983188883,0.3198761798011492,0.017461266450966607,0.013326555331217713,0.010339371511184534,0.0007005285865938389,0.09773866248927392,0.6358519825204085,0.32047006269729855,0.016042577735376925,0.01440974720692667,0.01269377557737743,0.0005318542626116917
89.7,0.638075014792837,0.3200401878231096,0.017490691350537733,0.013338257512406426,0.010353866276032029,0.0007019822450774026,0.09769206051787117,0.6356281101572211,0.32063538064258873,0.016071197568824372,0.014422651437723873,0.012709661260133405,0.0005329989335085279
89.80000000000001,0.637854183934888,0.3202039317281178,0.01752012746625408,0.013349958677784591,0.010368361008610534,0.0007034371843452871,0.09764551401905129,0.6354044972292107,0.3208004288931342,0.016099829687831017,0.014435554060411086,0.012725545393776667,0.0005341447356362056
89.9,0.6376336054077223,0.3203674118816984,0.01754957477264054,0.013361658833739302,0.010382855700399169,0.0007048934038004643,0.09759902291731455,0.635181143385622,0.32096520782678756,0.016128474065217252,0.014448455081439753,0.012741427972251964,0.0005352916686810705
90.0,0.6374132788744798,0.3205306286488772,0.01757903324425855,0.013373357986629985,0.010397350342908195,0.0007063509028463901,0.09755258713724785,0.6349580482761833,0.3211297178208788,0.016157130673842744,0.01446135450723505,0.012757308989530376,0.0005364397323295563
90.10000000000001,0.6371932039987583,0.32069358239418144,0.017608502855706,0.013385056142788494,0.0104118449276789,0.0007078096808870041,0.09750620660352373,0.6347352115511032,0.3212939592522165,0.01618579948660648,0.014474252344195965,0.012773188439609319,0.0005375889262681851
90.2,0.636973380444613,0.3208562734816405,0.017637983581617205,0.01339675330851919,0.010426339446283513,0.0007092697373267278,0.09745988124090015,0.6345126328610737,0.32145793249708854,0.016214480476446597,0.014487148598695411,0.012789066316512382,0.0005387392501835686
90.30000000000001,0.636753807876556,0.32101870227478674,0.017667475396662857,0.01340844949009905,0.010440833890325109,0.0007107310715704657,0.09741361097421943,0.6342903118572654,0.3216216379312621,0.016243173616340395,0.014500043277080278,0.012804942614289268,0.0005398907037624067
90.4,0.6365344859595553,0.3211808691366561,0.017696978275549953,0.013420144693777742,0.010455328251437497,0.0007121936830236038,0.09736739572840813,0.6340682481913313,0.32178507592998523,0.016271878879304293,0.014512936385671584,0.012820817327015711,0.0005410432866914873
90.5,0.6363154143590346,0.321342774429789,0.017726492193021776,0.013431838925777732,0.010469822521285149,0.0007136575710920096,0.09732123542847627,0.6338464415154033,0.3219482468679876,0.016300596238393715,0.014525827930764464,0.0128366904487934,0.0005421969986576877
90.60000000000001,0.6360965927408725,0.3215044185162304,0.01775601712385782,0.013443532192294359,0.01048431669156308,0.0007151227351820317,0.09727512999951671,0.633624891482091,0.32211115111948,0.016329325666703108,0.014538717918628324,0.012852561973749841,0.0005433518393479755
90.7,0.6358780207714021,0.32166580175753123,0.017785553042873756,0.013455224499495932,0.010498810753996765,0.0007165891747004985,0.09722907936670465,0.633403597744483,0.3222737890581563,0.01635806713736583,0.014551606355506924,0.012868431896038353,0.0005445078084494047
90.80000000000001,0.6356596981174097,0.32182692451474854,0.01781509992492138,0.013466915853523831,0.01051330470034205,0.0007180568890547193,0.09718308345529718,0.6331825599561458,0.32243616105719464,0.01638682062355411,0.014564493247618417,0.012884300209837904,0.0005456649056491195
90.9,0.6354416244461353,0.32198778714844634,0.017844657744888547,0.013478606260492573,0.010527798522385032,0.0007195258776524819,0.09713714219063249,0.6329617777711224,0.32259826748925546,0.01641558609847904,0.014577378601155483,0.012900166909353085,0.0005468231306343538
91.0,0.6352237994252707,0.32214839001869644,0.017874226477699144,0.013490295726489923,0.010542292211941995,0.0007209961399020538,0.09709125549812958,0.6327412508439321,0.3227601087264857,0.01644436353539044,0.014590262422285392,0.012916031988813992,0.0005479824830924296
91.10000000000001,0.6350062227229599,0.3223087334850788,0.01790380609831304,0.013501984257576979,0.010556785760859298,0.0007224676752121812,0.09704542330328778,0.632520978829569,0.3229216851405169,0.01647315290757687,0.014603144717150065,0.012931895442476153,0.0005491429627107588
91.2,0.6347888940077981,0.3224688179066825,0.017933396581726012,0.01351367185978825,0.010571279161013282,0.0007239404829920877,0.0969996455316857,0.6323009613835037,0.3230829971024672,0.016501954188365555,0.014616025491866223,0.012947757264620453,0.0005503045691768426
91.30000000000001,0.634571812948831,0.3226286436421062,0.017962997902969725,0.01352535853913176,0.010585772404310181,0.0007254145626514752,0.09695392210898161,0.632081198161679,0.3232440449829419,0.016530767351122314,0.01462890475252538,0.012963617449553023,0.0005514673021782704
91.4,0.6343549792155543,0.32278821104945876,0.01799261003711166,0.013537044301589122,0.010600265482686022,0.0007268899136005222,0.09690825296091211,0.6318616888205132,0.32340482915203334,0.01655959236925155,0.014641782505194005,0.012979475991605184,0.000552631161402723
91.5,0.634138392477913,0.3229475204863602,0.018022232959255084,0.013548729153115639,0.01061475838810654,0.0007283665352498842,0.09686263801329217,0.6316424330168963,0.3235653499793228,0.016588429216196132,0.014654658755913558,0.012995332885133349,0.0005537961465379682
91.60000000000001,0.6339220524063011,0.3231065723099422,0.01805186664453899,0.013560413099640387,0.010629251112567082,0.0007298444270106932,0.09681707719201443,0.6314234304081907,0.3237256078338806,0.016617277865437423,0.014667533510700591,0.013011188124518949,0.0005549622572718662
91.7,0.6337059586715604,0.3232653668768487,0.018081511068138045,0.013572096147066295,0.010643743648092504,0.0007313235882945563,0.0967715704230487,0.6312046806522309,0.3238856030842664,0.016646138290495154,0.01468040677554684,0.013027041704168345,0.0005561294932923639
91.80000000000001,0.6334901109449804,0.32342390454323666,0.01811116620526256,0.013583778301270251,0.0106582359867371,0.0007328040185135566,0.09672611763244184,0.6309861834073222,0.32404533609853076,0.01667501046492739,0.014693278556419267,0.01304289361851273,0.0005572978542875003
91.9,0.6332745088982976,0.32358218566477664,0.018140832031158405,0.013595459568103168,0.010672728120584486,0.0007342857170802513,0.09668071874631678,0.6307679383322404,0.3242048072442155,0.016703894362330517,0.014706148859260195,0.013058743862008093,0.0005584673399454019
92.0,0.6330591522036947,0.3237402105966536,0.018170508521107003,0.013607139953390086,0.010687220041747528,0.0007357686834076727,0.0966353736908726,0.6305499450862303,0.3243640168883538,0.016732789956339138,0.01471901768998734,0.013074592429135076,0.0005596379499542863
92.10000000000001,0.6328440405338001,0.32389797969356743,0.01820019565042526,0.013618819462930254,0.010701711742368239,0.0007372529169093268,0.09659008239238387,0.6303322033290062,0.3245229653974724,0.016761697220626058,0.014731885054493923,0.01309043931439894,0.0005608096840024618
92.2,0.6326291735616874,0.32405549330973366,0.018229893394465506,0.013630498102497212,0.010716203214617687,0.0007387384169991924,0.09654484477720023,0.6301147127207509,0.3246816531375904,0.016790616128902182,0.014744750958648757,0.013106284512329466,0.000561982541778324
92.30000000000001,0.6324145509608745,0.32421275179888415,0.018259601728615463,0.013642175877838886,0.010730694450695912,0.0007402251830917221,0.09649966077174607,0.6298974729221144,0.3248400804742211,0.01681954665491652,0.014757615408296294,0.013122128017480859,0.0005631565229703606
92.4,0.6322001724053234,0.3243697555142676,0.018289320628298193,0.013653852794677665,0.010745185442831824,0.0007417132146018403,0.0964545303025201,0.6296804835942151,0.32499824777237313,0.016848488772456097,0.014770478409256741,0.013137969824431703,0.0005643316272671485
92.5,0.6319860375694394,0.3245265048086506,0.018319050068972047,0.013665528858710493,0.01075967618328313,0.0007432025109449441,0.09640945329609518,0.6294637443986361,0.32515615539654974,0.016877442455345917,0.014783339967326113,0.013153809927784846,0.0005655078543573551
92.60000000000001,0.6317721461280701,0.3246830000343178,0.01834879002613063,0.013677204075608955,0.010774166664336227,0.0007446930715369021,0.09636442967911751,0.6292472549974272,0.3253138037107507,0.016906407677448904,0.014796200088276309,0.013169648322167328,0.0005666852039297367
92.7,0.6315584977565055,0.32483924154307287,0.018378540475302716,0.01368887845101935,0.010788656878306113,0.0007461848957940533,0.09631945937830688,0.6290310150531028,0.3254711930784723,0.016935384412665833,0.014809058777855249,0.013185485002230312,0.0005678636756731416
92.80000000000001,0.6313450921304771,0.324995229686239,0.018408301392052254,0.013700551990562795,0.010803146817536309,0.0007476779831332084,0.09627454232045597,0.6288150242286432,0.32562832386270896,0.016964372634935304,0.014821916041786874,0.013201319962648995,0.0005690432692765067
92.9,0.631131928926157,0.3251509648146597,0.01843807275197826,0.013712224699835292,0.010817636474398757,0.0007491723329716472,0.09622967843243,0.6285992821874916,0.3257851964259523,0.01699337231823371,0.014834771885771272,0.013217153198122542,0.0005702239844288601
93.0,0.6309190078201578,0.3253064472786994,0.018467854530714818,0.013723896584407825,0.01083212584129374,0.0007506679447271199,0.09618486764116671,0.6283837885935534,0.3259418111301935,0.017022383436575094,0.014847626315484764,0.013232984703373977,0.00057140582081932
93.10000000000001,0.6307063284895315,0.32546167742824406,0.01849764670393102,0.013735567649826442,0.010846614910649791,0.0007521648178178463,0.0961401098736757,0.6281685431111983,0.3260981683369233,0.01705140596401121,0.01486047933657994,0.013248814473150121,0.0005725887781370952
93.2,0.6304938906117696,0.32561665561270176,0.01852744924733089,0.013747237901612324,0.010861103674923595,0.0007536629516625137,0.09609540505703872,0.6279535454052576,0.3262542684071321,0.017080439874631405,0.014873330954685793,0.01326464250222152,0.0005737728560714842
93.30000000000001,0.6302816938648017,0.32577138218100354,0.018557262136653378,0.013758907345261891,0.010875592126599914,0.0007551623456802792,0.09605075311840874,0.6277387951410232,0.32641011170131223,0.01710948514256254,0.014886181175407727,0.013280468785382384,0.0005749580543118772
93.4,0.6300697379269954,0.32592585748160396,0.018587085347672273,0.013770575986246869,0.010890080258191494,0.0007566629992907668,0.09600615398501021,0.6275242919842484,0.32656569857945683,0.017138541741969042,0.014899030004327726,0.013296293317450426,0.0005761443725477534
93.5,0.6298580224771554,0.3260800818624817,0.018616918856196193,0.013782243830014385,0.010904568062238974,0.0007581649119140686,0.09596160758413869,0.6273100356011457,0.32672102940106157,0.01716760964705273,0.014911877447004347,0.013312116093266888,0.0005773318104686848
93.60000000000001,0.6296465471945233,0.32623405567114033,0.018646762638068505,0.013793910881987038,0.0109190555313108,0.0007596680829707431,0.0959171138431605,0.6270960256583882,0.32687610452512533,0.017196688832052873,0.014924723508972835,0.013327937107696405,0.0005785203677643315
93.7,0.6294353117587768,0.32638777925460877,0.018676616669167295,0.013805577147562987,0.010933542658003136,0.0007611725118818153,0.0958726726895128,0.6268822618231067,0.3270309243101505,0.017225779271246036,0.014937568195745217,0.013343756355626925,0.0005797100441244462
93.80000000000001,0.6292243158500288,0.32654125295944203,0.01870648092540532,0.013817242632116039,0.010948029434939789,0.000762678198068777,0.0958282840507031,0.626668743762891,0.32718548911414413,0.017254880938946116,0.014950411512810341,0.013359573831969665,0.0005809008392388714
93.9,0.6290135591488274,0.32669447713172206,0.018736355382729948,0.013828907340995716,0.010962515854772098,0.0007641851409535843,0.09578394785430926,0.6264554711457875,0.3273397992946179,0.017283993809504225,0.01496325346563398,0.013375389531659,0.0005820927527975412
94.0,0.6288030413361547,0.326847452117058,0.018766240017123126,0.013840571279527354,0.01097700191017887,0.0007656933399586594,0.09573966402797932,0.6262424436403002,0.3274938552085895,0.017313117857308685,0.014976094059658907,0.013391203449652398,0.0005832857844904801
94.10000000000001,0.628592762093427,0.3270001782605872,0.01879613480460133,0.01385223445301218,0.010991487593866287,0.0007672027945068891,0.0956954324994315,0.6260296609153889,0.32764765721258304,0.017342253056784947,0.01498893330030494,0.013407015580930343,0.0005844799340078029
94.2,0.6283827211024929,0.3271526559069755,0.0188260397212155,0.013863896866727378,0.011005972898567811,0.0007687135040216239,0.09565125319645379,0.62581712264047,0.3278012056626297,0.017371399382395555,0.01500177119296907,0.013422825920496269,0.0005856752010397167
94.30000000000001,0.6281729180456345,0.32730488540041824,0.01885595474305102,0.01387555852592619,0.01102045781704411,0.0007702254679266783,0.095607126046904,0.625604828485413,0.32795450091426864,0.017400556808640083,0.015014607743025505,0.013438634463376469,0.0005868715852765183
94.4,0.627963352605565,0.3274568670846407,0.018885879846227648,0.013887219435837986,0.011034942342082967,0.00077173868564633,0.09556305097870964,0.6253927781205433,0.32810754332254727,0.017429725310055096,0.015027442955825736,0.01345444120462002,0.000588069086408597
94.5,0.6277540244654295,0.3276086013028988,0.018915815006899487,0.013898879601668353,0.011049426466499195,0.0007732531566053195,0.09551902791986787,0.6251809712166396,0.3282603332420224,0.017458904861214094,0.01504027683669864,0.01347024613929871,0.000589267704126432
94.60000000000001,0.6275449333088035,0.3277600883979796,0.018945760201254925,0.013910539028599166,0.011063910183134552,0.0007747688802288502,0.09547505679844545,0.6249694074449343,0.3284128710267602,0.017488095436727438,0.015053109390950536,0.013486049262506971,0.0005904674381205939
94.7,0.6273360788196929,0.3279113287122022,0.01897571540551659,0.013922197721788668,0.011078393484857656,0.0007762858559425865,0.09543113754257872,0.6247580864771111,0.3285651570303377,0.017517297011242362,0.01506594062386527,0.013501850569361772,0.0005916682880817443
94.80000000000001,0.6271274606825331,0.32806232258741813,0.019005680595941314,0.013933855686371562,0.011092876364563908,0.0007778040831726551,0.09538727008047335,0.6245470079853062,0.32871719160584334,0.017546509559442827,0.015078770540704285,0.01351765005500261,0.0005928702537006378
94.9,0.6269190785821884,0.32821307036501207,0.01903565574882006,0.013945512927459072,0.011107358815175388,0.0007793235613456426,0.09534345434040459,0.6243361716421071,0.3288689751058772,0.017575733056049578,0.015091599146706691,0.013533447714591345,0.0005940733346681177
95.0,0.6267109322039517,0.3283635723859026,0.019065640840477908,0.01395716945013904,0.011121840829640791,0.0007808442898885971,0.09529969025071708,0.6241255771205517,0.32902050788255155,0.017604967475819994,0.015104426447089358,0.0135492435433122,0.0005952775306751203
95.10000000000001,0.6265030212335435,0.32851382899054266,0.019095635847273994,0.013968825259475997,0.011136322400935336,0.0007823662682290266,0.09525597773982494,0.6239152240941284,0.3291717902874924,0.01763421279354811,0.01511725244704696,0.013565037536371638,0.0005964828414126734
95.2,0.6262953453571118,0.32866384051892034,0.01912564074560145,0.01398048036051124,0.01115080352206068,0.0007838894957948983,0.09521231673621183,0.623705112236774,0.3293228226718394,0.0176634689840645,0.015130077151752085,0.013580829688998335,0.0005976892665718953
95.30000000000001,0.6260879042612312,0.3288136073105594,0.019155655511887387,0.013992134758262918,0.011165284186044842,0.000785413972014639,0.09516870716843094,0.6234952412228747,0.3294736053862464,0.017692736022236324,0.015142900566355262,0.013596619996443049,0.0005988968058439962
95.4,0.6258806976329022,0.32896312970452,0.01918568012259281,0.014003788457726095,0.011179764385942103,0.0007869396963171337,0.09512514896510497,0.6232856107272652,0.32962413878088365,0.01772201388296717,0.015155722695985106,0.013612408453978595,0.0006001054589202777
95.5,0.6256737251595511,0.32911240803939923,0.019215714554212615,0.014015441463872846,0.011194244114832946,0.0007884666681317261,0.09508164205492625,0.6230762204252268,0.32977442320543593,0.01775130254119706,0.0151685435457483,0.01362819505689975,0.000601315225492134
95.60000000000001,0.6254669865290288,0.32926144265333174,0.01924575878327551,0.014027093781652332,0.011208723365823962,0.000789994886888218,0.09503818636665687,0.6228670699924886,0.3299244590091051,0.017780601971902385,0.01518136312072973,0.01364397980052316,0.0006025261052510492
95.7,0.6252604814296105,0.3294102338839905,0.01927581278634397,0.014038745415990862,0.011223202132047758,0.0007915243520168672,0.0949947818291287,0.6226581591052249,0.3300742465406107,0.017809912150095874,0.015194181425992567,0.013659762680187319,0.0006037380978886005
95.80000000000001,0.6250542095499957,0.3295587820685873,0.019305876540014217,0.01405039637179199,0.011237680406662898,0.0007930550629483899,0.09495142837124365,0.622449487440057,0.3302237861481893,0.017839233050826537,0.01520699846657828,0.013675543691252446,0.000604951203096456
95.9,0.6248481705793065,0.3297070875438735,0.019335950020916145,0.014062046653936577,0.011252158182853798,0.0007945870191139576,0.09490812592197338,0.6222410546740501,0.3303730781795969,0.017868564649179568,0.015219814247506782,0.013691322829100431,0.0006061654205663762
96.0,0.624642364207088,0.32985515064614057,0.01936603320571329,0.014073696267282882,0.011266635453830661,0.0007961202199451985,0.09486487441035994,0.6220328604847143,0.3305221229821082,0.01789790692027637,0.015232628773776414,0.013707100089134772,0.0006073807499902128
96.10000000000001,0.6244367901233069,0.33000297171122067,0.019396126071102793,0.014085345216666628,0.01128111221282939,0.0007976546648741964,0.09482167376551567,0.6218249045500032,0.3306709209025176,0.017927259839274474,0.015245442050364114,0.013722875466780478,0.0006085971910599093
96.2,0.6242314480183518,0.3301505510744873,0.019426228593815306,0.014096993506901077,0.011295588453111497,0.0007991903533334888,0.09477852391662321,0.6216171865483144,0.3308194722871409,0.01795662338136742,0.015258254082225411,0.013738648957484029,0.0006098147434675022
96.30000000000001,0.624026337583032,0.33029788907085617,0.01945634075061502,0.01410864114277712,0.011310064167964042,0.0008007272847560698,0.09473542479293592,0.6214097061584878,0.33096777748181433,0.01798599752178486,0.015271064874294535,0.01375442055671327,0.0006110334069051182
96.4,0.6238214585085772,0.33044498603478545,0.01948646251829954,0.014120288129063333,0.01132453935069953,0.0008022654585753859,0.09469237632377796,0.6212024630598046,0.33111583683189616,0.018015382235792358,0.015283874431484497,0.013770190259957373,0.0006122531810649774
96.5,0.6236168104866366,0.3305918423002766,0.019516593873699917,0.014131934470506072,0.011339013994655853,0.0008038048742253384,0.0946493784385445,0.6209954569319878,0.33126365068226765,0.018044777498691413,0.015296682758687119,0.013785958062726728,0.0006134740656393914
96.60000000000001,0.6234123932092789,0.3307384582008751,0.019546734793680545,0.014143580171829543,0.011353488093196197,0.0008053455311402817,0.09460643106670166,0.6207886874552013,0.3314112193773326,0.018074183285819403,0.015309489860773141,0.013801723960552908,0.0006146960603207634
96.7,0.6232082063689909,0.3308848340696707,0.01957688525513913,0.014155225237735864,0.01136796163970896,0.0008068874287550223,0.09456353413778738,0.6205821543100495,0.3315585432610187,0.01810359957254953,0.015322295742592274,0.013817487948988582,0.0006159191648015901
96.80000000000001,0.6230042496586778,0.33103097023929834,0.019607045235006667,0.014166869672905159,0.011382434627607681,0.0008084305665048201,0.09452068758141075,0.6203758571775753,0.331705622676779,0.018133026334290765,0.015335100408973288,0.013833250023607439,0.0006171433787744581
96.9,0.6228005227716624,0.3311768670419388,0.019637214710247347,0.014178513481995619,0.011396907050330949,0.0008099749438253857,0.0944778913272531,0.6201697957392611,0.3318524579675909,0.018162463546487786,0.015347903864724032,0.013849010180004112,0.0006183687019320479
97.0,0.622597025401684,0.3313225248093192,0.019667393657858565,0.014190156669643584,0.011411378901342336,0.0008115205601528819,0.09443514530506754,0.6199639696770286,0.3319990494759577,0.018191911184620983,0.015360706114631598,0.013864768413794137,0.000619595133967132
97.10000000000001,0.6223937572428984,0.3314679438727135,0.01969758205487085,0.01420179924046362,0.011425850174130314,0.0008130674149239226,0.09439244944467966,0.6197583786732354,0.33214539754390954,0.01822136922420634,0.015373507163462292,0.013880524720613857,0.0006208226745725747
97.2,0.6221907179898769,0.33161312456294345,0.019727779878347805,0.014213441199048583,0.011440320862208173,0.0008146155075755717,0.0943498036759877,0.6195530224106778,0.3322915025130036,0.018250837640795426,0.01538630701596176,0.013896279096120356,0.0006220513234413325
97.30000000000001,0.6219879073376064,0.331758067210379,0.019757987105386093,0.014225082549969698,0.011454790959113946,0.0008161648375453438,0.09430720792896273,0.6193479005725873,0.33243736472432434,0.01828031640997533,0.015399105676855044,0.013912031535991383,0.0006232810802664551
97.4,0.6217853249814883,0.33190277214493874,0.019788203713115356,0.014236723297776636,0.011469260458410322,0.0008177154042712022,0.0942646621336489,0.6191430128426327,0.3325829845184856,0.018309805507368635,0.015411903150846656,0.01392778203592532,0.0006245119447410839
97.5,0.6215829706173377,0.3320472396960909,0.019818429678698204,0.014248363446997585,0.011483729353684587,0.0008192672071915604,0.09422216622016374,0.6189383589049173,0.3327283622356293,0.01833930490863333,0.015424699442620617,0.013943530591641062,0.0006257439165584515
97.60000000000001,0.6213808439413835,0.3321914701928537,0.019848664979330157,0.014260003002139324,0.01149819763854853,0.0008208202457452803,0.09417972011869875,0.6187339384439788,0.332873498215428,0.018368814589462785,0.015437494556840584,0.013959277198877957,0.0006269769954118854
97.7,0.6211789446502675,0.3323354639637961,0.01987890959223958,0.014271641967687286,0.011512665306638366,0.0008223745193716716,0.09413732375951933,0.6185297511447899,0.33301839279708384,0.018398334525585723,0.015450288498149854,0.013975021853395771,0.000628211180994804
97.80000000000001,0.6209772724410437,0.3324792213370383,0.01990916349468768,0.014283280348105653,0.011527132351614667,0.0008239300275104925,0.09409497707296507,0.6183257966927564,0.3331630463193306,0.018427864692766107,0.015463081271171483,0.013990764550974612,0.0006294464730007186
97.9,0.6207758270111782,0.33262274264025227,0.019939426663968415,0.014294918147837404,0.011541598767162277,0.0008254867696019481,0.09405267998945027,0.6181220747737166,0.3333074591204337,0.018457405066803167,0.015475872880508319,0.014006505287414813,0.0006306828711232329
98.0,0.6205746080585479,0.33276602820066276,0.019969699077408483,0.014306555371304406,0.011556064546990243,0.0008270447450866907,0.09401043243946453,0.6179185850739423,0.3334516315381906,0.018486955623531295,0.0154886633307431,0.014022244058536918,0.0006319203750560434
98.10000000000001,0.6203736152814407,0.33290907834504746,0.019999980712367263,0.014318192022907478,0.011570529684831733,0.000828603953405819,0.0939682343535722,0.6177153272801353,0.33359556390993134,0.018516516338820024,0.01550145262643849,0.014037980860181593,0.0006331589844929387
98.2,0.6201728483785546,0.33305189339973784,0.02003027154623677,0.014329828107026458,0.011584994174443954,0.0008301643940008778,0.09392608566241384,0.6175123010794306,0.33373925657252107,0.018546087188573975,0.015514240772137169,0.014053715688209553,0.0006343986991278013
98.30000000000001,0.619972307048997,0.3331944736906198,0.020060571556441614,0.014341463628020289,0.011599458009608092,0.0008317260663138574,0.0938839862967054,0.6173095061593915,0.33388270986235763,0.018575668148732787,0.015527027772361899,0.014069448538501507,0.0006356395186546042
98.4,0.6197719909922842,0.3333368195431339,0.02009088072043895,0.014353098590227072,0.011613921184129222,0.0008332889697871931,0.09384193618723966,0.6171069422080137,0.3340259241153745,0.018605259195271104,0.015539813631615567,0.014085179406958083,0.0006368814427674153
98.5,0.6195718999083413,0.3334789312822766,0.020121199015718447,0.014364732997964152,0.011628383691836233,0.0008348531038637653,0.09379993526488584,0.6169046089137191,0.33416889966704083,0.018634860304198527,0.015552598354381298,0.014100908289499753,0.0006381244711603943
98.60000000000001,0.6193720334975009,0.33362080923260046,0.02015152641980223,0.014376366855528188,0.011642845526581767,0.0008364184679868985,0.09375798346059017,0.616702505965362,0.33431163685236137,0.018664471451559493,0.01556538194512246,0.014116635182066791,0.0006393686035277934
98.7,0.6191723914605033,0.3337624537182146,0.020181862910244833,0.014388000167195216,0.01165730668224212,0.0008379850616003608,0.0937160807053763,0.6165006330522221,0.3344541360058784,0.018694092613433327,0.0155781644082828,0.014132360080619178,0.0006406138395639581
98.80000000000001,0.6189729734984952,0.33390386506278574,0.020212208464633168,0.014399632937220722,0.01167176715271719,0.000839552884148364,0.09367422693034569,0.6162989898640082,0.33459639746167136,0.018723723765934126,0.015590945748286459,0.014148082981136548,0.0006418601789633269
98.9,0.6187737793130298,0.3340450435895384,0.020242563060586465,0.014411265169839715,0.011686226931930383,0.0008411219350755622,0.09363242206667775,0.6160975760908554,0.33473842155335753,0.018753364885210747,0.015603725969538032,0.014163803879618126,0.0006431076214204303
99.0,0.6185748086060658,0.3341859896212559,0.02027292667575625,0.014422896869266798,0.011700686013828555,0.0008426922138270528,0.09359066604563064,0.6158963914233246,0.3348802086140935,0.018783015947446736,0.015616505076422683,0.01417952277208265,0.0006443561666298929
99.10000000000001,0.618376061079967,0.3343267034802805,0.020303299287826277,0.014434528039696238,0.01171514439238193,0.0008442637198483746,0.09354895879854097,0.6156954355524041,0.3350217589765747,0.018812676928860284,0.01562928307330618,0.014195239654568316,0.0006456058142864312
99.2,0.618177536437502,0.33446718548851434,0.02033368087451249,0.014446158685302024,0.011729602061584016,0.0008458364525855081,0.0935073002568249,0.6154947081695064,0.335163072973037,0.018842347805704197,0.01564205996453496,0.01421095452313271,0.0006468565640848551
99.30000000000001,0.617979234381843,0.33460743596742004,0.020364071413562994,0.014457788810237956,0.011744059015451554,0.0008474104114848751,0.09346569035197819,0.6152942089664681,0.33530415093525684,0.01887202855426581,0.01565483575443618,0.014226667373852746,0.0006481084157200677
99.4,0.6177811546165659,0.334747455238021,0.020394470882757997,0.014469418418637699,0.011758515248024423,0.0008489855959933378,0.09342412901557635,0.6150939376355518,0.33544499319455173,0.018901719150866997,0.015667610447317824,0.014242378202824557,0.0006493613688870643
99.5,0.6175832968456496,0.3348872436209025,0.020424879259909757,0.01448104751461486,0.011772970753365574,0.0008505620055581989,0.09338261617927533,0.614893893869441,0.3355856000817815,0.018931419571864064,0.01568038404746873,0.014258087006163527,0.0006506154232809353
99.60000000000001,0.6173856607734749,0.3350268014362117,0.02045529652286257,0.014492676102263057,0.011787425525560965,0.000852139639627201,0.09334115177481182,0.6146940773612447,0.3357259719273481,0.018961129793647714,0.01569315655915866,0.014273793780004108,0.0006518705785968613
99.7,0.6171882461048249,0.3351661290036587,0.02048572264949269,0.014504304185655981,0.011801879558719473,0.0008537184976485256,0.0932997357340037,0.6144944878044918,0.33586610906119696,0.018990849792643046,0.015705927986638408,0.014289498520499858,0.0006531268345301183
99.80000000000001,0.616991052544884,0.33530522664251694,0.020516157617708308,0.01451593176884747,0.011816332846972831,0.0008552985790707937,0.09325836798875027,0.6142951248931342,0.3360060118128173,0.019020579545309446,0.01571869833413976,0.014305201223823297,0.000654384190776074
99.9,0.6167940797992368,0.33544409467162384,0.02054660140544949,0.014527558855871573,0.011830785384475549,0.0008568798833430638,0.09321704847103263,0.6140959883215449,0.33614568051124266,0.019050319028140594,0.015731467605875703,0.014320901886165912,0.0006556426470301906
100.0,0.6165973275738685,0.33558273340938133,0.02057705399068816,0.014539185450742625,0.011845237165404851,0.0008584624099148334,0.09317577711291428,0.6138970777845173,0.3362851154850518,0.01908006821766436,0.015744235806040365,0.014336600503738027,0.0006569022029880226
100.10000000000001,0.6164007955751637,0.3357211431737566,0.020607515351428043,0.014550811557455313,0.011859688183960597,0.0008600461582360375,0.09313455384654103,0.6136983929772648,0.33642431706236925,0.01910982709044281,0.015757002938809127,0.014352297072768787,0.0006581628583452175
100.2,0.6162044835099062,0.3358593242822825,0.0206379854657046,0.014562437179984735,0.011874138434365208,0.0008616311277570476,0.09309337860414214,0.6134999335954199,0.3365632855708656,0.0191395956230721,0.015769769008338708,0.014367991589506074,0.0006594246127975177
100.30000000000001,0.6160083910852782,0.3359972770520583,0.020668464311585026,0.01457406232228648,0.0118885879108636,0.0008632173179286726,0.09305225131802992,0.6133016993350342,0.3367020213377588,0.019169373792182497,0.015782534018767183,0.014383684050216445,0.0006606874660407566
100.4,0.6158125180088599,0.3361350017997501,0.020698951867168167,0.01458568698829668,0.011903036607723107,0.000864804728202157,0.09301117192060059,0.6131036898925779,0.3368405246898138,0.01919916157443828,0.015795297974214077,0.01439937445118506,0.0006619514177708623
100.5,0.6156168639886292,0.33627249884159166,0.020729448110584497,0.014597311181932093,0.011917484519233412,0.0008663933580291816,0.09297014034433433,0.6129059049649377,0.3369787959533445,0.019228958946537717,0.015808060878780426,0.01441506278871565,0.0006632164676838558
100.60000000000001,0.6154214287329607,0.33640976849338483,0.020759953019996086,0.014608934907090162,0.01193193163970648,0.0008679832068618625,0.09292915652179604,0.612708344249419,0.3371168354542132,0.019258765885213015,0.01582082273654881,0.014430749059130419,0.0006644826154758523
100.7,0.6152262119506253,0.3365468110705,0.02079046657359652,0.014620558167649081,0.011946377963476482,0.0008695742741527503,0.09288822038563521,0.6125110074437417,0.3372546435178315,0.019288582367230238,0.01583358355158346,0.014446433258769988,0.0006657498608430594
100.80000000000001,0.6150312133507898,0.33668362688787706,0.020820988749610907,0.014632180967467863,0.011960823484899729,0.0008711665593548309,0.0928473318685868,0.6123138942460439,0.3373922204691616,0.01931840836938934,0.015846343327930293,0.014462115383993364,0.0006670182034817778
100.9,0.6148364326430161,0.3368202162600257,0.020851519526295777,0.014643803310386403,0.011975268198354587,0.0008727600619215232,0.09280649090347128,0.6121170043548769,0.33752956663271605,0.019348243868524025,0.01585910206961697,0.014477795431177823,0.0006682876430884031
101.0,0.6146418695372613,0.336956579501026,0.020882058881939086,0.014655425200225551,0.01198971209824143,0.0008743547813066806,0.09276569742319503,0.6119203374692085,0.3376666823325585,0.019378088841501776,0.01587185978065298,0.01449347339671889,0.0006695581793594234
101.10000000000001,0.6144475237438762,0.3370927169245293,0.02091260679486017,0.014667046640787176,0.012004155178982557,0.0008759507169645898,0.09272495136075067,0.6117238932884196,0.3378035678923055,0.019407943265223746,0.01588461646502968,0.01450914927703028,0.0006708298119914202
101.2,0.6142533949736058,0.33722862884375837,0.020943163243409654,0.014678667635854218,0.012018597435022113,0.000877547868349969,0.09268425264921777,0.6115276715123054,0.33794022363512477,0.019437807116624777,0.01589737212672036,0.014524823068543784,0.0006721025406810689
101.30000000000001,0.6140594829375875,0.33736431557150837,0.020973728205969475,0.014690288189190775,0.012033038860826042,0.0008791462349179701,0.09264360122176261,0.6113316718410736,0.33807664988373826,0.01946768037267328,0.01591012676968031,0.014540494767709274,0.0006733763651251381
101.4,0.6138657873473519,0.33749977742014714,0.02100430166095278,0.014701908304542155,0.012047479450881995,0.0008807458161241759,0.09260299701163892,0.6111358939753452,0.33821284696042175,0.01949756301037126,0.015922880397846912,0.014556164370994601,0.0006746512850204907
101.5,0.6136723079148214,0.33763501470161594,0.021034883586803936,0.01471352798563494,0.012061919199699274,0.000882346611424601,0.09256243995218812,0.6109403376161519,0.3383488151870047,0.019527455006754218,0.01593563301513962,0.01457183187488554,0.0006759273000640823
101.60000000000001,0.6134790443523102,0.33777002772743003,0.021065473961998447,0.014725147236177061,0.012076358101808763,0.0008839486202756914,0.09252192997683979,0.6107450024649381,0.33848455488487184,0.0195573563388911,0.01594838462546011,0.014587497275885743,0.0006772044099529621
101.7,0.613285996372523,0.3379048168086792,0.021096072765042915,0.014736766059857848,0.012090796151762851,0.0008855518421343225,0.0924814670191116,0.6105498882235582,0.33862006637496406,0.019587266983884327,0.01596113523269227,0.01460316057051666,0.0006784826143842741
101.80000000000001,0.6130931636885554,0.33803938225602836,0.02112667997447504,0.014748384460348108,0.012105233344135375,0.0008871562764578012,0.09244105101261017,0.610354994594277,0.33875534997777823,0.019617186918869652,0.015973884840702324,0.014618821755317457,0.0006797619130552546
101.9,0.6129005460138927,0.33817372437971827,0.021157295568863515,0.014760002441300182,0.012119669673521532,0.0008887619227038627,0.09240068189103093,0.610160321279769,0.3388904060133677,0.019647116121016155,0.015986633453338808,0.014634480826845046,0.0006810423056632344
102.0,0.6127081430624097,0.33830784348956583,0.021187919526808027,0.014771620006348006,0.012134105134537835,0.0008903687803306724,0.09236035958815884,0.6099658679831176,0.3390252348013437,0.019677054567526227,0.015999381074432755,0.014650137781673914,0.0006823237919056373
102.10000000000001,0.61251595454837,0.3384417398949648,0.02121855182693921,0.014783237159107189,0.012148539721822034,0.0008919768487968244,0.09232008403786843,0.6097716344078151,0.33915983666087574,0.019707002235635464,0.016012127707797617,0.01466579261639612,0.000683606371479982
102.2,0.6123239801864256,0.33857541390488644,0.02124919244791857,0.014794853903175054,0.012162973430033037,0.0008935861275613405,0.09227985517412393,0.6095776202577616,0.33929421191069103,0.01973695910261269,0.016024873357229418,0.01468144532762126,0.0006848900440838794
102.30000000000001,0.6121322196916162,0.33870886582788007,0.021279841368438496,0.014806470242130726,0.012177406253850866,0.0008951966160836715,0.09223967293098025,0.6093838252372643,0.33942836086907774,0.01976692514575982,0.016037618026506772,0.014697095911976314,0.0006861748094150358
102.4,0.611940672779369,0.3388420959720735,0.021310498567222162,0.014818086179535173,0.012191838187976565,0.0008968083138236943,0.09219953724258248,0.6091902490510378,0.33956228385388243,0.019796900342411893,0.016050361719390956,0.014712744366105689,0.0006874606671712497
102.5,0.6117493391654976,0.33897510464517383,0.021341164023023534,0.014829701718931287,0.012206269227132152,0.000898421220241714,0.09215944804316673,0.6089968914042022,0.3396959811825131,0.019826884669937015,0.01606310443962599,0.014728390686671113,0.0006887476170504143
102.60000000000001,0.611558218566202,0.3391078921544679,0.021371837714627296,0.014841316863843936,0.012220699366060545,0.0009000353347984623,0.09211940526706022,0.6088037520022846,0.3398294531719386,0.019856878105736272,0.016075846190938634,0.014744034870351539,0.0006900356587505169
102.7,0.6113673106980679,0.3392404588068228,0.021402519620848808,0.014852931617780028,0.01223512859952549,0.0009016506569550959,0.09207940884868138,0.6086108305512156,0.33996270013868934,0.019886880627243708,0.0160885869770385,0.014759676913843183,0.0006913247919696375
102.80000000000001,0.6111766152780662,0.3393728049086865,0.021433209720534085,0.014864545984228579,0.0122495569223115,0.0009032671861731987,0.09203945872254053,0.608418126757332,0.3400957223988584,0.019916892211926322,0.01610132680161813,0.014775316813859372,0.0006926150164059517
102.9,0.6109861320235525,0.3395049307660885,0.02146390799255974,0.014876159966660763,0.01226398432922379,0.000904884921914779,0.0919995548232398,0.6082256403273731,0.34022852026810163,0.01994691283728392,0.016114065668352977,0.01479095456713055,0.0006939063317577266
103.0,0.6107958606522662,0.33963683668464034,0.021494614415832943,0.014887773568529992,0.012278410815088207,0.0009065038636422702,0.09195969708547344,0.6080333709684833,0.34036109406163834,0.01997694248084918,0.016126803580901523,0.014806590170404131,0.0006951987377233255
103.10000000000001,0.6106058008823307,0.33976852296953614,0.021525328969291387,0.014899386793271964,0.01229283637475117,0.0009081240108185307,0.09191988544402827,0.607841318388209,0.3404934440942523,0.02000698112018754,0.016139540542905322,0.014822223620444568,0.0006964922340012045
103.2,0.6104159524322523,0.33989998992555315,0.02155605163190323,0.014910999644304725,0.012307261003079592,0.0009097453629068419,0.09188011983378377,0.6076494822944991,0.340625570680292,0.020037028732897155,0.016152276557989054,0.014837854914033196,0.0006977868202899136
103.30000000000001,0.6102263150209198,0.3400312378570525,0.021586782382667077,0.014922612125028743,0.012321684694960828,0.0009113679193709096,0.0918404001897122,0.6074578623957033,0.3407574741336709,0.020067085296608892,0.016165011629760584,0.014853484047968187,0.000699082496288097
103.4,0.6100368883676042,0.34016226706797953,0.02161752120061191,0.014934224238826949,0.0123361074453026,0.0009129916796748624,0.09180072644687924,0.6072664584005749,0.34088915476786874,0.020097150788986246,0.016177745761811035,0.014869111019064562,0.0007003792616944932
103.5,0.6098476721919576,0.3402930778618644,0.021648268064797072,0.014945835989064815,0.012350529249032936,0.0009146166432832517,0.09176109854044354,0.607075270018266,0.3410206128959321,0.020127225187725292,0.01619047895771482,0.014884735824154014,0.0007016771162079336
103.60000000000001,0.6096586662140133,0.3404236705418229,0.021679022954312215,0.014957447379090414,0.012364950101100109,0.0009162428096610513,0.09172151640565772,0.6068842969583295,0.3411518488304738,0.020157308470554684,0.016203211221029686,0.014900358460084978,0.0007029760595273452
103.7,0.6094698701541855,0.34055404541055656,0.02170978584827725,0.014969058412234466,0.012379369996472558,0.0009178701782736561,0.09168197997786803,0.6066935389307174,0.34128286288367576,0.02018740061523557,0.016215942555296837,0.014915978923722475,0.000704276091351747
103.80000000000001,0.6092812837332677,0.3406842027703538,0.021740556725842318,0.014980669091810415,0.012393788930138845,0.0009194987485868838,0.09164248919251475,0.6065029956457823,0.3414136553672869,0.020217501599561545,0.01622867296404094,0.014931597211948094,0.0007055772113802539
103.9,0.6090929066724333,0.3408141429230899,0.021771335566187742,0.014992279421114483,0.012408206897107569,0.0009211285200669719,0.09160304398513244,0.6063126668142731,0.3415442265926259,0.020247611401358636,0.016241402450770163,0.014947213321659963,0.0007068794193120743
104.0,0.6089047386932344,0.34094386617022804,0.021802122348523995,0.015003889403425726,0.012422623892407315,0.0009227594921805792,0.0915636442913499,0.6061225521473383,0.34167457687058095,0.02027772999848524,0.016254131018976298,0.014962827249772647,0.0007081827148465097
104.10000000000001,0.6087167795176014,0.34107337281281963,0.021832917052091647,0.015015499042006103,0.012437039911086589,0.0009243916643947844,0.09152429004689061,0.6059326513565234,0.34180470651160993,0.02030785736883207,0.016266858672134732,0.01497843899321709,0.0007094870976829574
104.2,0.6085290288678428,0.3412026631515047,0.02186371965616132,0.015027108340100523,0.01245145494821374,0.0009260250361770854,0.09148498118757294,0.6057429641537699,0.3419346158257418,0.020337993490322108,0.016279585413704584,0.014994048548940604,0.0007107925675209071
104.30000000000001,0.6083414864666442,0.341331737486513,0.021894530140033674,0.01503871730093692,0.012465868998876927,0.0009276596069954006,0.0914457176493099,0.6055534902514171,0.3420643051225768,0.0203681383409106,0.016292311247128717,0.01500965591390677,0.0007120991240599432
104.4,0.6081541520370685,0.34146059611766405,0.02192534848303932,0.015050325927726295,0.012480282058184017,0.0009292953763180657,0.09140649936810988,0.6053642293621988,0.3421937747112875,0.020398291898584945,0.016305036175833804,0.015025261085095387,0.0007134067669997454
104.5,0.6079670253025544,0.3415892393443678,0.021956174664538832,0.015061934223662796,0.012494694121262554,0.0009309323436138359,0.09136732628007627,0.6051751811992446,0.3423230249006177,0.02042845414136474,0.01631776020323039,0.01504086405950246,0.000714715496040086
104.60000000000001,0.6077801059869169,0.3417176674656254,0.021987008663922673,0.015073542191923759,0.012509105183259676,0.0009325705083518844,0.09132819832140812,0.6049863454760787,0.3424520559988859,0.02045862504730164,0.016330483332712906,0.015056464834140075,0.0007160253108808316
104.7,0.6075933938143461,0.34184588078002953,0.02201785046061114,0.01508514983566977,0.012523515239342057,0.0009342098700018012,0.0912891154283998,0.6047977219066194,0.34258086831398327,0.020488804594479375,0.01634320556765979,0.015072063406036399,0.0007173362112219442
104.80000000000001,0.6074068885094066,0.3419738795857652,0.022048700034054382,0.015096757158044738,0.012537924284695856,0.0009358504280335941,0.09125007753744142,0.6046093102051782,0.34270946215337544,0.02051899276101367,0.016355926911433512,0.01508765977223559,0.0007186481967634782
104.9,0.607220589797038,0.34210166418060994,0.02207955736373228,0.015108364162175932,0.012552332314526633,0.0009374921819176872,0.09121108458501909,0.6044211100864607,0.3428378378241031,0.02054918952505224,0.016368647367380612,0.01510325392979777,0.0007199612672055841
105.0,0.607034497402553,0.3422292348619347,0.02211042242915447,0.015119970851174057,0.012566739324059306,0.0009391351311249213,0.0911721365077145,0.6042331212655639,0.34296599563278235,0.020579394864774704,0.01638136693883176,0.015118845875798929,0.0007212754222485047
105.10000000000001,0.6068486110516379,0.3423565919267043,0.022141295209860284,0.0151315772281333,0.01258114530853808,0.0009407792751265528,0.09113323324220571,0.6040453434579768,0.34309393588560516,0.02060960875839259,0.016394085629101832,0.01513443560733094,0.0007225906615925787
105.2,0.6066629304703518,0.34248373567147794,0.022172175685418686,0.015143183296131396,0.012595550263226384,0.0009424246133942534,0.09109437472526676,0.603857776379581,0.34322165888834033,0.02063983118414922,0.01640680344148998,0.015150023121501422,0.0007239069849382377
105.30000000000001,0.6064774553851259,0.3426106663924097,0.022203063835428267,0.015154789058229683,0.012609954183406812,0.0009440711454001103,0.09105556089376785,0.603670419746647,0.34334916494633366,0.020670062120319726,0.016419520379279604,0.015165608415433747,0.0007252243919860087
105.4,0.6062921855227632,0.34273738438524926,0.02223395963951717,0.015166394517473154,0.01262435706438106,0.0009457188706166245,0.09101679168467589,0.6034832732758381,0.34347645436450897,0.020700301545211,0.016432236445738498,0.015181191486266954,0.0007265428824365118
105.5,0.6061071206104379,0.3428638899453423,0.022264863077343083,0.015177999676890526,0.012638758901469867,0.0009473677885167116,0.09097806703505383,0.6032963366842051,0.34360352744736833,0.020730549437161617,0.016444951644118858,0.015196772331155713,0.0007278624559904629
105.60000000000001,0.6059222603756951,0.34299018336763115,0.022295774128593182,0.01518960453949429,0.012653159690012955,0.0009490178985737015,0.09093938688206146,0.6031096096891894,0.34373038449899274,0.02076080577454182,0.016457665977657344,0.015212350947270229,0.0007291831123486701
105.7,0.60573760454645,0.34311626494665526,0.02232669277298407,0.015201209108280761,0.012667559425368954,0.0009506692002613358,0.09090075116295501,0.6029230920086204,0.3438570258230427,0.020791070535753457,0.016470379449575117,0.015227927331796252,0.0007305048512120376
105.80000000000001,0.6055531528509874,0.3432421349765518,0.022357618990261792,0.015212813386230156,0.012681958102915366,0.0009523216930537708,0.09086215981508734,0.6027367833607162,0.34398345172275907,0.020821343699229954,0.016483092063077933,0.015243501481935004,0.0007318276722815629
105.9,0.6053689050179617,0.3433677937510562,0.022388552760201724,0.015224417376306625,0.012696355718048478,0.000953975376425574,0.09082361277590816,0.6025506834640829,0.34410966250096314,0.020851625243436273,0.016495803821356177,0.015259073394903079,0.0007331515752583386
106.0,0.6051848607763957,0.3434932415635027,0.022419494062608594,0.015236021081458327,0.012710752266183322,0.0009556302498517254,0.09078510998296392,0.6023647920377124,0.34423565846005777,0.02088191514686884,0.01650851472758486,0.015274643067932447,0.0007344765598435506
106.10000000000001,0.6050010198556803,0.34361847870682494,0.02245044287731641,0.015247624504617478,0.012725147742753608,0.000957286312807617,0.09074665137389788,0.6021791088009846,0.3443614399020272,0.020912213388055535,0.016521224784923773,0.015290210498270375,0.0007358026257384802
106.2,0.6048173819855746,0.3437435054735563,0.022481399184188417,0.015259227648700404,0.012739542143211654,0.0009589435647690507,0.09070823688645022,0.6019936334736643,0.34448700712843877,0.020942519945555627,0.016533933996517508,0.015305775683179361,0.0007371297726445018
106.30000000000001,0.6046339468962043,0.34386832215583085,0.022512362963117077,0.015270830516607608,0.012753935463028344,0.0009606020052122406,0.09066986645845802,0.6018083657759025,0.3446123604404422,0.020972834797959736,0.01654664236549542,0.015321338619937105,0.0007384580002630854
106.4,0.6044507143180624,0.3439929290453834,0.022543334194024014,0.015282433111223816,0.01276832769769305,0.0009622616336138104,0.09063154002785538,0.6016233054282348,0.3447375001387712,0.021003157923889786,0.016559349894971816,0.015336899305836456,0.0007397873082957949
106.5,0.6042676839820076,0.3441173264335505,0.022574312856859985,0.015294035435418034,0.012782718842713587,0.0009639224494507936,0.09059325753267328,0.6014384521515821,0.3448624265237435,0.02103348930199898,0.0165720565880459,0.015352457738185367,0.0007411176964442884
106.60000000000001,0.6040848556192646,0.34424151461127067,0.02260529893160483,0.01530563749204361,0.012797108893616148,0.000965584452200634,0.09055501891103986,0.601253805667248,0.3449871398952614,0.02106382891097173,0.016584762447801882,0.015368013914306778,0.0007424491644103181
106.7,0.6039022289614234,0.344365493869085,0.02263629239826742,0.015317239283938277,0.012811497845945237,0.000967247641341183,0.09051682410118002,0.6010693656969203,0.3451116405528129,0.02109417672952364,0.016597467477309027,0.01538356783153866,0.0007437817118957313
106.80000000000001,0.6037198037404385,0.34448926449713785,0.022667293236885665,0.015328840813924225,0.012825885695263628,0.0009689120163507024,0.09047867304141595,0.6008851319626689,0.3452359287954715,0.02112453273640142,0.016610171679621703,0.015399119487233886,0.0007451153386024691
106.9,0.6035375796886286,0.34461282678517724,0.022698301427526407,0.015340442084808134,0.012840272437152286,0.0009705775767078606,0.09044056567016674,0.6007011041869472,0.34536000492189756,0.021154896910382925,0.01662287505777938,0.015414668878760224,0.0007464500442325677
107.0,0.6033555565386765,0.34473618102255543,0.02272931695028544,0.015352043099381256,0.012854658067210326,0.000972244321891735,0.09040250192594844,0.6005172820925899,0.345483869230338,0.021185269230276995,0.01663557761480678,0.015430216003500254,0.0007477858284881566
107.10000000000001,0.6031737340236275,0.3448593274982295,0.02276033978528744,0.015363643860419446,0.01286904258105494,0.0009739122513818101,0.09036448174737433,0.6003336654028119,0.34560752201862754,0.02121564967492352,0.01664827935371384,0.015445760858851356,0.0007491226910714607
107.2,0.6029921118768904,0.34498226650076175,0.022791369912685922,0.015375244370683225,0.012883425974321345,0.0009755813646579767,0.09032650507315446,0.6001502538412109,0.34573096358418953,0.02124603822319334,0.01666098027749581,0.015461303442225637,0.000750460631684799
107.30000000000001,0.6028106898322357,0.34510499831832053,0.022822407312663218,0.015386844632917838,0.012897808242662729,0.000977251661200533,0.09028857184209607,0.5999670471317631,0.34585419422403485,0.02127643485398821,0.016673680389133277,0.015476843751049836,0.0007517996500305843
107.4,0.6026294676237961,0.3452275232386804,0.02285345196543042,0.015398444649853304,0.012912189381750183,0.0009789231404901827,0.09025068199310325,0.5997840449988252,0.3459772142347652,0.02130683954624077,0.016686379691592257,0.015492381782765368,0.0007531397458113252
107.5,0.6024484449860651,0.3453498415492229,0.022884503851227363,0.015410044424204468,0.012926569387272656,0.0009805958020080356,0.09021283546517696,0.5996012471671328,0.3461000239125709,0.02133725227891448,0.0166990781878242,0.015507917534828174,0.000754480918729624
107.60000000000001,0.6022676216538974,0.3454719535369371,0.022915562950322564,0.015421643958671061,0.012940948254936885,0.0009822696452356072,0.09017503219741524,0.5994186533618001,0.34622262355323324,0.0213676730310036,0.016711775880766055,0.015523451004708734,0.0007558231684881767
107.7,0.6020869973625074,0.3455938594884201,0.022946629243013186,0.015433243255937748,0.012955325980467343,0.0009839446696548165,0.09013727212901289,0.5992362633083201,0.34634501345212465,0.021398101781533146,0.016724472773340354,0.015538982189892022,0.0007571664947897749
107.80000000000001,0.6019065718474698,0.34571555968987744,0.022977702709625014,0.015444842318674185,0.012969702559606184,0.0009856208747479882,0.0900995551992615,0.5990540767325625,0.3464671939042089,0.021428538509558812,0.016737168868455183,0.015554511087877374,0.0007585108973373039
107.9,0.6017263448447182,0.34583705442712376,0.0230087833305124,0.015456441149535068,0.01298407798811318,0.0009872982599978507,0.0900618813475495,0.5988720933607741,0.3465891652040419,0.021458983194167003,0.016749864169004345,0.015570037696178558,0.0007598563758337436
108.0,0.6015463160905454,0.3459583439855834,0.02303987108605823,0.01546803975116019,0.012998452261765669,0.0009889768248875358,0.09002425051336206,0.5986903129195799,0.34671092764577244,0.021489435814474697,0.016762558677867287,0.01558556201232361,0.0007612029299821694
108.10000000000001,0.6013664853216022,0.34607942865029073,0.023070965956673878,0.015479638126174495,0.013012825376358495,0.000990656568900579,0.08998666263628091,0.5985087351359788,0.346832481523142,0.02151989634962946,0.016775252397909238,0.015601084033854882,0.0007625505594857494
108.2,0.6011868522748973,0.34620030870589086,0.023102067922799174,0.015491236277188123,0.013027197327703952,0.0009923374915209173,0.08994911765598448,0.598327359737346,0.3469538271294869,0.02155036477880942,0.016787945331981243,0.015616603758328901,0.0007638992640477476
108.30000000000001,0.6010074166877968,0.34632098443664017,0.02313317696490238,0.015502834206796476,0.013041568111631733,0.0009940195922328921,0.08991161551224766,0.5981461864514319,0.3470749647577366,0.021580841081223164,0.016800637482920166,0.015632121183316396,0.0007652490433715216
108.4,0.6008281782980235,0.3464414561264066,0.023164293063480106,0.015514431917580254,0.013055937723988867,0.0009957028705212452,0.08987415614494182,0.5979652150063621,0.3471958947004166,0.02161132523610975,0.016813328853548817,0.01564763630640217,0.0007665998971605239
108.5,0.6006491368436565,0.3465617240586704,0.02319541619905732,0.015526029412105518,0.01307030616063966,0.00099738732587112,0.08983673949403477,0.5977844451306349,0.34731661724964724,0.021641817222738637,0.016826019446675885,0.015663149125185176,0.0007679518251183018
108.60000000000001,0.600470292063131,0.34668178851652476,0.023226546352187294,0.015537626692923747,0.01308467341746565,0.000999072957768062,0.0897993654995907,0.5976038765531224,0.3474371326971449,0.021672317020409646,0.01683870926509614,0.01567865963727831,0.0007693048269484957
108.7,0.6002916436952376,0.34680164978267597,0.02325768350345154,0.01554922376257187,0.013099039490365541,0.0010007597656980164,0.08976203410176972,0.5974235090030704,0.34755744133422317,0.02170282460845295,0.01685139831159035,0.015694167840308474,0.0007706589023548428
108.80000000000001,0.6001131914791215,0.34692130813944433,0.02328882763345981,0.015560820623572344,0.013113404375255157,0.0010024477491473295,0.08972474524082841,0.5972433422100958,0.34767754345179214,0.021733339966228952,0.016864086588925395,0.015709673731916486,0.0007720140510411722
108.9,0.5999349351542826,0.34704076386876453,0.023319978722850018,0.015572417278433183,0.013127768068067373,0.0010041369076027465,0.08968749885711919,0.597063375904189,0.34779743934035984,0.02176386307312834,0.016876774099854296,0.01572517730975704,0.0007733702727114093
109.0,0.5997568744605747,0.34716001725218604,0.023351136752288244,0.015584013729648022,0.013142130564752075,0.001005827240551413,0.08965029489109061,0.5968836098157108,0.347917129290033,0.02179439390857198,0.016889460847116268,0.015740678571498662,0.0007747275670695738
109.10000000000001,0.5995790091382048,0.3472790685708739,0.02338230170246866,0.015595609979696163,0.013156491861276093,0.001007518747480873,0.08961313328328693,0.5967040436753923,0.34803661359051663,0.0218249324520109,0.016902146833436785,0.015756177514823652,0.0007760859338197792
109.2,0.5994013389277332,0.3473979181056089,0.02341347355411351,0.01560720603104263,0.013170851953623152,0.0010092114278790697,0.08957601397434826,0.5965246772143371,0.34815589253111495,0.021855478682926234,0.016914832061527576,0.015771674137428034,0.0007774453726662341
109.30000000000001,0.5992238635700725,0.3475165661367885,0.02344465228797307,0.015618801886138222,0.01318521083779382,0.0010109052812343443,0.08953893690501036,0.5963455101640163,0.3482749664007331,0.021886032580829187,0.01692751653408673,0.015787168437021503,0.0007788058833132408
109.4,0.5990465828064874,0.34763501294442706,0.023475837884825587,0.015630397547419548,0.013199568509805441,0.0010126003070354353,0.08950190201610443,0.5961665422562719,0.34839383548787556,0.021916594125261014,0.01694020025379874,0.015802660411327395,0.0007801674654651975
109.5,0.598869496378594,0.3477532588081565,0.023507030325477282,0.015641993017309102,0.013213924965692094,0.0010142965047714792,0.08946490924855718,0.5959877732233141,0.34851250008064916,0.021947163295792937,0.0169528832233345,0.015818150058082656,0.0007815301188265956
109.60000000000001,0.5986926040283596,0.34787130400722677,0.023538229590762284,0.015653588298215296,0.013228280201504536,0.0010159938739320096,0.08942795854339065,0.595809202797722,0.3486309604667608,0.021977740072026134,0.01696556544535138,0.015833637375037717,0.0007828938431020215
109.7,0.5985159054981019,0.34798914882050636,0.023569435661542584,0.015665183392532513,0.013242634213310137,0.0010176924140069558,0.08939104984172208,0.5956308307124416,0.3487492169335209,0.0220083244335917,0.016978246922493306,0.015849122359956544,0.0007842586379961563
109.80000000000001,0.5983394005304888,0.3481067935264829,0.023600648518708023,0.015676778302641164,0.013256986997192842,0.0010193921244866443,0.08935418308476382,0.5954526567007867,0.34886726976784166,0.022038916360150547,0.016990927657390763,0.015864605010616505,0.0007856245032137752
109.9,0.5981630888685381,0.34822423840326355,0.023631868143176235,0.01568837303090773,0.013271338549253105,0.0010210930048617966,0.08931735821382297,0.5952746804964385,0.34898511925623904,0.022069515831393487,0.017003607652660867,0.0158800853248084,0.000786991438459748
110.0,0.5979869702556161,0.34834148372857565,0.023663094515892616,0.015699967579684813,0.013285688865607843,0.0010227950546235298,0.08928057517030177,0.5950969018334438,0.34910276568483223,0.02210012282704105,0.01701628691090739,0.01589556330033637,0.0007883594434390395
110.10000000000001,0.5978110444354382,0.34845852977976716,0.023694327617830288,0.0157115619513112,0.013300037942390382,0.0010244982732633566,0.08924383389569687,0.5949193204462156,0.3492202093393457,0.02213073732684351,0.01702896543472082,0.0159110389350178,0.0007897285178567084
110.2,0.597635311152068,0.3485753768338071,0.023725567429990047,0.01572315614811189,0.013314385775750394,0.001026202660273183,0.08920713433159974,0.5947419360695314,0.3493374505051079,0.022161359310580876,0.017041643226678435,0.015926512226683415,0.0007910986614179078
110.30000000000001,0.5974597701499166,0.3486920251672864,0.023756813933400348,0.015734750172398157,0.013328732361853855,0.0010279082151453099,0.08917047641969603,0.5945647484385345,0.3494544894670532,0.02219198875806278,0.017054320289344286,0.01594198317317709,0.0007924698738278865
110.4,0.5972844211737425,0.34880847505641793,0.023788067109117232,0.015746344026467594,0.013343077696882985,0.001029614937372431,0.08913386010176583,0.5943877572887324,0.3495713265097217,0.022222625649128486,0.017066996625269275,0.015957451772355875,0.0007938421547919865
110.5,0.5971092639686509,0.34892472677703745,0.02381932693822434,0.015757937712604173,0.013357421777036204,0.001031322826447635,0.08909728531968342,0.594210962355996,0.3496879619172605,0.022253269963646828,0.017079672236991254,0.015972918022089926,0.0007952155040156453
110.60000000000001,0.5969342982800934,0.3490407806046038,0.023850593401832827,0.015769531233078275,0.013371764598528069,0.001033031881864402,0.089060752015417,0.5940343633765592,0.34980439597342267,0.02228392168151618,0.017092347127034963,0.015988381920262487,0.0007965899212043931
110.7,0.5967595238538671,0.3491566368141997,0.023881866481081346,0.01578112459014676,0.013386106157589226,0.0010347421031166048,0.08902426013102865,0.5938579600870195,0.3499206289615704,0.022314580782664406,0.017105021297912172,0.01600384346476978,0.000797965406063857
110.80000000000001,0.5965849404361149,0.3492722956805319,0.023913146157136012,0.01579271778605299,0.01340044645046636,0.0010364534896985089,0.08898780960867421,0.593681752224336,0.3500366611646728,0.0223452472470488,0.01711769475212167,0.016019302653521045,0.0007993419582997572
110.9,0.5964105477733244,0.34938775747793216,0.02394443241119035,0.01580431082302691,0.013414785473422137,0.0010381660411047705,0.08895140039060313,0.59350573952583,0.35015249286530836,0.022375921054656103,0.01713036749214935,0.016034759484438443,0.0008007195776179084
111.0,0.5962363456123274,0.3495030224803573,0.023975725224465273,0.01581590370328506,0.013429123222735156,0.001039879756830438,0.08891503241915813,0.5933299217291839,0.35026812434566446,0.022406602185502406,0.017143039520468202,0.016050213955456995,0.0008020982637242204
111.10000000000001,0.5960623337003,0.34961809096139007,0.02400702457820904,0.015827496429030665,0.0134434596946999,0.0010415946363709504,0.08887870563677525,0.593154298572441,0.3503835558875382,0.02243729061963313,0.017155710839538426,0.01606566606452458,0.0008034780163246967
111.2,0.5958885117847615,0.3497329631942395,0.024038330453697212,0.01583908900245364,0.013457794885626675,0.0010433106792221364,0.08884241998598376,0.5929788697940048,0.35049878777233734,0.02246798633712298,0.017168381451807425,0.01608111580960188,0.0008048588351254362
111.30000000000001,0.5957148796135743,0.34984763945174135,0.024069642832232625,0.01585068142573066,0.013472128791841568,0.0010450278848802158,0.08880617540940577,0.5928036351326389,0.3506138202810803,0.02249868931807592,0.017181051359709855,0.01609656318866228,0.000806240719832632
111.4,0.5955414369349432,0.3499621200063587,0.024100961695145334,0.01586227370102522,0.013486461409686387,0.0010467462528417969,0.08876997184975621,0.5926285943274658,0.350728653694397,0.022529399542625124,0.01719372056566771,0.016112008199691913,0.0008076236701525712
111.5,0.5953681834974154,0.35007640513018246,0.024132287023792606,0.015873865830487652,0.013500792735518621,0.0010484657826038783,0.08873380924984262,0.592453747117967,0.35084328829252887,0.02256011699093291,0.017206389072090312,0.016127450840689544,0.0008090076857916359
111.60000000000001,0.5951951190498794,0.3501904950949319,0.024163618799558858,0.0158854578162552,0.01351512276571138,0.0010501864736638471,0.08869768755256512,0.5922790932439816,0.35095772435533035,0.02259084164319074,0.01721905688137438,0.01614289110966655,0.0008103927664563021
111.7,0.595022243341565,0.3503043901719551,0.024194957003855617,0.01589704966045205,0.013529451496653343,0.0010519083255194782,0.08866160670091594,0.5921046324457083,0.35107196216226855,0.02262157347961917,0.017231723995904103,0.01615832900464689,0.0008117789118531415
111.80000000000001,0.5948495561220425,0.35041809063222945,0.024226301618121508,0.015908641365189387,0.013543778924748711,0.0010536313376689353,0.08862556663797967,0.5919303644637015,0.35118600199242384,0.02265231248046778,0.017244390418051134,0.016173764523667023,0.0008131661216888184
111.9,0.5946770571412227,0.3505315967463623,0.02425765262382219,0.015920232932565427,0.01355810504641716,0.001055355509610769,0.08858956730693272,0.5917562890388728,0.35129984412449133,0.02268305862601516,0.017257056150174668,0.016189197664775917,0.0008145543956700935
112.0,0.5945047461493557,0.3506449087845912,0.024289010002450335,0.01593182436466549,0.013572429858093779,0.0010570808408439175,0.08855360865104339,0.5915824059124906,0.3514134888367804,0.022713811896568875,0.017269721194621484,0.01620462842603495,0.0008159437335038207
112.10000000000001,0.5943326228970314,0.3507580270167847,0.024320373735525595,0.015943415663562024,0.013586753356229038,0.001058807330867706,0.08851769061367164,0.5914087148261784,0.35152693640721555,0.02274457227246539,0.01728238555372592,0.016220056805517875,0.0008173341348969486
112.2,0.5941606871351781,0.3508709517124426,0.02435174380459454,0.015955006831314657,0.013601075537288716,0.0010605349791818458,0.08848181313826874,0.5912352155219157,0.3516401871133367,0.02277533973407011,0.01729504922981008,0.016235482801310843,0.0008187255995565206
112.30000000000001,0.5939889386150627,0.35098368314069656,0.024383120191230647,0.015966597869970255,0.013615396397753868,0.0010622637852864343,0.08844597616837745,0.5910619077420368,0.35175324123230034,0.022806114261777206,0.0173077122251837,0.016250906411512254,0.0008201181271896747
112.4,0.5938173770882899,0.3510962215703107,0.02441450287703425,0.015978188781562947,0.01362971593412076,0.0010639937486819537,0.08841017964763144,0.5908887912292302,0.3518660990408794,0.022836895836009716,0.017320374542144287,0.016266327634232778,0.0008215117175036421
112.5,0.5936460023068018,0.35120856726968186,0.024445891843632505,0.01598977956811419,0.01364403414290084,0.0010657248688692724,0.08837442351975565,0.5907158657265378,0.35197876081546436,0.022867684437219416,0.017333036182977133,0.016281746467595327,0.0008229063702057503
112.60000000000001,0.5934748140228775,0.3513207205068404,0.02447728707267937,0.016001370231632808,0.013658351020620671,0.0010674571453496435,0.08833870772856543,0.5905431309773563,0.35209122683206323,0.022898480045886804,0.017345697149955392,0.01629716290973496,0.0008243020850034195
112.7,0.5933038119891327,0.35143268154945045,0.024508688545855528,0.016012960774115036,0.013672666563821883,0.0010691905776247037,0.08830303221796691,0.5903705867254336,0.3522034973663022,0.02292928264252107,0.017358357445340058,0.01631257695879884,0.0008256988616041658
112.80000000000001,0.5931329959585192,0.35154445066481055,0.024540096244868397,0.01602455119754457,0.013686980769061136,0.0010709251651964747,0.08826739693195673,0.5901982327148715,0.3523155726934266,0.022960092207660026,0.017371017071380085,0.016327988612946275,0.0008270966997155979
112.9,0.5929623656843241,0.351656028119854,0.024571510151452057,0.0160361415038926,0.013701293632910054,0.001072660907567361,0.08823180181462152,0.5900260686901225,0.35242745308830103,0.02299090872187013,0.01738367603031236,0.016343397870348563,0.0008284955990454213
113.0,0.5927919209201701,0.3517674141811497,0.024602930247367236,0.01604773169511788,0.013715605151955189,0.0010743978042401503,0.08819624681013813,0.5898540943959912,0.3525391388254099,0.02302173216574639,0.017396334324361818,0.01635880472918901,0.0008298955593014338
113.10000000000001,0.592621661420014,0.35187860911490215,0.024634356514401264,0.016059321773166747,0.013729915322797966,0.0010761358547180136,0.08816073186277322,0.5896823095776337,0.35265063017885806,0.02305256251991231,0.017408991955741422,0.016374209187662893,0.000831296580191529
113.2,0.5924515869381475,0.3519896131869523,0.024665788934368035,0.016070911739973187,0.013744224142054638,0.0010778750585045036,0.08812525691688335,0.5895107139805555,0.35276192742237134,0.023083399765019896,0.017421648926652197,0.016389611243977392,0.0008326986614236936
113.30000000000001,0.5922816972291954,0.352100426662778,0.024697227489107985,0.016082501597458863,0.013758531606356235,0.0010796154151035558,0.08808982191691418,0.5893393073506125,0.35287303082929694,0.02311424388174962,0.017434305239283368,0.016405010896351536,0.0008341018027060101
113.4,0.5921119920481165,0.35221104980749446,0.024728672160488022,0.01609409134753317,0.013772837712348513,0.0010813569240194865,0.08805442680740105,0.5891680894340104,0.3529839406726041,0.023145094850810344,0.017446960895812293,0.01642040814301623,0.0008355060037466543
113.5,0.5919424711502018,0.3523214828858546,0.024760122930401533,0.016105680992093283,0.01378714245669191,0.0010830995847569934,0.08801907153296848,0.5889970599773037,0.35309465722488464,0.0231759526529393,0.017459615898404546,0.01643580298221412,0.0008369112642538974
113.60000000000001,0.5917731342910753,0.3524317261622498,0.024791579780768323,0.01611727053302419,0.013801445836061502,0.0010848433968211554,0.08798375603832963,0.5888262187273953,0.353205180758353,0.023206817268902023,0.01747227024921399,0.016451195412199603,0.0008383175839361037
113.7,0.5916039812266923,0.3525417799007102,0.024823042693534563,0.016128859972198737,0.013815747847146937,0.0010865883597174308,0.08794848026828674,0.5886555654315366,0.35331551154484775,0.02323768867949237,0.017484923950382772,0.016466585431238804,0.0008397249625017323
113.80000000000001,0.5914350117133403,0.35265164436490526,0.0248545116506728,0.01614044931147769,0.013830048486652416,0.0010883344729516592,0.08791324416773041,0.5884850998373262,0.3534256498558309,0.023268566865532442,0.017497577004041396,0.016481973037609475,0.0008411333996593375
113.9,0.5912662255076375,0.3527613198181443,0.024885986634181873,0.01615203855270975,0.013844347751296613,0.0010900817360300584,0.0878780476816399,0.5883148216927103,0.35353559596238987,0.023299451807872535,0.017510229412308752,0.01649735822960099,0.0008425428951175673
114.0,0.5910976223665327,0.35287080652337693,0.024917467626086907,0.016163627697731633,0.013858645637812656,0.0010918301484592263,0.0878428907550826,0.5881447307459811,0.3536453501352361,0.023330343487391124,0.017522881177292123,0.01651274100551433,0.0008439534485851636
114.10000000000001,0.5909292020473049,0.3529801047431936,0.024948954608439274,0.016175216748368085,0.01387294214294806,0.0010935797097461396,0.08780777333321378,0.5879748267457771,0.3537549126447076,0.02336124188499481,0.017535532301087307,0.016528121363661958,0.0008453650597709629
114.2,0.5907609643075629,0.3530892147398259,0.02498044756331653,0.016186805706431932,0.01388723726346469,0.0010953304193981528,0.08777269536127676,0.5878051094410832,0.3538642837607682,0.023392146981618286,0.017548182785778584,0.016543499302367877,0.000846777728383897
114.30000000000001,0.5905929089052444,0.3531981367751474,0.02501194647282243,0.016198394573724132,0.013901530996138708,0.001097082276922999,0.08773765678460248,0.5876355785812283,0.35397346375300814,0.023423058758224317,0.0175608326334388,0.016558874819967515,0.0008481914541329901
114.4,0.5904250355986165,0.3533068711106737,0.025043451319086828,0.01620998335203381,0.01391582333776053,0.0010988352818287878,0.08770265754860929,0.5874662339158869,0.3540824528906449,0.02345397719580365,0.017573481846129384,0.016574247914807733,0.0008496062367273626
114.5,0.5902573441462741,0.3534154180075634,0.025074962084265698,0.016221572043138306,0.013930114285134777,0.0011005894336240075,0.08766769759880286,0.5872970751950779,0.354191251442524,0.02348490227537504,0.0175861304259004,0.01658961858524672,0.0008510220758762286
114.60000000000001,0.5900898343071401,0.3535237777266181,0.025106478750541075,0.01623316064880322,0.013944403835080237,0.0011023447318175227,0.08763277688077606,0.5871281021691627,0.3542998596771185,0.02351583397798514,0.01759877837479059,0.01660498682965402,0.0008524389712888956
114.7,0.5899225058404652,0.3536319505282832,0.025138001300120998,0.016244749170782443,0.013958691984429797,0.0011041011759185737,0.08759789534020854,0.5869593145888479,0.3544082778625311,0.023546772284708542,0.017611425694827397,0.01662035264641049,0.000853856922674766
114.80000000000001,0.5897553585058268,0.35373993667264847,0.025169529715239523,0.016256337610818218,0.013972978730030422,0.0011058587654367777,0.08756305292286663,0.586790712205181,0.3545165062664927,0.023577717176647667,0.017624072388027007,0.016635716033908184,0.0008552759297433369
114.9,0.5895883920631291,0.35384773641944817,0.02520106397815664,0.016267925970641164,0.013987264068743089,0.0011076174998821268,0.08752824957460342,0.5866222947695533,0.3546245451563648,0.023608668634932772,0.017636718456394446,0.016651076990550403,0.0008566959922041985
115.0,0.5894216062726021,0.35395535002806183,0.025232604071158266,0.01627951425197034,0.014001547997442751,0.0011093773787649887,0.08749348524135814,0.5864540620336974,0.3547323947991385,0.023639626640721882,0.017649363901923527,0.016666435514751575,0.0008581171097670369
115.10000000000001,0.5892550008948017,0.35406277775751466,0.0252641499765562,0.016291102456513263,0.014015830513018296,0.0011111384015961064,0.08745875986915637,0.5862860137496875,0.35484005546143604,0.02367059117520078,0.017662008726596963,0.0166817916049373,0.000859539282141631
115.2,0.5890885756906091,0.35417001986647795,0.025295701676688084,0.016302690585965972,0.014030111612372484,0.0011129005678865963,0.08742407340410938,0.586118149669938,0.3549475274095107,0.023701562219582934,0.01767465293238635,0.016697145259544233,0.0008609625090378548
115.30000000000001,0.5889223304212302,0.3542770766132697,0.025327259153917387,0.016314278642013055,0.014044391292421918,0.0011146638771479499,0.08738942579241457,0.585950469547205,0.35505481090924756,0.023732539755109517,0.017687296521252293,0.01671249647702009,0.0008623867901656758
115.4,0.5887562648481952,0.35438394825585495,0.025358822390633324,0.016325866626327703,0.014058669550096985,0.001116428328892031,0.08735481698035459,0.5857829731345832,0.3551619062261644,0.023763523763049278,0.017699939495144326,0.01672784525582356,0.0008638121252351562
115.5,0.5885903787333583,0.3544906350518464,0.02539039136925088,0.01633745454057174,0.014072946382341823,0.0011181939226310785,0.08732024691429789,0.5856156601855085,0.35526881362541113,0.02379451422469857,0.017712581856001074,0.01674319159442435,0.0008652385139564516
115.60000000000001,0.588424671838897,0.35459713725850484,0.025421966072210735,0.016349042386395674,0.014087221786114271,0.0011199606578777028,0.08728571554069774,0.5854485304537546,0.35537553337177114,0.023825511121381336,0.017725223605750184,0.016758535491303076,0.0008666659560398128
115.7,0.5882591439273122,0.35470345513273943,0.025453546481979228,0.016360630165438733,0.014101495758385818,0.0011217285341448867,0.08725122280609265,0.585281583693434,0.3554820657296619,0.023856514434448965,0.01773786474630844,0.016773876944951197,0.0008680944511955854
115.80000000000001,0.5880937947614269,0.3548095889311086,0.025485132581048356,0.016372217879328917,0.014115768296141567,0.0011234975509459863,0.08721676865710594,0.5851148196589974,0.35558841096313526,0.02388752414528037,0.017750505279581764,0.016789215953871086,0.0008695239991342061
115.9,0.5879286241043865,0.35491553890982014,0.025516724351935693,0.016383805529683024,0.014130039396380183,0.001125267707794728,0.08718235304044566,0.5849482381052334,0.3556945693358772,0.023918540235281893,0.01776314520746529,0.016804552516575883,0.0008709545995662088
116.0,0.5877636317196583,0.35502130532473186,0.025548321777184392,0.016395393118106703,0.014144309056113852,0.0011270390042052104,0.08714797590290425,0.5847818387872679,0.35580054111120996,0.023949562685887264,0.017775784531843357,0.016819886631589516,0.0008723862522022209
116.10000000000001,0.5875988173710304,0.35512688843135215,0.02557992483936314,0.01640698064619449,0.014158577272368238,0.001128811439691903,0.0871136371913583,0.5846156214605627,0.35590632655209065,0.02398059147855756,0.01778842325458956,0.016835218297446632,0.000873818956752963
116.2,0.5874341808226121,0.3552322884848402,0.0256115335210661,0.016418568115529844,0.014172844042182432,0.0011305850137696453,0.08707933685276872,0.5844495858809167,0.3560119259211135,0.02401162659478122,0.01780106137756683,0.016850547512692566,0.0008752527129292508
116.30000000000001,0.5872697218388331,0.3553375057400066,0.025643147804912912,0.016430155527685206,0.014187109362608915,0.0011323597259536476,0.08704507483418021,0.5842837318044642,0.35611733948050894,0.024042668016073906,0.017813698902627434,0.016865874275883336,0.0008766875204419921
116.4,0.5871054401844428,0.355442540451314,0.025674767673548624,0.01644174288422202,0.014201373230713507,0.0011341355757594888,0.08701085108272118,0.5841180589876753,0.3562225674921453,0.024073715723978584,0.01782633583161301,0.016881198585585545,0.0008781233790021918
116.5,0.5869413356245102,0.3555473928728773,0.025706393109643684,0.01645333018669078,0.01421563564357533,0.0011359125627031182,0.08697666554560364,0.5839525671873543,0.3563276102175284,0.02410476970006541,0.01783897216635462,0.016896520440376372,0.0008795602883209469
116.60000000000001,0.5867774079244236,0.35565206325846427,0.0257380240958939,0.01646491743663108,0.01422989659828676,0.0011376906863008543,0.08694251817012277,0.5837872561606405,0.3564324679178022,0.02413582992593168,0.01785160790867276,0.016911839838843555,0.0008809982481094487
116.7,0.5866136568498896,0.35575655186149596,0.02576966061502039,0.01647650463557164,0.014244156091953382,0.0011394699460693831,0.08690840890365718,0.5836221256650065,0.35653714085375005,0.024166896383201877,0.01786424306037749,0.016927156779585305,0.0008824372580789827
116.80000000000001,0.5864500821669335,0.35586085893504726,0.02580130264976956,0.016488091785030357,0.01425841412169395,0.0011412503415257598,0.08687433769366829,0.5834571754582588,0.356641629285794,0.024197969053527512,0.017876877623268336,0.01694247126121031,0.0008838773179409282
116.9,0.586286683641898,0.35596498473184734,0.025832950182913064,0.01649967888651433,0.01427267068464034,0.0011430318721874064,0.08684030448770018,0.5832924052985377,0.35674593347399636,0.024229047918587213,0.017889511599134416,0.01695778328233768,0.0008853184274067591
117.0,0.5861234610414431,0.3560689295042801,0.02586460319724778,0.01651126594151993,0.01428692577793751,0.0011448145375721132,0.08680630923337976,0.5831278149443143,0.35685005367805966,0.0242601329600866,0.017902144989754478,0.01697309284159692,0.0008867605861880439
117.10000000000001,0.5859604141325458,0.3561726935043846,0.025896261675595767,0.0165228529515328,0.014301179398743454,0.0011465983371980375,0.0867723518784163,0.5829634041543934,0.3569539901573272,0.02429122415975828,0.017914777796896895,0.016988399937627855,0.0008882037939964421
117.2,0.5857975426825,0.35627627698385556,0.025927925600804216,0.016534439918027933,0.014315431544229155,0.0011483832705837026,0.08673843237060107,0.5827991726879107,0.35705774317078365,0.024322321499361806,0.017927410022319724,0.017003704569080628,0.0008896480505437104
117.30000000000001,0.585634846458915,0.35637968019404387,0.025959594955745447,0.016546026842469686,0.014329682211578555,0.0011501693372479986,0.08670455065780783,0.5826351203043326,0.3571613129770551,0.02435342496068363,0.017940041667770752,0.017019006734615687,0.0008910933555416981
117.4,0.585472325229716,0.3564829033859571,0.025991269723316845,0.016557613726311825,0.014343931397988497,0.0011519565367101808,0.08667070668799177,0.5824712467634583,0.3572646998344109,0.024384534525537065,0.01795267273498753,0.017034306432903674,0.0008925397087023492
117.5,0.5853099787631437,0.3565859468102598,0.026022949886440844,0.01656920057099757,0.01435817910066869,0.0011537448684898711,0.08663690040919,0.5823075518254154,0.3573679040007622,0.02441565017576229,0.017965303225697393,0.01704960366262545,0.0008939871097376993
117.60000000000001,0.585147806827753,0.35668881071727415,0.026054635428064896,0.01658078737795964,0.014372425316841672,0.001155534332107056,0.086603131769521,0.5821440352506608,0.3574709257336638,0.02444677189322624,0.01797793314161751,0.017064898422472018,0.0008954355583598815
117.7,0.5849858091924136,0.3567914953569803,0.026086326331161407,0.016592374148620262,0.014386670043742751,0.001157324927082086,0.08656940071718473,0.5819806967999825,0.3575737652903142,0.02447789965982264,0.017990562484454926,0.01708019071114453,0.0008968850542811202
117.80000000000001,0.5848239856263089,0.3568940009790169,0.02611802257872774,0.016603960884391256,0.014400913278619979,0.0011591166529356768,0.0865357072004621,0.5818175362344971,0.3576764229275567,0.024509033457471914,0.018003191255906596,0.01709548052735421,0.0008983355972137342
117.9,0.5846623358989357,0.35699632783268154,0.026149724153786157,0.016615547586674034,0.014415155018734098,0.0011609095091889077,0.08650205116771502,0.5816545533156485,0.3577788989018785,0.024540173268121176,0.018015819457659392,0.017110767869822324,0.0008997871868701365
118.0,0.584500859780104,0.3570984761669312,0.026181431039383793,0.016627134256859657,0.01442939526135851,0.0011627034953632218,0.08646843256738623,0.5814917478052097,0.35788119346941294,0.024571319073744196,0.0180284470913902,0.017126052737280153,0.0009012398229628338
118.10000000000001,0.5843395570399365,0.35720044623038283,0.02621314321859262,0.01663872089632888,0.014443634003779224,0.001164498610980425,0.08643485134799904,0.5813291194652809,0.35798330688593827,0.024602470856341315,0.018041074158765907,0.01714133512846898,0.0009026935052044269
118.2,0.5841784274488677,0.35730223827131363,0.026244860674509415,0.016650307506452165,0.014457871243294817,0.0011662948555626865,0.0864013074581571,0.5811666680582896,0.3580852394068796,0.02463362859793951,0.018053700661443444,0.01715661504214001,0.0009041482333076097
118.30000000000001,0.5840174707776443,0.35740385253766166,0.026276583390255726,0.016661894088589747,0.014472106977216397,0.0011680922286325373,0.08636780084654432,0.58100439334699,0.35818699128730835,0.024664792280592235,0.01806632660106985,0.017171892477054328,0.0009056040069851708
118.4,0.5838566867973244,0.3575052892770262,0.026308311348977827,0.01667348064409166,0.014486341202867554,0.001169890729712871,0.08633433146192471,0.5808422950944616,0.35828856278194354,0.024695961886379476,0.018078951979282266,0.01718716743198291,0.0009070608259499921
118.5,0.5836960752792765,0.35760654873666825,0.0263400445338467,0.016685067174297772,0.014500573917584324,0.001171690358326942,0.08630089925314205,0.580680373064111,0.3583899541451517,0.02472713739740767,0.018091576797708005,0.017202439905706565,0.0009085186899150489
118.60000000000001,0.5835356359951801,0.35770763116351106,0.02637178292805801,0.016696653680537837,0.014514805118715153,0.001173491113998368,0.08626750416911994,0.5805186270196688,0.3584911656309474,0.024758318795809663,0.01810420105796455,0.017217709897015893,0.0009099775985934118
118.7,0.5833753687170246,0.35780853680414054,0.026403526514832017,0.01670824016413151,0.014529034803620835,0.001175292996251125,0.08623414615886137,0.580357056725192,0.3585921974929941,0.02478950606374473,0.018116824761659687,0.017232977404711258,0.0009114375516982437
118.80000000000001,0.5832152732171089,0.35790926590480565,0.026435275277413624,0.016719826626388407,0.014543262969674496,0.0011770960046095511,0.08620082517144866,0.5801956619450603,0.35869304998460416,0.024820699183398444,0.018129447910391366,0.017248242427602718,0.0009128985489427997
118.9,0.5830553492680414,0.35800981871141896,0.02646702919907227,0.016731413068608127,0.014557489614261536,0.0011789001385983436,0.08616754115604348,0.5800344424439788,0.35879372335874,0.024851898136982745,0.018142070505747933,0.017263504964510068,0.0009143605900404328
119.0,0.5828955966427392,0.3581101954695571,0.026498788263101935,0.0167429994920803,0.014571714734779596,0.0011807053977425605,0.08613429406188622,0.579873397986975,0.3588942178680137,0.024883102906735795,0.018154692549308023,0.017278765014262714,0.0009158236747045867
119.10000000000001,0.5827360151144276,0.35821039642446106,0.026530552452821113,0.016754585898084626,0.01458593832863852,0.001182511781567619,0.08610108383829627,0.5797125283394005,0.35899453376468826,0.02491431347492207,0.01816731404264064,0.017294022575699675,0.0009172878026487987
119.2,0.5825766044566404,0.358310421821037,0.02656232175157273,0.016766172287890894,0.0146001603932603,0.0011843192895992945,0.08606791043467152,0.5795518332669284,0.3590946713006775,0.024945529823832174,0.018179934987305225,0.01730927764766961,0.0009187529735867015
119.30000000000001,0.5824173644432183,0.35841027190385627,0.026594096142724177,0.016777758662759046,0.014614380926079052,0.0011861279213637216,0.08603477380048839,0.5793913125355554,0.3591946307275473,0.024976751935782936,0.01819255538485165,0.01732453022903064,0.000920219187232019
119.4,0.5822582948483097,0.35850994691715615,0.02662587560966722,0.016789345023939188,0.014628599924540962,0.001187937676387393,0.08600167388530162,0.5792309659115981,0.3592944122965151,0.02500797979311729,0.01820517523682025,0.017339780318650452,0.0009216864432985714
119.5,0.5820993954463692,0.3586094471048403,0.026657660135818,0.01680093137267165,0.01464281738610426,0.001189748554197159,0.08596861063874395,0.5790707931616962,0.359394016258451,0.025039213378204275,0.018217794544741896,0.017355027915406215,0.000923154741500271
119.60000000000001,0.5819406660121581,0.3587087727104791,0.02668944970461699,0.016812517710187002,0.014657033308239172,0.0011915605543202285,0.08593558401052616,0.578910794052809,0.35949344286387813,0.025070452673438978,0.01823041331013799,0.017370273018184477,0.0009246240815511235
119.7,0.5817821063207433,0.3588079239773101,0.026721244299528955,0.016824104037706112,0.014671247688427874,0.001193373676284166,0.08590259395043666,0.5787509683522174,0.35959269236297325,0.02510169766124254,0.018243031534520518,0.01738551562588127,0.0009260944631652287
119.80000000000001,0.5816237161474974,0.35890690114823864,0.026753043904042925,0.016835690356440162,0.014685460524164466,0.0011951879196168936,0.08586964040834176,0.57859131582752,0.35969176500556693,0.02513294832406204,0.018255649219392076,0.01740075573740193,0.0009275658860567799
119.9,0.581465495268098,0.3590057044658381,0.026784848501672155,0.016847276667590696,0.014699671812954918,0.0011970032838466893,0.08583672333418468,0.5784318362466382,0.3597906610411442,0.025164204644370573,0.018268266366245938,0.017415993351661184,0.0009290383499400637
120.0,0.581307443458527,0.3591043341723505,0.02681665807595411,0.016858862972349654,0.014713881552317041,0.0011988197685021873,0.08580384267798644,0.5782725293778093,0.35988938071884496,0.025195466604667083,0.01828088297656604,0.017431228467583028,0.0009305118545294604
120.10000000000001,0.5811495604950709,0.3592027905096869,0.02684847261045042,0.016870449271899415,0.014728089739780443,0.0012006373731123774,0.08577099838984469,0.5781133949895917,0.35998792428746473,0.025226734187476417,0.01829349905182706,0.01744646108410073,0.0009319863995394435
120.2,0.58099184615432,0.3593010737194277,0.02688029208874683,0.016882035567412818,0.01474229637288649,0.0012024560972066045,0.08573819041993438,0.5779544328508601,0.36008629199545483,0.02525800737534929,0.01830611459349438,0.017461691200156802,0.0009334619846845804
120.30000000000001,0.5808343002131677,0.3593991840428235,0.026912116494453197,0.016893621860053214,0.014756501449188268,0.0012042759403145687,0.08570541871850683,0.5777956427308086,0.3601844840909227,0.025289286150862202,0.018318729603024227,0.01747691881470295,0.0009349386096795322
120.4,0.5806769224488105,0.3594971217207952,0.02694394581120343,0.016905208150974484,0.014770704966250539,0.0012060969019663235,0.08567268323589027,0.5776370243989469,0.360282500821633,0.025320570496617432,0.01833134408186361,0.017492143926700024,0.0009364162742390524
120.5,0.5805197126387476,0.35959488699393427,0.02697578002265549,0.016916794441321097,0.01478490692164971,0.0012079189816922777,0.08563998392248909,0.5774785776251032,0.3603803424350073,0.025351860395242978,0.018343958031450416,0.017507366535118054,0.0009378949780779895
120.60000000000001,0.5803626705607801,0.3596924801025039,0.027007619112491315,0.016928380732228132,0.01479910731297379,0.0012097421790231934,0.08560732072878409,0.5773203021794217,0.360478009178125,0.025383155829392528,0.018356571453213396,0.017522586638936112,0.0009393747209112826
120.7,0.580205795993011,0.3597899012864387,0.027039463064416815,0.01693996702482131,0.014813306137822346,0.0012115664934901856,0.08557469360533199,0.5771621978323617,0.3605755012977242,0.025414456781745517,0.018369184348572255,0.01753780423714239,0.0009408555024539671
120.80000000000001,0.5800490887138448,0.35988715078534556,0.027071311862161846,0.016951553320217038,0.014827503393806476,0.001213391924624723,0.08554210250276559,0.5770042643546993,0.36067281904020104,0.02544576323500689,0.018381796718937613,0.017553019328734057,0.0009423373224211707
120.9,0.5798925485019863,0.35998422883850406,0.027103165489480142,0.016963139619522442,0.014841699078548758,0.001215218471958626,0.08550954737179323,0.5768465015175248,0.3607699626516113,0.025477075171907258,0.018394408565711128,0.017568231912717308,0.0009438201805281142
121.0,0.5797361751364416,0.36008113568486677,0.027135023930149327,0.016974725923835407,0.01485589318968322,0.001217046135024068,0.0854770281631991,0.5766889090922436,0.36086693237767054,0.025508392575202782,0.01840701989028544,0.017583441988107303,0.0009453040764901117
121.10000000000001,0.5795799683965163,0.3601778715630598,0.027166887167970846,0.016986312234244596,0.014870085724855304,0.001218874913353574,0.08544454482784249,0.5765314868505759,0.36096372846375385,0.025539715427675122,0.018419630694044238,0.01759864955392812,0.0009467890100225704
121.2,0.5794239280618159,0.3602744367113833,0.027198755186769938,0.016997898551829503,0.014884276681721813,0.00122070480648002,0.08541209731665822,0.5763742345645546,0.3610603511548976,0.025571043712131435,0.018432240978362352,0.01761385460921273,0.0009482749808409919
121.30000000000001,0.579268053912245,0.3603708313678118,0.027230627970395632,0.01700948487766048,0.014898466057950891,0.0012225358139366337,0.08537968558065605,0.5762171520065272,0.3611568006957987,0.025602377411404347,0.018444850744605674,0.017629057153002992,0.0009497619886609699
121.4,0.5791123457280075,0.36046705576999455,0.027262505502720677,0.01702107121279877,0.014912653851221973,0.0012243679352569935,0.0853473095709207,0.576060238949153,0.36125307733081585,0.02563371650835185,0.01845745999413127,0.017644257184349563,0.0009512500331981922
121.5,0.5789568032896053,0.36056311015525633,0.027294387767641533,0.01703265755829655,0.01492684005922575,0.0012262011699750277,0.08531496923861157,0.575903495165405,0.3613491813039698,0.025665060985857375,0.018470068728287412,0.017659454702311936,0.0009527391141684385
121.60000000000001,0.5788014263778386,0.3606589947605975,0.027326274749078328,0.017044243915196957,0.014941024679664136,0.0012280355176250148,0.08528266453496292,0.5757469204285672,0.36144511285894354,0.02569641082682967,0.018482676948413556,0.017674649705958317,0.000954229231287583
121.7,0.5786462147738052,0.3607547098226946,0.02735816643097482,0.01705583028453412,0.01495520771025022,0.0012298709777415829,0.0852503954112832,0.5755905145122361,0.3615408722390832,0.025727766014202784,0.01849528465584043,0.017689842194365687,0.0009557203842715925
121.80000000000001,0.5784911682589001,0.36085025557790085,0.027390062797298397,0.01706741666733321,0.014969389148708243,0.0012317075498597097,0.0852181618189552,0.5754342771903194,0.3616364596873984,0.025759126530936035,0.01850789185189006,0.01770503216661972,0.0009572125728365277
121.9,0.5783362866148152,0.36094563226224663,0.02742196383204,0.017079003064610458,0.01498356899277355,0.001233545233514721,0.08518596370943594,0.5752782082370347,0.36173187544656205,0.02579049236001403,0.018520498537875723,0.017720219621814765,0.0009587057966985406
122.0,0.5781815696235387,0.36104084011143966,0.02745386951921411,0.017090589477373193,0.01499774724019255,0.0012353840282422915,0.08515380103425634,0.5751223074269116,0.3618271197589122,0.0258218634844465,0.018533104715102142,0.017735404559053758,0.0009602000555738785
122.10000000000001,0.578027017067355,0.3611358793608657,0.027485779842858736,0.01710217590661988,0.015011923888722693,0.0012372239335784443,0.08512167374502105,0.5749665745347879,0.36192219286645105,0.025853239887268422,0.01854571038486534,0.017750586977448295,0.0009616953491788801
122.2,0.5778726287288442,0.3612307502455889,0.027517694787035342,0.017113762353340153,0.015026098936132415,0.0012390649490595497,0.08508958179340856,0.5748110093358122,0.3620170950108464,0.025884621551539873,0.01855831554845278,0.01776576687611853,0.0009631916772299772
122.30000000000001,0.5777184043908812,0.36132545300035224,0.02754961433582885,0.01712534881851485,0.015040272380201117,0.0012409070742223258,0.08505752513117068,0.574655611605442,0.36211182643343187,0.025916008460345988,0.018570920207143366,0.017780944254193114,0.0009646890394436977
122.4,0.5775643438366361,0.36141998785957785,0.02758153847334759,0.017136935303116045,0.015054444218719121,0.0012427503086038375,0.08502550371013264,0.5745003811194426,0.3622063873752068,0.025947400596797062,0.01858352436220747,0.017796119110809257,0.0009661874355366574
122.5,0.5774104468495734,0.3615143550573677,0.027613467183723265,0.017148521808107067,0.015068614449487629,0.0012445946517414964,0.08499351748219298,0.574345317653889,0.3623007780768374,0.02597879794402832,0.018596128014907,0.017811291445112617,0.0009676868652255691
122.60000000000001,0.5772567132134515,0.3616085548275038,0.02764540045111095,0.01716010833444257,0.015082783070318696,0.0012464401031730605,0.08496156639932292,0.5741904209851628,0.3623949987786572,0.02601020048520008,0.01860873116649537,0.017826461256257302,0.0009691873282272379
122.7,0.5771031427123224,0.36170258740344885,0.027677338259689002,0.01717169488306853,0.015096950079035184,0.0012482866624366335,0.084929650413567,0.5740356908899535,0.362489049720667,0.026041608203497504,0.018621333818217567,0.017841628543405826,0.0009706888242585598
122.80000000000001,0.5769497351305315,0.36179645301834645,0.02770928059365909,0.017183281454922296,0.015111115473470734,0.0012501343290706648,0.08489776947704213,0.5738811271452575,0.36258293114253576,0.02607302108213078,0.0186339359713102,0.017856793305729094,0.0009721913530365254
122.9,0.5767964902527167,0.3618901519050217,0.027741227437246115,0.017194868050932614,0.015125279251469724,0.001251983102613949,0.08486592354193803,0.5737267295283783,0.36267664328360083,0.026104439104334916,0.018646537627001497,0.017871955542406344,0.0009736949142782186
123.0,0.5766434078638085,0.3619836842959816,0.02777317877469821,0.017206454672019672,0.015139441410887234,0.001253832982605625,0.08483411256051673,0.5735724978169241,0.3627701863828687,0.02613586225336984,0.018659138786511337,0.017887115252625145,0.0009751995077008159
123.10000000000001,0.5764904877490294,0.36207705042341537,0.027805134590286693,0.01721804131909513,0.015153601949589014,0.0012556839685851774,0.08480233648511241,0.5734184317888107,0.36286356067901476,0.026167290512520217,0.01867173945105132,0.017902272435581332,0.0009767051330215853
123.2,0.5763377296938937,0.36217025051919505,0.02783709486830603,0.017229627993062133,0.015167760865451437,0.0012575360600924333,0.08477059526813165,0.573264531222258,0.36295676641038477,0.026198723865095617,0.018684339621824753,0.017917427090479027,0.0009782117899578891
123.30000000000001,0.5761851334842066,0.36226328481487585,0.027869059593073828,0.01724121469481538,0.015181918156361482,0.0012593892566675645,0.08473888886205273,0.5731107958957905,0.3630498038149946,0.02623016229443023,0.018696939300026697,0.01793257921653054,0.0009797194782271812
123.4,0.5760326989060645,0.3623561535416966,0.02790102874893077,0.017252801425241125,0.015196073820216678,0.0012612435578510859,0.08470721721942596,0.5729572255882385,0.3631426731305309,0.026261605783883077,0.018709538486844018,0.01794772881295639,0.0009812281975470104
123.5,0.5758804257458539,0.3624488569305801,0.027933002320240603,0.017264388185217222,0.015210227854925082,0.001263098963183855,0.08467558029287311,0.5728038200787349,0.3632353745943516,0.026293054316837785,0.018722137183455393,0.017962875878985277,0.0009827379476350158
123.60000000000001,0.5757283137902514,0.36254139521213374,0.027964980291390124,0.017275974975613163,0.015224380258405239,0.0012649554722070735,0.08464397803508768,0.5726505791467169,0.36332790844348617,0.026324507876702652,0.018734735391031328,0.017978020413853997,0.0009842487282089312
123.7,0.5755763628262234,0.3626337686166497,0.02799696264678909,0.017287561797290095,0.015238531028586142,0.0012668130844622828,0.08461241039883444,0.572497502571925,0.3634202749146361,0.02635596644691058,0.018747333110734225,0.01799316241680746,0.0009857605389865815
123.80000000000001,0.5754245726410254,0.3627259773741056,0.02802894937087026,0.017299148651100868,0.015252680163407206,0.0012686717994913682,0.0845808773369493,0.5723445901344021,0.36351247424417565,0.026387430010919123,0.018759930343718405,0.018008301887098645,0.0009872733796858861
123.9,0.5752729430222019,0.3628180217141647,0.028060940448089294,0.017310735537890056,0.015266827660818225,0.0012705316168365554,0.08454937880233938,0.5721918416144937,0.36360450666815225,0.026418898552210277,0.018772527091130115,0.01802343882398858,0.0009887872500248555
124.0,0.5751214737575856,0.36290990186617655,0.02809293586292478,0.017322322458493997,0.015280973518779342,0.001272392536040412,0.08451791474798266,0.5720392567928475,0.36369637242228625,0.02645037205429063,0.01878512335410755,0.018038573226746287,0.0009903021497215932
124.10000000000001,0.5749701646352975,0.36300161805917736,0.02812493559987817,0.01733390941374082,0.015295117735261017,0.0012742545566458464,0.08448648512692797,0.571886835450412,0.3637880717419729,0.02648185050069118,0.01879771913378095,0.01805370509464879,0.0009918180784942957
124.2,0.5748190154437461,0.3630931705218902,0.028156939643473756,0.01734549640445048,0.015309260308243977,0.0012761176781961067,0.08445508989229468,0.5717345773684372,0.3638796048622806,0.026513333874967442,0.018810314431272554,0.018068834426981033,0.000993335036061252
124.30000000000001,0.5746680259716274,0.3631845594827259,0.02818894797825863,0.01735708343143478,0.015323401235719198,0.0012779819002347816,0.08442372899727273,0.5715824823284739,0.36397097201795336,0.026544822160699266,0.018822909247696664,0.01808396122303589,0.0009948530221408438
124.4,0.5745171960079241,0.3632757851697828,0.028220960588802673,0.017368670495497417,0.015337540515687859,0.0012798472223057992,0.08439240239512243,0.5714305501123731,0.3640621734434105,0.026576315341490946,0.018835503584159682,0.01809908548211412,0.0009963720364515448
124.5,0.5743665253419055,0.36336684781084794,0.028252977459698504,0.017380257597434005,0.015351678146161318,0.0012817136439534273,0.08436111003917425,0.5712787805022859,0.3641532093727469,0.02660781340097109,0.018848097441760133,0.018114207203524357,0.0009978920787119222
124.60000000000001,0.5742160137631269,0.3634577476333969,0.028284998575561465,0.01739184473803211,0.015365814125161073,0.0012835811647222731,0.08432985188282864,0.5711271732806619,0.36424408003973313,0.026639316322792587,0.018860690821588654,0.018129326386583055,0.0009994131486406339
124.7,0.5740656610614294,0.36354848486459446,0.02831702392102957,0.01740343191807128,0.015379948450718718,0.0012854497841572811,0.0842986278795563,0.5709757282302511,0.36433478567781735,0.026670824090632653,0.01887328372472811,0.018144443030614445,0.0010009352459564335
124.80000000000001,0.5739154670269394,0.3636390597312951,0.02834905348076349,0.017415019138323072,0.015394081120875924,0.0012873195018037354,0.08426743798289721,0.570824445134101,0.36442532652012405,0.0267023366881927,0.018885876152253525,0.018159557134950547,0.0010024583703781638
124.9,0.5737654314500683,0.3637294724600432,0.02838108723944652,0.017426606399551087,0.015408212133684394,0.001289190317207257,0.08423628214646145,0.5706733237755581,0.36451570279945544,0.026733854099198363,0.018898468105232196,0.018174668698931144,0.001003982521624761
125.0,0.573615554121512,0.3638197232770736,0.028413125181784543,0.017438193702511005,0.015422341487205837,0.001291062229913805,0.08420516032392832,0.5705223639382663,0.3646059147482918,0.026765376307399457,0.018911059584723666,0.018189777721903673,0.0010055076994152545
125.10000000000001,0.5734658348322504,0.3639098124083121,0.028445167292506006,0.017449781047950613,0.015436469179511931,0.0012929352394696757,0.08417407246904669,0.5703715654061667,0.3646959625987915,0.026796903296569922,0.018923650591779792,0.01820488420322331,0.0010070339034687651
125.2,0.5733162733735476,0.3639997400793757,0.02847721355636187,0.01746136843660983,0.015450595208684283,0.001294809345421502,0.0841430185356344,0.570220927963498,0.36478584658279223,0.02682843505050783,0.01893624112744474,0.018219988142252844,0.0010085611335045074
125.30000000000001,0.5731668695369507,0.36408950651557315,0.02850926395812561,0.017472955869220742,0.015464719572814404,0.0012966845473162535,0.08411199847757864,0.5700704513947948,0.36487556693181045,0.026859971553035288,0.018948831192755023,0.0182350895383627,0.0010100893892417855
125.4,0.5730176231142899,0.3641791119419052,0.02854131848259314,0.017484543346507637,0.015478842270003668,0.0012985608447012354,0.08408101224883525,0.5699201354848882,0.3649651238770427,0.026891512787998485,0.018961420788739553,0.018250188390930892,0.0010116186704
125.5,0.5728685338976782,0.36426855658306545,0.028573377114582844,0.017496130869187027,0.015492963298363291,0.0013004382371240896,0.08405005980342915,0.5697699800189054,0.3650545176493659,0.02692305873926757,0.018974009916419638,0.018265284699343024,0.00101314897669864
125.60000000000001,0.5727196016795105,0.3643578406634402,0.028605439838935494,0.017507718437967685,0.015507082656014285,0.0013023167241327926,0.0840191410954538,0.569619984782268,0.3651437484793369,0.026954609390736718,0.018986598576809042,0.018280378462992186,0.0010146803078572891
125.7,0.5725708262524638,0.36444696440710916,0.028637506640514225,0.017519306053550673,0.015521200341087425,0.0013041963052756555,0.08398825607907123,0.5694701495606932,0.36523281659719403,0.026986164726323966,0.01899918677091397,0.01829546968127903,0.0010162126635956214
125.80000000000001,0.5724222074094965,0.364535928037846,0.02866957750420453,0.017530893716629373,0.015535316351723226,0.0013060769801013256,0.08395740470851185,0.5693204741401929,0.3653217222328573,0.02701772472997134,0.019011774499733153,0.01831055835361165,0.0010177460436334043
125.9,0.5722737449438481,0.36462473177911847,0.028701652414914205,0.017542481427889518,0.015549430686071897,0.0013079587481587829,0.0839265869380742,0.5691709583070731,0.3654104656159284,0.027049289385644677,0.019024361764257827,0.018325644479405597,0.0010192804476904975
126.0,0.5721254386490388,0.36471337585408903,0.028733731357573337,0.017554069188009214,0.01556354334229332,0.0013098416089973427,0.08389580272212531,0.5690216018479325,0.36549904697569124,0.02708085867733371,0.019036948565471803,0.01834072805808386,0.001020815875486852
126.10000000000001,0.571977288318869,0.36480186048561514,0.028765814317134257,0.01756565699765899,0.015577654318557009,0.0013117255621666532,0.08386505201509971,0.5688724045496644,0.365587466541113,0.027112432589051907,0.019049534904351424,0.018355809089076802,0.0010223523267425126
126.2,0.5718292937474192,0.3648901858962498,0.02879790127857151,0.017577244857501794,0.01559176361304208,0.0013136106072166955,0.08383433477150015,0.5687233661994543,0.36567572454084357,0.027144011104836566,0.019062120781865702,0.01837088757182215,0.0010238898011776143
126.30000000000001,0.5716814547290493,0.3649783523082418,0.02882999222688185,0.01758883276819306,0.015605871223937223,0.0013154967436977845,0.08380365094589705,0.5685744865847807,0.36576382120321693,0.027175594208748675,0.019074706198976252,0.018385963505764973,0.0010254282985123846
126.4,0.5715337710583985,0.3650663599435364,0.028862087147084162,0.017600420730380713,0.015619977149440656,0.0013173839711605668,0.08377300049292828,0.5684257654934136,0.3658517567562512,0.027207181884873043,0.01908729115663737,0.018401036890357683,0.0010269678184671434
126.5,0.5713862425303848,0.36515420902377543,0.028894186024219483,0.017612008744705206,0.015634081387760106,0.0013192722891560218,0.0837423833672993,0.5682772027134148,0.3659395314276489,0.027238774117317968,0.019099875655796024,0.018416107725059902,0.001028508360762303
126.60000000000001,0.5712388689402045,0.3652418997702979,0.028926288843350946,0.01762359681179956,0.015648183937112776,0.001321161697235461,0.0837117995237828,0.5681287980331382,0.36602714544479736,0.027270370890215546,0.019112459697391924,0.018431176009338555,0.0010300499251183672
126.7,0.5710916500833318,0.36532943240414034,0.028958395589563733,0.017635184932289365,0.015662284795725297,0.001323052194950526,0.0836812489172188,0.5679805512412277,0.3661145990347698,0.02730197218772141,0.019125043282357524,0.018446241742667773,0.0010315925112559317
126.80000000000001,0.570944585755519,0.3654168071460373,0.02899050624796509,0.017646773106792843,0.01567638396183372,0.001324943781853191,0.08365073150251422,0.5678324621266176,0.36620189242432494,0.02733357799401477,0.019137626411618022,0.018461304924528903,0.001033136118895684
126.9,0.5707976757527953,0.3655040242164216,0.02902262080368424,0.017658361335920855,0.015690481433683456,0.0013268364574957597,0.08362024723464301,0.5676845304785331,0.36628902583990813,0.02736518829329843,0.019150209086091486,0.018476365554410436,0.0010346807477584045
127.0,0.5706509198714668,0.3655910838354249,0.02905473924187241,0.017669949620276935,0.01570457720952928,0.0013287302214308675,0.08358979606864593,0.5675367560864887,0.36637599950765104,0.027396803069798602,0.019162791306688767,0.018491423631808022,0.0010362263975649635
127.10000000000001,0.5705043179081163,0.36567798622287806,0.029086861547702774,0.017681537960457325,0.015718671287635263,0.0013306250732114794,0.08355937795963035,0.5673891387402878,0.36646281365337285,0.0274284223077651,0.01917537307431357,0.018506479156224408,0.0010377730680363256
127.2,0.5703578696596027,0.3657647315983115,0.029118987706370388,0.017693126357050986,0.01573276366627475,0.0013325210123908892,0.08352899286277031,0.5672416782300234,0.36654946850258,0.02746004599147107,0.01918795438986252,0.018521532127169452,0.0010393207588935453
127.30000000000001,0.5702115749230605,0.3658513201809557,0.02915111770309224,0.017704714810639663,0.015746854343730358,0.0013344180385227214,0.08349864073330604,0.5670943743460765,0.3666359642804674,0.027491674105213137,0.019200535254225114,0.01853658254416005,0.0010408694698577693
127.4,0.5700654334958999,0.3659377521897414,0.029183251523107138,0.017716303321797872,0.015760943318293894,0.0013363161511609285,0.08346832152654428,0.5669472268791161,0.3667223012119182,0.0275233066333113,0.019213115668283817,0.018551630406720143,0.001042419200650237
127.5,0.5699194451758058,0.3660240278433004,0.029215389151675732,0.017727891891092955,0.01577503058826636,0.0013382153498597922,0.08343803519785795,0.5668002356200998,0.3668084795215042,0.02755494356010887,0.019225695632914055,0.018566675714380667,0.0010439699509922793
127.60000000000001,0.5697736097607379,0.3661101473599657,0.02924753057408048,0.017739480519085103,0.01578911615195792,0.0013401156341739228,0.08340778170268573,0.5666534003602712,0.366894499433487,0.027586584869972477,0.019238275148984255,0.01858171846667955,0.0010455217206053172
127.7,0.5696279270489302,0.36619611095777177,0.029279675775625572,0.017751069206327373,0.015803200007687847,0.0013420170036582571,0.08337756099653246,0.5665067208911619,0.36698036117181754,0.027618230547292098,0.019250854217355846,0.018596758663161645,0.0010470745092108651
127.80000000000001,0.5694823968388905,0.36628191885445527,0.029311824741636978,0.017762657953365738,0.01581728215378451,0.0013439194578680617,0.08334737303496872,0.5663601970045894,0.36706606496013744,0.027649880576480868,0.0192634328388833,0.018611796303378756,0.0010486283165305288
127.9,0.5693370189294,0.3663675712674552,0.02934397745746234,0.017774246760739094,0.01583136258858534,0.0013458229963589285,0.0833172177736307,0.5662138284926571,0.367151611021778,0.027681534941975196,0.019276011014414205,0.01862683138688957,0.0010501831422860058
128.0,0.5691917931195135,0.3664530684139136,0.029376133908470985,0.017785835628979296,0.01584544131043679,0.0013477276186867771,0.08328709516822014,0.5660676151477549,0.3672369995797623,0.027713193628234663,0.019288588744789198,0.018641863913259654,0.001051738986199083
128.1,0.5690467192085581,0.3665384105106757,0.0294082940800539,0.017797424558611195,0.015859518317694315,0.0013496333244078541,0.08325700517450418,0.5659215567625576,0.36732223085680515,0.02774485661974197,0.019301166030842077,0.018656893882061404,0.0010532958479916438
128.20000000000002,0.5689017969961334,0.36662359777429027,0.029440457957623685,0.017809013550152655,0.01587359360872234,0.0013515401130787324,0.08322694774831524,0.5657756531300252,0.3674073050753125,0.027776523901002992,0.019313742873399764,0.018671921292874046,0.0010548537273856575
128.3,0.5687570262821112,0.3667086304210103,0.029472625526614504,0.017820602604114576,0.015887667181894216,0.0013534479842563084,0.08319692284555091,0.5656299040434009,0.36749222245738283,0.027808195456546655,0.019326319273282398,0.01868694614528359,0.001056412624103188
128.4,0.5686124068666348,0.3667935086667932,0.029504796772482106,0.017832191721000944,0.015901739035592204,0.0013553569374978069,0.08316693042217384,0.5654843092962147,0.3675769832248077,0.027839871270924958,0.019338895231303308,0.018701968438882825,0.001057972537866391
128.5,0.5684679385501189,0.36687823272730136,0.029536971680703756,0.017843780901308833,0.015915809168207444,0.0013572669723607763,0.08313697043421155,0.565338868682278,0.36766158759907136,0.027871551328712916,0.019351470748269015,0.018716988173271255,0.0010595334683975125
128.6,0.5683236211332492,0.3669628028179023,0.029569150236778217,0.017855370145528446,0.015929877578139916,0.0013591780884030904,0.08310704283775644,0.5651935819956865,0.3677460358013519,0.02790323561450853,0.019364045824979376,0.018732005348055112,0.0010610954154188898
128.70000000000002,0.5681794544169815,0.3670472191536694,0.02960133242622575,0.01786695945414315,0.015943944263798426,0.0013610902851829483,0.08307714758896541,0.5650484490308183,0.36783032805252125,0.027934924112932757,0.019376620462227448,0.0187470199628473,0.0010626583786529523
128.8,0.5680354382025424,0.3671314819493819,0.029633518234587996,0.017878548827629476,0.01595800922360054,0.0013630035622588708,0.08304728464406004,0.5649034695823348,0.3679144645731462,0.02796661680862951,0.019389194660799657,0.0187620320172674,0.0010642223578222212
128.9,0.5678915722914278,0.3672155914195257,0.029665707647428055,0.017890138266457183,0.0159720724559726,0.0013649179191897046,0.0830174539593263,0.5647586434451799,0.3679984455834879,0.027998313686265586,0.01940176842147577,0.018777041510941617,0.001065787352649307
129.0,0.5677478564854036,0.3672995477782936,0.02969790065033038,0.01790172777108925,0.015986133959349655,0.0013668333555346187,0.08298765549111452,0.564613970414578,0.368082271303503,0.028030014730530604,0.01941434174502885,0.01879204844350276,0.0010673533628569136
129.1,0.5676042905865042,0.36738335123958565,0.029730097228900798,0.017913317341981937,0.01600019373217546,0.0013687498708531058,0.08295788919583914,0.5644694502860358,0.36816594195284374,0.028061719926137096,0.019426914632225404,0.01880705281459023,0.0010689203881678352
129.20000000000002,0.567460874397033,0.36746700201700955,0.029762297368766455,0.017924906979584782,0.01601425177290243,0.0013706674647049819,0.08292815502997873,0.5643250828553411,0.3682494577508585,0.02809342925782031,0.01943948708382534,0.01882205462384999,0.0010704884283049582
129.3,0.5673176077195617,0.3675505003238811,0.02979450105557576,0.01793649668434064,0.016028308079991605,0.0013725861366503831,0.08289845295007575,0.5641808679185616,0.3683328189165922,0.028125142710338308,0.019452059100581977,0.018837053870934498,0.0010720574829912591
129.4,0.5671744903569301,0.3676338463732245,0.029826708274998413,0.017948086456685716,0.016042362651912636,0.00137450588624977,0.08286878291273644,0.5640368052720465,0.3684160256687869,0.028156860268471872,0.019464630683242154,0.018852050555502778,0.001073627551949805
129.5,0.5670315221122455,0.36771704037777303,0.029858919012725346,0.017959676297049587,0.016056415487143753,0.001376426713063924,0.08283914487463102,0.5638928947124237,0.3684990782258817,0.02818858191702453,0.01947720183254614,0.018867044677220262,0.0010751986349037573
129.6,0.5668887027888825,0.36780008254996915,0.029891133254468683,0.01797126620585523,0.016070466584171727,0.001378348616653947,0.08280953879249295,0.5637491360366009,0.3685819768060137,0.028220307640822447,0.019489772549227746,0.01888203623575888,0.0010767707315763643
129.70000000000002,0.5667460321904823,0.36788297310196505,0.029923350985961744,0.017982856183519042,0.016084515941491847,0.0013802715965812642,0.08277996462311936,0.5636055290417652,0.36866472162701797,0.028252037424714396,0.0195023428340143,0.01889702523079701,0.0010783438416909678
129.8,0.566603510120953,0.36796571224562286,0.029955572192958965,0.017994446230450864,0.016098563557607876,0.0013821956524076183,0.08275042232337082,0.563462073525382,0.3687473129064288,0.02828377125357183,0.01951491268762673,0.018912011662019387,0.0010799179649710019
129.9,0.5664611363844688,0.3680483001925152,0.02998779686123592,0.01800603634705403,0.01611260943103205,0.001384120783695075,0.08272091185017089,0.5633187692851959,0.36882975086147873,0.02831550911228874,0.019527482110779516,0.01892699552911715,0.001081493101139989
130.0,0.5663189107854697,0.36813073715392575,0.03002002497658927,0.01801762653372537,0.01612665356028502,0.0013860469900060183,0.08269143316050652,0.563175616119228,0.36891203570910036,0.028347250985781676,0.0195400511041808,0.018941976831787787,0.0010830692499215425
130.1,0.566176833128661,0.36821302334084915,0.03005225652483674,0.01802921679085525,0.016140695943895847,0.0013879742709031531,0.08266198621142735,0.5630326138257777,0.3689941676659256,0.028378996858989716,0.0195526196685323,0.018956955569735118,0.0010846464110393708
130.20000000000002,0.5660349032190131,0.36829515896399195,0.030084491491817075,0.018040807118827586,0.01615473658040195,0.001389902625949503,0.08263257096004636,0.5628897622034224,0.3690761469482872,0.028410746716874373,0.019565187804529427,0.01897193174266925,0.0010862245842172685
130.3,0.5658931208617612,0.36837714423377255,0.030116729863390007,0.018052397518019875,0.016168775468349092,0.0013918320547084094,0.08260318736353892,0.5627470610510148,0.3691579737722183,0.028442500544419703,0.019577755512861297,0.01898690535030661,0.0010878037691791226
130.4,0.5657514858624049,0.36845897936032185,0.030148971625436276,0.018063987988803234,0.016182812606291355,0.0013937625567435345,0.08257383537914326,0.5626045101676852,0.3692396483534533,0.0284742583266321,0.019590322794210715,0.019001876392369808,0.001089383965648913
130.5,0.5656099980267075,0.3685406645534836,0.030181216763857533,0.018075578531542402,0.016196847992791093,0.001395694131618857,0.08254451496416004,0.562462109352839,0.369321170907428,0.02850602004854036,0.01960288964925424,0.019016844868587773,0.0010909651733507074
130.6,0.5654686571606964,0.3686222000228148,0.030213465264576373,0.018087169146595788,0.016210881626418927,0.0013976267788986746,0.08251522607595256,0.5623198584061582,0.36940254164928016,0.028537785695195703,0.01961545607866217,0.019031810778695576,0.0010925473920086676
130.70000000000002,0.5653274630706618,0.36870358597758607,0.03024571711353626,0.018098759834315484,0.016224913505753696,0.0013995604981476028,0.0824859686719462,0.5621777571275987,0.36948376079384954,0.028569555251671586,0.019628022083098596,0.019046774122434485,0.0010941306213470422
130.8,0.5651864155631573,0.36878482262678186,0.030277972296701497,0.018110350595047287,0.016238943629382427,0.0014014952889305722,0.08245674270962874,0.5620358053173934,0.3695648285556795,0.028601328703063866,0.01964058766322145,0.019061734899551923,0.0010957148610901744
130.9,0.5650455144449985,0.3688659101791012,0.030310230800057254,0.018121941429130747,0.01625297199590034,0.0014034311508128328,0.08242754814654987,0.5618940027760472,0.3696457451490159,0.028633106034490582,0.019653152819682437,0.019076693109801455,0.001097300110962496
131.0,0.5649047595232637,0.36894684884295786,0.030342492609609476,0.018133532336899166,0.016266998603910773,0.00140536808335995,0.08239838494032163,0.5617523493043413,0.3697265107878083,0.028664887231092038,0.01966571755312718,0.01909164875294273,0.0010988863706885297
131.1,0.5647641506052926,0.36902763882648076,0.030374757711384894,0.018145123318679637,0.016281023452025194,0.001407306086137806,0.08236925304861739,0.5616108447033293,0.36980712568571034,0.028696672278030737,0.01967828186419516,0.01910660182874152,0.0011004736399928897
131.20000000000002,0.5646236874986867,0.36910828033751436,0.030407026091430978,0.018156714374793076,0.016295046538863146,0.0014092451587125986,0.08234015242917271,0.5614694887743392,0.36988759005607996,0.028728461160491395,0.019690845753519728,0.01912155233696961,0.00110206191860028
131.3,0.5644833700113087,0.369188773583619,0.030439297735815888,0.018168305505554216,0.01630906786305222,0.00141118530065084,0.08231108303978475,0.5613282813189707,0.36996790411197994,0.02876025386368079,0.01970340922172826,0.019136500277404857,0.0011036512062354952
131.4,0.5643431979512817,0.3692691187720715,0.0304715726306285,0.018179896711271678,0.016323087423228053,0.0014131265115193594,0.08228204483831204,0.5611872221390972,0.3700480680661784,0.0287920503728279,0.01971597226944198,0.019151445649831105,0.0011052415026234217
131.5,0.5642031711269896,0.3693493161098653,0.030503850761978337,0.01819148799224796,0.016337105218034272,0.0014150687908853002,0.08225303778267463,0.5610463110368642,0.37012808213114895,0.02882385067318374,0.01972853489727616,0.019166388454038202,0.0011068328074890336
131.6,0.5640632893470762,0.36942936580371105,0.03053613211599555,0.018203079348779478,0.016351121246122483,0.0014170121383161197,0.08222406183085397,0.5609055478146883,0.37020794651907113,0.02885565475002138,0.01974109710584004,0.01918132868982195,0.0011084251205573993
131.70000000000002,0.5639235524204448,0.36950926806003676,0.0305684166788309,0.01821467078115659,0.016365135506152234,0.001418956553379591,0.08219511694089261,0.5607649322752587,0.37028766144183084,0.028887462588635872,0.01975365889573688,0.01919626635698409,0.0011100184415536749
131.8,0.5637839601562584,0.36958902308498837,0.030600704436655697,0.01822626228966361,0.016379147996790987,0.0014209020356437988,0.08216620307089427,0.560624464221535,0.3703672271110213,0.028919274174344346,0.019766220267564028,0.019211201455332293,0.0011116127702031078
131.9,0.563644512363939,0.3696686310844301,0.030632995375661817,0.01823785387457885,0.016393158716714096,0.0014228485846771429,0.08213732017902357,0.5604841434567478,0.3704466437379425,0.028951089492485822,0.019778781221912865,0.01922613398468011,0.0011132081062310373
132.0,0.5635052088531668,0.3697480922639447,0.030665289482061635,0.018249445536174632,0.016407167664604778,0.0014247962000483356,0.0821084682235061,0.5603439697843977,0.3705259115336023,0.02898290852842125,0.019791341759368884,0.019241063944846957,0.0011148044493628896
132.1,0.5633660494338808,0.3698274068288342,0.030697586742088032,0.01826103727471732,0.01642117483915409,0.0014267448813264029,0.08207964716262836,0.5602039430082562,0.3706050307087164,0.029014731267533515,0.019803901880511676,0.019255991335658102,0.0011164017993241847
132.20000000000002,0.5632270339162777,0.36990657498411983,0.030729887141994348,0.018272629090467344,0.016435180239060897,0.0014286946280806833,0.08205085695473714,0.5600640629323633,0.370684001473709,0.02904655769522734,0.019816461585915008,0.019270916156944644,0.0011180001558405307
132.3,0.5630881621108119,0.3699855969345427,0.030762190668054322,0.018284220983679208,0.01644918386303183,0.0014306454398808253,0.08202209755824023,0.5599243293610293,0.37076282403871363,0.029078387796929315,0.019829020876146786,0.019285838408543466,0.0011195995186376268
132.4,0.562949433828195,0.37006447288456407,0.030794497306562137,0.018295812954601545,0.01646318570978129,0.0014325973162967922,0.08199336893160557,0.5597847420988322,0.3708414986135724,0.02911022155808777,0.019841579751769117,0.019300758090297243,0.001121199887441264
132.5,0.5628108488793953,0.3701432030383658,0.030826807043832324,0.018307405003477113,0.016477185778031405,0.0014345502568988572,0.08196467103336148,0.5596453009506199,0.37092002540783725,0.029142058964172882,0.019854138213338302,0.01931567520205438,0.0011228012619773188
132.6,0.562672407075638,0.3702217875998505,0.030859119866199762,0.018318997130542827,0.016491184066511986,0.0014365042612576042,0.08193600382209672,0.5595060057215077,0.37099840463077044,0.029173900000676545,0.019866696261404897,0.01933058974366905,0.0011244036419717645
132.70000000000002,0.5625341082284043,0.3703002267726425,0.03089143576001968,0.018330589336029806,0.016505180573960544,0.00143845932894393,0.08190736725646,0.5593668562168777,0.37107663649134437,0.029205744653112358,0.01987925389651368,0.019345501715001098,0.001126007027150659
132.8,0.5623959521494313,0.3703785207600874,0.030923754711667546,0.018342181620163354,0.016519175299122203,0.0014404154595290392,0.08187876129516006,0.5592278522423818,0.3711547211982427,0.02923759290701563,0.019891811119203757,0.01936041111591604,0.001127611417240153
132.9,0.5622579386507114,0.3704566697652532,0.03095607670753913,0.018353773983163024,0.016533168240749734,0.0014423726525844489,0.08185018589696576,0.5590889936039368,0.37123265895985996,0.029269444747943293,0.019904367930008496,0.019375317946285116,0.001129216811966487
133.0,0.5621200675444923,0.37053467399093015,0.030988401734050427,0.01836536642524262,0.016547159397603487,0.0014443309076819844,0.08182164102070552,0.558950280107727,0.3713104499843024,0.02930130016147394,0.0199169243294556,0.01939022220598514,0.0011308232110559915
133.1,0.5619823386432765,0.3706125336396314,0.03102072977763763,0.01837695894661023,0.01656114876845138,0.0014462902243937818,0.08179312662526768,0.5588117115602032,0.37138809447938814,0.029333159133207713,0.01992948031806713,0.019405123894898582,0.0011324306142350853
133.20000000000002,0.561844751759821,0.37069024891359337,0.031053060824757138,0.018388551547468244,0.01657513635206888,0.0014482506022922858,0.08176464266960005,0.5586732877680815,0.3714655926526488,0.029365021648766393,0.019942035896359494,0.019420023012913477,0.0011340390212302802
133.3,0.5617073067071369,0.37076782001477604,0.031085394861885468,0.018400144228013376,0.016589122147238955,0.0014502120409502495,0.08173618911271004,0.5585350085383441,0.3715429447113273,0.029396887693793217,0.01995459106484352,0.019434919559923457,0.0011356484317681754
133.4,0.5615700032984888,0.3708452471448633,0.03111773187551928,0.018411736988436695,0.016603106152752067,0.001452174539940735,0.08170776591366444,0.5583968736782384,0.3716201508623809,0.02942875725395295,0.019967145824024417,0.019449813535827684,0.0011372588455754624
133.5,0.5614328413473952,0.37092253050526347,0.031150071852175325,0.018423329828923647,0.01661708836740614,0.0014541380988371123,0.0816793730315893,0.5582588829952766,0.37169721131247996,0.02946063031493187,0.019979700174401874,0.01946470494053086,0.0011388702623789204
133.6,0.5612958206676273,0.37099967029710956,0.03118241477839042,0.018434922749654074,0.016631068790006528,0.0014561027172130595,0.08165101042566994,0.558121036297235,0.371774126268009,0.02949250686243763,0.01999225411646999,0.019479593773943173,0.0011404826819054192
133.70000000000002,0.561158941073209,0.3710766667212598,0.031214760640721442,0.018446515750802247,0.016645047419366003,0.0014580683946425629,0.08162267805515071,0.5579833333921534,0.37185089593506737,0.02952438688219935,0.02000480765071736,0.0194944800359803,0.0011420961038819191
133.8,0.5610222023784167,0.3711535199782976,0.031247109425745247,0.018458108832536867,0.016659024254304707,0.0014600351306999142,0.08159437587933498,0.5578457740883375,0.37192752051946876,0.029556270359967548,0.020017360777627106,0.019509363726563398,0.0011437105280354691
133.9,0.5608856043977789,0.37123023026853247,0.03127946112005871,0.018469701995021116,0.01667299929365015,0.0014620029249597134,0.08156610385758498,0.5577083581943546,0.3720040002267422,0.029588157281514035,0.020029913497676865,0.019524244845619015,0.0011453259540932092
134.0,0.5607491469460758,0.371306797792,0.031311815710278634,0.018481295238412663,0.016686972536237174,0.0014639717769968665,0.08153786194932179,0.5575710855190356,0.372080335262132,0.029620047632632006,0.020042465811338773,0.019539123393079158,0.0011469423817823678
134.1,0.5606128298383387,0.37138322274846247,0.031344173183041786,0.018492888562863692,0.016700943980907913,0.0014659416863865855,0.0815096501140252,0.5574339558714735,0.37215652583059955,0.029651941399135927,0.02005501771907961,0.01955399936888121,0.0011485598108302633
134.20000000000002,0.56047665288985,0.3714595053374092,0.03137653352500483,0.018504481968520933,0.016714913626511806,0.00146791265270439,0.0814814683112334,0.5572969690610243,0.37223257213682115,0.029683838566861503,0.020067569221360677,0.019568872772967916,0.0011501782409643053
134.3,0.5603406159161431,0.37153564575805653,0.03140889672284426,0.01851607545552566,0.016728881471905516,0.0014698846755261015,0.08145331650054331,0.5571601248973058,0.37230847438519127,0.029715739121665752,0.020080120318637932,0.019583743605287397,0.0011517976719119904
134.4,0.5602047187330013,0.3716116442093489,0.03144126276325648,0.018527669024013742,0.01674284751595296,0.0014718577544278503,0.08142519464161008,0.5570234231901968,0.3723842327798204,0.029747643049426804,0.02009267101136196,0.019598611865793078,0.0011534181034009072
134.5,0.560068961156458,0.37168750088995856,0.03147363163295769,0.018539262674115653,0.016756811757525247,0.00147383188898607,0.08139710269414717,0.5568868637498378,0.3724598475245377,0.02977955033604406,0.020105221299977973,0.019613477554443686,0.001155039535158732
134.6,0.5599333430027963,0.3717632159982863,0.031506003318683876,0.01855085640595649,0.01677077419550067,0.0014758070787774988,0.08136904061792627,0.5567504463866304,0.3725353188228893,0.029811460967437975,0.02011777118492589,0.019628340671203264,0.0011566619669132333
134.70000000000002,0.5597978640885486,0.37183878973246187,0.031538377807190814,0.018562450219656017,0.016784734828764667,0.0014777833233791799,0.08134100837277707,0.556614170911236,0.37261064687814,0.029843374929550207,0.020130320666640302,0.019643201216041076,0.0011582853983922643
134.8,0.5596625242304963,0.371914222290344,0.03157075508525398,0.01857404411532865,0.01679869365620981,0.0014797606223684585,0.08131300591858732,0.5564780371345769,0.372685831893274,0.02987529220834344,0.020142869745550542,0.01965805918893167,0.0011599098293237733
134.9,0.5595273232456695,0.371989513869521,0.03160313513966861,0.018585638093083515,0.01681265067673577,0.001481738975322985,0.08128503321530268,0.5563420448678338,0.37276087407099345,0.02990721278980146,0.02015541842208066,0.019672914589854783,0.0011615352594357938
135.0,0.559392260951346,0.37206466466731125,0.03163551795724958,0.018597232153024452,0.0168266058892493,0.0014837183818207128,0.08125709022292651,0.5562061939224489,0.372835773613721,0.029939136659929082,0.02016796669664949,0.019687767418795375,0.0011631616884564507
135.1,0.5592573371650523,0.3721396748807634,0.031667903524831474,0.01860882629525005,0.016840559292664214,0.0014856988414398984,0.08122917690151998,0.5560704841101215,0.3729105307235983,0.02997106380475207,0.020180514569670634,0.01970261767574355,0.0011647891161139573
135.20000000000002,0.5591225517045622,0.37221454470665666,0.03170029182926847,0.018620420519853652,0.01685451088590134,0.0014876803537591007,0.0812012932112017,0.5559349152428106,0.37298514560248847,0.0300029942103172,0.020193062041552492,0.0197174653606946,0.0011664175421366174
135.3,0.5589879043878966,0.37228927434150133,0.03173268285743436,0.018632014826923393,0.016868460667888514,0.0014896629183571801,0.08117343911214787,0.5557994871327336,0.3730596184519743,0.030034927862692216,0.0202056091126983,0.01973231047364895,0.0011680469662528226
135.4,0.5588533950333237,0.37236386398153914,0.0317650765962225,0.01864360921654221,0.016882408637560544,0.0014916465348132992,0.08114561456459204,0.5556641995923651,0.3731339494733599,0.030066864747965737,0.02021815578350614,0.01974715301461212,0.0011696773881910546
135.5,0.5587190234593579,0.3724383138227436,0.03179747303254582,0.018655203688787876,0.01689635479385921,0.0014936312027069236,0.08111781952882513,0.5555290524344381,0.3732081388676712,0.030098804852247255,0.020230702054368943,0.019761992983594726,0.0011713088076798852
135.6,0.5585847894847602,0.3725126240608203,0.03182987215333676,0.018666798243733008,0.016910299135733206,0.0014956169216178185,0.08109005396519524,0.5553940454719427,0.37328218683565545,0.03013074816166716,0.020243247925674543,0.019776830380612485,0.0011729412244479733
135.70000000000002,0.5584506929285373,0.3725867948912074,0.03186227394554728,0.01867839288144511,0.016924241662138143,0.0014976036911260521,0.0810623178341075,0.5552591785181256,0.373356093577782,0.030162694662376643,0.020255793397805685,0.01979166520568613,0.0011745746382240683
135.8,0.5583167336099417,0.3726608265090758,0.03189467839614877,0.018689987601986563,0.016938182372036495,0.0014995915108119904,0.0810346110960241,0.5551244513864902,0.37342985929424355,0.030194644340547663,0.02026833847114002,0.019806497458841457,0.0011762090487370076
135.9,0.558182911348471,0.3727347191093297,0.03192708549213208,0.018701582405414675,0.01695212126439761,0.0015015803802563012,0.0810069337114642,0.5549898638907966,0.3735034841849552,0.03022659718237304,0.020280883146050165,0.019821327140109243,0.001177844455715721
136.0,0.5580492259638676,0.3728084728866069,0.031959495220507485,0.018713177291781697,0.01696605833819766,0.0015035702990399526,0.08097928564100368,0.5548554158450599,0.3735769684495557,0.030258553174066227,0.020293427422903708,0.01983615424952528,0.001179480858889222
136.1,0.5579156772761188,0.37288208803527917,0.031991907568304646,0.018724772261134837,0.01697999359241963,0.0015055612667442123,0.08095166684527524,0.5547211070635512,0.37365031228740736,0.030290512301861437,0.020305971302063203,0.019850978787130297,0.0011811182579866172
136.20000000000002,0.5577822651054558,0.37295556474945263,0.03202432252257258,0.018736367313516286,0.016993927026053283,0.0015075532829506475,0.08092407728496805,0.5545869373607969,0.3737235158975962,0.030322474552013565,0.020318514783886236,0.01986580075297002,0.0011827566527371006
136.3,0.5576489892723542,0.373028903222968,0.03205674007037965,0.018747962448963228,0.01700785863809515,0.0015095463472411233,0.080896516920828,0.554452906551578,0.37379657947893347,0.030354439910798184,0.02033105786872544,0.01988062014709504,0.001184396042869956
136.4,0.5575158495975326,0.37310210364940105,0.032089160198813506,0.018759557667507885,0.017021788427548486,0.0015115404591978044,0.08086898571365732,0.5543190144509296,0.373869503229955,0.030386408364511414,0.020343600556928444,0.019895436969560924,0.0011860364281145554
136.5,0.5573828459019533,0.373175166222063,0.03212158289498112,0.01877115296917752,0.01703571639342327,0.0015135356184031543,0.08084148362431454,0.5541852608741413,0.373942287348922,0.03041837989947003,0.020356142848838,0.019910251220428072,0.0011876778082003587
136.6,0.5572499780068214,0.3732480911340007,0.03215400814600868,0.01878274835399446,0.017049642534736162,0.0015155318244399335,0.08081401061371454,0.5540516456367565,0.3740149320338214,0.0304503545020114,0.020368684744791914,0.01992506289976178,0.0011893201828569167
136.70000000000002,0.5571172457335845,0.3733208785779974,0.032186435939041635,0.018794343821976128,0.01706356685051049,0.0015175290768912014,0.08078656664282832,0.5539181685545717,0.3740874374823655,0.030482332158493334,0.020381226245123132,0.01993987200763218,0.001190963551813868
136.8,0.5569846489039326,0.3733935287465725,0.03221886626124461,0.018805939373135044,0.01707748933977622,0.0015195273753403128,0.08075915167268283,0.5537848294436368,0.374159803891994,0.03051431285529424,0.0203937673501597,0.01995467854411424,0.0011926079148009395
136.9,0.5568521873397976,0.3734660418319825,0.03225129909980142,0.01881753500747888,0.017091410001569936,0.001521526719370922,0.08073176566436115,0.5536516281202538,0.37423203145987244,0.030546296578812946,0.020406308060224837,0.019969482509287734,0.001194253271547948
137.0,0.556719860863353,0.373538418026221,0.03228373444191504,0.018829130725010437,0.017105328834934822,0.0015235271085669792,0.08070440857900216,0.553518564400978,0.3743041203828941,0.030578283315468816,0.020418848375636938,0.01998428390323722,0.0011958996217847973
137.1,0.5565876692970135,0.3736106575210192,0.032316172274807556,0.018840726525727703,0.01711924583892063,0.0015255285425127304,0.08067708037780053,0.5533856381026158,0.3743760708576795,0.03061027305170153,0.02043138829670955,0.019999082726052005,0.0011975469652414819
137.20000000000002,0.5564556124634348,0.3736827605078461,0.032348612585720166,0.018852322409623853,0.017133161012583654,0.001527531020792719,0.08064978102200658,0.5532528490422256,0.3744478830805775,0.030642265773971222,0.020443927823751484,0.02001387897782618,0.0011991953016480825
137.3,0.5563236901855133,0.3737547271779091,0.03238105536191311,0.018863918376687272,0.017147074354986715,0.0015295345429917825,0.08062251047292628,0.5531201970371168,0.3745195572476645,0.030674261468758384,0.02045646695706672,0.02002867265865854,0.0012008446307347706
137.4,0.5561919022863855,0.37382655772215423,0.03241350059066571,0.01887551442690159,0.017160985865199135,0.001531539108695055,0.08059526869192103,0.5529876819048508,0.3745910935547465,0.030706260122563892,0.02046900569695455,0.020043463768652584,0.0012024949522318055
137.5,0.556060248589428,0.37389825233126645,0.032445948259276276,0.018887110560245685,0.017174895542296717,0.0015335447174879661,0.08056805564040774,0.552855303463238,0.3746624921973576,0.030738261721908848,0.020481544043709488,0.020058252307916514,0.0012041462658695338
137.6,0.5559287289182573,0.3739698111956701,0.03247839835506214,0.018898706776693718,0.017188803385361714,0.00153555136895624,0.08054087127985858,0.5527230615303407,0.3747337533707619,0.030770266253334677,0.020494081997621334,0.020073038276563208,0.0012057985713783922
137.70000000000002,0.5557973430967285,0.37404123450552923,0.03251085086535958,0.01891030307621514,0.01720270939348282,0.0015375590626858957,0.08051371557180094,0.5525909559244693,0.3748048772699532,0.030802273703403067,0.020506619558975234,0.02008782167471015,0.001207451868488905
137.8,0.5556660909489364,0.3741125224507479,0.03254330577752381,0.018921899458774715,0.01721661356575511,0.0015395677982632447,0.08048658847781742,0.552458986464186,0.3748758640896554,0.030834284058695913,0.02051915672805164,0.02010260250247951,0.0012091061569316857
137.9,0.555534972299214,0.3741836752209706,0.032575763078928975,0.018933495924332553,0.017230515901280084,0.0015415775752748945,0.08045948995954555,0.5523271529683002,0.37494671402432267,0.030866297305815322,0.02053169350512633,0.02011738075999804,0.0012107614364374353
138.0,0.5554039869721329,0.3742546930055826,0.0326082227569681,0.01894509247284412,0.017244416399165578,0.0015435883933077456,0.0804324199786779,0.5521954552558712,0.37501742726814047,0.03089831343138356,0.02054422989047048,0.020132156447397083,0.0012124177067369428
138.1,0.5552731347925026,0.37432557599371036,0.03264068479905307,0.01895668910426026,0.017258315058525774,0.0015456002519489908,0.08040537849696186,0.5520638931462073,0.3750880040150255,0.030930332422043055,0.020556765884350615,0.02014692956481255,0.001214074967561087
138.20000000000002,0.5551424155853704,0.3743963243742216,0.03267314919261463,0.01896828581852721,0.017272211878481183,0.0015476131507861184,0.08037836547619963,0.5519324664588634,0.3751584444586256,0.03096235426445628,0.020569301487028697,0.0201617001123849,0.0012157332186408332
138.3,0.5550118291760207,0.3744669383357261,0.03270561592510229,0.018979882615586616,0.01728610685815859,0.0015496270894069055,0.08035138087824813,0.5518011750136439,0.3752287487923212,0.030994378945305896,0.020581836698762106,0.02017646809025918,0.0012173924597072363
138.4,0.5548813753899751,0.3745374180665756,0.03273808498398439,0.018991479495375586,0.01729999999669107,0.0015516420673994252,0.08032442466501875,0.5516700186306003,0.37529891720922504,0.031026406451294553,0.02059437151980364,0.02019123349858487,0.0012190526904914392
138.5,0.554751054052992,0.37460776375486454,0.03277055635674799,0.01900307645782667,0.017313891293217944,0.0015536580843520402,0.08029749679847754,0.5515389971300302,0.3753689499021825,0.031058436769144934,0.020606905950401568,0.02020599633751599,0.0012207139107246715
138.6,0.554620864991066,0.37467797558843013,0.03280303003089892,0.019014673502867896,0.01732778074688476,0.001555675139853406,0.08027059724064484,0.5514081103324796,0.37543884706377173,0.031090469885599728,0.020619439990799644,0.020220756607211048,0.0012223761201382525
138.70000000000002,0.5544908080304279,0.37474805375485293,0.032835505993961706,0.0190262706304228,0.017341668356843275,0.0015576932334924703,0.08024372595359536,0.5512773580587398,0.3755086088863048,0.031122505787421616,0.020631973641237117,0.020235514307832967,0.0012240393184635885
138.8,0.5543608829975444,0.3748179984414569,0.03286798423347953,0.019037867840410415,0.017355554122251426,0.0015597123648584698,0.08021688289945804,0.5511467401298488,0.37557823556182757,0.031154544461393197,0.020644506901948738,0.02025026943954915,0.001225703505432176
138.9,0.5542310897191172,0.3748878098353101,0.03290046473701426,0.01904946513274533,0.017369438042273307,0.0015617325335409336,0.08019006804041608,0.5510162563670906,0.37564772728212054,0.03118658589431703,0.02065703977316483,0.02026502200253141,0.0012273686807755967
139.0,0.5541014280220835,0.37495748812322477,0.03293294749214638,0.019061062507337686,0.017383320116079157,0.0015637537391296804,0.08016328133870657,0.5508859065919941,0.37571708423869765,0.03121863007301552,0.020669572255111224,0.02027977199695595,0.0012290348442255217
139.1,0.5539718977336151,0.3750270334917578,0.03296543248647498,0.019072659964093193,0.017397200342845334,0.001565775981214819,0.08013652275662059,0.5507556906263337,0.3757863066228088,0.03125067698433093,0.020682104348009347,0.020294519423003348,0.0012307019955137084
139.20000000000002,0.5538424986811182,0.37509644612721105,0.032997919707617736,0.019084257502913166,0.017411078721754288,0.0015677992593867496,0.08010979225650326,0.550625608292129,0.375855394625439,0.031282726615125364,0.020694636052076214,0.020309264280858587,0.001232370134372005
139.3,0.5537132306922335,0.37516572621563166,0.033030409143210857,0.019095855123694525,0.017424955251994542,0.0015698235732361592,0.08008308980075333,0.5504956594116428,0.3759243484373086,0.03131477895228079,0.02070716736752445,0.020324006570710942,0.001234039260532346
139.4,0.5535840935948351,0.3752348739428125,0.0330629007809091,0.01910745282632983,0.01743882993276067,0.001571848922354026,0.0800564153518235,0.5503658438073837,0.3759931682488744,0.031346833982698885,0.020719698294562307,0.020338746292754065,0.0012357093737267529
139.5,0.5534550872170308,0.3753038894942925,0.033095394608385724,0.0191190506107073,0.017452702763253277,0.0015738753063316167,0.08002976887221969,0.5502361613021025,0.37606185425032945,0.03137889169330111,0.020732228833393682,0.020353483447185877,0.001237380473687336
139.6,0.5533262113871616,0.3753727730553568,0.03312789061333245,0.019130648476710813,0.01746657374267898,0.0015759027247604861,0.08000315032450177,0.5501066117187948,0.37613040663160374,0.03141095207102864,0.020744758984218122,0.02036821803420863,0.0012390525601462929
139.70000000000002,0.5531974659338014,0.37544152481103754,0.03316038878345947,0.01914224642421996,0.017480442870250384,0.0015779311772324788,0.07997655967128278,0.5499771948806981,0.3761988255823639,0.03144301510284234,0.02075728874723087,0.02038295005402879,0.0012407256328359091
139.8,0.5530688506857565,0.3755101449461135,0.03319288910649538,0.019153844453110018,0.017494310145186046,0.0015799606633397246,0.07994999687522925,0.5498479106112936,0.376267111292015,0.031475080775722745,0.020769818122622893,0.02039767950685716,0.0012423996914885584
139.9,0.5529403654720658,0.3755786336451111,0.03322539157018717,0.01916544256325201,0.01750817556671047,0.0015819911826746426,0.07992346189906105,0.5497187587343046,0.376335263949699,0.031507149076670085,0.02078234711058082,0.020412406392908682,0.0012440747358367012
140.0,0.5528120101219997,0.37564699109230454,0.03325789616230025,0.019177040754512705,0.017522039134054104,0.00158402273482994,0.07989695470555101,0.5495897390736968,0.3764032837442968,0.031539219992704114,0.02079487571128703,0.020427130712402604,0.0012457507656128853
140.1,0.5526837844650603,0.37571521747171605,0.03329040287061834,0.019188639026754637,0.01753590084645327,0.0015860553193986092,0.07987047525752529,0.5494608514536767,0.37647117086442733,0.03157129351086423,0.02080740392491972,0.020441852465562314,0.0012474277805497472
140.20000000000002,0.5525556883309811,0.37578331296711626,0.0333229116829435,0.019200237379836137,0.017549760703150185,0.0015880889359739317,0.07984402351786295,0.5493320956986936,0.37653892549844864,0.03160336961820937,0.020819931751652764,0.02045657165261541,0.0012491057803800103
140.3,0.5524277215497267,0.3758512777620246,0.03335542258709607,0.019211835813611328,0.01756361870339292,0.0015901235841494724,0.07981759944949603,0.549203471633437,0.3766065478344589,0.03163544830181803,0.02083245919165591,0.020471288273793655,0.0012507847648364847
140.4,0.5522998839514922,0.37591911203970957,0.033387935570914684,0.019223434327930163,0.01757747484643538,0.0015921592635190847,0.0797912030154095,0.5490749790828373,0.37667403806029487,0.03166752954878819,0.020844986245094628,0.020486002329332943,0.0012524647336520703
140.5,0.5521721753667029,0.3759868159831892,0.03342045062225623,0.01923503292263844,0.01759132913153729,0.001594195973676907,0.07976483417864087,0.5489466178720662,0.37674139636353315,0.03169961334623729,0.02085751291213031,0.02050071381947331,0.0012541456865597517
140.6,0.5520445956260146,0.3760543897752313,0.033452967728995794,0.019246631597577817,0.017605181557964172,0.0015962337142173626,0.07973849290228051,0.5488183878265339,0.37680862293149214,0.03173169968130225,0.02087003919292011,0.020515422744458896,0.0012558276232926015
140.70000000000002,0.5519171445603122,0.3761218335983539,0.0334854868790267,0.01925823035258584,0.017619032124987326,0.0015982724847351617,0.07971217914947129,0.5486902887718917,0.3768757179512298,0.031763788541139405,0.02088256508761705,0.020530129104537935,0.001257510543583781
140.8,0.5517898220007105,0.37618914763482525,0.03351800806026038,0.01926982918749593,0.01763288083188379,0.0016003122848252964,0.07968589288340874,0.5485623205340303,0.3769426816095455,0.03179587991292451,0.020895090596370104,0.020544832899962735,0.0012591944471665377
140.9,0.5516626277785531,0.3762563320666647,0.03355053126062649,0.01928142810213745,0.01764672767793635,0.001602353114083046,0.07965963406734058,0.5484344829390786,0.37700951409298067,0.03182797378385264,0.020907615719324053,0.020559534130989657,0.0012608793337742067
141.0,0.5515355617254126,0.37632338707564267,0.03358305646807276,0.019293027096335694,0.017660572662433503,0.0016043949721039734,0.0796334026645671,0.5483067758134055,0.37707621558781756,0.03186007014113825,0.020920140456619624,0.020574232797879132,0.00126256520314021
141.1,0.55140862367309,0.376390312843281,0.03361558367056504,0.0193046261699119,0.017674415784669426,0.0016064378584839248,0.07960719863844075,0.5481791989836171,0.37714278628008097,0.031892168972015106,0.02093266480839347,0.020588928900895583,0.0012642520549980565
141.20000000000002,0.5512818134536142,0.3764571095508535,0.03364811285608726,0.019316225322683286,0.017688257043943983,0.0016084817728190316,0.079581021952366,0.5480517522765582,0.37720922635553833,0.031924270263736225,0.020945188774778217,0.020603622440307418,0.0012659398890813433
141.3,0.5511551308992424,0.376523777379386,0.03368064401264134,0.01932782455446305,0.017702096439562665,0.0016105267147057051,0.07955487256979968,0.5479244355193118,0.3772755359997009,0.03195637400357394,0.020957712355902432,0.020618313416387108,0.0012676287051237526
141.4,0.5510285758424591,0.3765903165096571,0.033713177128247306,0.01933942386506041,0.017715933970836616,0.0016125726837406434,0.07952875045425052,0.5477972485391986,0.3773417153978211,0.0319884801788198,0.020970235551890634,0.020633001829411024,0.0012693185028590569
141.5,0.550902148115976,0.37665672712219794,0.03374571219094314,0.019351023254280605,0.01772976963708258,0.0016146196795208255,0.07950265556927912,0.5476701911637751,0.37740776473489673,0.03202058877678456,0.02098275836286341,0.020647687679659518,0.0012710092820211127
141.6,0.5507758475527319,0.37672300939729314,0.0337782491887848,0.019362622721924922,0.017743603437622893,0.001616667701643513,0.0794765878784979,0.5475432632208358,0.3774736841956684,0.03205269978479814,0.020995280788937285,0.020662370967416875,0.0012727010423438647
141.70000000000002,0.5506496739858919,0.37678916351498065,0.03381078810984621,0.019374222267790703,0.01775743537178546,0.001618716749706251,0.0794505473455712,0.5474164645384108,0.377539473964622,0.03208481319020964,0.021007802830224877,0.02067705169297131,0.0012743937835613445
141.8,0.5505236272488477,0.3768551896550523,0.03384332894221919,0.019385821891671373,0.017771265438903717,0.001620766823306863,0.0794245339342149,0.5472897949447676,0.3776051342259876,0.03211692898038726,0.02102032448683484,0.020691729856614934,0.001276087505407671
141.9,0.550397707175217,0.37692108799705426,0.03387587167401349,0.019397421593356463,0.01778509363831666,0.0016228179220434578,0.0793985476081965,0.5471632542684086,0.37767066516374026,0.03214904714271833,0.021032845758871876,0.020706405458643738,0.0012777822076170495
142.0,0.5502719135988428,0.3769868587202871,0.03390841629335672,0.019409021372631605,0.017798919969368762,0.0016248700455144228,0.07937258833133501,0.5470368423380721,0.37773606696160067,0.03218116766460927,0.021045366646436765,0.020721078499357577,0.0012794778899237714
142.1,0.5501462463537937,0.37705250200380624,0.03394096278839433,0.019420621229278567,0.01781274443141001,0.0016269231933184274,0.07934665606750092,0.5469105589827312,0.37780133980303454,0.03221329053348548,0.021057887149626413,0.02073574897906017,0.0012811745520622162
142.20000000000002,0.5500207052743636,0.3771180180264225,0.03397351114728963,0.019432221163075285,0.017826567023795852,0.0016289773650544227,0.07932075078061594,0.5467844040315941,0.3778664838712547,0.03224541573679143,0.021070407268533833,0.020750416898059093,0.001282872193766849
142.3,0.549895290195071,0.37718340696670194,0.034006061358223684,0.01944382117379584,0.017840387745887164,0.0016310325603216365,0.0792948724346532,0.546658377314104,0.3779314993492193,0.03227754326199061,0.02108292700324816,0.02076508225666567,0.001284570814772223
142.4,0.5497700009506588,0.3772486690029668,0.034038613409395374,0.01945542126121051,0.017854206597050275,0.00163308877871958,0.07926902099363702,0.5465324786599377,0.37799638641963423,0.032309673096565406,0.021095446353854696,0.0207797450551951,0.0012862704148129767
142.5,0.5496448373760939,0.37731380431329525,0.03407116728902132,0.01946702142508578,0.017868023576656913,0.0016351460198480428,0.07924319642164254,0.5464067078990059,0.3780611452649519,0.0323418052280172,0.021107965320434886,0.020794405293966346,0.0012879709936238362
142.6,0.5495197993065676,0.3773788130755222,0.034103722985335864,0.019478621665184357,0.017881838684084203,0.0016372042833070948,0.0792173986827963,0.5462810648614533,0.37812577606737235,0.03237393964386628,0.021120483903066416,0.020809062973302105,0.0012896725509396135
142.70000000000002,0.549394886577494,0.3774436954672393,0.03413628048659108,0.019490221981265172,0.01789565191871463,0.0016392635686970837,0.0791916277412756,0.5461555493776575,0.3781902790088435,0.032406076331651816,0.021133002101823062,0.020823718093528863,0.0012913750864952081
142.8,0.5492700990245111,0.3775084516657955,0.034168839781056656,0.019501822373083417,0.017909463279936026,0.001641323875618636,0.07916588356130858,0.5460301612782296,0.37825465427106125,0.032438215278931856,0.02114551991677494,0.020838370654976842,0.0012930786000256047
142.9,0.5491454364834794,0.3775730818482972,0.03420140085702001,0.01951342284039057,0.017923272767141563,0.0016433852036726578,0.07914016610717418,0.5459049003940123,0.3783189020354702,0.032470356473283266,0.02115803734798829,0.020853020657979955,0.0012947830912658756
143.0,0.5490208987904821,0.37763758619160864,0.03423396370278615,0.019525023382934378,0.017937080379729717,0.001645447552460332,0.07911447534320219,0.5457797665560821,0.3783830224832638,0.032502499902301724,0.0211705543955257,0.02086766810287586,0.0012964885599511791
143.1,0.548896485781825,0.37770196487235236,0.03426652830667769,0.01953662400045891,0.017950886117104263,0.0016475109215831208,0.07908881123377276,0.5456547595957454,0.3784470157953845,0.03253464555360169,0.021183071059445936,0.020882312990005834,0.0012981950058167599
143.20000000000002,0.5487721972940356,0.3777662180669093,0.03429909465703485,0.019548224692704556,0.017964689978674245,0.001649575310642764,0.07906317374331671,0.5455298793445422,0.3785108821525245,0.0325667934148164,0.021195587339804065,0.020896955319714895,0.0012999024285979478
143.3,0.5486480331638632,0.37783034595141934,0.03433166274221538,0.01955982545940804,0.017978491963853947,0.0016516407192412761,0.07903756283631541,0.5454051256342429,0.37857462173512596,0.03259894347359785,0.021208103236651517,0.020911595092351683,0.0013016108280301626
143.4,0.5485239932282788,0.3778943487017815,0.03436423255059458,0.01957142630030245,0.017992292072062908,0.0016537071469809516,0.0790119784773005,0.545280498296849,0.37863823472338093,0.032631095717616604,0.021220618750035943,0.020926232308268473,0.0013033202038489065
143.5,0.5484000773244742,0.37795822649365435,0.03439680407056525,0.019583027215117246,0.01800609030272586,0.00165577459346436,0.07898642063085391,0.5451559971645928,0.3787017212972327,0.032663250134562095,0.0212331338800014,0.020940866967821166,0.0013050305557897697
143.6,0.5482762852898619,0.3780219795024562,0.03442937729053768,0.019594628203578282,0.018019886655272755,0.0016578430582943476,0.0789608892616079,0.5450316220699374,0.3787650816363747,0.03269540671214228,0.021245648626588207,0.02095549907136927,0.0013067418835884291
143.70000000000002,0.5481526169620754,0.37808560790336565,0.03446195219893964,0.019606229265407824,0.0180336811291387,0.0016599125410740382,0.07893538433424482,0.5449073728455743,0.3788283159202521,0.032727565438083785,0.02125816298983311,0.020970128619275875,0.0013084541869806449
143.8,0.5480290721789679,0.37814911187132166,0.0344945287842163,0.019617830400324547,0.018047473723763963,0.0016619830414068286,0.07890990581349694,0.5447832493244271,0.37889142432806183,0.032759726300131846,0.021270676969769226,0.020984755611907657,0.0013101674657022683
143.9,0.547905650778613,0.37821249158102416,0.03452710703483026,0.01962943160804358,0.018061264438593957,0.0016640545588963926,0.07888445366414684,0.5446592513396472,0.3789544070387524,0.032791889286050264,0.021283190566426042,0.020999380049634857,0.001311881719489232
144.0,0.5477823525993034,0.378275747206934,0.034559686939261515,0.01964103288827651,0.01807505327307921,0.0016661270931466795,0.07885902785102669,0.5445353787246157,0.3790172642310246,0.03282405438362137,0.021295703779829443,0.02101400193283122,0.0013135969480775579
144.1,0.5476591774795515,0.3783388789232737,0.03459226848600743,0.0196526342407314,0.018088840226675354,0.0016682006437619132,0.07883362833901869,0.5444116313129426,0.37907999608333226,0.03285622158064607,0.021308216610001783,0.021028621261874048,0.0013153131512033515
144.20000000000002,0.5475361252580885,0.3784018869040276,0.03462485166358271,0.0196642356651128,0.018102625298843104,0.0016702752103465925,0.07880825509305465,0.5442880089384657,0.3791426027738819,0.032888390864943697,0.021320729056961796,0.021043238037144144,0.0013170303286028063
144.3,0.5474131957738646,0.3784647713229419,0.03465743646051934,0.019675837161121767,0.018116408489048226,0.001672350792505489,0.07878290807811623,0.5441645114352515,0.3792050844806335,0.032920562224352135,0.02133324112072473,0.021057852259025824,0.0013187484800122
144.4,0.5472903888660482,0.3785275323535254,0.03469002286536664,0.01968743872845588,0.01813018979676154,0.0016744273898436496,0.07875758725923458,0.5440411386375945,0.3792674413813008,0.032952735646727654,0.02134575280130225,0.021072463927906848,0.001320467605167898
144.5,0.5471677043740257,0.3785901701690497,0.03472261086669119,0.019699040366809265,0.018143969221458892,0.001676505001966395,0.07873229260149034,0.5439178903800164,0.3793296736533513,0.03298491111994498,0.021358264098702562,0.021087073044178478,0.0013221877038063498
144.6,0.5470451421374017,0.37865268494254956,0.034755200453076826,0.0197106420758726,0.018157746762621142,0.0016785836284793191,0.07870702407001356,0.5437947664972665,0.37939178147400665,0.03301708863189721,0.021370775012930304,0.021101679608235384,0.0013239087756640926
144.70000000000002,0.5469227019959981,0.378715076846823,0.03478779161312459,0.01972224385533314,0.01817152241973413,0.0016806632689882893,0.07868178162998382,0.5436717668243202,0.3794537650202438,0.03304926817049582,0.021383285543986708,0.0211162836204757,0.001325630820477746
144.8,0.546800383789854,0.3787773460544318,0.0348203843354527,0.01973384570487472,0.018185296192288654,0.001682743923099444,0.07865656524662992,0.5435488911963802,0.37951562446879455,0.033081449723670615,0.021395795691869494,0.021130885081300982,0.0013273538379840206
144.9,0.5466781873592255,0.37883949273770184,0.03485297860869659,0.019745447624177785,0.01819906807978049,0.001684825590419196,0.0786313748852298,0.5434261394488755,0.3795773599961458,0.03311363327936977,0.021408305456572903,0.021145483991116133,0.0013290778279197088
145.0,0.5465561125445851,0.3789015170687234,0.03488557442150883,0.01975704961291941,0.018212838081710335,0.0016869082705542298,0.07860621051111061,0.543303511417461,0.3796389717785401,0.03314581882555969,0.02142081483808782,0.02116008035032951,0.0013308027900216883
145.1,0.5464341591866223,0.3789634192193513,0.03491817176255912,0.01976865167077329,0.018226606197583803,0.0016889919631115017,0.07858107208964848,0.5431810069380169,0.3797004599919769,0.0331780063502251,0.02143332383640162,0.021174674159352824,0.0013325287240269254
145.20000000000002,0.546312327126242,0.3790251993612056,0.034950770620534255,0.01978025379740978,0.018240372426911407,0.0016910766676982401,0.07855595958626856,0.5430586258466491,0.3797618248122106,0.033210195841368896,0.021445832451498316,0.02118926541860109,0.0013342556296724684
145.3,0.5461906162045651,0.37908685766567163,0.03498337098413812,0.019791855992495912,0.01825413676920853,0.001693162383921944,0.078530872966445,0.5429363679796879,0.37982306641475316,0.03324238728701227,0.02145834068335853,0.02120385412849273,0.0013359835066954556
145.4,0.5460690262629281,0.37914839430390035,0.03501597284209164,0.019803458255695384,0.01826789922399543,0.0016952491113903833,0.07850581219570063,0.5428142331736896,0.37988418497487375,0.033274580675194565,0.0214708485319595,0.021218440289449476,0.0013377123548331056
145.5,0.5459475571428823,0.3792098094468087,0.03504857618313279,0.019815060586668612,0.018281659790797204,0.0016973368497116,0.07848077723960711,0.5426922212654338,0.3799451806675989,0.03330677599397328,0.0214833559972751,0.021233023901896332,0.001339442173822727
145.6,0.5458262086861944,0.3792711032650799,0.03508118099601656,0.019826662985072723,0.018295418469143773,0.0016994255984939055,0.07845576806378472,0.5425703320919246,0.38000605366771223,0.0333389732314241,0.02149586307927584,0.021247604966261654,0.0013411729634017116
145.70000000000002,0.5457049807348451,0.3793322759291639,0.03511378726951491,0.019838265450561575,0.01830917525856987,0.0017015153573458819,0.07843078463390248,0.5424485654903899,0.3800668041497558,0.033371172375640724,0.02150836977792893,0.02126218348297703,0.0013429047233075363
145.8,0.5455838731310299,0.37939332760927746,0.03514639499241676,0.019849867982785766,0.018322930158615004,0.00170360612587638,0.07840582691567771,0.5423269212982812,0.3801274322880302,0.03340337341473508,0.021520876093198263,0.02127675945247734,0.001344637453277765
145.9,0.545462885717158,0.37945425847540465,0.035179004153527975,0.019861470581392666,0.01833668316882347,0.0017056979036945215,0.0783808948748765,0.5422053993532729,0.38018793825659497,0.03343557633683707,0.021533382025044397,0.02129133287520071,0.0013463711530500443
146.0,0.5453420183358523,0.3795150686972971,0.03521161474167135,0.019873073246026416,0.018350434288744312,0.001707790690409697,0.07835598847731295,0.5420839994932624,0.38024832222926763,0.033467781130094645,0.021545887573424592,0.021305903751588515,0.0013481058223621099
146.1,0.5452212708299493,0.3795757584444744,0.03524422674568655,0.01988467597632796,0.01836418351793131,0.0017098844856315658,0.07833110768884978,0.5419627215563698,0.3803085843796267,0.03349998778267378,0.021558392738292922,0.021320472082085328,0.001349841460951778
146.20000000000002,0.5451006430424986,0.3796363278862242,0.035276840154430146,0.01989627877193505,0.018377930855942973,0.0017119792889700577,0.07830625247539769,0.541841565380937,0.3803687248810086,0.03353219628275845,0.02157089751960008,0.021335037867138917,0.0013515780685569535
146.3,0.5449801348167626,0.37969677719160283,0.03530945495677549,0.01990788163248225,0.01839167630234249,0.0017140751000353676,0.0782814228029157,0.5417205308055285,0.38042874390651116,0.03356440661855058,0.021583401917293608,0.02134960110720031,0.0013533156449156262
146.4,0.5448597459962162,0.37975710652943534,0.035342071141612814,0.019919484557600974,0.018405419856697754,0.001716171918437961,0.0782566186374108,0.5415996176689301,0.38048864162899254,0.03359661877827004,0.0215959059313178,0.021364161802723623,0.0013550541897658693
146.5,0.5447394764245466,0.379817316068316,0.03537468869784914,0.019931087546919492,0.018419161518581317,0.0017182697437885706,0.07823183994493808,0.5414788258101491,0.3805484182210704,0.03362883275015458,0.02160840956161368,0.021378719954166195,0.001356793702845843
146.6,0.5446193259456529,0.37987740597660846,0.03540730761440826,0.019942690600062943,0.018432901287570386,0.0017203685756981971,0.07820708669160045,0.5413581550684137,0.380608073855125,0.0336610485224599,0.021620912808119157,0.021393275561988508,0.0013585341838937893
146.70000000000002,0.5444992944036459,0.3799373764224463,0.03543992788023071,0.01995429371665335,0.01844663916324679,0.0017224684137781084,0.0781823588435488,0.5412376052831724,0.3806676087032968,0.03369326608345954,0.02163341567076886,0.021407828626654118,0.0013602756326480383
146.8,0.5443793816428478,0.37999722757373305,0.03547254948427376,0.019965896896309624,0.01846037514519697,0.0017245692576398374,0.0781576563669817,0.5411171762940952,0.3807270229374889,0.03372548542144484,0.021645918149494334,0.02142237914862982,0.0013620180488470065
146.9,0.5442595875077921,0.38005695959814284,0.03550517241551139,0.019977500138647616,0.01847410923301198,0.0017266711068951862,0.07813297922814541,0.5409968679410713,0.38078631672936525,0.033757706524725005,0.02165842024422393,0.02143692712838538,0.0013637614322291915
147.0,0.5441399118432229,0.3801165726631203,0.035537796662934266,0.01998910344328009,0.01848784142628744,0.0017287739611562222,0.07810832739333391,0.5408766800642097,0.3808454902503536,0.03378992938162702,0.02167092195488282,0.02145147256639376,0.0013655057825331758
147.1,0.5440203544940947,0.3801760669358812,0.03557042221554972,0.020000706809816762,0.018501571724623543,0.0017308778200352797,0.0780837008288888,0.5407566125038399,0.38090454367164284,0.033822153980495574,0.021683423281393086,0.02146601546313092,0.0013672510994976288
147.20000000000002,0.5439009153055725,0.38023544258341263,0.03560304906238172,0.020012310237864307,0.018515300127625027,0.001732982683144958,0.07805909950119892,0.5406366651005095,0.38096347716418627,0.0338543803096932,0.0216959242236737,0.021480555819075948,0.0013689973828613041
147.3,0.5437815941230313,0.3802946997724734,0.03563567719247085,0.020023913727026377,0.018529026634901146,0.0017350885500981219,0.07803452337670072,0.5405168376949857,0.38102229089869966,0.03388660835760006,0.021708424781640524,0.021495093634710933,0.001370744632363041
147.4,0.5436623907920555,0.3803538386695942,0.035668306594874265,0.020035517276903607,0.01854275124606568,0.001737195420507902,0.07800997242187796,0.5403971301282535,0.381080985045663,0.03391883811261408,0.021720924955206337,0.021509628910521023,0.0013724928477417606
147.5,0.5435433051584391,0.3804128594410781,0.03570093725866571,0.02004712088709364,0.0185564739607369,0.0017393032939876931,0.07798544660326164,0.5402775422415177,0.3811395597753198,0.03395106956315075,0.021733424744280798,0.02152416164699438,0.0013742420287364727
147.6,0.543424337068185,0.3804717622530007,0.03573356917293547,0.02005872455719114,0.018570194778537556,0.0017414121701511554,0.07796094588742994,0.5401580738761995,0.3811980152576783,0.033983302697643276,0.021745924148770582,0.02153869184462215,0.0013759921750862692
147.70000000000002,0.5433054863675053,0.38053054727121055,0.03576620232679038,0.020070328286787807,0.01858391369909486,0.0017435220486122143,0.07793647024100828,0.5400387248739387,0.3812563516625108,0.03401553750454248,0.02175842316857927,0.021553219503898498,0.0013777432865303236
147.8,0.5431867529028201,0.38058921466132933,0.035798836709353736,0.020081932075472382,0.01859763072204046,0.0017456329289850568,0.07791201963066892,0.539919495076592,0.38131456915935524,0.03404777397231675,0.02177092180360742,0.021567744625320587,0.0013794953628079019
147.9,0.5430681365207582,0.38064776458875227,0.03583147230976533,0.020093535922830672,0.018611345847010446,0.001747744810884136,0.0778875940231313,0.539800384326234,0.38137266791751423,0.03408001208945206,0.021783420053752587,0.021582267209388495,0.0013812484036583464
148.0,0.5429496370681562,0.38070619721864846,0.035864109117181395,0.020105139828445567,0.018625059073645308,0.0017498576939241673,0.07786319338516161,0.5396813924651553,0.3814306481060568,0.034112251844451894,0.021795917918909315,0.021596787256605268,0.0013830024088210893
148.1,0.5428312543920583,0.3807645127159611,0.03589674712077463,0.02011674379189704,0.01863877040158994,0.0017519715777201302,0.07783881768357301,0.5395625193358636,0.3814885098938174,0.03414449322583728,0.02180841539896913,0.021611304767476868,0.0013847573780356452
148.20000000000002,0.5427129883397159,0.38082271124540795,0.03592938630973414,0.020128347812762182,0.018652479830493618,0.0017540864618872673,0.0778144668852253,0.539443764781082,0.38154625344939647,0.03417673622214675,0.021820912493820628,0.02162581974251226,0.0013865133110416137
148.3,0.5425948387585882,0.38088079297148136,0.03596202667326537,0.020139951890615185,0.018666187360009953,0.001756202346041082,0.07779014095702505,0.5393251286437507,0.3816038789411615,0.034208980821936304,0.02183340920334943,0.021640332182223228,0.001388270207578677
148.4,0.5424768054963405,0.3809387580584488,0.03599466820059017,0.02015155602502739,0.018679892989796935,0.001758319229797342,0.07776583986592543,0.5392066107670245,0.3816613865372472,0.03424122701377934,0.021845905527438158,0.021654842087124506,0.0013900280673866034
148.5,0.5423588884008451,0.3809966066703531,0.03602731088094674,0.020163160215567296,0.018693596719516863,0.0017604371127720765,0.07774156357892617,0.5390882109942733,0.38171877640555435,0.034273474786266724,0.021858401465966577,0.021669349457733647,0.0013917868902052447
148.6,0.5422410873201803,0.3810543389710129,0.036059954703589574,0.020174764461800544,0.01870729854883636,0.0017625559945815775,0.07771731206307339,0.5389699291690835,0.3817760487137526,0.03430572412800669,0.021870897018811484,0.02168385429457117,0.0013935466757745382
148.70000000000002,0.5421234021026305,0.3811119551240225,0.03609259965778948,0.02018636876328997,0.01872099847742634,0.0017646758748423974,0.07769308528545976,0.5388517651352548,0.3818332036292782,0.03433797502762489,0.02188339218584675,0.02169835659816035,0.0013953074238345037
148.8,0.5420058325966859,0.38116945529275287,0.036125245732833516,0.02019797311959558,0.01873469650496199,0.0017667967531713488,0.07766888321322413,0.5387337187368021,0.3818902413193374,0.03437022747376427,0.02189588696694341,0.021712856369027367,0.001397069134125246
148.9,0.541888378651042,0.38122683964035126,0.03615789291802503,0.020209577530274612,0.018748392631122778,0.0017689186291855073,0.07764470581355179,0.538615789817954,0.38194716195090295,0.03440248145508512,0.021908381361969553,0.021727353607701214,0.0013988318063869526
149.0,0.5417710401145995,0.38128410832974197,0.03619054120268358,0.020221181994881505,0.018762086855592407,0.0017710415025022088,0.077620553053674,0.5384979782231533,0.3820039656907173,0.034434736960265035,0.02192087537079045,0.021741848314713662,0.001400595440359898
149.1,0.541653816836464,0.3813412615236265,0.03622319057614492,0.020232786512967938,0.018775779178058817,0.001773165372739049,0.07759642490086834,0.5383802837970562,0.38206065270529294,0.034466993977998864,0.021933368993268483,0.02175634049059933,0.0014023600357844382
149.20000000000002,0.5415367086659454,0.3813982993844839,0.03625584102776103,0.020244391084082842,0.018789469598214165,0.0017752902395138852,0.07757232132245835,0.5382627063845312,0.38211722316090985,0.03449925249699875,0.021945862229263195,0.02177083013589562,0.0014041255924010124
149.3,0.5414197154525584,0.3814552220745708,0.03628849254689998,0.02025599570777239,0.0188031581157548,0.0017774161024448317,0.07754824228581357,0.5381452458306619,0.38217367722362006,0.03453151250599402,0.021958355078631333,0.021785317251142685,0.0014058921099501472
149.4,0.5413028370460214,0.38151202975592213,0.03632114512294606,0.020267600383580057,0.018816844730381265,0.0017795429611502647,0.07752418775834938,0.5380279019807426,0.38223001505924376,0.03456377399373122,0.021970847541226766,0.02179980183688344,0.0014076595881724512
149.5,0.5411860732962567,0.38156872259035124,0.036353798745299634,0.020279205111046587,0.018830529441798267,0.0017816708152488194,0.0775001577075271,0.5379106746802805,0.38228623683337276,0.034596036948974104,0.021983339616900622,0.021814283893663595,0.001409428026808616
149.6,0.54106942405339,0.3816253007394501,0.03638645340337717,0.020290809889710028,0.018844212249714668,0.0017837996643593893,0.07747615210085387,0.5377935637749954,0.382342342711369,0.03462830136050348,0.02199583130550122,0.021828763422031508,0.0014111974255994195
149.70000000000002,0.54095288916775,0.3816817643645897,0.03641910908661122,0.020302414719105755,0.018857893153843466,0.0017859295081011277,0.07745217090588234,0.5376765691108184,0.382398332858366,0.034660567217117424,0.022008322606874076,0.02184324042253834,0.001412967784285718
149.8,0.5408364684898688,0.3817381136269205,0.03645176578445037,0.02031401959876646,0.018871572153901776,0.0017880603460934449,0.07742821409021093,0.5375596905338921,0.3824542074392685,0.03469283450763103,0.022020813520861982,0.02185771489573794,0.0014147391026084581
149.9,0.5407201618704807,0.3817943486873724,0.03648442348635924,0.020325624528222185,0.018885249249610818,0.00179019217795601,0.07740428162148358,0.5374429278905707,0.3825099666187523,0.034725103220876505,0.022033304047304938,0.021872186842186832,0.0014165113803086666
150.0,0.5406039691605226,0.38185046970665526,0.036517082181818476,0.020337229507000332,0.01889892444069591,0.001792325003308751,0.07738037346738973,0.5373262810274189,0.3825656105612659,0.03475737334570311,0.022045794186040246,0.021886656262444227,0.0014182846171274545
150.1,0.5404878902111334,0.38190647684525925,0.03654974186032469,0.020348834534625666,0.01891259772688644,0.0017944588217718522,0.07735648959566427,0.5372097497912119,0.38262113943103054,0.03478964487097714,0.022058283936902467,0.02190112315707205,0.0014200588128060177
150.20000000000002,0.540371924873654,0.3819623702634549,0.03658240251139047,0.02036043961062034,0.018926269107915852,0.0017965936329657562,0.07733262997408741,0.5370933340289357,0.3826765533920386,0.03482191778558188,0.022070773299723415,0.021915587526634774,0.0014218339670856316
150.3,0.5402560729996266,0.3820181501212937,0.03661506412454433,0.020372044734503894,0.01893993858352163,0.0017987294365111612,0.07730879457048463,0.5369770335877857,0.3827318526080569,0.03485419207841765,0.022083262274332268,0.021930049371699668,0.0014236100797076602
150.4,0.5401403344407948,0.3820738165786082,0.03664772668933071,0.020383649905793295,0.018953606153445296,0.0018008662320290237,0.07728498335272661,0.5368608483151679,0.3827870372426246,0.0348864677384017,0.022095750860555475,0.02194450869283652,0.0014253871504135481
150.5,0.540024709049103,0.38212936979501244,0.03668039019530996,0.020395255124002927,0.018967271817432386,0.001803004019140557,0.07726119628872938,0.5367447780586972,0.38284210745905517,0.03491874475446824,0.02210823905821682,0.02195896549061777,0.0014271651789448249
150.6,0.5399091966766967,0.382184809929902,0.03671305463205829,0.0204068603886446,0.018980935575232418,0.0018051427974672284,0.07723743334645373,0.5366288226661974,0.382897063420435,0.034951023115568386,0.02212072686713741,0.021973419765618486,0.001428944165043101
150.70000000000002,0.5397937971759216,0.38224013714245464,0.03674571998916777,0.020418465699227593,0.018994597426598907,0.001807282566630764,0.07721369449390565,0.536512981985702,0.3829519052896258,0.034983302810670115,0.022133214287135734,0.021987871518416278,0.0014307241084500722
150.8,0.5396785103993235,0.3822953515916303,0.0367783862562463,0.02043007105525863,0.019008257371289323,0.0018094233262531427,0.07718997969913609,0.536397255865452,0.38300663322926287,0.03501558382875835,0.022145701318027632,0.022002320749591377,0.001432505008907518
150.9,0.5395633361996484,0.38235045343617163,0.036811053422917586,0.020441676456241918,0.019021915409065095,0.0018115650759566008,0.07716628893024077,0.536281644153898,0.3830612474017569,0.0350478661588348,0.02215818795962631,0.022016767459726614,0.0014342868661573007
151.0,0.5394482744298416,0.38240544283460415,0.03684372147882113,0.02045328190167916,0.019035571539691588,0.0018137078153636296,0.07714262215536029,0.5361661466996976,0.3831157479692936,0.03508014978991802,0.02217067421174236,0.022031211649407297,0.001436069679941366
151.1,0.5393333249430478,0.3824603199452366,0.0368763904136122,0.020464887391069553,0.019049225762938087,0.0018158515440969746,0.07711897934267997,0.5360507633517163,0.38317013509383363,0.03511243471104333,0.022183160074183788,0.02204565331922134,0.0014378534500017412
151.20000000000002,0.5392184875926109,0.3825150849261611,0.03690906021696181,0.020476492923909816,0.01906287807857779,0.0018179962617796365,0.07709536046042974,0.5359354939590275,0.38322440893711407,0.03514472091126289,0.022195645546755995,0.02206009246975913,0.0014396381760805371
151.3,0.539103762232074,0.3825697379352536,0.03694173087855667,0.02048809849969418,0.019076528486387766,0.0018201419680348686,0.07707176547688425,0.535820338370911,0.383278569660648,0.035177008379645554,0.022208130629261823,0.022074529101613644,0.0014414238579199502
151.4,0.5389891487151781,0.3826242791301743,0.036974402388099216,0.02049970411791444,0.01909017698614898,0.0018222886624861799,0.07704819436036264,0.5357052964368546,0.38333261742572444,0.03520929710527695,0.022220615321501568,0.02208896321538034,0.0014432104952622584
151.5,0.5388746468958626,0.38267870866836756,0.037007074735307566,0.020511309778059927,0.01910382357764625,0.001824436344757333,0.07702464707922842,0.5355903680065515,0.3833865523934094,0.03524158707725937,0.02223309962327292,0.02210339481165712,0.001444998087849821
151.6,0.5387602566282651,0.38273302670706255,0.037039747909915495,0.02052291547961755,0.01911746826066825,0.001826585014472344,0.07700112360188967,0.535475552929902,0.3834403747245458,0.035273878284711804,0.022245583534371095,0.022117823891044452,0.001446786635425083
151.70000000000002,0.5386459777667209,0.3827872334032733,0.037072421901672405,0.020534521222071795,0.019131111035007475,0.001828734671255482,0.07697762389679862,0.5353608510570117,0.38349408457975387,0.0353061707167699,0.022258067054588732,0.022132250454145186,0.001448576137730571
151.8,0.5385318101657626,0.38284132891379913,0.03710509670034331,0.020546127004904734,0.019144751900460243,0.0018308853147312682,0.07695414793245194,0.5352462622381928,0.3835476821194315,0.03533846436258596,0.022270550183715987,0.022146674501564722,0.0014503665945088953
151.9,0.5384177536801202,0.382895313395225,0.037137772295708825,0.020557732827596046,0.019158390856826673,0.0018330369445244774,0.07693069567739043,0.5351317863239625,0.38360116750375434,0.03537075921132889,0.02228303292154051,0.022161096033910834,0.0014521580055027463
152.0,0.5383038081647207,0.3829491870039216,0.037170448677565145,0.020569338689623035,0.019172027903910677,0.0018351895602601372,0.07690726710019896,0.5350174231650432,0.3836545408926766,0.03540305525218416,0.022295515267847437,0.022175515051793725,0.0014539503704549027
152.1,0.5381899734746874,0.38300294989604583,0.037203125835723994,0.02058094459046062,0.01918566304151993,0.0018373431615635258,0.07688386216950646,0.5349031726123618,0.3837078024459306,0.03543535247435384,0.022307997222419464,0.022189931555826093,0.0014557436891082202
152.20000000000002,0.5380762494653403,0.38305660222754095,0.03723580376001265,0.02059255052958138,0.01919929626946587,0.001839497748060175,0.07686048085398604,0.5347890345170503,0.3837609523230276,0.035467650867056506,0.0223204787850368,0.022204345546622973,0.0014575379612056412
152.3,0.5379626359921953,0.38311014415413697,0.03726848244027386,0.020604156506455532,0.019212927587563683,0.0018416533193758662,0.07683712312235455,0.534675008730445,0.3838139906832586,0.03549995041952731,0.022332959955477183,0.022218757024801854,0.001459333186490189
152.4,0.5378491329109644,0.38316357583135097,0.0373011618663659,0.020615762520550977,0.019226556995632287,0.0018438098751366342,0.07681378894337273,0.5345610951040861,0.38386691768569264,0.03553225112101785,0.022345440733515964,0.022233165990982552,0.0014611293647049685
152.5,0.537735740077555,0.3832168974144872,0.037333842028162485,0.02062736857133328,0.01924018449349431,0.0018459674149687634,0.07679047828584522,0.5344472934897175,0.38391973348917985,0.03556455296079622,0.022357921118925962,0.0222475724457873,0.0014629264955931707
152.6,0.53762245734807,0.38327010905863773,0.03736652291555277,0.020638974658265707,0.019253810080976073,0.001848125938498789,0.07676719111862029,0.5343336037392865,0.38397243825235006,0.03559685592814696,0.02237040111147771,0.022261976389840687,0.001464724578898066
152.70000000000002,0.5375092845788072,0.3833232109186822,0.037399204518441365,0.02065058078080923,0.019267433757907605,0.0018502854453534981,0.07674392741059002,0.5342200257049439,0.38402503213361305,0.035629160012371014,0.022382880710939232,0.022276377823769608,0.0014665236143630077
152.8,0.5373962216262592,0.3833762031492886,0.03743188682674823,0.020662186938422533,0.019281055524122587,0.0018524459351599255,0.07672068713068987,0.5341065592390432,0.3840775152911599,0.035661465202785785,0.02239535991707618,0.022290776748203376,0.0014683236017314339
152.9,0.5372832683471133,0.38342908590491337,0.03746456983040874,0.020673793130562022,0.019294675379458368,0.0018546074075453576,0.07669747024789905,0.5339932041941406,0.3841298878829618,0.035693771488725025,0.022407838729651863,0.022305173163773562,0.0014701245407468628
153.0,0.5371704245982507,0.38348185933980167,0.03749725351937361,0.020685399356681858,0.01930829332375594,0.0018567698621373301,0.0766742767312401,0.5338799604229947,0.3841821500667722,0.035726078859538817,0.022420317148427155,0.022319567071114085,0.001471926431152897
153.1,0.5370576902367471,0.3835345236079877,0.03752993788360891,0.02069700561623395,0.019321909356859925,0.001858933298563629,0.076651106549779,0.5337668277785663,0.3842343020001253,0.03575838730459368,0.022432795173160634,0.022333958470861153,0.0014737292726932178
153.20000000000002,0.5369450651198715,0.3835870788632949,0.03756262291309601,0.020708611908667972,0.019335523478618565,0.0018610977164522885,0.0766279596726252,0.533653806114017,0.38428634384033755,0.035790696813272294,0.022445272803608477,0.022348347363653293,0.001475533065111593
153.3,0.5368325491050865,0.3836395252593365,0.037595308597831584,0.020720218233431374,0.019349135688883693,0.0018632631154315914,0.07660483606893108,0.5335408952827113,0.3843382757445072,0.035823007374973764,0.022457750039524535,0.02236273375013125,0.0014773378081518718
153.4,0.536720142050048,0.38369186294951546,0.03762799492782757,0.020731824589969392,0.019362745987510737,0.0018654294951300692,0.07658173570789274,0.5334280951382144,0.38439009786951567,0.03585531897911339,0.02247022688066038,0.02237711763093812,0.001479143501557982
153.5,0.5366078438126048,0.38374409208702503,0.03766068189311116,0.02074343097772507,0.019376354374358695,0.0018675968551765025,0.07655865855874895,0.5333154055342921,0.38444181037202674,0.035887631615122755,0.02248270332676518,0.02239149900671919,0.0014809501450739398
153.60000000000002,0.5364956542507984,0.3837962128248489,0.0376933694837248,0.02075503739613927,0.01938996084929014,0.00186976519519992,0.07653560459078176,0.5332028263249117,0.3844934134084868,0.035919945272449655,0.0224951793775859,0.022405877878122028,0.0014827577384438368
153.70000000000002,0.5363835732228625,0.3838482253157614,0.0377260576897261,0.02076664384465066,0.019403565412171163,0.001871934514829596,0.07651257377331636,0.5330903573642399,0.3845449071351267,0.03595225994055806,0.022507655032867124,0.022420254245796415,0.0014845662814118531
153.8,0.5362716005872231,0.3839001297123281,0.037758746501187906,0.020778250322695764,0.019417168062871415,0.001874104813695055,0.07648956607572056,0.5329779985066444,0.38459629170795967,0.03598457560892814,0.02252013029235122,0.022434628110394393,0.0014863757737222467
153.9,0.5361597362024983,0.3839519261669057,0.037791435908198195,0.020789856829708943,0.01943076880126405,0.001876276091426068,0.07646658146740537,0.532865749606692,0.38464756728278393,0.03601689226705623,0.022532605155778273,0.02244899947257018,0.0014881862151193592
154.0,0.5360479799274978,0.3840036148316427,0.03782412590086012,0.02080146336512242,0.01944436762722573,0.001878448347652652,0.07644361991782446,0.5327536105191499,0.38469873401518134,0.036049209904454795,0.022545079622886058,0.02246336833298017,0.001489997605347613
154.10000000000002,0.5359363316212221,0.3840551958584793,0.03785681646929195,0.020813069928366297,0.019457964540636606,0.0018806215820050714,0.07642068139647433,0.532641581098984,0.38474979206051874,0.03608152851065236,0.02255755369341018,0.022477734692283015,0.0014918099441515135
154.20000000000002,0.5358247911428635,0.384106669399148,0.03788950760362705,0.020824676518868556,0.019471559541380315,0.001882795794113837,0.07639776587289412,0.5325296612013594,0.3848007415739478,0.036113848075193605,0.02257002736708396,0.02249209855113949,0.001493623231275648
154.3,0.535713358351805,0.3841580356051737,0.03792219929401387,0.02083628313605507,0.019485152629343944,0.0018849709836097058,0.07637487331666562,0.5324178506816397,0.3848515827104049,0.03614616858763924,0.022582500643638505,0.02250645991021257,0.0014954374664646864
154.4,0.5356020331076199,0.3842092946278741,0.037954891530615945,0.020847889779349628,0.01949874380441804,0.0018871471501236807,0.07635200369741313,0.5323061493953882,0.38490231562461236,0.03617849003756601,0.02259497352280271,0.02252081877016738,0.0014972526494633793
154.5,0.535490815270072,0.38426044661835995,0.037987584303611835,0.020859496448173927,0.019512333066496593,0.0018893242932870103,0.07632915698480355,0.5321945571983645,0.3849529404710779,0.03621081241456672,0.022607446004303273,0.02253517513167115,0.0014990687800165575
154.60000000000002,0.5353797046991153,0.38431149172753515,0.03802027760319514,0.020871103141947605,0.019525920415477002,0.001891502412731189,0.07630633314854611,0.5320830739465271,0.38500345740409525,0.03624313570825011,0.022619918087864684,0.022549528995393295,0.0015008858578691368
154.70000000000002,0.5352687012548933,0.38436243010609733,0.03805297141957442,0.020882709860088233,0.019539505851260082,0.001893681508087955,0.07628353215839251,0.5319716994960328,0.38505386657774543,0.036275459908240944,0.022632389773209274,0.022563880362005344,0.0015027038827661128
154.8,0.5351578047977394,0.38441326190453795,0.03808566574297327,0.02089431660201134,0.019553089373750044,0.0018958615789892931,0.07626075398413673,0.5318604337032349,0.3851041681458945,0.03630778500417995,0.02264486106005721,0.02257822923218089,0.0015045228544525635
154.9,0.5350470151881762,0.3844639872731427,0.0381183605636302,0.020905923367130416,0.019566670982854483,0.001898042625067431,0.07623799859561492,0.5317492764246837,0.3851543622621966,0.036340110985723706,0.02265733194812644,0.022592575606595708,0.001506342772673648
155.0,0.5349363322869152,0.38451460636199153,0.03815105587179869,0.020917530154856933,0.019580250678484363,0.001900224645954842,0.07621526596270554,0.5316382275171271,0.38520444908009316,0.03637243784254483,0.022669802437132836,0.022606919485927586,0.0015081636371746098
155.10000000000002,0.5348257559548566,0.3845651193209592,0.03818375165774713,0.020929136964600345,0.019593828460554005,0.001902407641284243,0.076192556055329,0.5315272868375094,0.3852544287528117,0.03640476556433167,0.0226822725267901,0.022621260870856422,0.001509985447700767
155.20000000000002,0.5347152860530894,0.3846155262997155,0.03821644791175879,0.020940743795768102,0.019607404328981073,0.0019045916106885943,0.07616986884344795,0.5314164542429702,0.38530430143336963,0.03643709414078856,0.02269474221680981,0.02263559976206422,0.0015118082039975245
155.3,0.5346049224428908,0.3846658274477255,0.038249144624131835,0.02095235064776567,0.019620978283686565,0.0019067765538011002,0.07614720429706688,0.5313057295908465,0.3853540672745709,0.03646942356163565,0.022707211506901432,0.02264993616023496,0.0015136319058103708
155.4,0.534494664985726,0.38471602291424967,0.03828184178517929,0.020963957519996527,0.01963455032459479,0.001908962470255208,0.07612456238623239,0.5311951127386704,0.38540372642900883,0.03650175381660885,0.02271968039677234,0.02266427006605473,0.0015154565528848682
155.5,0.5343845135432478,0.3847661128483445,0.038314539385229,0.020975564411862192,0.01964812045163336,0.0019111493596846083,0.07610194308103274,0.5310846035441699,0.3854532790490644,0.03653408489545992,0.022732148886127762,0.022678601480211637,0.0015172821449666695
155.60000000000002,0.5342744679772967,0.38481609739886247,0.038347237414623675,0.02098717132276223,0.019661688664733192,0.0019133372217232355,0.07607934635159806,0.5309742018652671,0.3855027252869081,0.03656641678795639,0.0227446169746709,0.022692930403395806,0.0015191086818015015
155.70000000000002,0.5341645281499003,0.3848659767144525,0.038379935863720745,0.020998778252094244,0.019675254963828458,0.0019155260560052632,0.07605677216810036,0.5308639075600803,0.3855520652945005,0.03659874948388156,0.02275708466210285,0.022707256836299407,0.0015209361631351754
155.8,0.5340546939232733,0.3849157509435601,0.03841263472289246,0.021010385199253915,0.019688819348856614,0.0019177158621651103,0.07603422050075312,0.5307537204869224,0.3856012992235903,0.036631082973034426,0.0227695519481227,0.02272158077961657,0.0015227645887135831
155.9,0.5339449651598169,0.3849654202344279,0.03844533398252584,0.021021992163635,0.019702381819758367,0.0019199066398374372,0.07601169131981157,0.5306436405042997,0.3856504272257168,0.03666341724522969,0.02278201883242739,0.022735902234043433,0.001524593958282698
156.0,0.5338353417221192,0.38501498473509554,0.038478033633022594,0.02103359914462934,0.019715942376477648,0.001922098388657145,0.07598918459557247,0.5305336674709141,0.3856994494522097,0.03669575229029777,0.02279448531471191,0.022750221200278132,0.0015264242715885756
156.10000000000002,0.5337258234729542,0.3850644445934003,0.038510733664799186,0.021045206141626874,0.019729501018961634,0.0019242911082593772,0.07596670029837398,0.5304238012456597,0.38574836605418816,0.03672808809808473,0.022806951394669137,0.02276453767902078,0.001528255528377349
156.20000000000002,0.5336164102752818,0.3851137999569771,0.03854343406828674,0.02105681315401564,0.019743057747160692,0.0019264847982795167,0.07594423839859588,0.5303140416876256,0.3857971771825633,0.036760424658452306,0.022819417071990013,0.0227788516709734,0.001530087728395238
156.3,0.533507101992248,0.38516305097325904,0.038576134833931075,0.02106842018118182,0.019756612561028414,0.0019286794583531896,0.07592179886665916,0.5302043886560935,0.3858458829880368,0.03679276196127782,0.02283188234636339,0.022793163176840037,0.0015319208713885383
156.4,0.533397898487184,0.38521219778947746,0.03860883595219266,0.021080027222509706,0.019770165460521568,0.0019308750881162615,0.07589938167302614,0.5300948420105387,0.38589448362110046,0.03682509999645422,0.022844347217476194,0.02280747219732664,0.0015337549571036281
156.5,0.5332887996236061,0.3852612405526623,0.038641537413546596,0.021091634277381737,0.019783716445600095,0.0019330716872048386,0.07587698678820047,0.5299854016106289,0.3859429792320396,0.03685743875389,0.022856811685013283,0.02282177873314109,0.0015355899852869679
156.60000000000002,0.5331798052652157,0.38531017940964246,0.0386742392084826,0.02110324134517851,0.01979726551622711,0.0019352692552552675,0.07585461418272688,0.5298760673162243,0.3859913699709301,0.036889778223509265,0.022869275748657606,0.022836082784993203,0.001537425955685098
156.70000000000002,0.533070915275899,0.38535901450704585,0.038706941327504955,0.021114848425278773,0.019810812672368863,0.0019374677919041332,0.07583226382719126,0.5297668389873781,0.38603965598764073,0.0369221183952516,0.022881739408090095,0.022850384353594655,0.0015392628680446403
156.8,0.5329621295197267,0.38540774599129995,0.038739643761132564,0.021126455517059457,0.019824357913994756,0.0019396672967882623,0.07580993569222055,0.5296577164843346,0.386087837431832,0.036954459259072106,0.022894202662989756,0.022864683439659115,0.0015411007221122963
156.9,0.5328534478609533,0.3854563740086318,0.03877234649989885,0.021138062619895676,0.01983790124107731,0.0019418677695447202,0.07578762974848273,0.52954869966753,0.3861359144529579,0.03698680080494143,0.02290666551303361,0.02287898004390205,0.0015429395176348487
157.0,0.5327448701640177,0.38550489870506843,0.03880504953435177,0.021149669733160733,0.019851442653592153,0.0019440692098108107,0.07576534596668667,0.5294397883975932,0.3861838872002645,0.037019143022845646,0.022919127957896773,0.022893274167040865,0.0015447792543591633
157.10000000000002,0.5326363962935423,0.3855533202264372,0.038837752855053816,0.021161276856226145,0.019864982151518027,0.0019462716172240777,0.0757430843175821,0.5293309825353418,0.3862317558227925,0.037051485902786264,0.022931589997252404,0.022907565809794805,0.0015466199320321816
157.20000000000002,0.532528026114333,0.38560163871836584,0.038870456452581935,0.02117288398846164,0.019878519734836744,0.0019484749914223016,0.07572084477195971,0.5292222819417872,0.38627952046937464,0.03708382943478024,0.02294405163077177,0.022921854972884986,0.0015484615504009302
157.3,0.5324197594913791,0.385649854326283,0.038903160317527566,0.021184491129235164,0.01989205540353321,0.0019506793320435028,0.0756986273006507,0.5291136864781298,0.38632718128863897,0.03711617360885995,0.022956512858124233,0.022936141657034385,0.0015503041092125142
157.4,0.5323115962898524,0.3856979671954184,0.038935864440496605,0.02119609827791291,0.01990558915759538,0.0019528846387259393,0.07567643187452724,0.529005196005761,0.38637473842900694,0.03714851841507312,0.022968973678977215,0.022950425862967774,0.001552147608214122
157.5,0.5322035363751076,0.38574597747080286,0.03896856881210937,0.021207705433859317,0.019919120997014265,0.001955090911108107,0.07565425846450181,0.528896810386262,0.38642219203869427,0.037180863843482855,0.022981434092996248,0.022964707591411806,0.0015539920471530175
157.60000000000002,0.5320955796126822,0.3857938852972691,0.03900127342300061,0.02121931259643708,0.019932650921783927,0.0019572981488287407,0.07563210704152774,0.528788529481404,0.386469542265712,0.037213209884167625,0.022993894099845057,0.02297898684309492,0.0015558374257765492
157.70000000000002,0.5319877258682953,0.38584169081945147,0.039033978263819435,0.021230919765007156,0.019946178931901423,0.0019595063515268087,0.07560997757659886,0.5286803531531482,0.38651678925786565,0.03724555652722116,0.023006353699185435,0.022993263618747407,0.0015576837438321446
157.8,0.5318799750078486,0.3858893941817865,0.03906668332522935,0.021242526938928787,0.019959705027366857,0.00196171551884152,0.0755878700407492,0.528572281263645,0.38656393316275656,0.03727790376275252,0.02301881289067732,0.02300753791910131,0.0015595310010673138
157.9,0.5317723268974249,0.38593699552851335,0.0390993885979082,0.0212541341175595,0.019973229208183316,0.0019639256504123187,0.07556578440505347,0.5284643136752335,0.3866109741277813,0.03731025158088609,0.023031271673978816,0.02302180974489047,0.0015613791972296427
158.0,0.531664781403289,0.3859844950036735,0.03913209407254818,0.021265741300255128,0.01998675147435689,0.001966136745878886,0.07554372064062652,0.5283564502504429,0.3866579123001322,0.037342599971761425,0.0230437300487462,0.023036079096850525,0.0015632283320668016
158.10000000000002,0.5315573383918866,0.38603189275111166,0.03916479973985581,0.021277348486369804,0.020000271825896646,0.0019683488048811404,0.07552167871862359,0.5282486908519891,0.3867047478267981,0.037374948925533336,0.023056188014633886,0.023050345975718874,0.001565078405326538
158.20000000000002,0.5314499977298444,0.3860791889144756,0.03919750559055183,0.02128895567525597,0.020013790262814597,0.0019705618270592336,0.07549965861023995,0.528141035342778,0.38675148085456384,0.0374072984323719,0.023068645571294507,0.023064610382234677,0.0015669294167566837
158.3,0.5313427592839698,0.3861263836372168,0.03923021161537133,0.021300562866264416,0.020027306785125733,0.001972775812053556,0.0754776602867113,0.5280334835859034,0.38679811153001153,0.03743964848246232,0.02308110271837882,0.02307887231713885,0.0015687813661051464
158.4,0.5312356229212509,0.3861734770625901,0.03926291780506363,0.02131217005874426,0.020040821392847977,0.0019749907595047306,0.07545568371931323,0.5279260354446456,0.3868446399995196,0.037471999066005,0.023093559455535845,0.023093131781174055,0.0015706342531199172
158.5,0.5311285885088559,0.3862204693336547,0.03929562415039228,0.021323777252042982,0.020054334086002185,0.001977206669053619,0.07543372887936135,0.5278186907824738,0.38689106640926435,0.03750435017321549,0.0231060157824128,0.02310738877508467,0.0015724880775490639
158.60000000000002,0.5310216559141329,0.386267360593274,0.039328330642135055,0.0213353844455064,0.020067844864612133,0.001979423540341316,0.07541179573821134,0.5277114494630438,0.3869373909052188,0.037536701794324445,0.023118471698655076,0.023121643299616797,0.0015743428391407387
158.70000000000002,0.5309148250046096,0.3863141509841158,0.0393610372710839,0.021346991638478714,0.020081353728704496,0.00198164137300915,0.07538988426725882,0.5276043113501994,0.3869836136331549,0.037569053919577676,0.02313092720390638,0.02313589535551824,0.0015761985376431687
158.8,0.5308080956479938,0.3863608406486529,0.03939374402804495,0.0213585988303025,0.020094860678308853,0.001983860166698686,0.07536799443793907,0.5274972763079699,0.38702973473864205,0.037601406539236035,0.023143382297808556,0.023150144943538547,0.0015780551728046684
158.9,0.530701467712172,0.38640742972916314,0.03942645090383849,0.02137020602031872,0.02010836571345766,0.001986079921051722,0.07534612622172737,0.527390344200572,0.387075754367048,0.037633759643575466,0.023155836980001746,0.02316439206442893,0.0015799127443736234
159.0,0.5305949410652098,0.3864539183677297,0.03945915788929897,0.02138181320786674,0.020121868834186252,0.00198830063571029,0.07532427959013865,0.5272835148924084,0.3871216726635394,0.03766611322288692,0.023168291250124342,0.023178636718942273,0.001581771252098505
159.10000000000002,0.5304885155753516,0.38650030670624136,0.03949186497527493,0.021393420392284333,0.02013537004053282,0.001990522310316658,0.07530245451472749,0.5271767882480679,0.38716748977308163,0.03769846726747638,0.02318074510781302,0.02319287890783317,0.0015836306957278622
159.20000000000002,0.5303821911110205,0.3865465948863928,0.039524572152628994,0.021405027572907683,0.020148869332538392,0.001992744944513323,0.07528065096708815,0.5270701641323248,0.3872132058404393,0.037730821767664874,0.023193198552702694,0.023207118631857825,0.0015854910750103257
159.3,0.5302759675408176,0.38659278304968486,0.03955727941223788,0.021416634749071406,0.020162366710246855,0.0019949685379430193,0.0752588689188543,0.5269636424101395,0.38725882101017683,0.03776317671378835,0.023205651584426584,0.023221355891774178,0.0015873523896946038
159.4,0.5301698447335224,0.3866388713374248,0.039589986744992374,0.02142824192010856,0.0201758621737049,0.001997193090248712,0.07523710834169946,0.5268572229466569,0.38730433542665793,0.037795532096197765,0.023218104202616198,0.023235590688341714,0.0015892146395294858
159.5,0.5300638225580917,0.3866848598907265,0.03962269414179728,0.021439849085350647,0.02018935572296205,0.0019994186010736004,0.07521536920733606,0.5267509056072076,0.3873497492340468,0.037827887905258976,0.02323055640690135,0.023249823022321654,0.0015910778242638397
159.60000000000002,0.5299579008836601,0.3867307488505108,0.03965540159357145,0.021451456244127625,0.02020284735807062,0.0020016450700611156,0.07519365148751637,0.5266446902573061,0.3873950625763074,0.03786024413135276,0.023243008196910147,0.023264052894476774,0.0015929419436466151
159.70000000000002,0.5298520795795397,0.3867765383575057,0.0396881090912477,0.021463063395767916,0.020216337079085718,0.0020038724968549203,0.07517195515403173,0.5265385767626527,0.3874402755972052,0.037892600764874836,0.023255459572269082,0.023278280305571507,0.0015948069974268384
159.8,0.5297463585152195,0.3868222285522468,0.03972081662577284,0.02147467053959842,0.02022982488606523,0.0020061008810989094,0.0751502801787129,0.5264325649891305,0.38748538844030556,0.037924957796235725,0.02326791053260288,0.023292505256371887,0.0015966729853536179
159.9,0.5296407375603652,0.38686781957507727,0.03975352418810765,0.021486277674944522,0.020243310779069806,0.00200833022243721,0.07512862653342971,0.5263266548028069,0.38753040124897586,0.037957315215860925,0.023280361077534666,0.02330672774764557,0.0015985399071761406
160.0,0.5295352165848193,0.3869133115661484,0.039786231769226854,0.021497884801130105,0.020256794758162864,0.0020105605205141814,0.07510699419009122,0.5262208460699342,0.38757531416638386,0.03798967301419058,0.023292811206685936,0.02332094778016173,0.0016004077626436727
160.10000000000002,0.5294297954586004,0.38695870466541965,0.039818939360119085,0.021509491917477558,0.020270276823410566,0.002012791774974413,0.07508538312064551,0.5261151386569468,0.3876201273355001,0.0380220311816798,0.023305260919676447,0.02333516535469117,0.001602276551505559
160.20000000000002,0.5293244740519034,0.38700399901265903,0.03985164695178687,0.02152109902330777,0.020283756974881793,0.0020150239854627243,0.07506379329707981,0.5260095324304632,0.3876648408990965,0.03805438970879847,0.023317710216124433,0.023349380472006322,0.0016041462735112268
160.3,0.5292192522350991,0.3870491947474433,0.03988435453524665,0.021532706117940174,0.02029723521264817,0.002017257151624167,0.07504222469142022,0.5259040272572839,0.3877094549997473,0.03808674858603115,0.023330159095646456,0.023363593132881076,0.0016060169284101808
160.4,0.529114129878734,0.38709429200915824,0.03991706210152872,0.021544313200692722,0.02031071153678402,0.0020194912731040233,0.07502067727573178,0.5257986230043931,0.3877539697798292,0.038119107803877283,0.023342607557857456,0.02337780333809095,0.001607888515952003
160.5,0.5290091068535294,0.38713929093699895,0.0399497696416772,0.021555920270881906,0.020324185947366367,0.0020217263495478054,0.07499915102211838,0.5256933195389571,0.3877983853815219,0.03815146735285094,0.023355055602370764,0.023392011088412986,0.0016097610358863585
160.60000000000002,0.5289041830303824,0.38718419166997015,0.03998247714675008,0.021567527327822782,0.02033765844447494,0.002023962380601256,0.0749776459027227,0.5255881167283238,0.3878427019468079,0.038183827223480946,0.023367503228798128,0.02340621638462572,0.0016116344879629888
160.70000000000002,0.5287993582803648,0.38722899434688623,0.040015184607819096,0.021579134370828954,0.020351129028192128,0.0020261993659103457,0.07495616188972626,0.5254830144400247,0.38788691961747374,0.03821618740631084,0.023379950436749685,0.023420419227509315,0.0016135088719317152
160.8,0.528694632474723,0.3872736991063718,0.04004789201596983,0.021590741399212604,0.020364597698602997,0.002028437305121276,0.07493469895534911,0.5253780125417707,0.38793103853510846,0.038248547891898764,0.023392397225834066,0.023434619617845376,0.0016153841875424396
160.9,0.528590005484878,0.38731830608686174,0.04008059936230161,0.021602348412284485,0.020378064455795264,0.0020306761978804776,0.07491325707185,0.5252731109014566,0.3879750588411055,0.03828090867081755,0.0234048435956582,0.02344881755641702,0.001617260434545141
161.0,0.5284854771824248,0.38736281542660145,0.04011330663792749,0.021613955409353944,0.020391529299859296,0.002032916043834609,0.07489183621152634,0.5251683093871563,0.38801898067666285,0.03831326973365466,0.023417289545827582,0.02346301304400888,0.0016191376126898787
161.10000000000002,0.5283810474391324,0.3874072272636473,0.040146013833974314,0.02162556238972893,0.0204049922308881,0.0020351568426305606,0.07487043634671392,0.525063607867126,0.38806280418278216,0.038345631071012166,0.023429735075946086,0.023477206081407104,0.0016210157217267916
161.20000000000002,0.5282767161269436,0.38745154173586666,0.04017872094158258,0.021637169352715983,0.020418453248977293,0.002037398593915447,0.07484905744978694,0.524959006209802,0.3881065295002699,0.03837799267350667,0.023442180185616026,0.02349139666939929,0.0016228947614060955
161.3,0.5281724831179747,0.38749575898093835,0.0402114279519065,0.02164877629762027,0.020431912354225118,0.0020396412973366137,0.07482769949315822,0.524854504283801,0.3881501567697387,0.03841035453176947,0.023454624874438265,0.023505584808774526,0.0016247747314780854
161.4,0.5280683482845152,0.38753987913635274,0.04024413485611398,0.021660383223745586,0.020445369546732418,0.0020418849525416344,0.07480636244927871,0.5247501019579205,0.3881936861316048,0.03844271663644624,0.02346706914201202,0.02351977050032336,0.0016266556316931382
161.5,0.5279643114990274,0.3875839023394122,0.040276841645386564,0.02167199013039435,0.020458824826602624,0.00204412955917831,0.07478504629063776,0.5246457991011377,0.3882371177260906,0.03847507897819732,0.023479512987935096,0.02353395374483782,0.0016285374618017062
161.60000000000002,0.5278603726341469,0.38762782872723117,0.04030954831091944,0.02168359701686763,0.020472278193941748,0.0020463751168946684,0.0747637509897629,0.5245415955826089,0.38828045169322445,0.03850744154769747,0.023491956411803728,0.02354813454311132,0.0016304202215543214
161.70000000000002,0.5277565315626813,0.3876716584367364,0.04034225484392137,0.021695203882465135,0.020485729648858364,0.002048621625338964,0.07474247651921984,0.524437491271671,0.38832368817284013,0.038539804335635995,0.02350439941321266,0.023562312895938794,0.001632303910701597
161.8,0.5276527881576109,0.3877153916046674,0.04037496123561479,0.02170681072648525,0.02049917919146363,0.0020508690841596804,0.0747212228516124,0.5243334860378386,0.38836682730457867,0.038572167332716636,0.023516841991755143,0.02357648880411656,0.0016341885289942208
161.9,0.5275491422920877,0.3877590283675765,0.04040766747723566,0.021718417548225014,0.020512626821871223,0.0020531174930055267,0.07469998995958252,0.5242295797508072,0.38840986922788684,0.038604530529657524,0.023529284147022985,0.023590662268442357,0.001636074076182962
162.0,0.5274455938394359,0.3878025688618292,0.04044037356003353,0.021730024346980154,0.02052607254019738,0.002055366851525439,0.07467877781581002,0.5241257722804494,0.38845281408201876,0.03863689391719138,0.023541725878606447,0.02360483328971539,0.0016379605520186686
162.10000000000002,0.527342142673151,0.3878460132236045,0.040473079475271484,0.021741631122045083,0.02053951634656086,0.0020576171593685794,0.0746575863930127,0.5240220634968167,0.3884956620060351,0.03866925748606513,0.023554167186094346,0.023619001868736198,0.0016398479562522658
162.20000000000002,0.5272387886669002,0.38788936158889503,0.04050578521422612,0.021753237872712904,0.02055295824108293,0.002059868416184336,0.07463641566394634,0.5239184532701396,0.3885384131388044,0.03870162122704022,0.023566608069074076,0.02363316800630677,0.0016417362886347578
162.3,0.5271355316945215,0.38793261409350727,0.040538490768187545,0.021764844598275424,0.020566398223887374,0.002062120621622323,0.07461526560140454,0.5238149414708259,0.38858106761900263,0.03873398513089239,0.023579048527131535,0.023647331703230464,0.0016436255489172286
162.4,0.5270323716300241,0.387975770873062,0.04057119612845937,0.021776451298023174,0.02057983629510047,0.00206437377533238,0.07459413617821851,0.5237115279694605,0.38862362558511376,0.038766349188411715,0.02359148855985121,0.023661492960311996,0.0016455157368508377
162.5,0.5269293083475877,0.3880188320629943,0.04060390128635866,0.021788057971245396,0.020593272454850976,0.0020666278769645714,0.07457302736725736,0.5236082126368072,0.3886660871754296,0.03879871339040276,0.023603928166816165,0.023675651778357513,0.0016474068521868267
162.60000000000002,0.5268263417215623,0.38806179779855404,0.040636606233215924,0.02179966461723007,0.020606706703270136,0.002068882926169188,0.07455193914142777,0.5235049953438059,0.3887084525280507,0.0388310777276841,0.023616367347607962,0.02368980815817446,0.0016492988946765128
162.70000000000002,0.5267234716264684,0.3881046682148059,0.0406693109603751,0.021811271235263895,0.02062013904049164,0.002071138922596743,0.07453087147367415,0.5234018759615746,0.38875072178088665,0.03886344219108888,0.023628806101806836,0.02370396210057171,0.0016511918640712922
162.8,0.5266206979369962,0.3881474434466298,0.04070201545919356,0.021822877824632346,0.020633569466651656,0.0020733958658979775,0.07450982433697831,0.523298854361407,0.3887928950716549,0.03889580677146428,0.02364124442899156,0.023718113606359417,0.001653085760122641
162.9,0.526518020528006,0.38819012362872124,0.04073471972104206,0.02183448438461964,0.020646997981888786,0.0020756537557238544,0.07448879770435961,0.5231959304147739,0.3888349725378834,0.03892817145967193,0.02365368232873952,0.023732262676349106,0.0016549805825821105
163.0,0.5264154392745273,0.3882327088955912,0.04076742373730472,0.02184609091450876,0.020660424586344064,0.0020779125917255617,0.07446779154887483,0.5230931039933221,0.3888769543169089,0.03896053624658757,0.02366611980062674,0.023746409311353616,0.0016568763312013353
163.10000000000002,0.5263129540517589,0.3882751993815667,0.04080012749937903,0.021857697413581456,0.020673849280160948,0.0020801723735545115,0.07444680584361826,0.5229903749688747,0.38891884054587744,0.038992901123101074,0.02367855684422779,0.023760553512187126,0.001658773005732021
163.20000000000002,0.5262105647350689,0.38831759522079096,0.04083283099867578,0.02186930388111827,0.020687272063485303,0.002082433100862338,0.0744258405617214,0.5228877432134301,0.38896063136174597,0.03902526608011665,0.02369099345911592,0.023774695279665133,0.001660670605925956
163.3,0.5261082711999939,0.3883598965472236,0.04086553422661914,0.021880910316398525,0.020700692936465415,0.002084694773300901,0.07440489567635301,0.5227852085991634,0.38900232690128167,0.03905763110855258,0.02370342964486297,0.02378883461460443,0.0016625691315350084
163.4,0.5260060733222394,0.38840210349464094,0.04089823717464655,0.02189251671870035,0.020714111899251958,0.002086957390522282,0.07438397116071918,0.5226827709984234,0.3890439273010615,0.03908999619934134,0.02371586540103948,0.02380297151782311,0.0016644685823111185
163.5,0.5259039709776789,0.3884442161966363,0.04093093983420873,0.021904123087300678,0.020727528951997972,0.002089220952178785,0.07436306698806312,0.5225804302837354,0.3890854326974738,0.039122361343429515,0.023728300727214588,0.023817105990140544,0.0016663689580063118
163.60000000000002,0.5258019640423544,0.38848623478662025,0.04096364219676967,0.02191572942147526,0.020740944094858896,0.002091485457922939,0.07434218313166503,0.5224781863277983,0.3891268432267181,0.03915472653177775,0.023740735622956092,0.023831238032377414,0.0016682702583726856
163.70000000000002,0.5257000523924755,0.3885281593978206,0.04099634425380661,0.021927335720498656,0.020754357327992513,0.002093750907407492,0.07432131956484235,0.5223760390034864,0.38916815902480434,0.03918709175536082,0.023753170087830483,0.023845367645355664,0.0016701724831624171
163.8,0.5255982359044198,0.3885699901632829,0.04102904599681001,0.021938941983644277,0.020767768651558965,0.002096017300285417,0.07430047626094943,0.5222739881838482,0.3892093802275552,0.03921945700516759,0.02376560412140289,0.02385949482989849,0.001672075632127763
163.9,0.525496514454732,0.38861172721587084,0.04106174741728354,0.021950548210184363,0.020781178065720742,0.0020982846362099083,0.0742796531933776,0.5221720337421062,0.3892505069706044,0.03925182227220088,0.023778037723237114,0.02387361958683033,0.0016739797050210556
164.0,0.5253948879201242,0.3886533706882661,0.04109444850674405,0.021962154399390005,0.020794585570642656,0.0021005529148343804,0.07425885033555499,0.5220701755516568,0.3892915393893983,0.039284187547477645,0.023790470892895706,0.023887741916976943,0.001675884701594708
164.10000000000002,0.5252933561774754,0.38869492071296885,0.04112714925672161,0.021973760550531154,0.02080799116649186,0.002102822135812472,0.07423806766094666,0.5219684134860699,0.38933247761919476,0.03931655282202876,0.023802903629939826,0.023901861821165264,0.0016777906216012067
164.20000000000002,0.5251919191038316,0.38873637742229794,0.04115984965875939,0.021985366662876614,0.020821394853437807,0.00210509229879804,0.07421730514305445,0.5218667474190892,0.38937332179506545,0.0393489180868992,0.023815335933929423,0.023915979300223485,0.0016796974647931208
164.3,0.525090576576405,0.3887777409483912,0.04119254970441372,0.021996972735694068,0.02083479663165225,0.002107363403445164,0.0741965627554169,0.5217651772246307,0.3894140720518941,0.039381283333147714,0.02382776780442307,0.02393009435498104,0.0016816052309230928
164.4,0.5249893284725743,0.3888190114232055,0.041225249385254036,0.022008578768250086,0.02084819650130925,0.0021096354494081447,0.07417584047160922,0.5216637027767843,0.3894547285243776,0.03941364855184724,0.02384019924097815,0.023944206986268545,0.0016835139197438453
164.5,0.5248881746698842,0.3888601889785174,0.0412579486928629,0.022020184759810123,0.020861594462585144,0.002111908436341502,0.07415513826524321,0.5215623239498118,0.3894952913470269,0.039446013734084406,0.0238526302431507,0.02395831719491787,0.001685423531008176
164.60000000000002,0.5247871150460455,0.3889012737459228,0.04129064761883596,0.022031790709638528,0.020874990515658554,0.0021141823638999783,0.07413445610996729,0.5214610406181478,0.38953576065416556,0.03947837887095996,0.0238650608104955,0.023972424981762056,0.001687334064468965
164.70000000000002,0.5246861494789343,0.3889422658568378,0.04132334615478187,0.022043396616998553,0.02088838466071034,0.0021164572317385324,0.07411379397946646,0.5213598526563992,0.3895761365799317,0.03951074395358844,0.02387749094256611,0.02398653034763535,0.0016892455198791656
164.8,0.5245852778465923,0.3889831654424984,0.04135604429232239,0.022055002481152365,0.020901776897923646,0.0021187330395123455,0.07409315184746197,0.5212587599393441,0.3896164192582775,0.03954310897309815,0.023889920638914833,0.02400063329337319,0.001691157896991809
164.9,0.5244845000272261,0.38902397263396127,0.041388742023092284,0.02206660830136106,0.02091516722748385,0.0021210097868768186,0.0740725296877117,0.5211577623419338,0.3896566088229697,0.039575473920631495,0.023902349899092713,0.02401473381981221,0.0016930711955600048
165.0,0.5243838158992077,0.38906468756210355,0.041421439338739326,0.022078214076884647,0.020928555649578556,0.0021232874734875705,0.07405192747400967,0.5210568597392891,0.3896967054075897,0.039607838787344474,0.023914778722649518,0.02402883192779016,0.0016949854153369395
165.10000000000002,0.5242832253410735,0.38910531035762336,0.041454136230924296,0.02208981980698209,0.02094194216439762,0.0021255660990004413,0.07403134518018631,0.520956052006704,0.3897367091455331,0.03964020356440701,0.023927207109133868,0.02404292761814604,0.0016969005560758784
165.20000000000002,0.5241827282315246,0.38914584115103995,0.04148683269132092,0.022101425490911274,0.020955326772133083,0.002127845663071487,0.07401078278010834,0.5208553390196421,0.38977662017001213,0.03967256824300285,0.02393963505809312,0.02405702089171991,0.0016988166175301626
165.3,0.5240823244494262,0.38918628007269396,0.041519528711615905,0.022113031127929055,0.02096870947297922,0.0021301261653569846,0.07399024024767852,0.5207547206537378,0.3898164386140529,0.03970493281432939,0.023952062569073413,0.02407111174935309,0.0017007335994532094
165.4,0.5239820138738076,0.3892266272527476,0.041552224283508875,0.022124636717291243,0.020982090267132488,0.002132407605513428,0.07396971755683597,0.5206541967847979,0.389856164610498,0.03973729726959793,0.02396448964161971,0.024085200191887923,0.0017026515015985174
165.5,0.5238817963838622,0.389266882821185,0.0415849193987124,0.022136242258252618,0.020995469154791536,0.0021346899831975303,0.07394921468155563,0.5205537672887969,0.3898957982920065,0.03976966160003342,0.023976916275275734,0.024099286220168006,0.001704570323719656
165.60000000000002,0.5237816718589466,0.38930704690781237,0.04161761404895195,0.022147847750066937,0.0210088461361572,0.0021369732980662222,0.0739287315958486,0.5204534320418809,0.38993533979105227,0.039802025796874474,0.023989342469584077,0.024113369835037958,0.001706490065570278
165.70000000000002,0.5236816401785811,0.3893471196422584,0.04165030822596584,0.022159453191986932,0.02102222121143247,0.0021392575497766516,0.07390826827376198,0.5203531909203657,0.38997478923992707,0.03983438985137357,0.024001768224086065,0.02412745103734359,0.001708410726904109
165.8,0.523581701222449,0.3893871011539742,0.0416830019215053,0.022171058583264337,0.02103559438082251,0.002141542737986185,0.07388782468937878,0.5202530438007362,0.39001414677073853,0.03986675375479665,0.024014193538321935,0.024141529827931798,0.0017103323074749552
165.9,0.5234818548703964,0.3894269915722338,0.04171569512733438,0.02218266392314987,0.021048965644534626,0.0021438288623524047,0.0738674008168178,0.5201529905596473,0.3900534125154112,0.039899117498423495,0.024026618411830722,0.024155606207650573,0.0017122548070366954
166.0,0.5233821010024325,0.3894667910261344,0.04174838783522998,0.02219426921089327,0.021062335002778276,0.0021461159225331108,0.07384699663023375,0.5200530310739224,0.3900925866056878,0.03993148107354745,0.02403904284415027,0.024169680177349023,0.0017141782253432905
166.10000000000002,0.5232824394987288,0.3895064996445963,0.04178108003698181,0.022205874445743286,0.021075702455765042,0.002148403918186321,0.07382661210381707,0.519953165220554,0.390131669173127,0.039963844471475454,0.024051466834817316,0.024183751737877346,0.001716102562148773
166.20000000000002,0.523182870239619,0.38954611755636365,0.041813771724392344,0.02221747962694768,0.021089068003708623,0.002150692848970266,0.07380624721179384,0.5198533928767036,0.39017066034910675,0.03999620768352807,0.024063890383367422,0.024197820890086808,0.001718027817207256
166.3,0.5230833931055989,0.38958564489000413,0.04184646288927686,0.02222908475375325,0.02110243164682484,0.002152982714543397,0.07378590192842586,0.519753713919701,0.39020956026482173,0.040028570701039504,0.024076313489335047,0.024211887634829767,0.0017199539902729294
166.4,0.5229840079773265,0.3896250817739097,0.041879153523463414,0.02224068982540583,0.02111579338533162,0.00215527351456438,0.07376557622801062,0.5196541282270437,0.39024836905128557,0.04006093351535742,0.02408873615225343,0.02422595197295962,0.0017218810811000561
166.5,0.5228847147356207,0.3896644283362965,0.04191184361879278,0.022252294841150305,0.021129153219448988,0.0021575652486920953,0.07374527008488105,0.5195546356763979,0.39028708683933033,0.04009329611784314,0.02410115837165481,0.024240013905330874,0.001723809089442982
166.60000000000002,0.5227855132614625,0.38970368470520517,0.041944533167118464,0.022263899800230597,0.02114251114939905,0.002159857916585641,0.07372498347340553,0.5194552361455967,0.39032571375960634,0.04012565849987135,0.02411358014707023,0.024254073432799044,0.001725738015056122
166.70000000000002,0.5226864034359937,0.3897428510085011,0.04197722216030666,0.022275504701889694,0.021155867175405983,0.0021621515179043277,0.07370471636798803,0.5193559295126418,0.3903642499425833,0.040158020652830424,0.024126001478029638,0.024268130556220707,0.0017276678576939757
166.8,0.5225873851405171,0.3897819273738748,0.042009910590236274,0.02228710954536965,0.02116922129769604,0.0021644460523076833,0.07368446874306776,0.5192567156557011,0.3904026955185501,0.040190382568122116,0.024138422364061905,0.024282185276453507,0.0017295986171111132
166.9,0.5224884582564961,0.3898209139288419,0.04204259844879889,0.0222987143299116,0.021182573516497535,0.0021667415194554507,0.07366424057311953,0.5191575944531102,0.390441050617615,0.04022274423716166,0.02415084280469474,0.02429623759435606,0.0017315302930621835
167.0,0.522389622665555,0.3898598108007435,0.04207528572789874,0.022310319054755744,0.021195923832040837,0.002169037919007587,0.07364403183265304,0.5190585657833712,0.39047931536970615,0.04025510565137776,0.02416326279945483,0.024310287510788092,0.0017334628853019134
167.10000000000002,0.5222908782494781,0.3898986181167466,0.042107972419452674,0.022321923719141386,0.021209272244558344,0.0021713352506242635,0.07362384249621365,0.5189596295251527,0.39051748990457147,0.04028746680221249,0.02417568234786775,0.02432433502661024,0.0017353963935851017
167.20000000000002,0.5221922248902099,0.38993733600384395,0.04214065851539017,0.022333528322306916,0.021222618754284484,0.0021736335139658646,0.07360367253838158,0.5188607855572904,0.3905555743517792,0.04031982768112145,0.024188101449458023,0.02433838014268424,0.0017373308176666304
167.3,0.5220936624698548,0.3899759645888546,0.04217334400765333,0.022345132863489832,0.021235963361455727,0.0021759327086929904,0.07358352193377242,0.5187620337587854,0.39059356884071805,0.040352188279573604,0.024200520103749082,0.024352422859872828,0.001739266157301454
167.4,0.5219951908706767,0.390014503998424,0.04220602888819683,0.02235673734192674,0.02124930606631054,0.0021782328344664547,0.07356339065703663,0.5186633740088042,0.39063147350059724,0.04038454858905114,0.0242129383102633,0.024366463179039677,0.0017412024122445999
167.5,0.521896809975099,0.39005295435902426,0.042238713148987896,0.02236834175685336,0.021262646869089404,0.002180533890947284,0.07354327868285984,0.5185648061866802,0.3906692884604474,0.04041690860104981,0.024225356068522007,0.024380501101049494,0.0017431395822511792
167.60000000000002,0.5217985196657043,0.39009131579695444,0.04227139678200633,0.02237994610750455,0.0212759857700348,0.002182835877796719,0.07352318598596262,0.5184663301719116,0.39070701384912004,0.040449268307078574,0.024237773378045495,0.024394536626767934,0.0017450776670763731
167.70000000000002,0.5217003198252345,0.39012958843834067,0.042304079779244434,0.02239155039311428,0.021289322769391186,0.0021851387946762117,0.07350311254110045,0.5183679458441619,0.39074464979528833,0.04048162769865977,0.02425019023835299,0.024408569757061717,0.0017470166664754435
167.8,0.5216022103365896,0.39016777240913647,0.042336762132707054,0.02240315461291567,0.021302657867405005,0.0021874426412474284,0.07348305832306379,0.5182696530832595,0.39078219642744694,0.040513986767328966,0.024262606648962712,0.02442260049279843,0.001748956580203726
167.9,0.5215041910828287,0.390205867835123,0.04236944383441151,0.022414758766140987,0.021315991064324677,0.002189747417172247,0.07346302330667775,0.5181714517691975,0.3908196538739122,0.04054634550463511,0.024275022609391843,0.024436628834846652,0.0017508974080166328
168.0,0.5214062619471692,0.3902438748419093,0.04240212487638763,0.022426362852021646,0.021329322360400575,0.0021920531221127594,0.07344300746680232,0.5180733417821337,0.3908570222628237,0.040578703902140335,0.02428743811915653,0.024450654784075945,0.001752839149669653
168.10000000000002,0.5213084228129865,0.3902817935549324,0.0424348052506777,0.02243796686978823,0.021342651755885032,0.0021943597557312687,0.07342301077833217,0.5179753230023902,0.39089430172214257,0.04061106195142004,0.024299853177771943,0.024464678341356797,0.001754781804918349
168.20000000000002,0.521210673563814,0.3903196240994577,0.04246748494933643,0.02244957081867048,0.02135597925103232,0.0021966673176902892,0.07340303321619675,0.5178773953104532,0.39093149237965286,0.04064341964406284,0.024312267784752217,0.024478699507560653,0.0017567253735183634
168.3,0.5211130140833427,0.3903573666005791,0.042500163964430966,0.022461174697897317,0.02136930484609865,0.0021989758076525474,0.0733830747553599,0.5177795585869722,0.3909685943629614,0.0406757769716706,0.02432468193961051,0.02449271828355988,0.001758669855225413
168.4,0.521015444255421,0.3903950211832194,0.042532842288040884,0.02247277850669684,0.02138262854134216,0.0022012852252809817,0.07336313537082025,0.5176818127127614,0.39100560779949844,0.04070813392585832,0.024337095641858937,0.024506734670227768,0.0017606152497952885
168.5,0.5209179639640549,0.39043258797213026,0.04256551991225814,0.02248438224429634,0.021395950337022906,0.0022035955702387412,0.07334321503761083,0.5175841575687972,0.3910425328165175,0.04074049049825419,0.024349508891008738,0.024520748668438553,0.0017625615569838587
168.60000000000002,0.5208205730934071,0.3904700670918927,0.04259819682918708,0.022495985909922304,0.02140927023340286,0.0022059068421891865,0.07332331373079913,0.5174865930362199,0.3910793695410961,0.04077284668049957,0.024361921686570046,0.024534760279067338,0.0017645087765470683
168.70000000000002,0.5207232715277975,0.39050745866691716,0.04263087303094437,0.022507589502800407,0.021422588230745884,0.0022082190407958883,0.07330343142548722,0.5173891189963328,0.3911161181001352,0.04080520246424891,0.024374334028052093,0.02454876950299022,0.0017664569082409382
168.8,0.5206260591517025,0.39054476282144385,0.04266354850965907,0.022519193022155548,0.021435904329317742,0.0022105321657226273,0.07328356809681125,0.5172917353306014,0.39115277862035974,0.04083755784116984,0.024386745914963155,0.024562776341084086,0.0017684059518215617
168.9,0.5205289358497546,0.3905819796795429,0.04269622325747254,0.022530796467211837,0.02144921852938609,0.002212846216633397,0.07326372371994189,0.5171944419206543,0.3911893512283201,0.04086991280294297,0.0243991573468105,0.024576780794226826,0.001770355907045113
169.0,0.5204319015067429,0.39061910936511457,0.04272889726653846,0.022542399837192608,0.021462530831220444,0.002215161193192399,0.07324389827008408,0.5170972386482817,0.39122583605039046,0.040902267341262157,0.024411568323100503,0.02459078286329713,0.0017723067736678383
169.10000000000002,0.5203349560076123,0.39065615200188963,0.04276157052902279,0.022554003131320423,0.021475841235092198,0.002217477095064045,0.07322409172247683,0.5170001253954369,0.39126223321276976,0.040934621447834135,0.024423978843338523,0.02460478254917464,0.001774258551446061
169.20000000000002,0.5202380992374637,0.39069310771342936,0.04279424303710376,0.022565606348817074,0.021489149741274607,0.002219793921912956,0.07320430405239339,0.5169031020442336,0.39129854284148263,0.04096697511437884,0.024436388907029035,0.02461877985273982,0.0017762112401361791
169.3,0.5201413310815532,0.39072997662312603,0.042826914782971875,0.02257720948890361,0.02150245635004277,0.0022221116734039634,0.0731845352351412,0.5168061684769483,0.3913347650623786,0.040999328332629134,0.024448798513675568,0.024632774774874036,0.0017781648394946657
169.4,0.5200446514252925,0.390766758854203,0.04285958575882987,0.022588812550800315,0.021515761061673636,0.0022244303492021072,0.07316478524606153,0.5167093245760179,0.39137090000113284,0.0410316810943309,0.024461207662780732,0.0246467673164595,0.0017801193492780717
169.5,0.5199480601542485,0.3908034545297149,0.042892255956892715,0.022600415533726735,0.02152906387644599,0.0022267499489726362,0.07314505406052992,0.5166125702240414,0.39140694778324703,0.041064033391243,0.02447361635384619,0.024660757478379296,0.001782074769243022
169.60000000000002,0.5198515571541429,0.3908400637725479,0.04292492536938758,0.022612018436901683,0.021542364794640438,0.002229070472381009,0.07312534165395573,0.5165159053037786,0.39144290853404795,0.04109638521513732,0.024486024586372713,0.024674745261517327,0.0017840310991462172
169.70000000000002,0.519755142310852,0.3908765867054201,0.04295759398855381,0.02262362125954323,0.021555663816539408,0.0022313919190928913,0.07310564800178226,0.5164193296981491,0.3914787823786892,0.041128736557798654,0.024498432359860173,0.02468873066675837,0.0017859883387444334
169.8,0.5196588155104069,0.39091302345088147,0.04299026180664295,0.022635224000868735,0.021568960942427134,0.0022337142887741577,0.07308597307948672,0.516322843290234,0.3915145694421511,0.04116108741102467,0.024510839673807523,0.024702713694988027,0.0017879464877945217
169.9,0.5195625766389929,0.3909493741313144,0.04302292881591868,0.02264682666009483,0.02158225617258966,0.002236037581090891,0.07306631686258003,0.5162264459632743,0.39155026984924085,0.041193437766626075,0.02452324652771283,0.02471669434709271,0.0017899055460534078
170.0,0.5194664255829493,0.3909856388689336,0.04305559500865683,0.02265842923643745,0.021595549507314814,0.0022383617957093815,0.07304667932660688,0.5161301376006707,0.3915858837245919,0.04122578761642641,0.02453565292107328,0.024730672623959678,0.0017918655132780946
170.10000000000002,0.5193703622287693,0.3910218177857866,0.04308826037714537,0.022670031729111816,0.021608840946892225,0.002240686932296129,0.07302706044714576,0.5160339180859844,0.3916214111926653,0.04125813695226204,0.024548058853385166,0.02474464852647702,0.001793826389225659
170.20000000000002,0.5192743864630999,0.3910579110037537,0.04312092491368432,0.022681634137332443,0.02162213049161328,0.0022430129905178374,0.0730074601998087,0.5159377873029359,0.3916568523777508,0.0412904857659823,0.024560464324143914,0.024758622055533593,0.0017957881736532537
170.3,0.5191784981727413,0.39109391864454857,0.043153588610585845,0.022693236460313175,0.02163541814177115,0.00224533997004142,0.07298787856024153,0.515841745135405,0.39169220740396443,0.041322834049449274,0.02457286933284408,0.024772593212019117,0.0017977508663181052
170.4,0.5190826972446472,0.39112984082971813,0.04318625146017417,0.02270483869726716,0.021648703897660767,0.0022476678705339965,0.07296831550412344,0.5157457914674307,0.39172747639525046,0.04135518179453787,0.024585273878979356,0.02478656199682405,0.001799714466977517
170.5,0.5189869835659242,0.39116567768064303,0.04321891345478556,0.02271644084740686,0.021661987759578807,0.0022499966916628934,0.07294877100716717,0.515649926183211,0.3917626594753819,0.041387528993135886,0.024597677962042565,0.024800528410839674,0.0018016789753888664
170.60000000000002,0.5188913570238318,0.3912014293185377,0.043251574586768336,0.02272804290994408,0.0216752697278237,0.0022523264330956434,0.07292924504511901,0.5155541491671023,0.39179775676796014,0.04141987563714386,0.024610081581525705,0.02481449245495807,0.0018036443913096061
170.70000000000002,0.5187958175057824,0.3912370958644506,0.04328423484848281,0.022739644884089947,0.02168854980269561,0.0022546570944999857,0.07290973759375863,0.5154584603036204,0.3918327683964151,0.041452221718475075,0.024622484736919924,0.02482845413007206,0.0018056107144972637
170.8,0.5187003648993402,0.3912726774392646,0.043316894232301346,0.02275124676905494,0.021701827984496432,0.002256988675543866,0.07289024862889898,0.5153628594774385,0.3918676944840054,0.04148456722905559,0.024634887427715527,0.024842413437075255,0.0018075779447094423
170.9,0.5186049990922221,0.39130817416369695,0.04334955273060827,0.02276284856404888,0.021715104273529785,0.0022593211758954357,0.07287077812638648,0.5152673465733885,0.3919025351538197,0.04151691216082418,0.024647289653401995,0.02485637037686204,0.0018095460817038182
171.0,0.5185097199722969,0.3913435861582998,0.04338221033579987,0.02277445026828094,0.021728378670101002,0.002261654595223051,0.0728513260621007,0.5151719214764594,0.39193729052877463,0.04154925650573241,0.024659691413467945,0.024870324950327604,0.001811515125238145
171.10000000000002,0.518414527427585,0.39137891354346016,0.043414867040284424,0.02278605188095966,0.021741651174517124,0.002263988933195275,0.07283189241195441,0.5150765840717983,0.39197196073161794,0.041581600255744415,0.024672092707401238,0.024884277158367784,0.0018134850750702487
171.20000000000002,0.5183194213462585,0.3914141564394003,0.04344752283648211,0.02279765340129293,0.02175492178708688,0.0022663241894808742,0.0728124771518936,0.5149813342447102,0.39200654588492667,0.04161394340283712,0.02468449353468888,0.024898227001879256,0.0018154559309580332
171.3,0.5182244016166412,0.3914493149661779,0.043480177716825046,0.02280925482848803,0.021768190508120695,0.0022686603637488215,0.07279308025789737,0.5148861718806561,0.392041046111108,0.04164628593900006,0.02469689389481707,0.024912174481759405,0.001817427692659473
171.4,0.5181294681272076,0.3914843892436863,0.043512831673757274,0.022820856161751613,0.021781457337930684,0.002270997455668294,0.07277370170597794,0.5147910968652555,0.39207546153239886,0.041678627856235446,0.02470929378727123,0.02492611959890637,0.0018194003599326205
171.5,0.5180346207665835,0.3915193793916546,0.043545484699734696,0.02283245740028971,0.021794722276830634,0.002273335464908673,0.07275434147218036,0.5146961090842835,0.392109792270868,0.041710969146558086,0.024721693211535976,0.024940062354219007,0.0018213739325356017
171.60000000000002,0.5179398594235451,0.39155428552964827,0.04357813678722512,0.022844058543307757,0.021807985325136,0.0022756743911395458,0.07273499953258293,0.514601208423672,0.39214403844841417,0.04174330980199542,0.02473409216709511,0.024954002748596882,0.001823348410226617
171.70000000000002,0.5178451839870197,0.3915891077770688,0.04361078792870817,0.022855659590010572,0.02182124648316388,0.002278014234030701,0.07271567586329664,0.5145063947695093,0.39217820018676736,0.04177564981458743,0.024746490653431687,0.02496794078294032,0.0018253237927639417
171.8,0.5177505943460845,0.3916238462531544,0.04364343811667535,0.022867260539602387,0.02183450575123305,0.0022803549932521334,0.07269637044046548,0.5144116680080404,0.3922122776074887,0.041807989176386784,0.024758888670027995,0.024981876458150327,0.0018273000799059246
171.9,0.5176560903899671,0.39165850107698,0.04367608734362996,0.022878861391286837,0.021847763129663914,0.0022826966684740407,0.07267708324026623,0.5143170280256651,0.3922462708319711,0.04184032787945863,0.0247712862163655,0.024995809775128615,0.001829277271410993
172.0,0.5175616720080448,0.3916930723674576,0.043708735602087115,0.022890462144266977,0.02186101861877852,0.0022850392593668236,0.07265781423890846,0.5142224747089402,0.39228017998143916,0.04187266591588059,0.02478368329192493,0.025009740734777627,0.0018312553670376424
172.10000000000002,0.5174673390898449,0.39172756024333627,0.043741382884573736,0.022902062797745287,0.021874272218900544,0.002287382765601087,0.07263856341263442,0.5141280079445765,0.39231400517694925,0.04190500327774295,0.02479607989618626,0.025023669338000456,0.001833234366544446
172.20000000000002,0.5173730915250442,0.3917619648232025,0.04377402918362849,0.02291366335092366,0.021887523930355274,0.0022897271868476373,0.07261933073771905,0.5140336276194413,0.39234774653939053,0.04193733995714842,0.024808476028628693,0.02503759558570095,0.0018352142696900532
172.3,0.5172789292034687,0.39179628622548063,0.04380667449180183,0.022925263803003432,0.021900773753469625,0.002292072522777485,0.07260011619047001,0.5139393336205567,0.3923814041894837,0.04196967594621218,0.024820871688730702,0.02505151947878353,0.001837195076233185
172.4,0.5171848520150938,0.3918305245684327,0.04383931880165593,0.022936864153185382,0.021914021688572115,0.0022944187730618423,0.07258091974722745,0.5138451258350991,0.39241497824778326,0.042002011237061924,0.024833266875970015,0.02506544101815342,0.0018391767859326355
172.5,0.5170908598500434,0.3918646799701589,0.04387196210576471,0.02294846440066973,0.021927267735992857,0.002296765937372125,0.07256174138436408,0.5137510041503994,0.3924484688346756,0.042034345821837786,0.024845661589823622,0.025079360204716458,0.0018411593985472776
172.60000000000002,0.5169969525985906,0.3918987525485978,0.043904604396713794,0.02296006454465615,0.021940511896063566,0.0022991140153799505,0.07254258107828512,0.5136569684539442,0.39248187607038054,0.04206667969269229,0.024858055829767762,0.02509327703937912,0.0018431429138360534
172.70000000000002,0.5169031301511565,0.39193274242152637,0.043937245667100486,0.02297166458434377,0.021953754169117528,0.0023014630067571366,0.07252343880542823,0.5135630186333731,0.3925152000749516,0.04209901284179047,0.024870449595278007,0.0251071915230486,0.0018451273315579838
172.8,0.5168093923983111,0.3919666497065605,0.043969885909533775,0.022983264518931183,0.021966994555489613,0.0023038129111757045,0.07250431454226343,0.5134691545764801,0.3925484409682758,0.0421313452613097,0.02488284288582914,0.025121103656632705,0.0018471126514721594
172.9,0.5167157392307721,0.39200047452115494,0.04400252511663432,0.022994864347616453,0.02198023305551626,0.002306163728307877,0.07248520826529314,0.5133753761712128,0.3925815988700744,0.042163676943439705,0.024895235700895284,0.02513501344103991,0.0018490988733377495
173.0,0.5166221705394052,0.39203421698260366,0.04403516328103441,0.023006464069597117,0.021993469669535467,0.0023085154578260767,0.07246611995105201,0.513281683305673,0.3926146738999015,0.04219600788038262,0.024907628039949784,0.025148920877179314,0.0018510859969139923
173.10000000000002,0.5165286862152239,0.3920678772080401,0.044067800395378,0.0230180636840702,0.0220067043978868,0.00231086809940293,0.07244704957610694,0.5131880758681142,0.39264766617714625,0.0422283380643529,0.02492001990246539,0.025162825965960672,0.0018530740219602035
173.20000000000002,0.5164352861493892,0.3921014553144373,0.04410043645232059,0.0230296631902322,0.022019937240911343,0.0023132216527112603,0.07242799711705705,0.5130945537469455,0.3926805758210327,0.042260667487577404,0.024932411287914083,0.02517672870829437,0.0018550629482357729
173.3,0.5163419702332094,0.39213495141860816,0.044133071444529326,0.02304126258727911,0.02203316819895175,0.0023155761174240936,0.07240896255053374,0.5130011168307268,0.3927134029506192,0.04229299614229523,0.02494480219576715,0.025190629105091424,0.0018570527755001614
173.4,0.5162487383581399,0.39216836563720564,0.044165705364682936,0.023052861874406437,0.0220463972723522,0.002317931493214658,0.07238994585320029,0.5129077650081718,0.3927461476847991,0.04232532402075774,0.024957192625495225,0.025204527157263436,0.0018590435035129066
173.5,0.5161555904157831,0.39220169808672306,0.0441983382054717,0.023064461050809178,0.02205962446145839,0.0023202877797563796,0.07237094700175217,0.5128144981681461,0.39277881014230065,0.04235765111522866,0.024969582576568224,0.025218422865722664,0.0018610351320336178
173.60000000000002,0.5160625262978878,0.39223494888349414,0.044230969959597445,0.023076060115681838,0.022072849766617542,0.002322644976722885,0.07235196597291688,0.5127213161996684,0.3928113904416881,0.04238997741798395,0.02498197204845545,0.02523231623138195,0.0018630276608219802
173.70000000000002,0.5159695458963499,0.3922681181436934,0.044263600619773524,0.023087659068218445,0.022086073188178387,0.0023250030837879995,0.07233300274345383,0.5126282189919087,0.39284388870136144,0.042422302921311786,0.02499436104062547,0.025246207255154765,0.0018650210896377513
173.8,0.5158766491032111,0.3923012059833363,0.044296230178724826,0.023099257907612546,0.02209929472649116,0.0023273621006257503,0.07231405729015435,0.512535206434189,0.39287630503955606,0.04245462761751259,0.02500674955254623,0.02526009593795515,0.0018670154182407629
173.9,0.5157838358106593,0.39233421251827943,0.04432885862918772,0.02311085663305721,0.022112514381907592,0.002329722026910362,0.07229512958984172,0.5124422784159836,0.3929086395743435,0.042486951498899,0.025019137583685017,0.02527398228069777,0.001869010646390919
174.0,0.5156911059110286,0.3923671378642208,0.044361485963910076,0.023122455243745045,0.022125732154780905,0.0023320828623162597,0.07227621961937086,0.5123494348269176,0.3929408924236321,0.042519274557795854,0.025031525133508443,0.025287866284297824,0.0018710067738481996
174.10000000000002,0.5155984592967985,0.39239998213669997,0.04439411217565123,0.023134053738868197,0.02213894804546581,0.0023344446065180664,0.07225732735562873,0.5122566755567673,0.39297306370516616,0.04255159678654011,0.025043912201482492,0.025301747949671168,0.0018730038003726553
174.20000000000002,0.515505895860594,0.3924327454510983,0.04442673725718196,0.023145652117618352,0.022152162054318483,0.002336807259190604,0.0722384527755338,0.5121640004954607,0.39300515353652726,0.04258391817748097,0.025056298787072506,0.02531562727773417,0.0018750017257244164
174.3,0.5154134154951858,0.3924654279226393,0.044459361201284485,0.023157250379186742,0.022165374181696573,0.002339170820008893,0.0722195958560363,0.512071409533076,0.3930371620351335,0.04261623872297969,0.025068684889743186,0.025329504269403766,0.0018770005496636767
174.4,0.5153210180934893,0.39249802966638847,0.04449198400075246,0.02316884852276416,0.022178584427959194,0.0023415352886481523,0.0722007565741181,0.5119789025598422,0.3930690893182412,0.0426485584154097,0.025081070508958588,0.025343378925597525,0.0018790002719507126
174.5,0.5152287035485651,0.392530550797254,0.04452460564839092,0.02318044654754096,0.022191792793466912,0.002343900664783799,0.07218193490679267,0.5118864794661392,0.3931009355029427,0.042680877247156565,0.025093455644182177,0.025357251247233543,0.00188100089234587
174.60000000000002,0.5151364717536183,0.39256299142998674,0.04455722613701632,0.023192044452707058,0.02220499927858174,0.0023462669480914483,0.07216313083110497,0.5117941401424957,0.3931327007061693,0.04271319521061787,0.025105840294876773,0.02537112123523042,0.0018830024106095658
174.70000000000002,0.515044322601999,0.3925953516791803,0.044589845459456455,0.023203642237451933,0.02221820388366713,0.0023486341382469114,0.07214434432413155,0.5117018844795923,0.39316438504468965,0.042745512298203336,0.025118224460504605,0.025384988890507377,0.0018850048265022963
174.8,0.514952255987201,0.39262763165927145,0.044622463608550496,0.02321523990096466,0.022231406609087973,0.0023510022349261983,0.07212557536298035,0.5116097123682583,0.3931959886351108,0.04277782850233468,0.02513060814052726,0.025398854213984152,0.0018870081397846265
174.9,0.5148602718028625,0.3926598314845403,0.04465508057714896,0.023226837442433885,0.022244607455210588,0.002353371237805517,0.07210682392479069,0.5115176236994727,0.39322751159387753,0.04281014381544572,0.025142991334405722,0.02541271720658101,0.001889012350217196
175.0,0.514768369942766,0.39269195126911044,0.044687696358113684,0.023238434861047836,0.0222578064224027,0.002355741146561271,0.07208808998673329,0.5114256183643637,0.3932589540372743,0.04284245822998227,0.025155374041600446,0.025426577869218755,0.0018910174575607172
175.10000000000002,0.514676550300837,0.3927239911269492,0.04472031094431783,0.02325003215599435,0.022271003511033474,0.0023581119608700623,0.07206937352601017,0.511333696254209,0.3932903160814228,0.04287477173840209,0.025167756261571177,0.025440436202818724,0.0018930234615759751
175.20000000000002,0.5145848127711453,0.3927559511718679,0.04475292432864582,0.02326162932646084,0.02228419872147345,0.0023604836804086865,0.07205067451985461,0.5112418572604356,0.3933215978422856,0.04290708433317504,0.02518013799377718,0.025454292208302795,0.0018950303620238304
175.3,0.5144931572479036,0.392787831517522,0.04478553650399339,0.023273226371634346,0.022297392054094586,0.002362856304854138,0.0720319929455311,0.5111501012746182,0.39335279943566304,0.04293939600678294,0.025192519237677097,0.02546814588659332,0.0018970381586652142
175.4,0.5144015836254677,0.39281963227741135,0.044818147463267524,0.0232848232907015,0.022310583509270232,0.002365229833883607,0.07201332878033534,0.5110584281884814,0.39338392097719593,0.04297170675171943,0.02520489999272896,0.025481997238613198,0.0018990468512611312
175.5,0.5143100917983369,0.3928513535648804,0.04485075719938646,0.023296420082848556,0.022323773087375123,0.0023676042671744797,0.07199468200159409,0.5109668378938967,0.3934149625823642,0.04300401656049023,0.025217280258390276,0.025495846265285827,0.00190105643957266
175.60000000000002,0.5142186816611527,0.39288299549311834,0.04488336570527966,0.02330801674726139,0.02233696078878537,0.002369979604404338,0.07197605258666526,0.5108753302828855,0.39344592436648773,0.043036325425612934,0.025229660034117966,0.025509692967535125,0.0019030669233609514
175.70000000000002,0.5141273531086996,0.3929145581751595,0.04491597297388781,0.02331961328312549,0.022350146613878456,0.0023723558452509587,0.07195744051293775,0.510783905247615,0.3934768064447268,0.043068633339617024,0.025242039319368373,0.025523537346285468,0.001905078302387229
175.8,0.5140361060359041,0.3929460417238834,0.0449485789981628,0.023331209689625987,0.022363330563033232,0.0023747329893923142,0.07193884575783152,0.5106925626804023,0.39350760893208186,0.04310094029504393,0.025254418113597323,0.025537379402461736,0.00190709057641279
175.9,0.5139449403378352,0.3929774462520149,0.04498118377106769,0.023342805965947643,0.022376512636629906,0.002377111036506572,0.07192026829879737,0.5106013024737107,0.39353833194339394,0.04313324628444689,0.025266796416260052,0.025551219136989333,0.0019091037451990044
176.0,0.5138538559097036,0.3930087718721246,0.045013787285576735,0.023354402111274857,0.022389692835050046,0.002379489986272095,0.07190170811331702,0.5105101245201511,0.3935689755933453,0.043165551300391,0.025279174226811255,0.025565056550794097,0.0019111178085073142
176.10000000000002,0.513762852646862,0.39304001869662886,0.045046389534675345,0.02336599812479169,0.022402871158676566,0.002381869838367442,0.07188316517890314,0.5104190287124817,0.3935995399964582,0.04319785533545322,0.025291551544705106,0.02557889164480235,0.001913132766099234
176.20000000000002,0.5136719304448047,0.39307118683779024,0.04507899051136002,0.023377594005681825,0.022416047607893702,0.0023842505924713624,0.07186463947309908,0.5103280149436077,0.3936300252670974,0.04323015838222236,0.02530392836939525,0.02559272441994092,0.0019151486177363532
176.3,0.5135810891991676,0.39310227640771744,0.045111590208638454,0.023389189753128623,0.02242922218308704,0.0023866322482628036,0.07184613097347901,0.5102370831065806,0.3936604315194681,0.04326246043329897,0.02531630470033474,0.02560655487713708,0.0019171653631803306
176.4,0.5134903288057272,0.39313328751836585,0.045144188619529395,0.0234007853663151,0.022442394884643488,0.0023890148054209054,0.07182763965764788,0.510146233094599,0.393690758867618,0.043294761481295414,0.025328680536976178,0.025620383017318546,0.0019191830021929005
176.5,0.5133996491604016,0.39316422028153736,0.04517678573706272,0.02341238084442394,0.02245556571295127,0.0023913982636250023,0.07180916550324117,0.5100554648010074,0.3937210074254358,0.043327061518835884,0.025341055878771595,0.02563420884141353,0.0019212015345358691
176.60000000000002,0.5133090501592497,0.39319507480888083,0.04520938155427937,0.0234239761866375,0.022468734668399937,0.002393782622554623,0.0717907084879251,0.5099647781192963,0.39375117730665316,0.0433593605385562,0.02535343072517252,0.025648032350350652,0.0019232209599711126
176.70000000000002,0.5132185316984708,0.39322585121189224,0.04524197606423134,0.023435571392137804,0.02248190175138032,0.002396167881889487,0.07177226858939639,0.5098741729431028,0.39378126862484353,0.043391658533104054,0.02536580507562995,0.025661853545059014,0.0019252412782605837
176.8,0.5131280936744048,0.39325654960191486,0.045274569259981676,0.023447166460106562,0.022495066962284576,0.00239855404130951,0.07175384578538241,0.5097836491662091,0.39381128149342315,0.04342395549513878,0.025378178929594424,0.025675672426468146,0.001927262489166305
176.9,0.5130377359835319,0.3932871700901396,0.04530716113460446,0.023458761389725177,0.02250823030150614,0.0024009411004947984,0.07173544005364084,0.509693206682543,0.39384121602565086,0.04345625141733148,0.02539055228651595,0.025689488995508002,0.0019292845924503731
177.0,0.5129474585224721,0.39331771278760497,0.0453397516811848,0.023470356180174737,0.022521391769439743,0.0024033290591256536,0.07171705137196,0.5096028453861782,0.3938710723346288,0.043488546292364885,0.025402925145843996,0.025703303253109017,0.0019313075878749544
177.10000000000002,0.5128572611879857,0.3933481778051976,0.045372340892818795,0.023481950830636034,0.022534551366481394,0.002405717916882569,0.07169867971815848,0.5095125651713324,0.39390085053330226,0.04352084011293342,0.02541529750702765,0.02571711520020198,0.0019333314752022907
177.20000000000002,0.5127671438769723,0.39337856525365206,0.045404928762613525,0.023493545340289544,0.022547709093028372,0.002408107673446229,0.07168032507008526,0.5094223659323693,0.39393055073445926,0.043553132871743165,0.02542766936951537,0.025730924837718147,0.001935356254194694
177.3,0.5126771064864714,0.3934088752435515,0.045437515283687044,0.02350513970831547,0.022560864949479235,0.0024104983284975122,0.0716619874056196,0.5093322475637969,0.3939601730507324,0.04358542456151187,0.025440040732755253,0.025744732166589204,0.0019373819246145492
177.4,0.5125871489136613,0.39343910788532743,0.04547010044916836,0.02351673393389371,0.02257401893623379,0.0024128898817174877,0.07164366670267117,0.5092422099602674,0.3939897175945975,0.04361771517496888,0.02545241159619484,0.025758537187747198,0.001939408486224313
177.5,0.51249727105586,0.39346926328926024,0.045502684252197445,0.02352832801620389,0.02258717105369311,0.0024152823327874178,0.07162536293917973,0.5091522530165777,0.3940191844783746,0.043650004704855166,0.025464781959281264,0.025772339902124648,0.0019414359387865164
177.60000000000002,0.512407472810524,0.39349934156547933,0.04553526668592516,0.023539921954425353,0.022600321302259516,0.002417675681388756,0.07160707609311512,0.509062376627669,0.3940485738142283,0.04368229314392326,0.025477151821461107,0.025786140310654425,0.0019434642820637608
177.70000000000002,0.5123177540752487,0.39352934282396324,0.04556784774351328,0.02355151574773716,0.02261346968233656,0.002420069927203145,0.07158880614247758,0.5089725806886259,0.3940778857141676,0.0437145804849373,0.02548952118218054,0.02579993841426982,0.001945493515818718
177.8,0.5122281147477681,0.3935592671745399,0.0456004274181345,0.023563109395318114,0.022626616194329048,0.002422465069912422,0.07157055306529717,0.5088828650946773,0.39410712029004563,0.043746866720672996,0.025501890040885333,0.025813734213904514,0.001947523639814134
177.9,0.5121385547259545,0.39358911472688685,0.045633005702972386,0.023574702896346753,0.022639760838643008,0.002424861109198614,0.07155231683963421,0.5087932297411947,0.3941362776535616,0.043779151843917535,0.025514258397020664,0.025827527710492605,0.0019495546538128286
178.0,0.5120490739078183,0.3936188855905315,0.04566558259122136,0.023586296250001346,0.022652903615685685,0.0024272580447439384,0.07153409744357886,0.5087036745236941,0.39416535791625845,0.043811435847469694,0.025526626250031374,0.025841318904968498,0.0019515865575776888
178.10000000000002,0.511959672191508,0.39364857987485113,0.045698158076086695,0.02359788945545992,0.02266604452586556,0.0024296558762308034,0.07151589485525132,0.508614199337834,0.3941943611895255,0.04384371872413975,0.02553899359936181,0.025855107798267066,0.0019536193508716774
178.20000000000002,0.51187034947531,0.39367819768907336,0.0457307321507845,0.02360948251190024,0.022679183569592306,0.0024320546033418065,0.07149770905280169,0.5085248040794159,0.39422328758459724,0.04387600046674945,0.02555136044445587,0.025868894391323494,0.0019556530334578284
178.3,0.511781105657648,0.39370773914227614,0.0457633048085417,0.02362107541849983,0.02269232074727682,0.002434454225759738,0.07147954001440986,0.5084354886443839,0.3942521372125544,0.043908281068132084,0.025563726784757088,0.025882678685073372,0.0019576876050992464
178.4,0.5116919406370835,0.39373720434338805,0.04579587604259603,0.02363266817443598,0.022705456059331185,0.0024368547431675765,0.07146138771828571,0.5083462529288247,0.3942809101843226,0.04394056052113228,0.025576092619708463,0.02589646068045265,0.001959723065559109
178.5,0.5116028543123148,0.3937665934011885,0.045828445846196025,0.02364426077888573,0.022718589506168684,0.0024392561552484906,0.07144325214266874,0.5082570968289678,0.39430960661067516,0.04397283881860625,0.025588457948752658,0.025910240378397623,0.0019617594146006632
178.60000000000002,0.5115138465821777,0.39379590642430806,0.045861014212600984,0.02365585323102591,0.02273172108820379,0.0024416584616858386,0.0714251332658282,0.5081680202411838,0.3943382266022303,0.04400511595342154,0.025600822771331848,0.025924017779844953,0.001963796651987231
178.70000000000002,0.5114249173456447,0.3938251435212283,0.04589358113508094,0.0236674455300331,0.022744850805852142,0.0024440616621631667,0.0714070310660631,0.5080790230619868,0.39436677026945444,0.04403739191845716,0.025613187086887833,0.025937792885731663,0.0019658347774822063
178.8,0.5113360665018247,0.3938543048002824,0.04592614660691671,0.02367903767508367,0.022757978659530574,0.002446465756364213,0.07138894552170211,0.5079901051880309,0.3943952377226593,0.04406966670660352,0.025625550894862,0.025951565696995103,0.0019678737908490505
178.9,0.5112472939499636,0.39388339036965503,0.045958710621399834,0.023690629665353777,0.02277110464965708,0.0024488707439729034,0.07137087661110338,0.5079012665161134,0.39442362907200473,0.044101940310762366,0.025637914194695292,0.02596533621457298,0.0019699136918512996
179.0,0.5111585995894432,0.3939124003373829,0.04599127317183254,0.023702221500019355,0.022784228776650817,0.0024512766246733517,0.07135282431265477,0.5078125069431718,0.3944519444274974,0.04413421272384687,0.025650276985828304,0.025979104439403336,0.001971954480252564
179.10000000000002,0.5110699833197817,0.3939413348113546,0.04602383425152779,0.023713813178256143,0.022797351040932112,0.0024536833981498624,0.07133478860477359,0.5077238263662849,0.3944801838989913,0.04416648393878146,0.025662639267701147,0.02599287037242454,0.001973996155816517
179.20000000000002,0.510981445040633,0.39397019389931104,0.046056393853809205,0.023725404699239658,0.02281047144292242,0.002456091064086925,0.07131676946590652,0.5076352246826733,0.3945083475961891,0.04419875394850208,0.025675001039753655,0.026006634014575307,0.001976038718306912
179.3,0.5108929846517869,0.39399897770884545,0.04608895197201109,0.023736996062145237,0.02282358998304436,0.0024584996221692205,0.07129876687452986,0.5075467017896973,0.3945364356286393,0.044231022745955736,0.02568736230142516,0.026020395366794645,0.0019780821674875706
179.4,0.5108046020531687,0.39402768634740387,0.0461215085994784,0.02374858726614801,0.02283670666172168,0.0024609090720816157,0.07128078080914921,0.5074582575848589,0.39456444810574126,0.04426329032410099,0.025699723052154677,0.02603415443002192,0.001980126503122385
179.5,0.510716297144839,0.3940563199222851,0.04615406372956674,0.02376017831042293,0.022849821479379265,0.002463319413509167,0.0712628112482994,0.5073698919657993,0.3945923851367403,0.044295556675907524,0.0257120832913808,0.026047911205196776,0.0019821717249753202
179.60000000000002,0.5106280698269938,0.394084878540641,0.04618661735564234,0.023771769194144757,0.02286293443644314,0.002465730646137118,0.07124485817054481,0.5072816048303008,0.39462024683073127,0.044327821794356355,0.025724443018541782,0.026061665693259226,0.001984217832810411
179.70000000000002,0.5105399199999642,0.39411336230947663,0.04621916947108201,0.02378335991648806,0.02287604553334043,0.0024681427696508964,0.07122692155447878,0.5071933960762853,0.39464803329665804,0.04436008567243974,0.025736802233075493,0.026075417895149524,0.001986264826391765
179.8,0.5104518475642156,0.3941417713356506,0.0462517200692732,0.023794950476627247,0.02288915477049939,0.002470555783736122,0.07120900137872407,0.5071052656018148,0.3946757446433126,0.04439234830316118,0.025749160934419424,0.026089167811808242,0.0019883127054835595
179.9,0.5103638524203485,0.3941701057258751,0.04628426914361392,0.02380654087373655,0.02290226214834938,0.002472969688078599,0.07119109762193261,0.5070172133050909,0.39470338097933677,0.04442460967953543,0.025761519122010693,0.0261029154441763,0.001990361469850046
180.0,0.510275934469098,0.3941983655867161,0.04631681668751275,0.02381813110699003,0.022915367667320875,0.0024753844823643184,0.07117321026278532,0.5069292390844539,0.3947309424132214,0.044456869794588356,0.025773876795286085,0.026116660793194846,0.0019924111192555424
180.10000000000002,0.510188093611333,0.3942265510245938,0.04634936269438883,0.023829721175561595,0.022928471327845434,0.002477800166279459,0.0711553392799923,0.506841342838384,0.39475842905330716,0.04448912864135711,0.02578623395368201,0.026130403859805335,0.0019944616534644417
180.20000000000002,0.5101003297480567,0.39425466214578253,0.046381907157671806,0.02384131107862498,0.022941573130355716,0.0024802167395103834,0.07113748465229269,0.5067535244655006,0.3947858410077839,0.04452138621289005,0.025798590596634547,0.026144144644949577,0.0019965130722412066
180.3,0.5100126427804064,0.394282699056411,0.046414450070801895,0.023852900815353774,0.022954673075285464,0.002482634201743643,0.0711196463584546,0.5066657838645617,0.3948131783846923,0.04455364250224656,0.02581094672357941,0.026157883149569534,0.001998565375350372
180.4,0.5099250326096528,0.39431066186246266,0.046446991427229786,0.023864490384921416,0.022967771163069514,0.002485052552665975,0.0711018243772751,0.5065781209344639,0.3948404412919227,0.04458589750249729,0.025823302333951983,0.02617161937460754,0.0020006185625565413
180.5,0.5098374991372004,0.39433855066977574,0.04647953122041669,0.0238760797865012,0.02298086739414376,0.0024874717919643008,0.0710840186875801,0.5064905355742422,0.39486762983721596,0.04461815120672395,0.025835657427187297,0.026185353321006195,0.0020026726336243895
180.60000000000002,0.5097500422645871,0.3943663655840436,0.04651206944383428,0.02388766901926628,0.022993961768945186,0.0024898919193257294,0.0710662292682246,0.50640302768307,0.3948947441281632,0.04465040360801941,0.02584801200272007,0.026199084989708316,0.0020047275883186655
180.70000000000002,0.5096626618934836,0.39439410671081476,0.046544606090964676,0.023899258082389664,0.02300705428791182,0.0024923129344375525,0.07104845609809221,0.5063155971602591,0.3949217842722074,0.04468265469948761,0.025860366059984694,0.02621281438165705,0.0020067834264041857
180.8,0.5095753579256942,0.39442177415549323,0.04657714115530048,0.02391084697504424,0.023020144951482756,0.00249473483698725,0.07103069915609536,0.5062282439052583,0.39494875037664096,0.04471490447424357,0.025872719598415184,0.026226541497795734,0.0020088401476458383
180.9,0.5094881302631555,0.3944493680233386,0.04660967463034472,0.02392243569640276,0.023033233760098155,0.0024971576266624848,0.07101295842117526,0.5061409678176555,0.3949756425486088,0.044747152925413404,0.02588507261744529,0.026240266339068015,0.0020108977518085826
181.0,0.509400978807937,0.39447688841946615,0.04664220650961084,0.023934024245637855,0.023046320714199205,0.0024995813031511048,0.07099523387230189,0.5060537687971748,0.39500246089510715,0.04477940004613425,0.02589742511650847,0.02625398890641777,0.002012956238657449
181.10000000000002,0.5093139034622406,0.3945043354488475,0.046674736786622706,0.023945612621922036,0.023059405814228152,0.002502005866141144,0.07097752548847373,0.5059666467436783,0.3950292055229831,0.04481164582955429,0.025909777095037754,0.026267709200789136,0.0020150156079575374
181.20000000000002,0.5092269041284005,0.3945317092163102,0.04670726545491454,0.02395720082442769,0.023072489060628264,0.002504431315320818,0.07095983324871805,0.505879601557165,0.39505587653893587,0.044843890268832724,0.025922128552466006,0.026281427223126434,0.002017075859474021
181.3,0.5091399807088832,0.39455900982653846,0.04673979250803099,0.023968788852327113,0.023085570453843858,0.0025068576503785305,0.07094215713209052,0.5057926331377709,0.3950824740495174,0.04487613335713981,0.025934479488225658,0.026295142974374328,0.002019136992972141
181.4,0.5090531331062866,0.3945862373840729,0.046772317939527026,0.02398037670479247,0.023098649994320257,0.0025092848710028654,0.07092449711767544,0.5057057413857687,0.39510899816113104,0.04490837508765667,0.025946829901748923,0.02630885645547763,0.0020211990082172077
181.5,0.5089663612233408,0.394613391993311,0.046804841742968006,0.023991964380995837,0.02311172768250382,0.002511712976882593,0.0709068531845856,0.5056189262015679,0.3951354489800329,0.04494061545357553,0.02595917979246769,0.026322567667381412,0.002023261904974608
181.60000000000002,0.5088796649629074,0.3946404737585074,0.0468373639119296,0.024003551880109192,0.023124803518841913,0.002514141967706667,0.07088922531196222,0.5055321874857144,0.3951618266123317,0.04497285444809951,0.025971529159813583,0.026336276611030968,0.0020253256830097916
181.70000000000002,0.5087930442279791,0.3946674827837737,0.04686988443999779,0.024015139201304412,0.02313787750378291,0.002516571843164223,0.07087161347897494,0.5054455251388899,0.3951881311639894,0.045005092064442684,0.025983878003217883,0.02634998328737186,0.002027390342088287
181.8,0.5087064989216802,0.39469441917307907,0.04690240332076887,0.024026726343753285,0.023150949637776187,0.00251900260294458,0.07085401766482169,0.5053589390619125,0.39521436274082017,0.04503732829583006,0.02599622632211165,0.026363687697349775,0.002029455881975685
181.9,0.5086200289472658,0.3947212830302501,0.04693492054784944,0.024038313306627514,0.023164019921272126,0.0025214342467372417,0.07083643784872883,0.505272429155736,0.3952405214484926,0.045069563135497565,0.02600857411592563,0.02637738984191069,0.0020315223024376535
182.0,0.5085336342081218,0.39474807445897125,0.04696743611485636,0.02404990008909872,0.023177088354722094,0.0025238667742318935,0.07081887400995089,0.5051859953214498,0.3952666073925274,0.04510179657669199,0.026020921384090286,0.026391089722000754,0.0020335896032399247
182.10000000000002,0.508447314607765,0.39477479356278505,0.046999950015416785,0.024061486690338446,0.023190154938578456,0.0025263001851184045,0.07080132612777072,0.5050996374602785,0.3952926206782999,0.04513402861267105,0.026033268126035805,0.02640478733856636,0.002035657784148308
182.20000000000002,0.5083610700498424,0.3948014404450921,0.047032462243168066,0.024073073109518155,0.02320321967329454,0.002528734479086824,0.07078379418149937,0.5050133554735824,0.39531856141103916,0.045166259236703296,0.026045614341192146,0.026418482692554073,0.0020377268449286758
182.3,0.5082749004381316,0.39482801520915134,0.04706497279175783,0.024084659345809244,0.023216282559324668,0.002531169655827386,0.07076627815047597,0.5049271492628571,0.3953444296958283,0.04519848844206814,0.026057960028988997,0.026432175784910656,0.0020397967853469775
182.4,0.5081888056765402,0.3948545179580803,0.04709748165484391,0.02409624539838305,0.023229343597124124,0.002533605715030506,0.07074877801406783,0.5048410187297319,0.3953702256376041,0.045230716222055836,0.026070305188855725,0.026445866616583085,0.002041867605169227
182.5,0.5081027856691057,0.39488094879485525,0.04712998882609437,0.02410783126641084,0.023242402787149168,0.002536042656386781,0.0707312937516703,0.5047549637759723,0.3953959493411589,0.04526294256996748,0.02608264982022152,0.026459555188518506,0.0020439393041615113
182.60000000000002,0.5080168403199955,0.3949073078223114,0.047162494299187424,0.024119416949063825,0.02325546012985701,0.0025384804795869896,0.07071382534270677,0.5046689843034771,0.39542160091113826,0.04529516747911489,0.026094993922515228,0.02647324150166423,0.0020460118820899878
182.70000000000002,0.5079309695335065,0.39493359514314313,0.04719499806781148,0.024131002445513156,0.023268515625705817,0.0025409191843220914,0.07069637276662862,0.50458308021428,0.39544718045204463,0.04532739094282079,0.026107337495165577,0.02648692555696785,0.002048085338720884
182.8,0.5078451732140651,0.3949598108599041,0.047227500125665116,0.02414258775492994,0.02328156927515471,0.0025433587702832286,0.07067893600291511,0.5044972514105492,0.3954726880682336,0.045359612954418614,0.026119680537600946,0.02650060735537702,0.0020501596738204935
182.9,0.5077594512662269,0.3949859550750075,0.047260000466457064,0.024154172876485244,0.023294621078663754,0.002545799237161724,0.07066151503107355,0.5044114977945862,0.3954981238639171,0.04539183350725258,0.026132023049249494,0.026514286897839634,0.0020522348871551874
183.0,0.5076738035946766,0.3950120278907262,0.04729249908390619,0.024165757809350073,0.023307671036693952,0.0025482405846490802,0.07064410983063898,0.5043258192688261,0.39552348794316206,0.04542405259467757,0.026144365029539166,0.02652796418530374,0.0020543109784914
183.10000000000002,0.5075882301042279,0.3950380294091931,0.047324995971741474,0.024177342552695418,0.023320719149707243,0.002550682812436983,0.07062672038117439,0.5042402157358383,0.3955487804098914,0.04545627021005933,0.02615670647789764,0.02654163921871754,0.0020563879475956367
183.20000000000002,0.5075027306998232,0.395063959732401,0.047357491123701995,0.024188927105692214,0.023333765418166494,0.002553125920217296,0.0706093466622704,0.5041546870983258,0.39557400136788357,0.04548848634677422,0.026169047393752424,0.026555311999029434,0.002058465794234476
183.3,0.5074173052865333,0.3950898189622031,0.047389984533536954,0.024200511467511378,0.023346809842535496,0.0025555699076820655,0.07059198865354549,0.5040692332591238,0.39559915092077363,0.04552070099820936,0.026181387776530732,0.02656898252718794,0.0020605445181745654
183.4,0.5073319537695574,0.395115607200313,0.047422476195005614,0.024212095637323797,0.02335985242327896,0.002558014774523516,0.07057464633464579,0.5039838541212012,0.3956242291720524,0.045552914157762504,0.02619372762565959,0.02658265080414177,0.0020626241191826185
183.5,0.507246676054223,0.3951413245483051,0.04745496610187729,0.024223679614300327,0.023372893160862513,0.002560460520434053,0.07055731968524513,0.5038985495876596,0.39564923622506754,0.04558512581884213,0.026206066940565837,0.026596316830839763,0.002064704597025423
183.60000000000002,0.5071614720459857,0.39516697110761445,0.04748745424793138,0.02423526339761182,0.023385932055752685,0.002562907145106263,0.07054000868504488,0.503813319561733,0.39567417218302287,0.04561733597486732,0.026218405720676012,0.0266099806082309,0.0020667859514698315
183.70000000000002,0.5070763416504288,0.39519254697953726,0.047519940626957295,0.024246846986429097,0.023398969108416913,0.0025653546482329093,0.07052271331377406,0.5037281639467888,0.39569903714897975,0.04564954461926781,0.02623074396541655,0.026623642137264345,0.0020688681822827737
183.8,0.5069912847732634,0.39521805226523105,0.04755242523275447,0.024258430379922983,0.023412004319323537,0.002567803029506937,0.07050543355118927,0.5036430826463258,0.395723831225856,0.04568175174548404,0.026243081674213603,0.02663730141888936,0.002070951289231241
183.9,0.5069063013203279,0.3952434870657146,0.04758490805913237,0.024270013577264278,0.023425037688941778,0.0025702522886214686,0.07048816937707447,0.5035580755639752,0.39574855451642693,0.0457139573469669,0.02625541884649314,0.026650958454055355,0.002073035272082301
184.0,0.5068213911975882,0.3952688514818684,0.04761738909991043,0.02428159657762379,0.023438069217741758,0.002572702425269807,0.07047092077124116,0.5034731426035005,0.39577320712332564,0.045746161417178,0.026267755481680963,0.02666461324371189,0.002075120130603086
184.10000000000002,0.5067365543111373,0.3952941456144347,0.047649868348918094,0.02429317938017233,0.023451098906194477,0.002575153439145434,0.07045368771352828,0.5033882836687963,0.3957977891490421,0.04577836394958949,0.0262800915792026,0.026678265788808646,0.002077205864560801
184.20000000000002,0.5066517905671953,0.39531936956401775,0.047682345799994745,0.02430476198408069,0.023464126754771813,0.0025776053299420084,0.0704364701838021,0.5033034986638888,0.3958223006959251,0.04581056493768413,0.026292427138483506,0.02669191609029543,0.002079292473722717
184.3,0.5065670998721091,0.395344523431084,0.04771482144698975,0.024316344388519692,0.02347715276394652,0.002580058097353369,0.07041926816195622,0.503218787492937,0.3958467418661807,0.04584276437495515,0.02630476215894882,0.026705564149122164,0.0020813799578561767
184.4,0.506482482132352,0.3953696073159622,0.047747295283762384,0.02432792659266016,0.023490176934192215,0.0025825117410735324,0.07040208162791159,0.5031341500602294,0.3958711127618734,0.045874962254906344,0.026317096640023598,0.02671920996623888,0.002083468316728595
184.5,0.5063979372545239,0.3953946213188437,0.04777976730418188,0.024339508595672934,0.023503199265983387,0.002584966260796693,0.07038491056161637,0.5030495862701855,0.3958954134849265,0.0459071585710521,0.02632943058113265,0.026732853542595744,0.0020855575501074496
184.60000000000002,0.506313465145351,0.3954195655397825,0.047812237502127375,0.024351090396728878,0.02351621975979538,0.002587421656217225,0.07036775494304598,0.5029650960273571,0.39591964413712133,0.045939353316917196,0.02634176398170065,0.026746494879143032,0.0020876476577602943
184.70000000000002,0.5062290657116859,0.3954444400786958,0.047844705871487876,0.02436267199499886,0.02352923841610438,0.002589877927029676,0.07035061475220289,0.5028806792364262,0.39594380482009844,0.04597154648603701,0.026354096841152076,0.02676013397683112,0.002089738639454747
184.8,0.5061447388605067,0.39546924503536346,0.04787717240616231,0.024374253389653783,0.023542255235387444,0.0025923350729287753,0.07033348996911688,0.5027963358022046,0.3959678956353577,0.04600373807195733,0.026366429158911246,0.0267737708366105,0.002091830494958497
184.9,0.5060604844989175,0.3954939805094291,0.047909637100059466,0.02438583457986459,0.023555270218122454,0.0025947930936094277,0.07031638057384475,0.5027120656296344,0.39599191668425754,0.04603592806823439,0.026378760934402317,0.026787405459431743,0.002093923224039306
185.0,0.5059763025341479,0.3955186466003994,0.047942099947098,0.02439741556480224,0.023568283364788143,0.0025972519887667157,0.07029928654647025,0.5026278686237893,0.39601586806801603,0.04606811646843493,0.02639109216704925,0.026801037846245535,0.0020960168264649963
185.10000000000002,0.5058921928735532,0.3955432434076452,0.04797456094120639,0.02440899634363774,0.023581294675864072,0.002599711758095899,0.0702822078671043,0.5025437446898708,0.39603974988771096,0.046100303266136095,0.026403422856275904,0.02681466799800265,0.002098111302003469
185.20000000000002,0.5058081554246138,0.3955677710304007,0.04800702007632295,0.024420576915542128,0.02359430415183063,0.002602172401292413,0.07026514451588477,0.502459693733212,0.39606356224428,0.04613248845492544,0.026415753001505924,0.02682829591565395,0.002100206650422685
185.3,0.505724190094935,0.3955922295677644,0.04803947734639582,0.02443215727968649,0.023607311793169033,0.00260463391805187,0.07024809647297639,0.502375715659275,0.39608730523852037,0.04616467202840096,0.02642808260216286,0.02684192160015038,0.002102302871490686
185.4,0.5056402967922472,0.39561661911869905,0.04807193274538294,0.02444373743524195,0.023620317600361315,0.002607096308070059,0.07023106371857081,0.5022918103736506,0.3961109789710901,0.046196853980170954,0.026440411657670033,0.026855545052442968,0.00210439996497557
185.5,0.5055564754244057,0.39564093978203174,0.04810438626725204,0.0244553173813797,0.023633321573890326,0.002609559571042945,0.07021404623288657,0.5022079777820595,0.3961345835425071,0.04622903430385423,0.026452740167450715,0.02686916627348283,0.0021064979306455113
185.60000000000002,0.5054727258993903,0.3956651916564542,0.04813683790598064,0.024466897117270972,0.023646323714239737,0.0026120237066666707,0.07019704399616902,0.5021242177903518,0.39615811905315035,0.0462612129930798,0.02646506813092796,0.026882785264221176,0.0021085967682687554
185.70000000000002,0.505389048125305,0.3956893748405229,0.04816928765555598,0.02447847664208706,0.023659324021894003,0.0026144887146375517,0.07018005698869027,0.5020405303045061,0.396181585603259,0.046293390041487144,0.02647739554752474,0.026896402025609226,0.0021106964776136067
185.8,0.5053054420103783,0.3957134894326593,0.04820173550997509,0.024490055954999312,0.023672322497338392,0.0026169545946520805,0.07016308519074917,0.5019569152306295,0.3962049832929336,0.046325565442726056,0.026489722416663867,0.026910016558598333,0.002112797058448449
185.9,0.5052219074629626,0.39573753553115004,0.04823418146324472,0.024501635055179154,0.02368531914105897,0.002619421346406926,0.07014612858267127,0.501873372474958,0.39622831222213545,0.04635773919045656,0.02650204873776798,0.026923628864139883,0.00211489851054173
186.0,0.5051384443915344,0.395761513234147,0.04826662550938135,0.024513213941798066,0.02369831395354259,0.0026218889695989313,0.07012918714480876,0.501789901943856,0.39625157249068776,0.046389911278349086,0.026514374510259658,0.02693723894318534,0.0021170008336619654
186.10000000000002,0.5050550527046939,0.3957854226396677,0.04829906764241115,0.02452479261402761,0.023711306935276892,0.0026243574639251152,0.07011226085754048,0.5017065035438156,0.3962747641982749,0.046422081700084245,0.02652669973356133,0.026950846796686218,0.0021191040275777427
186.20000000000002,0.5049717323111648,0.3958092638455953,0.04833150785636999,0.02453637107103941,0.02372429808675029,0.0026268268290826698,0.07009534970127189,0.5016231771814569,0.3962978874444428,0.04645425044935303,0.026539024407095307,0.026964452425594095,0.0021212080920577133
186.3,0.5048884831197941,0.3958330369496788,0.04836394614530344,0.024547949312005185,0.02373728740845199,0.002629297064768964,0.07007845365643486,0.5015399227635287,0.39632094232859966,0.04648641751985664,0.026551348530283746,0.026978055830860576,0.0021233130268706038
186.4,0.5048053050395522,0.39585674204953336,0.048396382503266715,0.024559527336096718,0.023750274900871966,0.0026317681706815414,0.07006157270348795,0.5014567401969064,0.39634392895001563,0.04651858290530651,0.026563672102548765,0.02699165701343734,0.0021254188317852045
186.5,0.5047221979795325,0.39588037924264036,0.0484288169243247,0.024571105142485887,0.023763260564500958,0.002634240146518118,0.070044706822916,0.5013736293885938,0.39636684740782324,0.04655074659942431,0.026575995123312286,0.0270052559742761,0.0021275255065703776
186.60000000000002,0.5046391618489514,0.39590394862634753,0.04846124940255192,0.02458268273034466,0.02377624439983047,0.0026367129919765858,0.07002785599523033,0.501290590245721,0.3963896978010171,0.04658290859594195,0.026588317591996185,0.02701885271432861,0.002129633050995048
186.70000000000002,0.5045561965571479,0.3959274502978693,0.0484936799320325,0.02459426009884508,0.023789226407352752,0.002639186706755008,0.0700110202009687,0.501207622675546,0.3964124802284553,0.04661506888860149,0.026600639508022227,0.027032447234546668,0.002131741464828218
186.8,0.5044733020135835,0.39595088435428694,0.048526108506860226,0.02460583724715931,0.023802206587560833,0.002641661290551626,0.06999419942069521,0.5011247265854533,0.3964351947888581,0.04664722747115524,0.02661296087081203,0.027046039535882117,0.002133850747838948
186.9,0.5043904781278425,0.3959742508925486,0.04855853512113844,0.024617414174459586,0.02381518494094847,0.002644136743064851,0.06997739363500023,0.5010419018829547,0.39645784158080927,0.04667938433736561,0.02662528167978716,0.027059629619286815,0.002135960899796379
187.0,0.5043077248096309,0.39599755000946973,0.0485909597689801,0.024628990879918267,0.023828161468010183,0.0026466130639932694,0.0699606028245004,0.5009591484756885,0.3964804207027554,0.04671153948100523,0.026637601934369093,0.02707321748571267,0.002138071920469707
187.10000000000002,0.504225041968777,0.39602078180173295,0.048623382444507736,0.024640567362707807,0.023841136169241224,0.0026490902530356413,0.0699438269698386,0.5008764662714179,0.39650293225300626,0.046743692895856816,0.026649921633979164,0.027086803136111556,0.002140183809628206
187.20000000000002,0.5041424295152314,0.39604394636588847,0.04865580314185342,0.024652143622000758,0.023854109045137566,0.002651568309890897,0.06992706605168386,0.5007938551780351,0.3965253763297365,0.04677584457571331,0.026662240778038655,0.027100386571435455,0.0021422965670412166
187.3,0.5040598873590656,0.3960670437983542,0.04868822185515879,0.0246637196569698,0.02386708009619594,0.0026540472342581434,0.06991032005073146,0.5007113151035558,0.39654775303098333,0.04680799451437769,0.026674559365968784,0.027113967792636307,0.002144410192478144
187.4,0.5039774154104733,0.39609007419541603,0.048720638578575004,0.024675295466787716,0.023880049322913786,0.0026565270258366576,0.06989358894770274,0.5006288459561234,0.3965700624546483,0.04684014270566298,0.026686877397190643,0.027127546800666088,0.0021465246857084643
187.5,0.5038950135797694,0.39611303765322775,0.048753053306262756,0.02468687105062742,0.023893016725789282,0.002659007684325891,0.06987687272334504,0.5005464476440061,0.39659230469849777,0.04687228914339244,0.02669919487112525,0.02714112359647681,0.0021486400465017238
187.60000000000002,0.50381268177739,0.3961359342678115,0.04878546603239225,0.024698446407661938,0.023905982305321313,0.002661489209425467,0.06986017135843195,0.500464120075598,0.3966144798601612,0.046904433821399284,0.026711511787193585,0.027154698181020405,0.0021507562746275297
187.70000000000002,0.5037304199138926,0.3961587641350578,0.048817876751143144,0.024710021537064412,0.023918946062009474,0.0026639716008351787,0.0698434848337628,0.5003818631594181,0.3966365880371339,0.04693657673352685,0.026723828144816542,0.027168270555248956,0.0021528733698555668
187.8,0.5036482278999549,0.39618152735072576,0.04885028545670463,0.024721596438008125,0.023931907996354078,0.0026664548582549944,0.069826813130163,0.5002996768041114,0.3966586293267752,0.04696871787362846,0.02673614394341492,0.027181840720114415,0.0021549913319555847
187.9,0.5035661056463762,0.39620422401044336,0.04888269214327534,0.024733171109666482,0.02394486810885614,0.0026689389813850523,0.06981015622848404,0.5002175609184472,0.39668060382630954,0.0470008572355675,0.02674845918240948,0.027195408676568805,0.002157110160697395
188.0,0.5034840530640757,0.3962268542097075,0.04891509680506337,0.02474474555121303,0.023957826400017382,0.002671423969925663,0.06979351410960292,0.5001355154113201,0.3967025116328265,0.04703299481321743,0.0267607738612209,0.027208974425564133,0.002159229855850884
188.10000000000002,0.5034020700640933,0.39624941804388414,0.04894749943628626,0.024756319761821445,0.023970782870340216,0.002673909823577309,0.0697768867544229,0.500053540191749,0.39672435284328106,0.04706513060046155,0.02677308797926981,0.027222537968052372,0.002161350417186004
188.20000000000002,0.5033201565575892,0.39627191560820857,0.048979900031170955,0.024767893740665545,0.023983737520327737,0.002676396542040642,0.06976027414387273,0.4999716351688781,0.39674612755449323,0.04709726459119335,0.026785401535976805,0.027236099304985547,0.002163471844472777
188.3,0.5032383124558436,0.3962943469977857,0.04901229858395384,0.02477946748691929,0.023996690350483737,0.002678884125016487,0.06974367625890712,0.49988980025197527,0.3967678358631494,0.047129396779316136,0.02679771453076239,0.027249658437315586,0.0021655941374812884
188.4,0.5031565376702566,0.39631671230759,0.049044695088880694,0.024791040999756788,0.0240096413613127,0.0026813725722058387,0.0697270930805064,0.4998080353504323,0.39678947786580115,0.04716152715874326,0.026810026963047014,0.027263215365994468,0.0021677172959816944
188.5,0.503074832112348,0.39633901163246593,0.0490770895402067,0.024802614278352304,0.024022590553319775,0.0026838618833098637,0.0697105245896767,0.4997263403737657,0.3968110536588669,0.047193655723397974,0.026822338832251148,0.02727677009197416,0.0021698413197442203
188.60000000000002,0.5029931956937576,0.3963612450671277,0.04910948193219641,0.024814187321880243,0.024035537927010797,0.0026863520580298985,0.06969397076744971,0.49964471523161524,0.3968325633386305,0.047225782467213435,0.026834650137795103,0.02729032261620652,0.0021719662085391556
188.70000000000002,0.502911628326244,0.39638341270616007,0.049141872259123705,0.024825760129515165,0.02404848348289226,0.0026888430960674485,0.06967743159488284,0.49956315983374505,0.39685400700124246,0.047257907384132866,0.026846960879099307,0.0273038729396435,0.002174091962136862
188.8,0.5028301299216856,0.3964055146440179,0.049174260515271864,0.024837332700431796,0.02406142722147133,0.002691334997124191,0.06966090705305895,0.4994816740900418,0.3968753847427204,0.047290030468109194,0.026859271055584,0.0273174210632369,0.0021762185803077647
188.9,0.5027487003920796,0.3964275509750268,0.04920664669493348,0.024848905033805026,0.024074369143255836,0.0026938277609019736,0.06964439712308657,0.49940025791051657,0.3968966966589477,0.047322151713105394,0.02687158066666945,0.027330966987938608,0.0021783460628223583
189.0,0.5026673396495422,0.396449521793383,0.049239030792410474,0.0248604771288099,0.024087309248754258,0.002696321387102812,0.06962790178609965,0.4993189112053025,0.39691794284567583,0.04735427111309421,0.026883889711775914,0.027344510714700402,0.0021804744094512047
189.10000000000002,0.5025860476063085,0.39647142719315376,0.049271412802014095,0.02487204898462164,0.024100247538475745,0.002698815875428894,0.06961142102325765,0.4992376338846566,0.3969391233985226,0.04738638866205831,0.026896198190323562,0.027358052244474053,0.002182603619964934
189.20000000000002,0.5025048241747323,0.3964932672682772,0.049303792718064836,0.024883620600415622,0.024113184012930076,0.002701311225582574,0.06959495481574553,0.4991564258589581,0.3969602384129737,0.047418504353990185,0.026908506101732607,0.02737159157821125,0.0021847336941342435
189.3,0.5024236692672857,0.39651504211256305,0.04933617053489254,0.02489519197536742,0.024126118672627688,0.002703807437266377,0.06957850314477342,0.49907528703870924,0.396981287984382,0.04745061818289214,0.026920813445423204,0.027385128716863712,0.0021868646317298977
189.4,0.502342582796559,0.39653675181969217,0.049368546246836294,0.024906763108652766,0.024139051518079654,0.0027063045101829984,0.06956206599157708,0.4989942173345343,0.39700227220796813,0.04748273014277637,0.02693312022081546,0.02739866366138304,0.0021889964325227306
189.5,0.5022615646752606,0.39655839648321717,0.04940091984824444,0.024918333999447574,0.024151982549797685,0.0027088024440353005,0.06954564333741743,0.49891321665718075,0.3970231911788206,0.04751484022766483,0.026945426427329524,0.027412196412720836,0.0021911290962836377
189.60000000000002,0.5021806148162173,0.39657997619656243,0.049433291333474585,0.024929904646927955,0.024164911768294127,0.002711301238526316,0.06952923516358064,0.49883228491751697,0.39704404499189616,0.047546948431589235,0.026957732064385474,0.02742572697182863,0.0021932626227835887
189.70000000000002,0.5020997331323735,0.39660149105302434,0.049465660696893544,0.02494147505027018,0.024177839174081946,0.0027138008933592444,0.06951284145137832,0.49875142202653455,0.39706483374201956,0.047579054748591164,0.02697003713140344,0.027439255339657895,0.0021953970117936194
189.8,0.5020189195367911,0.39662294114577135,0.049498027932877366,0.024953045208650732,0.02419076476767474,0.0027163014082374547,0.06949646218214708,0.4986706278953457,0.39708555752388436,0.047611159172721865,0.02698234162780349,0.027452781517160046,0.0021975322630848277
189.9,0.5019381739426496,0.39664432656784426,0.04953039303581132,0.02496461512124627,0.02420368854958673,0.002718802782864485,0.0694800973372488,0.4985899024351853,0.397106216432052,0.0476432616980424,0.0269946455530057,0.027466305505286455,0.0021996683764283842
190.0,0.5018574962632459,0.39666564741215643,0.049562756000089844,0.024976184787233652,0.02421661052033275,0.002721305016944039,0.06946374689807047,0.49850924555740844,0.39712681056095367,0.04767536231862356,0.027006948906430153,0.027479827304988387,0.0022018053515955264
190.10000000000002,0.501776886411994,0.3966869037714938,0.049595116820116594,0.02498775420578994,0.02422953068042824,0.0027238081101799913,0.0694474108460242,0.49842865717349344,0.3971473400048889,0.047707461028545825,0.027019251687496908,0.027493346917217113,0.002203943188357555
190.20000000000002,0.501696344302425,0.3967080957385151,0.04962747549030436,0.024999323376092383,0.024242449030389256,0.0027263120622763814,0.06943108916254707,0.49834813719503823,0.39716780485802644,0.047739557821899474,0.027031553895626094,0.027506864342923754,0.002206081886485842
190.3,0.501615869848187,0.3967292234057522,0.0496598320050751,0.025010892297318437,0.024255365570732455,0.002728816872937418,0.06941478182910145,0.4982676855337618,0.39718820521440484,0.04777165269278438,0.027043855530237783,0.02752037958305942,0.0022082214457518233
190.4,0.5015354629630442,0.39675028686561004,0.049692186358859934,0.02502246096864577,0.024268280301975097,0.0027313225418674762,0.06939848882717431,0.4981873021015047,0.39720854116793125,0.04780374563531017,0.027056156590752046,0.02753389263857513,0.0022103618659270077
190.5,0.5014551235608781,0.39677128621036695,0.04972453854609908,0.02503402938925225,0.024281193224635036,0.002733829068771099,0.06938221013827782,0.49810698681022647,0.39722881281238365,0.04783583664359607,0.027068457076589024,0.027547403510421804,0.002212503146782961
190.60000000000002,0.501374851555686,0.39679222153217486,0.049756888561241934,0.02504559755831597,0.024294104339230724,0.0027363364533529977,0.06936594574394907,0.49802673957200966,0.3972490202414086,0.047867925711771,0.02708075698716882,0.027560912199550265,0.002214645288091325
190.70000000000002,0.5012946468615818,0.3968130929230593,0.049789236398746925,0.025057165475015214,0.024307013646281184,0.002738844695318047,0.06934969562574993,0.4979465602990552,0.39726916354852415,0.04790001283397362,0.027093056321911592,0.02757441870691136,0.002216788289623805
190.8,0.5012145093927953,0.3968339004749197,0.04982158205308162,0.025068733138528504,0.02431992114630604,0.0027413537943712907,0.06933345976526709,0.4978664489036845,0.3972892428271179,0.04793209800435202,0.027105355080237484,0.027587923033455718,0.002218932151152174
190.9,0.5011344390636723,0.3968546442795295,0.04985392551872266,0.02508030054803457,0.024332826839825496,0.0027438637502179386,0.06931723814411217,0.4977864052983396,0.39730925817044727,0.04796418121706405,0.0271176532615667,0.02760142518013393,0.0022210768724482697
191.0,0.5010544357886741,0.3968753244285365,0.049886266790155745,0.025091867702712364,0.024345730727360317,0.002746374562563366,0.06930103074392145,0.4977064293955818,0.3973292096716414,0.047996262466277105,0.02712995086531947,0.027614925147896544,0.0022232224532839993
191.10000000000002,0.5009744994823779,0.39689594101346276,0.04991860586187564,0.025103434601741074,0.02435863280943186,0.002748886231113116,0.06928483754635599,0.49762652110809136,0.3973490974236992,0.04802834174616823,0.02714224789091599,0.027628422937693922,0.002225368893431336
191.20000000000002,0.5008946300594763,0.3969164941257049,0.049950942728386134,0.025115001244300102,0.024371533086562036,0.0027513987555728954,0.06926865853310159,0.4975466803486697,0.39736892151949144,0.048060419050923925,0.027154544337776546,0.027641918550476388,0.0022275161926623194
191.3,0.500814827434777,0.3969369838565343,0.04998327738420008,0.02512656762956909,0.024384431559273327,0.002753912135648579,0.06925249368586857,0.4974669070302359,0.39738868205175903,0.048092494374740426,0.02716684020532144,0.02765541198719417,0.0022296643507490545
191.4,0.5007350915232028,0.3969574102970973,0.050015609823839326,0.02513813375672791,0.024397328228088776,0.002756426371046206,0.069236342986392,0.4973872010658296,0.3974083791131151,0.04812456771182335,0.027179135492971053,0.027668903248797377,0.0022318133674637166
191.5,0.5006554222397918,0.3969777735384152,0.05004794004183472,0.025149699624956667,0.024410223093531976,0.002758941461471981,0.06922020641643149,0.4973075623686081,0.3974280127960438,0.0481566390563879,0.02719143020014571,0.027682392336235994,0.002233963242578543
191.60000000000002,0.5005758194996964,0.3969980736713846,0.05008026803272614,0.025161265233435717,0.02442311615612709,0.002761457406632275,0.06920408395777122,0.49722799085184854,0.39744758319290113,0.04818870840265883,0.027203724326265867,0.027695879250459944,0.002236113975865844
191.70000000000002,0.5004962832181843,0.3970183107867775,0.05011259379106238,0.02517283058134564,0.02443600741639881,0.002763974206233622,0.0691879755922198,0.497148486428946,0.39746709039591466,0.04822077574487043,0.02721601787075199,0.027709363992418978,0.0022382655670979885
191.8,0.5004168133106371,0.3970384849752415,0.050144917311401256,0.025184395667867263,0.024448896874872384,0.0027664918599827224,0.06917188130161046,0.49706904901341453,0.3974865344971846,0.04825284107726642,0.02722831083302461,0.027722846563062804,0.0022404180160474183
191.9,0.5003374096925511,0.39705859632729995,0.05017723858830952,0.025195960492181674,0.0244617845320736,0.002769010367586441,0.06915580106780078,0.49698967851888626,0.39750591558868226,0.04828490439409997,0.027240603212504263,0.027736326963340958,0.0022425713224866386
192.0,0.5002580722795366,0.3970786449333521,0.05020955761636286,0.0252075250534702,0.024474670388528783,0.002771529728751807,0.0691397348726727,0.4969103748591111,0.3975252337622523,0.04831696568963383,0.02725289500861159,0.02774980519420286,0.0022447254861882224
192.10000000000002,0.5001788009873178,0.3970986308836733,0.05024187439014592,0.025219089350914423,0.0244875544447648,0.0027740499431860156,0.0691236826981327,0.49683113794795825,0.3975444891096116,0.04834902495814012,0.027265186220767255,0.027763281256597855,0.0022468805069248083
192.20000000000002,0.5000995957317333,0.3971185542684152,0.050274188904252226,0.02523065338369617,0.024500436701309032,0.0027765710105964224,0.06910764452611144,0.49675196769941354,0.3975636817223498,0.048381082193900436,0.02727747684839199,0.027776755151475135,0.002249036384469102
192.3,0.5000204564287349,0.39713841517760573,0.050306501153284236,0.025242217150997538,0.024513317158689398,0.0027790929306905506,0.06909162033856392,0.4966728640275807,0.3975828116919295,0.04841313739120577,0.027289766890906616,0.027790226879783747,0.0022511931185938733
192.4,0.4999413829943882,0.3971582137011496,0.05033881113185329,0.025253780652000873,0.024526195817434336,0.002781615703176086,0.06907561011746942,0.49659382684668113,0.3976018791096859,0.04844519054435656,0.027302056347731956,0.027803696442472634,0.0022533507090719634
192.5,0.49986237534487205,0.39717794992882827,0.05037111883457961,0.025265343885888795,0.02453907267807281,0.0027841393277608785,0.06905961384483145,0.4965148560710533,0.3976208840668282,0.04847724164766259,0.02731434521828896,0.02781716384049061,0.002255509155676272
192.60000000000002,0.49978343339647874,0.3971976239503,0.050403424256092295,0.025276906851844184,0.02455194774113429,0.0027866638041529413,0.06904363150267774,0.4964359516151537,0.39763982665443826,0.04850929069544314,0.027326633501998602,0.02783062907478633,0.002257668458179774
192.70000000000002,0.4997045570656135,0.3972172358551002,0.05043572739102929,0.02528846954905018,0.02456482100714876,0.0027891891320604503,0.06902766307306006,0.4963571133935547,0.3976587069634722,0.04854133768202677,0.02733892119828194,0.027844092146308324,0.0022598286163555033
192.8,0.4996257462687947,0.39723678573264165,0.050468028234037385,0.0253000319766902,0.02457769247664672,0.002791715311191745,0.0690117085380545,0.4962783413209469,0.3976775250847599,0.048573382601751446,0.027351208306560158,0.027857553056004996,0.0022619896299765647
192.9,0.4995470009226533,0.39725627367221444,0.05050032677977219,0.025311594133947936,0.02459056215015916,0.0027942423412553275,0.06899576787976101,0.49619963531213584,0.3976962811090045,0.04860542544896442,0.0273634948262544,0.02787101180482459,0.002264151498816125
193.0,0.49946832094393306,0.3972756997629863,0.05053262302289816,0.02532315602000735,0.024603430028217584,0.002796770221959865,0.0689798410803038,0.4961209952820451,0.39771497512678355,0.048637466218022354,0.027375780756786015,0.027884468393715233,0.0022663142226474198
193.10000000000002,0.4993897062494901,0.39729506409400284,0.050564916958088554,0.02533471763405268,0.024616296111353988,0.0027992989530141858,0.06896392812183093,0.4960424211457143,0.3977336072285496,0.04866950490329122,0.027388066097576356,0.027897922823624858,0.00226847780124375
193.20000000000002,0.499311156756293,0.3973143667541874,0.050597208580025387,0.02534627897526845,0.024629160400100852,0.0028018285341272786,0.06894802898651452,0.49596391281829844,0.39775217750462866,0.04870154149914627,0.02740035084804687,0.027911375095501314,0.0022706422343784843
193.3,0.49923267238142244,0.39733360783234156,0.0506294978833995,0.02535784004283946,0.02464202289499116,0.0028043589650082975,0.0689321436565507,0.4958854702150698,0.39777068604522214,0.04873357599997203,0.02741263500761911,0.027924825210292183,0.002272807521825054
193.4,0.499154253042071,0.39735278741714514,0.05066178486291049,0.02536940083595081,0.02465488359655838,0.0028068902453665585,0.06891627211415938,0.4958070932514155,0.39778913294040563,0.048765608400162384,0.02742491857571471,0.027938273168945055,0.002274973663356957
193.5,0.4990758986555434,0.3973719055971564,0.0506940695132667,0.025380961353787868,0.024667742505336456,0.0028094223749115382,0.06890041434158439,0.49572878184283903,0.3978075182801302,0.048797638694120446,0.027437201551755403,0.027951718972407218,0.002277140658747761
193.60000000000002,0.49899760913925595,0.3973909624608122,0.05072635182918525,0.025392521595536306,0.024680599621859818,0.0028119553533528757,0.06888457032109348,0.4956505359049596,0.39782584215422195,0.048829666876258525,0.02744948393516298,0.027965162621625884,0.002279308507771094
193.70000000000002,0.4989193844107365,0.3974099580964281,0.05075863180539194,0.02540408156038207,0.024693454946663362,0.0028144891804003707,0.06886874003497805,0.4955723553535116,0.39784410465238196,0.048861692940998264,0.027461765725359383,0.027978604117548052,0.0022814772102006534
193.8,0.49884122438762435,0.39742889259219877,0.050790909436621345,0.025415641247511424,0.024706308480282466,0.0028170238557639867,0.06885292346555343,0.4954942401043442,0.3978623058641877,0.04889371688277058,0.027474046921766606,0.027992043461120632,0.002283646765810203
193.9,0.4987631289876701,0.3974477660361978,0.05082318471761672,0.025427200656110916,0.024719160223252972,0.002819559379153846,0.06883712059515863,0.49541619007342264,0.3978804458790914,0.04892573869601543,0.027486327523806767,0.02800548065329026,0.002285817174373568
194.0,0.49868509812873546,0.3974665785163781,0.05085545764313003,0.025438759785367398,0.024732010176111183,0.0028220957502802344,0.06882133140615633,0.49533820517682653,0.39789852478642135,0.04895775837518208,0.027498607530902087,0.028018915695003494,0.002287988435664645
194.10000000000002,0.49860713172879295,0.397485330120572,0.05088772820792192,0.025450318634468026,0.02474485833939388,0.002824632968853598,0.06880555588093293,0.49526028533074923,0.3979165426753823,0.048989775914729014,0.027510886942474878,0.028032348587206678,0.0022901605494573905
194.20000000000002,0.49852922970592617,0.39750402093649145,0.05091999640676169,0.025461877202600246,0.024757704713638272,0.0028271710345845412,0.06878979400189839,0.4951824304515016,0.3979344996350549,0.04902179130912388,0.027523165757947592,0.028045779330845993,0.00229233351552583
194.3,0.4984513919783293,0.3975226510517281,0.05095226223442732,0.025473435488951826,0.024770549299382043,0.0028297099471838324,0.06877404575148631,0.4951046404555064,0.3979523957543958,0.04905380455284348,0.027535443976742773,0.028059207926867426,0.0022945073336440576
194.4,0.4983736184643068,0.3975412205537536,0.050984525685705454,0.025484993492710842,0.02478339209716333,0.0028322497063623994,0.0687583111121539,0.49502691525930154,0.39797023112223895,0.04908581564037374,0.027547721598283056,0.028072634376216835,0.0022966820035862263
194.5,0.4982959090822738,0.39755972952991964,0.05101678675539134,0.025496551213065675,0.024796233107520712,0.002834790311831329,0.06874259006638185,0.4949492547795387,0.39798800582729404,0.049117824566209764,0.02755999862199123,0.028086058679839817,0.0022988575251265586
194.60000000000002,0.4982182637507554,0.3975781780674581,0.05104904543828888,0.02550810864920503,0.024809072330993213,0.0028373317633018716,0.06872688259667431,0.4948716589329842,0.39800571995814876,0.049149831324855744,0.027572275047290137,0.028099480838681842,0.0023010338980393396
194.70000000000002,0.498140682388387,0.39759656625348133,0.051081301729210556,0.02551966580031792,0.02482190976812029,0.002839874060485433,0.06871118868555895,0.49479412763651787,0.39802337360326684,0.04918183591082504,0.02758455087360287,0.028112900853688203,0.0023032111220989237
194.8,0.49806316491391367,0.3976148941749823,0.05111355562297747,0.025531222665593673,0.024834745419441844,0.002842417203093582,0.06869550831558688,0.4947166608071334,0.3980409668509899,0.049213838318640075,0.02759682610035249,0.028126318725803946,0.00230538919707973
194.9,0.4979857112461904,0.3976331619188346,0.05114580711441933,0.025542779244221946,0.024847579285498213,0.002844961190838046,0.06867984146933255,0.4946392583619382,0.39805849978953656,0.04924583854283236,0.027609100726962283,0.02813973445597401,0.0023075681227562404
195.0,0.4979083213041818,0.39765136957179276,0.05117805619837438,0.025554335535392714,0.024860411366830162,0.0028475060234307114,0.06866418812939372,0.4945619202181522,0.39807597250700344,0.04927783657794253,0.02762137475285563,0.028153148045143083,0.0023097478989030046
195.10000000000002,0.4978309950069618,0.39766951722049243,0.051210302869689465,0.025565891538296283,0.02487324166397888,0.0028500517005836264,0.06864854827839167,0.4944846462931095,0.398093385091364,0.0493098324185202,0.027633648177456047,0.028166559494255623,0.0023119285252946346
195.20000000000002,0.4977537322737139,0.39768760495145045,0.05124254712321995,0.025577447252123277,0.02488607017748598,0.002852598222008994,0.06863292189897076,0.494407436504256,0.39811073763047067,0.0493418260591241,0.027645921000187174,0.028179968804255988,0.0023141100017058107
195.3,0.49767653302373044,0.39770563285106497,0.05127478895382977,0.02558900267606466,0.0248988969078935,0.00285514558741918,0.0686173089737987,0.4943302907691528,0.3981280302120532,0.049373817494321966,0.027658193220472794,0.028193375976088265,0.0023162923279112786
195.4,0.497599397176413,0.3977236010056158,0.051307028356391365,0.02560055780931172,0.024911721855743887,0.0028576937965267076,0.06860170948556646,0.4942532090054709,0.39814526292371966,0.049405806718690604,0.027670464837736823,0.028206781010696347,0.0023184755036858478
195.5,0.49752232465127194,0.39774150950126447,0.05133926532578572,0.02561211265105609,0.02492454502158001,0.002860242849044258,0.06858612341698807,0.49417619113099565,0.39816243585295663,0.04943779372681575,0.027682735851403316,0.028220183909023967,0.002320659528804391
195.60000000000002,0.4974453153679264,0.3977593584240542,0.05137149985690231,0.025623667200489735,0.024937366405945155,0.0028627927446846727,0.06857055075080083,0.4940992370636251,0.39817954908712966,0.04946977851329223,0.027695006260896455,0.028233584672014585,0.0023228444030418487
195.70000000000002,0.4973683692461041,0.3977771478599104,0.05140373194463909,0.025635221456804948,0.024950186009382987,0.0028653434831609494,0.06855499146976518,0.4940223467213687,0.39819660271348223,0.049501761072723756,0.027707276065640607,0.0282469833006115,0.0023250301261732273
195.8,0.4972914862056411,0.3977948778946407,0.05143596158390252,0.02564677541919438,0.024963003832437602,0.002867895064186246,0.06853944555666452,0.49394552002234793,0.3982135968191374,0.049533741399723136,0.027719545265060253,0.028260379795757785,0.0023272166979735956
195.9,0.4972146661664818,0.3978125486139349,0.051468188769607515,0.025658329086851017,0.024975819875653484,0.0028704474874738767,0.0685239129943054,0.4938687568847968,0.3982305314910968,0.04956571948891204,0.027731813858579996,0.02827377415839631,0.0023294041182180905
196.0,0.49713790904867866,0.39783016010336547,0.05150041349667745,0.025669882458968184,0.024988634139575513,0.002873000752737314,0.06850839376551736,0.4937920572270607,0.3982474068162416,0.0495976953349211,0.02774408184562465,0.028287166389469702,0.0023315923866819087
196.10000000000002,0.4970612147723922,0.39784771244838746,0.05153263576004416,0.025681435534739568,0.02500144662474898,0.0028755548596901895,0.06849288785315295,0.4937154209675977,0.39826422288133234,0.04962966893238996,0.027756349225619124,0.028300556489920404,0.002333781503140318
196.20000000000002,0.4969845832578908,0.39786520573433887,0.051564855554647876,0.02569298831335919,0.025014257331719532,0.0028781098080462894,0.06847739524008763,0.49363884802497593,0.39828097977300897,0.049661640275967076,0.02776861599798854,0.0283139444606906,0.002335971467368645
196.3,0.4969080144255504,0.3978826400464406,0.0515970728754373,0.02570454079402144,0.025027066261033237,0.0028806655975195604,0.0684619159092198,0.49356233831787555,0.39829767757779155,0.04969360936030993,0.02778088216215811,0.028327330302722293,0.0023381622791422887
196.4,0.4968315081958546,0.39790001546979664,0.051629287717369514,0.02571609297592105,0.025039873413236532,0.0028832222278241037,0.06844644984347081,0.49348589176508856,0.3983143163820793,0.04972557618008479,0.027793147717553247,0.028340714016957255,0.0023403539382367052
196.5,0.4967550644893944,0.39791733208939456,0.05166150007541001,0.025727644858253115,0.025052678788876237,0.0028857796986741795,0.06843099702578473,0.4934095082855167,0.3983308962721521,0.04975754072996685,0.027805412663599528,0.02835409560433696,0.0023425464444274203
196.60000000000002,0.4966786832268679,0.39793458999010506,0.051693709944532665,0.025739196440213084,0.025065482388499552,0.002888338009784204,0.06841555743912857,0.49333318779817387,0.3983474173341703,0.04978950300464028,0.027817676999722672,0.02836747506580278,0.0023447397974900226
196.70000000000002,0.49660236432908056,0.3979517892566826,0.051725917319719726,0.025750747720996763,0.025078284212654043,0.00289089716086875,0.06840013106649205,0.4932569302221836,0.39836387965417364,0.04982146299879794,0.027829940725348574,0.028380852402295754,0.0023469339972001647
196.8,0.4965261077169445,0.39796892997376554,0.0517581221959618,0.025762298699800328,0.025091084261887657,0.0028934571516425465,0.06838471789088774,0.4931807354767808,0.39838028331808356,0.04985342070714166,0.027842203839903296,0.028394227614756733,0.002349129043333566
196.9,0.4964499133114789,0.3979860122258761,0.05179032456825787,0.025773849375820317,0.025103882536748705,0.0028960179818204794,0.06836931789535072,0.4931046034813109,0.3983966284117015,0.04988537612438199,0.027854466342813057,0.02840760070412635,0.00235132493566601
197.0,0.49637378103380947,0.39800303609742055,0.051822524431615245,0.02578539974825364,0.025116679037785864,0.0028985796511175914,0.06835393106293904,0.49302853415522874,0.39841291502071,0.049917329245238486,0.027866728233504275,0.02842097167134492,0.002353521673973343
197.10000000000002,0.49629771080516843,0.3980200016726895,0.05185472178104957,0.025796949816297567,0.025129473765548176,0.0029011421592490803,0.06833855737673321,0.49295252741810064,0.3984291432306726,0.049949280064439334,0.027878989511403524,0.028434340517352604,0.0023557192580314777
197.20000000000002,0.49622170254689457,0.398036909035858,0.05188691661158478,0.02580849957914974,0.025142266720585026,0.0029037055059302993,0.06832319681983642,0.492876583189601,0.3984453131270343,0.04998122857672163,0.027891250175937545,0.028447707243089277,0.00235791768761639
197.3,0.49614575618043266,0.39805375827098544,0.051919108918253146,0.025820049036008177,0.025155057903446174,0.0029062696908767585,0.06830784937537444,0.4928007013895159,0.3984614247951209,0.050013174776831176,0.02790351022653326,0.0284610718494946,0.002360116962504123
197.4,0.4960698716273337,0.3980705494620163,0.05195129869609523,0.025831598186071274,0.025167847314681725,0.0029088347138041233,0.06829251502649562,0.4927248819377403,0.39847747832014074,0.0500451186595226,0.027915769662617797,0.02847443433750796,0.0023623170824707803
197.5,0.4959940488092546,0.39808728269277976,0.05198348594015987,0.025843147028537797,0.025180634954842136,0.002911400574428214,0.0682771937563708,0.49264912475427897,0.3984934737871824,0.05007706021955931,0.027928028483618444,0.028487794708068517,0.0023645180472925322
197.60000000000002,0.495918287647958,0.3981039580469901,0.05201567064550417,0.0258546955626069,0.02519342082447821,0.0029139672724650075,0.0682618855481933,0.4925734297592453,0.3985094112812179,0.0501089994517134,0.027940286688962656,0.028501152962115146,0.002366719856745613
197.70000000000002,0.4958425880653123,0.39812057560824676,0.052047852807193505,0.025866243787478108,0.025206204924141083,0.002916534807630633,0.068246590385179,0.49249779687286266,0.3985252908871006,0.05014093635076575,0.027952544278078133,0.02851450910058653,0.002368922510606322
197.8,0.49576694998329135,0.3981371354600346,0.052080032420301486,0.025877791702351334,0.02521898725438224,0.002919103179641377,0.06823130825056599,0.49242222601546376,0.3985411126895657,0.050172870911505935,0.027964801250392683,0.02852786312442106,0.0023711260086510216
197.9,0.4956913733239745,0.39815363768572387,0.052112209479909966,0.025889339306426878,0.0252317678157535,0.0029216723882136797,0.06821603912761502,0.49234671710748923,0.39855687677323126,0.05020480312873227,0.02797705760533438,0.028541215034556863,0.0023733303506561386
198.0,0.4956158580095461,0.3981700823685707,0.05214438398110903,0.025900886598905427,0.025244546608807025,0.0029242424330641367,0.06820078299960898,0.4922712700694894,0.39857258322259764,0.05023673299725175,0.027989313342331432,0.028554564831931816,0.0023755355363981666
198.10000000000002,0.49554040396229576,0.3981864695917169,0.052176555918996975,0.025912433578988054,0.025257323634095302,0.0029268133139094977,0.06818553984985325,0.49219588482212256,0.39858823212204775,0.050268660511880066,0.028001568460812268,0.028567912517483564,0.0023777415656536568
198.20000000000002,0.49546501110461794,0.39820279943819026,0.05220872528868027,0.025923980245876218,0.025270098892171137,0.002929385030466665,0.0681703096616754,0.4921205612861558,0.3986038235558483,0.050300585667441555,0.02801382296020552,0.02858125809214946,0.0023799484381992336
198.3,0.4953896793590119,0.3982190719909048,0.05224089208527363,0.025935526598771786,0.025282872383587673,0.0029319575824526974,0.0681550924184252,0.49204529938246455,0.3986193576081476,0.050332508458769264,0.028026076839939993,0.028594601556866567,0.0023821561538115788
198.4,0.49531440864808157,0.3982352873326608,0.05227305630389991,0.025947072636877004,0.025295644108898376,0.002934530969584807,0.06813988810347486,0.4919700990320335,0.3986348343629778,0.05036442888070488,0.02803833009944475,0.028607942912571755,0.002384364712267442
198.5,0.4952391988945354,0.398251445546145,0.052305217939690146,0.025958618359394527,0.02530841406865702,0.002937105191580359,0.06812469670021869,0.49189496015595224,0.3986502539042547,0.05039634692809868,0.028050582738148963,0.028621282160201607,0.002386574113343632
198.60000000000002,0.49516405002118613,0.3982675467139307,0.052337376987783533,0.025970163765527403,0.025321182263417705,0.0029396802481568736,0.06810951819207306,0.4918198826754215,0.3986656163157771,0.05042826259580962,0.028062834755482092,0.028634619300692343,0.0023887843568170266
198.70000000000002,0.4950889619509509,0.3982835909184781,0.05236953344332739,0.025981708854479077,0.02533394869373484,0.0029422561390320223,0.0680943525624766,0.4917448665117482,0.3986809216812277,0.0504601758787053,0.028075086150873764,0.02864795433498007,0.002390995442464568
198.8,0.49501393460685084,0.39829957824213413,0.05240168730147719,0.025993253625453405,0.025346713360163142,0.0029448328639236315,0.06807919979489,0.49166991158634776,0.3986961700841728,0.05049208677166179,0.028087336923753807,0.028661287264000475,0.002393207370063257
198.9,0.4949389679120109,0.3983155087671329,0.052433838557396535,0.026004798077654642,0.02535947626325764,0.0029474104225496807,0.06806405987279605,0.49159501782074155,0.398711361608063,0.0505239952695639,0.02809958707355229,0.02867461808868904,0.002395420139390164
199.0,0.49486406178966,0.39833138257559575,0.052465987206257114,0.02601634221028745,0.025372237403573666,0.002949988814628301,0.06804893277969953,0.49152018513655954,0.3987264963362328,0.05055590136730497,0.02811183659969949,0.028687946809980994,0.0023976337502224186
199.10000000000002,0.49478921616313065,0.39834719974953137,0.052498133243238744,0.026027886022556904,0.02538499678166686,0.0029525680398777795,0.06803381849912729,0.4914454134555381,0.3987415743519007,0.050587805059786835,0.028124085501625845,0.028701273428811198,0.002399848202337217
199.20000000000002,0.4947144309558589,0.39836296037083596,0.0525302766635293,0.026039429513668482,0.02539775439809314,0.0029551480980165514,0.06801871701462803,0.49137070269952143,0.3987565957381706,0.050619706341919944,0.02813633377876209,0.028714597946114348,0.002402063495511817
199.3,0.4946397060913841,0.39837866452129345,0.05256241746232476,0.026050972682828074,0.02541051025340874,0.0029577289887632078,0.06800362830977254,0.4912960527904596,0.3987715605780298,0.05065160520862331,0.028148581430539086,0.028727920362824746,0.0024042796295235458
199.4,0.494565041493349,0.39839431228257555,0.05259455563482915,0.026062515529241985,0.025423264348170174,0.0029603107118364906,0.06798855236815345,0.4912214636504099,0.3987864689543513,0.05068350165482445,0.02816082845638802,0.028741240679876465,0.002406496604149786
199.5,0.4944904370854993,0.39840990373624197,0.052626691176254556,0.026074058052116943,0.02543601668293426,0.002962893266955296,0.06797348917338529,0.4911469352015363,0.39880132094989285,0.05071539567545937,0.02817307485574021,0.028754558898203324,0.0024087144191679904
199.60000000000002,0.49441589279168363,0.39842543896374066,0.05265882408182113,0.026085600250660094,0.025448767258258093,0.0029654766538386706,0.06795843870910437,0.49107246736610877,0.398816116647297,0.05074728726547264,0.02818532062802726,0.02876787501873876,0.002410933074355671
199.70000000000002,0.4943414085358536,0.3984409180464078,0.052690954346757024,0.026097142124078983,0.025461516074699046,0.0029680608722058117,0.06794340095896895,0.4909980600665036,0.3988308561290916,0.05077917641981728,0.028197565772680937,0.028781189042415996,0.0024131525694904097
199.8,0.49426698424206345,0.398456341065468,0.052723081966298414,0.0261086836715816,0.025474263132814787,0.00297064592177607,0.0679283759066589,0.4909237132252039,0.3988455394776903,0.0508110631334548,0.028209810289133306,0.028794500970167936,0.002415372904349844
199.9,0.49419261983446977,0.39847170810203447,0.052755206935689504,0.026120224892376344,0.025487008433163257,0.002973231802268948,0.06791336353587603,0.49084942676479776,0.39886016677539177,0.05084294740135514,0.028222054176816613,0.028807810802927186,0.002417594078711678
200.0,0.4941183152373318,0.3984870192371092,0.05278732925018249,0.026131765785672046,0.025499751976302668,0.0029758185134040995,0.06789836383034377,0.49077520060797947,0.3988747381043805,0.05087482921849681,0.02823429743516332,0.028821118541626094,0.002419816092353684
