time_fs,P_0,P_1,P_2,P_3,P_4,P_5,coherence_l1,classical_P_0,classical_P_1,classical_P_2,classical_P_3,classical_P_4,classical_P_5
0.0,1.0,0.0,0.0,0.0,0.0,0.0,0.0,1.0,0.0,0.0,0.0,0.0,0.0
0.1,0.999874188328225,0.0001221416968492961,5.45368607268654e-10,3.3025905028346485e-06,3.668354141510816e-07,3.640024888860362e-12,0.026918079541833798,0.9998281141590696,0.00016029091546546355,1.8970742450068186e-09,6.7304290152439725e-06,4.86239743744858e-06,2.0193796713548352e-10
0.2,0.9995021839076106,0.0004832630425939812,8.630757620128008e-09,1.3091611818966834e-05,1.4527495431484007e-06,5.767567447365553e-11,0.05348198040637253,0.9996562836250009,0.0003205230327339654,7.587293271427447e-09,1.3458670712764852e-05,9.726276586021877e-06,8.076732327472257e-10
0.30000000000000004,0.9988962192329177,0.001071396439016668,4.3105363614389956e-08,2.9115214116512513e-05,3.2257198581960074e-06,2.8872726030017737e-10,0.07953766261166123,0.9994845083788546,0.0004806963722516371,1.7069151910201853e-08,2.0184727452383747e-05,1.4591635201656783e-05,1.8170878689728048e-09
0.4,0.9980736013212,0.0018695935209881364,1.3405619826707496e-07,5.1029058959222774e-05,5.641141626215083e-06,9.01028020356262e-10,0.10493560759280689,0.9993127884016987,0.0006408109544575284,3.0341145517248e-08,2.6908601591294667e-05,1.945847104290226e-05,3.2300639823841478e-09
0.5,0.9970561580339071,0.0028564707340956895,3.212290718244974e-07,7.840465082160335e-05,8.643183189704486e-06,2.1689140459415746e-09,0.129532091194505,0.9991411236746076,0.0008008667997836101,4.740176997328485e-08,3.363029548406748e-05,2.4326781870916454e-05,5.046483713981066e-09
0.6000000000000001,0.995869595365675,0.004006842963075923,6.521060539186919e-07,0.00011073879687772717,1.2166340375686627e-05,4.4279418093006985e-09,0.15319035173896745,0.9989695141786622,0.0009608639286547742,6.824952168365541e-08,4.03498114826507e-05,2.919656544946375e-05,7.2662292391847754e-09
0.7000000000000001,0.9945427833462717,0.005292427719787885,1.1797144993876936e-06,0.00014746400439195084,1.6137150211432836e-05,8.064837707786763e-09,0.1757816340813542,0.9987979598949496,0.0011208023614888406,9.288289757814993e-08,4.706715193637445e-05,3.406781954491191e-05,9.889182767831433e-09
0.8,0.9931069893475113,0.00668260125964921,1.9602495757059006e-06,0.0001879596148950437,2.047602187368055e-05,1.3506495018413754e-08,0.1971860962034402,0.9986264608045636,0.0012806821186965543,1.2130039511082898e-07,5.3782319191953326e-05,3.8940541926229135e-05,1.2915226544165656e-08
0.9,0.9915950782589126,0.00814518732703121,3.050596344296638e-06,0.00023156346793229331,2.5099141537588993e-05,2.1208242012335312e-08,0.21729357076340466,0.9984550168886049,0.0014405032206815929,1.535005122598468e-07,6.049531559348924e-05,4.381473036498124e-05,1.6344242846834032e-08
1.0,0.9900406991927473,0.009647259034817302,4.505838782570255e-06,0.0002775838845223832,2.9920407519718876e-05,3.1641610771294366e-08,0.2360041798450869,0.9982836281281803,0.0016002656878405651,1.894817475272745e-07,6.720614348247434e-05,4.869038263532867e-05,2.017611398887863e-08
1.1,0.9884774781103806,0.011155934651754785,6.376841721702025e-06,0.0003253117615016343,3.485335280193374e-05,4.5281839504755264e-08,0.2532288066732666,0.9981122945044028,0.0017599695405630161,2.2924259993892343e-07,7.391480519779387e-05,5.356749651402363e-05,2.441072231773054e-08
1.2000000000000002,0.9869382350475314,0.012639148783342258,8.707987630784207e-06,0.0003740325725181193,3.981301363565024e-05,6.259534188337382e-08,0.26888943304285373,0.9979410159983928,0.0019196147992314278,2.727815690441686e-07,8.062130307572904e-05,5.844606978040727e-05,2.9047950215203345e-08
1.3,0.9854542434862124,0.014066381557934462,1.1535143688588065e-05,0.0004230380793951362,4.4717705394549364e-05,8.402737505025592e-08,0.28291935544239416,0.9977697925912772,0.002079201484221223,3.200971549157722e-07,8.732563944995986e-05,6.332610021640673e-05,3.408768009748665e-08
1.4000000000000001,0.9840545479143986,0.015409329930816461,1.4883925903589774e-05,0.00047163756866014584,4.9490670087834255e-05,1.09990133493472e-07,0.2952632961735581,0.9975986242641884,0.0022387296159007667,3.711878581497071e-07,9.402781665156797e-05,6.820758560653232e-05,3.952979441513957e-08
1.5,0.9827653537773794,0.016642507048838108,1.8768316482258247e-05,0.0005191684419418552,5.406156386974378e-05,1.4085148879632343e-07,0.30587742807170054,0.9974275109982662,0.0023981992146313693,4.2605217986498004e-07,0.00010072783700903966,7.309052373787454e-05,4.53741756530842e-08
1.6,0.9816095019100386,0.017743757724095248,2.3189678562871753e-05,0.0005650060053415439,5.836775737647918e-05,1.7692458535848312e-07,0.3147293326775723,0.9972564527746564,0.002557610300767287,4.846886217034561e-07,0.00010742570284826861,7.797491240010131e-05,5.1620706330599184e-08
1.7000000000000002,0.9806060372047408,0.01869468038945949,2.8136199220799447e-05,0.0006085723214177658,6.235542667175147e-05,2.1845848944334105e-07,0.3217979119306572,0.9970854495745113,0.0027169628946557287,5.470956858296814e-07,0.00011412141649255865,8.286074938545506e-05,5.826926900131314e-08
1.8,0.9797698787762096,0.019480948390433166,3.358277772810506e-05,0.0006493440076927587,6.598041786310694e-05,2.65630073318312e-07,0.3270732727653843,0.9969145013789905,0.002876257016636854,6.132718749307077e-07,0.00012081498026262683,8.774803248874989e-05,6.531974625319812e-08
1.9000000000000001,0.9791115962958508,0.020092526043889832,3.9491361843296766e-05,0.0006868588871825133,6.920887393581695e-05,3.185372978129903e-07,0.33055660259366965,0.9967436081692592,0.0030354926870437768,6.832156922159155e-07,0.00012750639647660604,9.263675950736866e-05,7.277202070856322e-08
2.0,0.9786372945468123,0.02052377750144974,4.5811720842377344e-05,0.0007207214189486352,7.201761791165934e-05,3.7719403536791133e-07,0.33226005184304547,0.9965727699264898,0.003194669926202572,7.569256414168384e-07,0.0001341956674500481,9.75269282412601e-05,8.062597502404791e-08
2.1,0.9783486056599876,0.020773469031372036,5.2482630492826374e-05,0.0007506068596449372,7.439429195092877e-05,4.415265516833275e-07,0.3322066378803402,0.9964019866318602,0.003353788754432269,8.344002267869873e-07,0.00014088279549592634,0.00010241853649293606,8.88814918906156e-08
2.2,0.9782427859899036,0.020844667818329287,5.943343260564016e-05,0.0007762641300668742,7.63372573571193e-05,5.113717375666384e-07,0.33043018329327134,0.9962312582665559,0.003512849192044863,9.156379531016728e-07,0.0001475677829246386,0.00010731158206746865,9.753845403354709e-08
2.3000000000000003,0.9783129122338463,0.020744542719565728,6.658592052962436e-05,0.0007975173834024567,7.785526550215965e-05,5.864771537541473e-07,0.3269753012832419,0.9960605848117683,0.0036718512593453124,1.0006373256578305e-06,0.0001542506320440101,0.00011220606277248719,1.0659674421243398e-07
2.4000000000000004,0.9785481692384723,0.020484074558114993,7.385649228485434e-05,0.0008142662938441933,7.896691436298127e-05,6.665029206582762e-07,0.3218974427179904,0.9958899662486957,0.003830794976631543,1.0893968502738463e-06,0.00016093134515929606,0.00011710197641817562,1.1605624522117229e-07
2.5,0.9789342200201953,0.020077685434476668,8.115850522447993e-05,0.0008264851050944854,7.969990955658812e-05,7.510254525525668e-07,0.3152630244286755,0.995719402558542,0.003989680364194453,1.1819150332893768e-06,0.00016760992457318466,0.00012199932081726953,1.2591683988795573e-07
2.6,0.9794536468865531,0.019542798159922676,8.840476036348598e-05,0.0008342204977553228,8.009015240325741e-05,8.39543002115883e-07,0.3071496684323214,0.9955488937225185,0.0041485074423179055,1.278190381565178e-06,0.00017428637258580013,0.00012689809378505328,1.3617841107526928e-07
2.7,0.9800864512155925,0.018899338227584675,9.551004095467848e-05,0.0008375883523476662,8.018068057347646e-05,9.314829470463043e-07,0.2976465997733703,0.9953784397218428,0.004307276231278746,1.3782214024829256e-06,0.000180960691494705,0.00013179829313935738,1.468408416798826e-07
2.8000000000000003,0.9808105984509838,0.018169191719959094,0.00010239362859604634,0.000836769500507938,8.002048923695055e-05,1.0262107162183936e-06,0.28685528130149374,0.995208040537739,0.00446598675134679,1.4820066039450426e-06,0.00018763288359490332,0.0001366999167005551,1.5790401463284363e-07
2.9000000000000004,0.9816025942156428,0.017375633190158928,0.00010898172112406071,0.0008320045705539455,7.966326230106859e-05,1.1230402192400815e-06,0.27489041491610317,0.9950376961514376,0.004624639022784841,1.5895444943745203e-06,0.0001943029511788435,0.0001416029622915604,1.693678128994717e-07
3.0,0.9824380771411243,0.01654273784431124,0.00011520967972426304,0.0008235880449417008,7.916604428765118e-05,1.2212456109502995e-06,0.2618815244746414,0.9948674065441749,0.004783233065848675,1.7008335827147456e-06,0.00020097089653642084,0.00014650742773782464,1.812321194793513e-07
3.1,0.9832924140507181,0.015694792297448378,0.00012102403795198894,0.0008118616560366396,7.858788365295703e-05,1.3200741920905587e-06,0.24797548000651765,0.9946971716971947,0.004941768900787057,1.8158723784293252e-06,0.00020763672195498066,0.00015141331086733376,1.9349681740632533e-07
3.2,0.9841412835097243,0.014855717786573767,0.00012638421252369545,0.0007972072530337996,7.798847792480769e-05,1.4187602197920278e-06,0.23334056849917956,0.9945269915917471,0.005100246547841738,1.934659391501907e-06,0.00021430042971932081,0.00015632060951060558,2.0616178974848862e-07
3.3000000000000003,0.9849612344480297,0.014048519021299674,0.00013126386458368652,0.0007800392767645844,7.742684994509303e-05,1.5165393773389172e-06,0.2181731344838626,0.9943568662090883,0.005258666027247461,2.0571931324360086e-06,0.0002209620221116948,0.00016122932150068684,2.1922691960818144e-07
3.4000000000000004,0.9857302075422225,0.013294770860382598,0.00013565187039912873,0.0007607969805511569,7.696008281217276e-05,1.6126636325592239e-06,0.2027085099080642,0.9941867955304808,0.005417027359231952,2.183472112254839e-06,0.00022762150141181418,0.0001661394446731506,2.3269209012198276e-07
3.5,0.9864280082853943,0.012614153753468117,0.00013955287178008007,0.0007399365342846925,7.664213887418348e-05,1.7064161987613947e-06,0.18723902548906932,0.9940167795371943,0.005575330564015943,2.313494842501128e-06,0.00023427886989685175,0.0001710509768660933,2.4655718446070377e-07
3.6,0.9870367221357091,0.01202404741834044,0.0001429873886268273,0.0007179231456221614,7.652278539972515e-05,1.7971263019127669e-06,0.17214315499710398,0.9938468182105041,0.005733575661813151,2.447259835236942e-06,0.0002409341298414441,0.00017596391592013174,2.608220858293813e-07
3.7,0.9875410637788669,0.011539190575966364,0.0001459914885239233,0.0006952233267659288,7.664664642402085e-05,1.8841834531838395e-06,0.1579296194916859,0.9936769115316931,0.005891762672830302,2.5847656030435193e-06,0.0002475872835176944,0.00018087825967840095,2.7548667746727113e-07
3.8000000000000003,0.9879286543208562,0.011171412782632827,0.0001486160208724419,0.0006722974278914421,7.705239682002373e-05,1.9670509273943812e-06,0.14529159818263512,0.9935070594820494,0.006049891617267113,2.726010659021087e-06,0.0002542383331951757,0.00018579400598655032,2.905508426478417e-07
3.9000000000000004,0.9881902221000524,0.010929442526374657,0.0001509254353262769,0.0006495925491284909,7.777211096302452e-05,2.045278155503557e-06,0.13513032442989675,0.9933372620428687,0.006207962515316315,2.8709935167886905e-06,0.0002608872811409326,0.00019071115269274174,3.060144646787673e-07
4.0,0.9883197247251833,0.010818793840282823,0.0001529962159352736,0.0006275359323115458,7.883077453422012e-05,2.118511753163434e-06,0.12843132219480563,0.9931675191954517,0.006365975387163637,3.0197126904840143e-06,0.0002675341296194852,0.00019562969764764656,3.2187742690192127e-07
4.1000000000000005,0.9883143918617149,0.010841731774401129,0.00015491497308045148,0.0006065289217426926,8.024596413365724e-05,2.186504927438103e-06,0.12587624535769898,0.9929978309211073,0.006523930252987819,3.172166694763214e-06,0.0002741788808928313,0.00020054963870444234,3.3813961269337006e-07
4.2,0.9881746901589573,0.010997315205533613,0.0001567762447281349,0.0005869415702171525,8.20276955342262e-05,2.249125029867326e-06,0.12741188498148226,0.9928281972011501,0.006681827132960618,3.3283540448007307e-06,0.0002808215372204491,0.00020547097371881068,3.5480090546336585e-07
4.3,0.9879042134912539,0.011281513692704442,0.00015868006648208044,0.0005691079528138534,8.417843769032537e-05,2.306359055764711e-06,0.13229229756230057,0.9926586180169,0.0068396660472467945,3.488273256289129e-06,0.00028746210085930034,0.0002103937005489342,3.718611886563405e-07
4.4,0.9875095033399237,0.011687393444161122,0.0001607293761715092,0.0005533222367213948,8.669328609616375e-05,2.358316926482163e-06,0.13954804783465938,0.9924890933496854,0.0069974470160041324,3.651922845438911e-06,0.00029410057406383276,0.00021531781705549333,3.8932034575089876e-07
4.5,0.9869998056332684,0.012205365984415866,0.00016302732312322595,0.0005398355409193017,8.95602858408815e-05,2.4052324327037427e-06,0.14834983728341541,0.9923196231808398,0.007155170059383429,3.819301328978349e-06,0.0003007369590859832,0.00022024332110166445,4.071782602598116e-07
4.6000000000000005,0.9863867716598808,0.012823491826714745,0.00016567455472514544,0.0005288536051241732,9.276089179359733e-05,2.4474617618857004e-06,0.15809711257343181,0.9921502074917032,0.007312835197528508,3.990407224153306e-06,0.00030737125817517955,0.00022517021055311616,4.254348157300099e-07
4.7,0.9856841117510617,0.01352783039189859,0.00016876655334844456,0.0005205352732864891,9.62705508242335e-05,2.4854795808562353e-06,0.1683802990936082,0.9919808462636229,0.007470442450576211,4.1652390487270615e-06,0.00031400347357834476,0.000230098483278007,4.4408989574257747e-07
4.800000000000001,0.984907211272552,0.014302826587406243,0.00017239109516305074,0.0005149917833166258,0.00010005938886801781,2.519872694355749e-06,0.17892509410102037,0.9918115394779519,0.007627991838656407,4.343795320980141e-06,0.00032063360753989867,0.0002350281371469827,4.6314338391274417e-07
4.9,0.9840727190613089,0.015131723882580526,0.00017662589891701949,0.0005122868418387503,0.00010409298400418895,2.551331350890379e-06,0.1895409278016864,0.9916422871160495,0.007785483381891998,4.52607455971014e-06,0.00032726166230176093,0.0002399591700331733,4.825951638898806e-07
5.0,0.9831981187831935,0.01599699339465309,0.000181536527466782,0.0005124374508068634,0.00010833320556239466,2.5806383175936603e-06,0.20007738143927534,0.9914730891592821,0.007942917100398907,4.712075284231546e-06,0.0003338876401033542,0.0002448915798121902,5.024451193574895e-07
5.1000000000000005,0.9823012937718738,0.01688076843379598,0.00018717459790217685,0.0005154154419317771,0.00011273909860174003,2.6086558947242115e-06,0.21039399057186378,0.9913039455890217,0.008100293014286091,4.901796014375562e-06,0.00034051154318160597,0.00024982536436212355,5.226931340332013e-07
5.2,0.9814000957436613,0.017765274139419585,0.00019357634771023378,0.0005211496651979796,0.00011726779292424735,2.6363110868550758e-06,0.22034733067488854,0.9911348563866476,0.008257611143655558,5.095235270489949e-06,0.00034713337377095257,0.00025476052156354,5.433390916687657e-07
5.300000000000001,0.980511927378766,0.018633242261762654,0.00020076159480410485,0.0005295287694041575,0.00012187541607256492,2.6645791906457986e-06,0.22979305541454195,0.9909658215335454,0.00841487150860233,5.292391573438826e-06,0.0003537531341033407,0.00025969704929947886,5.643828760500457e-07
5.4,0.9796533481331982,0.019468301785809383,0.0002087331186772977,0.0005404045057211223,0.0001265179904968803,2.6944660973012608e-06,0.23859492447655,0.9907968410111063,0.008572074129214484,5.493263444602516e-06,0.00036037082640823085,0.00026463494545545023,5.858243709970112e-07
5.5,0.9788397118185972,0.020255336937040104,0.00021747647871953757,0.0005535954797781012,0.0001311522962246642,2.7269896404640796e-06,0.24663323665408288,0.9906279148007285,0.00872921902557314,5.697849405877362e-06,0.00036698645291260003,0.00026957420791943174,6.076634603637324e-07
5.6000000000000005,0.9780848434850388,0.020980805124786284,0.0002269602741542625,0.0005688912737867877,0.0001357366818874269,2.7631603465196577e-06,0.2538092411409371,0.9904590428838171,0.008886306217752464,5.90614797967556e-06,0.00037360001584094425,0.0002745148345818665,6.299000280383723e-07
5.7,0.9774007619930952,0.021633008540009848,0.00023713683843979281,0.0005860568576892215,0.00014023180880253546,2.80396196340394e-06,0.26004575923949863,0.9902902252417825,0.009043335725819656,6.118157688924976e-06,0.0003802115174152814,0.00027945682333565907,6.525339579431811e-07
5.800000000000001,0.976797453397448,0.022202314398608793,0.00024794334962484837,0.0006048372072418236,0.00014460131492117047,2.8503321554321608e-06,0.26528565840382556,0.9901214618560427,0.009200307569834977,6.333877057068975e-06,0.0003868209598551539,0.00028440017207617446,6.75565134034489e-07
5.9,0.9762826989182466,0.022681320175587827,0.00025930332736184115,0.0006249620472713362,0.00014881238777742574,2.9031437550160443e-06,0.26948951078601713,0.9899527527080207,0.009357221769851744,6.553304608066253e-06,0.00039342834537763136,0.00028934487870123366,6.989934403026998e-07
6.0,0.9758619598822184,0.023064961575454557,0.00027112847733736016,0.0006461506399850092,0.0001528362380474763,2.963186957188835e-06,0.2726331015532692,0.989784097779148,0.009514078345916317,6.776438866390661e-06,0.00040003367619731363,0.0002942909411111121,7.228187607722838e-07
6.1000000000000005,0.9755383206073834,0.023350562395771296,0.0002833208350320362,0.0006681165410939705,0.00015664846788960207,3.0311528295796714e-06,0.274705173127969,0.9896154970508606,0.009670877318068117,7.003278357031018e-06,0.0004066369545263331,0.00029923835720853625,7.470409795017716e-07
6.2,0.97531248881657,0.02353782683041799,0.0002957751531932776,0.0006905722505057529,0.00016022933082393797,3.107618489028638e-06,0.27570580948711254,0.9894469505046013,0.009827618706339634,7.23382160549096e-06,0.0004132381825743578,0.0003041871248986815,7.716599805837478e-07
6.300000000000001,0.9751828518277392,0.02362877609481392,0.00030838147137867046,0.0007132336893362582,0.00016356388246512596,3.193034266757585e-06,0.27564573328786834,0.9892784581218202,0.009984302530756413,7.468067137788744e-06,0.0004198373625485937,0.00030913724208916866,7.966756481448427e-07
6.4,0.9751455855132395,0.02362763250733104,0.0003210278015480869,0.0007358244408492124,0.0001666420238846256,3.287713147439297e-06,0.27454639698957206,0.9891100198839722,0.010140928811337057,7.706013480457087e-06,0.0004264344966537877,0.000314088706690062,8.220878663457278e-07
6.5,0.9751948118725363,0.023540655302481662,0.00033360286104696296,0.0007580796995109859,0.00016945844169960394,3.3918227243421176e-06,0.2724404574709279,0.9889416357725209,0.010297497568093237,7.947659160543003e-06,0.0004330295870922305,0.00031904151661386567,8.478965193811075e-07
6.6000000000000005,0.9753228000473885,0.023375933458645175,0.0003459987834833238,0.000779749879504325,0.00017201245111468438,3.50537986383121e-06,0.2693722930720177,0.9887733057689339,0.010454008821029715,8.19300270560759e-06,0.00043962263606375876,0.00032399566977552214,8.741014914797131e-07
6.7,0.975520204744725,0.023143141676426466,0.00035811373896113536,0.0008006038416281545,0.00017430775004021994,3.6282482188847014e-06,0.2653984777524046,0.9886050298546868,0.010610462590144296,8.44204264372591e-06,0.0004462136457657584,0.0003289511640924083,9.007026669042963e-07
6.800000000000001,0.9757763353363361,0.02285326632772301,0.0003698543978497812,0.0008204317053750532,0.00017635209404192627,3.76013867405551e-06,0.2605883001935728,0.9884368080112612,0.010766858895427864,8.694777503486767e-06,0.0004528026183931667,0.00033390799748433356,9.276999299516219e-07
6.9,0.976079448387241,0.022518308699163502,0.00038113817665616116,0.0008390472209797178,0.00017815690321490237,3.900612744694207e-06,0.25502445445798344,0.9882686402201447,0.010923197756864404,8.951205813992567e-06,0.0004593895561384756,0.00033886616787353685,9.55093164952462e-07
7.0,0.9764170560330037,0.022150973170277404,0.0003918952104921779,0.000856289684232944,0.00017973681310133244,4.049088892528104e-06,0.24880400505782369,0.9881005264628313,0.011079479194430947,9.21132610485913e-06,0.00046597446119173397,0.0003438256731846835,9.828822562715877e-07
7.1000000000000005,0.9767762424825596,0.021764348094652303,0.0004020700039280394,0.0008720253847264654,0.00018110918247452135,4.2048516591873775e-06,0.24203969268795197,0.9879324667208224,0.011235703228097626,9.475136906215512e-06,0.00047255733574055046,0.00034878651134486344,1.011067088307765e-06
7.2,0.9771439809650314,0.021371587094015418,0.0004116227204893628,0.0008861485858142717,0.00018229357118931558,4.367063460308205e-06,0.23486159902929135,0.9877644609756244,0.011391869877827653,9.742636748703853e-06,0.00047913818197009616,0.00035374868028358795,1.0396475454937456e-06
7.300000000000001,0.9775074436600029,0.020985598237514346,0.0004205300804642723,0.0008985820418368289,0.00018331120135505304,4.5347788267293795e-06,0.22741910189155742,0.9875965092087511,0.01154797916357732,1.0013824163479173e-05,0.00048571700206310743,0.00035871217793278674,1.0686235122962612e-06
7.4,0.9778542975402376,0.020618748172356947,0.00042878584678491855,0.0009092770649594636,0.0001841844148339279,4.706960827282601e-06,0.21988287758918756,0.9874286114017219,0.011704031105296015,1.0288697682209227e-05,0.0004922937981998879,0.0003636770022268056,1.0979948732160165e-06
7.5,0.9781729795996819,0.02028258771192083,0.0004364008892708047,0.0009182131602419234,0.00018493613952376805,4.882499360924115e-06,0.21244638115948383,0.9872607675360631,0.011860025722926213,1.0567255837074313e-05,0.0004988685725583125,0.00036864315110240385,1.1277615127876843e-06
7.6000000000000005,0.9784529456203851,0.01998760469116538,0.0004434028281960352,0.0009253972532135824,0.00018558937607448414,5.0602309655222e-06,0.20532569578351997,0.9870929775933079,0.01201596303640349,1.0849497160767114e-05,0.0005054413273138288,0.00037361062249875135,1.1579233155798956e-06
7.7,0.9786848874296272,0.019743009087054866,0.00044983526869562634,0.0009308625392229797,0.00018616671564190387,5.2389597574212835e-06,0.19875590995474227,0.9869252415549941,0.0121718430656565,1.1135420186492511e-05,0.0005120120646394603,0.0003785794143574258,1.1884801661952364e-06
7.800000000000001,0.9788609144908339,0.019556554496228652,0.0004557566476903284,0.000934666988120664,0.00018668989803575194,5.417479090711636e-06,0.1929815302649285,0.9867575594026673,0.012327665830607014,1.1425023447967417e-05,0.0005185807867058083,0.0003835495246224101,1.2194319492702362e-06
7.9,0.9789746966349981,0.019434399087360214,0.0004612387245312157,0.0009368915413939789,0.0001871794182079595,5.5945935085302675e-06,0.18823862768162117,0.9865899311178802,0.01248343135116989,1.1718305479420605e-05,0.0005251474956810572,0.00038852095124009006,1.2507785494753673e-06
8.0,0.9790215657485848,0.019381008126472067,0.0004663647552103469,0.0009376380416882969,0.00018765418749344302,5.76914055110092e-06,0.1847286083033154,0.9864223566821895,0.012639139647253102,1.2015264815592536e-05,0.0005317121937309728,0.0003934936921592509,1.2825198515150334e-06
8.1,0.9789985752641822,0.019399099135167654,0.00047122739754302205,0.0009370269367209158,0.00018813125439946844,5.9400119867860025e-06,0.18258819921997152,0.9862548360771606,0.012794790738757715,1.2315899991735176e-05,0.0005382748830189092,0.00039846774533107556,1.3146557401275658e-06
8.200000000000001,0.9789045173266671,0.019489629709251683,0.0004759264010217424,0.0009351948009329577,0.00018862558808350582,6.106174043164037e-06,0.18186535141276194,0.9860873692843637,0.012950384645577913,1.2620209543611842e-05,0.0005448355657058088,0.0004034431087091412,1.3471861000852134e-06
8.3,0.9787398985063669,0.019651827022613262,0.00048056613992736183,0.0009322917188535658,0.00018914992600418078,6.266686234850514e-06,0.18251146648991626,0.9859199562853755,0.013105921387600984,1.2928192007497011e-05,0.000551394243950206,0.0004084197802494169,1.3801108161941393e-06
8.4,0.978506875879017,0.0198832570912013,0.00048525305165212143,0.0009284785741016637,0.00018971468561499369,6.42071841303598e-06,0.18439374692103272,0.9857525970617806,0.013261400984707326,1.323984592017615e-05,0.0005579509199082294,0.00041339775791026105,1.413429773294413e-06
8.5,0.9782091561694448,0.02017993099518544,0.0004900930439749455,0.000923924287264138,0.00019032793843284376,6.567565697919364e-06,0.18732169170667717,0.9855852915951682,0.013416823456770461,1.3555169818945559e-05,0.0005645055957336052,0.00041837703965241844,1.447142856260003e-06
8.6,0.9778518614434082,0.02053644447238818,0.0004951889352051026,0.0009188030446133073,0.00019099544338669597,6.706660998586751e-06,0.19107677468031992,0.9854180398671347,0.013572188823657023,1.3874162241612189e-05,0.0005710582735776591,0.0004233576234390182,1.48124994999877e-06
8.700000000000001,0.9774413655140383,0.020946146618516563,0.0005006379896905527,0.0009132915578145872,0.00019172073506561855,6.837584874485941e-06,0.19543694189580757,0.9852508418592825,0.013727497105226763,1.4196821726493454e-05,0.0005776089555893186,0.0004283395072355699,1.5157509394524619e-06
8.8,0.9769851057930291,0.021401332872346655,0.0005065296082264639,0.0009075663924854442,0.00019250526136501485,6.960072547397119e-06,0.20019318695042668,0.9850836975532202,0.013882748321332558,1.4523146812417085e-05,0.0005841576439151168,0.00043332268900996273,1.5506457095967037e-06
8.9,0.9764913757523669,0.021893457036355944,0.0005129432284900064,0.0009018014007603829,0.00019334856409532246,7.0740179315089324e-06,0.20515897036574526,0.9849166069305638,0.01403794249182041,1.4853136038720946e-05,0.0005907043406991951,0.00043830716673246044,1.5859341454409946e-06
9.0,0.97596910346359,0.022413356791561465,0.0005199464848972381,0.0008961652899571109,0.00019424849538363524,7.179474610599248e-06,0.21017412595190502,0.9847495699729344,0.014193079636529443,1.5186787945252853e-05,0.000597249048083304,0.0004432929383757014,1.621616132028699e-06
9.1,0.9754276218452583,0.022951487012336527,0.0005275936703858304,0.0008908193560902285,0.00019520146217507479,7.276653754057145e-06,0.21510496104830076,0.98458258666196,0.014348159775291918,1.5524101072370423e-05,0.0006037917682068073,0.0004482800019146939,1.6576915544370407e-06
9.200000000000001,0.9748764362757459,0.02349815517223235,0.000535924534759596,0.0008859154074045849,0.00019620269083129427,7.365919026206042e-06,0.21984217858580749,0.9844156569792746,0.01450318292793322,1.5865073960940858e-05,0.0006103325032066843,0.00045326835532681425,1.694160297777094e-06
9.3,0.9743249951211292,0.024043753251580487,0.000544963445595308,0.0008815938993633173,0.00019724650372689252,7.4477786047411275e-06,0.22429789511377243,0.9842487809065196,0.014658149114271867,1.620970515234085e-05,0.000616871255217533,0.00045825799659180425,1.731022247193781e-06
9.4,0.9737824684933377,0.024578980805105823,0.0005547189285335186,0.0008779822986859501,0.00019832659985428,7.522874482756015e-06,0.22840252713735934,0.9840819584253409,0.014813058354119526,1.655799318845633e-05,0.0006234080263715717,0.00046324892369176845,1.76827728786586e-06
9.5,0.9732575402011797,0.025095054213349247,0.0005651835942879067,0.0008751936901472718,0.00019943633175242872,7.591969283547419e-06,0.23210190549956686,0.9839151895173925,0.014967910667280985,1.6909936611682343e-05,0.0006299428187986419,0.00046824113461117127,1.8059253050059232e-06
9.600000000000001,0.9727582173981456,0.025583897613304585,0.0005763344501514996,0.0008733256359720838,0.00020056897155938197,7.655930866989146e-06,0.23535473569714616,0.9837484741643339,0.01512270607355419,1.7265533964922857e-05,0.000636475634626212,0.0004732346273368348,1.8439661838603878e-06
9.700000000000001,0.9722916618799778,0.026038311567104393,0.0005881335843907291,0.0008724592938443807,0.00020171795963303161,7.715715049713139e-06,0.23813041665995008,0.983581812347831,0.015277444592730222,1.7624783791590586e-05,0.0006430064759793778,0.0004782293998579359,1.8823998097094873e-06
9.8,0.9718640463575716,0.026452116166895964,0.0006005292029300347,0.0008726587958378128,0.00020287712996693797,7.772346797722766e-06,0.24040720463457732,0.9834152040495562,0.015432126244593307,1.7987684635606842e-05,0.0006495353449808674,0.0004832254501660036,1.92122606786727e-06
9.9,0.9714804383438574,0.026820265971974823,0.0006134569893577828,0.0008739708870085186,0.00020404090752279035,7.826900278650546e-06,0.24217071930307546,0.9832486492511883,0.015586751048920811,1.8354235041401358e-05,0.000656062243751042,0.0004882227762549162,1.960444843681586e-06
10.0,0.9711447135648368,0.027138934912665013,0.0006268417517274992,0.0008764248190079853,0.00020520447358158747,7.880478181094253e-06,0.2434128117501438,0.9830821479344116,0.015741319025483286,1.8724433553912087e-05,0.0006625871744079007,0.0004932213761208995,2.0000560225340844e-06
10.100000000000001,0.9708595000532445,0.027405570055814992,0.0006405993130625966,0.0008800324909040834,0.00020636389625374886,7.93419071994616e-06,0.24413084508624414,0.9829157000809174,0.015895830194044395,1.9098278718585052e-05,0.0006691101390670794,0.0004982212477625229,2.0400594898402076e-06
10.200000000000001,0.9706261533267684,0.027618913890610268,0.0006546385970466979,0.0008847888264696438,0.00020751622435576846,7.989134749189599e-06,0.24432737141804375,0.982749305672404,0.01605028457436096,1.947576908137419e-05,0.0006756311398418573,0.0005032223891806986,2.08045513104918e-06
10.3,0.9704447623092771,0.027778995542650096,0.0006688638562136876,0.0008906723745320808,0.00020865954392962894,8.046373397293197e-06,0.24400964944084133,0.9825829646905748,0.016204682186183,1.985690318874114e-05,0.0006821501788431578,0.0005082247983786768,2.121242831644003e-06
10.4,0.9703141849401975,0.027887092041733483,0.0006831769871273599,0.0008976461165922653,0.0002097929977239506,8.106916625300525e-06,0.24318984142765737,0.9824166771171401,0.016359023049253667,2.024167958765513e-05,0.0006886672581795503,0.0005132284733620452,2.1624224771414523e-06
10.5,0.9702321117498869,0.02794566143864064,0.000697479875611107,0.0009056584638295526,0.0002109167689473239,8.171703084395739e-06,0.24188612518687946,0.982250442933816,0.016513307183309255,2.0630096825592727e-05,0.0006951823799572544,0.0005182334121387241,2.203993953092064e-06
10.600000000000001,0.9701951550719079,0.0279582501740607,0.0007116767150694021,0.0009146444238219291,0.00021203203152122985,8.241583618707416e-06,0.24012358252563248,0.9820842621223259,0.016667534608079265,2.1022153450537748e-05,0.0007016955462801412,0.0005232396127189662,2.2459571450801353e-06
10.700000000000001,0.9701989610289842,0.02792937763626558,0.0007256762423158063,0.0009245269158313244,0.00021314086988184533,8.317306721141207e-06,0.23793628615297988,0.9819181346643988,0.016821705343286343,2.141784801098103e-05,0.0007082067592497368,0.0005282470731153524,2.28831193872371e-06
10.8,0.9702383409784956,0.027864401292838743,0.0007393938380337009,0.0009352182123364067,0.00021424617208941698,8.399506206000532e-06,0.23537949987183182,0.98175206054177,0.016975819408646297,2.181717905592029e-05,0.0007147160209652246,0.0005332557913427903,2.3310582196745785e-06
10.9,0.9703074187437939,0.027769366137707918,0.0007527534429605823,0.0009466214836376744,0.00021535150058674764,8.488691313081749e-06,0.23256811132641647,0.9815860397361815,0.01712987682386813,2.2220145134859918e-05,0.0007212233335234475,0.00053826576541851,2.374195873618268e-06
11.0,0.9703997896951125,0.0276508424522899,0.0007656892459896628,0.0009586324218085066,0.0002164609453943169,8.585239404934364e-06,0.2295280300903604,0.9814200722293811,0.017283877608654005,2.262674479781087e-05,0.0007277286990189104,0.0005432769933620633,2.4177247862740326e-06
11.100000000000001,0.9705086875817105,0.02751575603559701,0.000778147106482493,0.0009711409200145737,0.0002175789648320764,8.689391363250151e-06,0.22627063848987322,0.981254158003123,0.017437821782699255,2.3036976595290413e-05,0.000734232119543784,0.0005482894731953198,2.4616448433948533e-06
11.200000000000001,0.9706271549559496,0.02737121511201921,0.0007900856800197979,0.0009840327832638153,0.00021871021901427611,8.80124973312664e-06,0.22285959015854245,0.9810882970391682,0.01759170936569241,2.3450839078322032e-05,0.0007407335971879055,0.0005533032029424652,2.5059559307674256e-06
11.3,0.9707482130687037,0.027224338078942478,0.0008014772244031334,0.0009971914469691094,0.00021985940137480984,8.920779606496695e-06,0.21937320635116525,0.9809224893192836,0.017745540377315166,2.386833079843522e-05,0.0007472331340387835,0.0005583181806299986,2.5506579342121556e-06
11.4,0.970865027249955,0.02708208611345847,0.0008123080707625136,0.0010104996802929433,0.00022103107335115748,9.047812179573624e-06,0.21589828099996033,0.9807567348252423,0.017899314837242417,2.428945030766529e-05,0.0007537307321815976,0.0005633344042867287,2.5957507395831537e-06
11.5,0.9709710640126668,0.026951104424369855,0.0008225787529217975,0.00102384125208324,0.0002222295070930739,9.182050864937988e-06,0.21252778159159544,0.9805910335388232,0.018053032765142224,2.471419615855325e-05,0.0007602263936992039,0.000568351871943773,2.641234232768222e-06
11.600000000000001,0.9710602364240876,0.02683757562064108,0.0008323037965182219,0.0010371025382858638,0.00022345854067883837,9.323079788031305e-06,0.20935837063615267,0.980425385441814,0.018206694180675862,2.514256690414559e-05,0.0007667201206721359,0.0005733705816345543,2.6871082996888553e-06
11.700000000000001,0.971127034666931,0.026747088280210864,0.0008415111775608612,0.0010501740510146036,0.00022472144983094988,9.470374451375998e-06,0.2064871007356424,0.9802597905160048,0.018360299103497787,2.557456109799416e-05,0.000773211915178607,0.0005783905313947982,2.733372826300231e-06
11.8,0.9711666391523476,0.0266845233548999,0.0008502414679478842,0.0010629518709547605,0.0002260208395407248,9.623314308751e-06,0.20400712928170853,0.9800942487431946,0.018513847553255625,2.6010177294155926e-05,0.0007797017792945135,0.0005834117192625303,2.7800276985911985e-06
11.9,0.971175014035134,0.02665396055034332,0.0008585466927587786,0.0010753389664516961,0.0002273585583552331,9.78119695662688e-06,0.20200256870042863,0.9799287601051885,0.018667339549590243,2.6449414047192874e-05,0.0007861897150934379,0.0005884341432780746,2.82707280258428e-06
12.0,0.9711489795062548,0.026658606287557528,0.0008664889307259262,0.00108724638446971,0.00022873563736961071,9.943253622063768e-06,0.20054288976880505,0.9797633245837969,0.01882077511213566,2.689226991217181e-05,0.0007926757246466498,0.0005934578014840493,2.8745080243356585e-06
12.100000000000001,0.9710862617851074,0.026700744298466018,0.0008741386950205924,0.0010985943005771377,0.00023015225522301898,1.0108665605498629e-05,0.19967759738444554,0.9795979421608377,0.018974154260519127,2.7338743444664156e-05,0.0007991598100231095,0.000598482691925366,2.9223332499351694e-06
12.200000000000001,0.9709855202904806,0.02678170934512472,0.000881573136235466,0.0011093129171975385,0.0002316077296376703,1.0276581323724871e-05,0.199432078134417,0.9794326128181337,0.01912747701436109,2.7788833200745834e-05,0.000805641973289471,0.0006035088126492258,2.9705483655062993e-06
12.3,0.9708463520215095,0.026901883994960088,0.000888874113109243,0.0011193432015403678,0.0002331005352874479,1.0446133593051506e-05,0.19980544557358562,0.9792673365375152,0.0192807433932752,2.824253773699707e-05,0.000812122216510083,0.0006085361617051177,3.0191532572061754e-06
12.4,0.9706692737152413,0.02706071784499906,0.0008961261790462809,0.0011286374568629685,0.00023462834705502905,1.061645679509937e-05,0.20077084125059963,0.9791021133008183,0.01943395341686831,2.869985561050222e-05,0.0008186005417469929,0.0006135647371448156,3.0681478112255583e-06
12.5,0.9704556828536239,0.027256768078958413,0.0009034145337933052,0.0011371597229939895,0.0002361881070522111,1.078670357775529e-05,0.20227810233590476,0.9789369430898845,0.019587107104740476,2.91607853788496e-05,0.0008250769510599482,0.000618594537022375,3.1175319137888387e-06
12.600000000000001,0.9702077990587803,0.027487759773230987,0.0009108229897325968,0.0011448860043408325,0.0002377761131538585,1.095606076110204e-05,0.2042582087526557,0.978771825886563,0.019740204476484998,2.9625325600131338e-05,0.0008315514465064002,0.0006236255593941325,3.167305451154024e-06
12.700000000000001,0.9699285878315512,0.027750663951021687,0.0009184320011538112,0.0011518043258847044,0.00023938812624609896,1.112376414215961e-05,0.20662867269147592,0.978606761672709,0.019893245551688362,3.0093474832943196e-05,0.0008380240301415059,0.0006286578023187011,3.2174683096127405e-06
12.8,0.9696216689461984,0.028041791026422003,0.0009263168026201357,0.0011579146199104842,0.00024101949292638708,1.1289111922357771e-05,0.20929907079660579,0.9784417504301827,0.02004623034993027,3.056523163638433e-05,0.00084449470401813,0.0006336912638569685,3.2680203754902184e-06
12.9,0.9692912121071302,0.028356896988705107,0.00093454569922159,0.0011632284483992588,0.00024266528002658965,1.1451476517034357e-05,0.21217612768517455,0.978276792140852,0.020199158890783674,3.1040594570057266e-05,0.0008509634701868485,0.0006387259420720956,3.318961535145288e-06
13.0,0.9689418226966086,0.028691299456467242,0.0009431785472066312,0.0011677685681038658,0.0002443204170674222,1.1610314546038014e-05,0.21516799245562568,0.9781118867865908,0.020352031193814707,3.1519562194067545e-05,0.00085743033069595,0.0006437618350295112,3.370291674970374e-06
13.100000000000001,0.9685784205924066,0.029040000584517462,0.0009522654583226221,0.0011715683473075744,0.0002459798425976659,1.1765174847745977e-05,0.21818754052004255,0.9779470343492785,0.02050484727858275,3.200213306902375e-05,0.00086389528759144,0.0006487989407969135,3.4220106813914873e-06
13.200000000000001,0.9682061151099612,0.029397813734883465,0.0009618457553148656,0.0011746710451096226,0.00024763865032609734,1.1915704404466392e-05,0.22115468520849532,0.9777822348108012,0.020657607164640414,3.248830575603717e-05,0.0008703583429170417,0.0006538372574442634,3.4741184408682205e-06
13.3,0.9678300791251065,0.02975949082640932,0.0009719471995866058,0.0011771289657664292,0.00024929223101665505,1.2061652114225785e-05,0.22399780363624658,0.9776174881530518,0.020810310871533524,3.2978078816721767e-05,0.0008768194987141987,0.0006588767830437847,3.5266148398937354e-06
13.4,0.9674554253631402,0.030119847352887398,0.0009825855051736223,0.001179002502123237,0.0002509364062840563,1.2202870391280549e-05,0.2266544560754194,0.9774527943579285,0.02096295841880115,3.347145081319382e-05,0.0008832787570220784,0.0006639175156699611,3.579499764994761e-06
13.5,0.967087087701519,0.030473882203577586,0.0009937641461087276,0.0011803590834789015,0.0002525675506913662,1.2339314624286817e-05,0.22907159912081065,0.9772881534073363,0.021115549825975584,3.3968420308072015e-05,0.0008897361198775749,0.0006689594533995327,3.6327731027315856e-06
13.600000000000001,0.9667297101321771,0.030816889626914666,0.001005474457118188,0.0011812720443198895,0.00025418269890411935,1.247104056590334e-05,0.2312054718431561,0.9771235652831864,0.021268085112582356,3.446898586447702e-05,0.000896191589315309,0.0006740025943114939,3.68643473969805e-06
13.700000000000001,0.9663875457718787,0.031144560941463797,0.0010176960205767575,0.0011818194312241302,0.00025577963508670006,1.2598199769735354e-05,0.233021292791546,0.9769590299673965,0.021420564298140245,3.4973146046031475e-05,0.0009026451673676334,0.0006790469364870923,3.7404845625215395e-06
13.8,0.9660643680028654,0.03145307390990445,0.0010303973259177866,0.0011820827658597626,0.00025735696222330904,1.2721033229082728e-05,0.23449286240675207,0.9767945474418894,0.021572987402161257,3.5480899416859776e-05,0.0009090968560646338,0.0006840924780098239,3.7949224578629795e-06
13.9,0.9657633954799636,0.03173916804324918,0.0010435366814071038,0.0011821457823796135,0.000258914149594131,1.2839863406160868e-05,0.2356021295919053,0.9766301176885958,0.021725354444150653,3.599224454158792e-05,0.000915546657434132,0.0006891392169654319,3.8497483124168254e-06
14.0,0.965487232363577,0.032000204484208386,0.0010570633524880618,0.0011820931576341858,0.00026045155722245847,1.2955084869660718e-05,0.2363387552965444,0.9764657406894514,0.021877665443606933,3.650717998534327e-05,0.0009219945735016883,0.0006941871514419048,3.904962012911053e-06
14.100000000000001,0.9652378247403589,0.03223420952073375,0.0010709188959176009,0.0011820092524922102,0.00026197043671510927,1.3067153782174261e-05,0.23669968886452653,0.9763014164263981,0.022029920420021838,3.702570431375448e-05,0.0009284406062906031,0.0006992362795294718,3.960563446107166e-06
14.200000000000001,0.9650164337847894,0.032439901193265466,0.0010850386547472694,0.0011819768821700106,0.00026347290853089624,1.3176576496740969e-05,0.23668876230618072,0.9761371448813855,0.02218211939288038,3.754781609295128e-05,0.0009348847578219209,0.0007042865993206023,4.016552498800171e-06
14.3,0.9648236258052949,0.032616698872077375,0.0010993533759450674,0.0011820761328343139,0.0002649619163147628,1.3283897533318244e-05,0.23631630139988496,0.9759729260363673,0.022334262381660794,3.807351388956427e-05,0.0009413270301144313,0.0007093381089100027,4.072929057818578e-06
14.4,0.964659278917589,0.03276471608465305,0.0011137909101664254,0.001182383240866465,0.00026644115951362157,1.3389687211239838e-05,0.2355987489439481,0.9758087598733054,0.022486349405834587,3.860279627072481e-05,0.000947767425184673,0.0007143908063946138,4.1296930100244e-06
14.5,0.9645226057047454,0.032884737258036124,0.0011282779519039127,0.0011829695500716311,0.0002679150060299973,1.3494529212740831e-05,0.23455829339250367,0.9756446463741665,0.022638380484866546,3.913566180406486e-05,0.0009542059450469349,0.0007194446898736082,4.1868442423131325e-06
14.600000000000001,0.9644121908666203,0.03297817939908649,0.0011427417779885758,0.0011839005608002843,0.0002693883871585626,1.3599008345576686e-05,0.2332224945938666,0.9754805855209242,0.02279035563821466,3.9672109057716724e-05,0.0009606425917132592,0.0007244997574483885,4.244382641613763e-06
14.700000000000001,0.9643260425382185,0.033047040058934336,0.0011571119431695554,0.0011852350834400708,0.0002708666774773631,1.3703698759961684e-05,0.2316238965423449,0.9753165772955583,0.022942274885330235,4.0212136600313e-05,0.000967077367193444,0.0007295560072225836,4.302308094888746e-06
14.8,0.964261655674049,0.03309383321009014,0.0011713218932270523,0.0011870245070562,0.0002723555627205075,1.3809152856936851e-05,0.22979961420460973,0.9751526216800549,0.023094138245657817,4.075574300098628e-05,0.0009735102734950458,0.0007346134373020473,4.360620489134014e-06
14.9,0.9642160856588792,0.03312151490023267,0.0011853104587181964,0.001189312192132548,0.0002738608989348308,1.3915891102397678e-05,0.22779087728605016,0.9749887186564059,0.023245945738635206,4.130292682936908e-05,0.0009799413126233805,0.0007396720457948555,4.419319711378954e-06
15.0,0.9641860301187841,0.033133400731510165,0.0011990231959363776,0.001192132994421001,0.00027538856641408583,1.40243929340122e-05,0.22564250901539776,0.9748248682066095,0.023397697383693496,4.185368665559366e-05,0.0009863704865815297,0.0007447318308113035,4.478405648686416e-06
15.100000000000001,0.9641679167729049,0.033133077345413584,0.0012124135458837434,0.0011955129248724225,0.0002769443220073036,1.4135088917862567e-05,0.22340231515927203,0.9746610703126705,0.023549393200257042,4.240802105029182e-05,0.0009927977973703368,0.0007497927904639042,4.5378781881526915e-06
15.200000000000001,0.9641579950874573,0.03312431016942256,0.001225443786899644,0.0011994689485297979,0.00027853365341200655,1.4248354278631412e-05,0.22112036161719242,0.9744973249565991,0.02370103320774347,4.2965928584594694e-05,0.0009992232469884176,0.0007548549228673842,4.597737216907522e-06
15.3,0.9641524294695185,0.033110949702528016,0.001238085761927528,0.001204008923144508,0.0002801616389890439,1.4364503892351139e-05,0.21884813086077723,0.974333632120413,0.023852617425563688,4.3527407830132734e-05,0.0010056468374321549,0.0007599182261386826,4.657982622114073e-06
15.4,0.9641473917679173,0.03309683858354547,0.0012503213671023275,0.0012091316761627488,0.00028183281647714016,1.448378879498389e-05,0.21663756408502047,0.9741699917861355,0.024004145873121878,4.409245735903536e-05,0.0010120685706957063,0.0007649826983969488,4.718614290968946e-06
15.5,0.9641391509298856,0.0330857216012331,0.0012621427942567025,0.001214827216653382,0.0002835510637469733,1.4606394224246724e-05,0.21454000476031215,0.9740064039357954,0.024155618569815497,4.466107574393091e-05,0.0010184884487710042,0.0007700483377635388,4.779632110702164e-06
15.600000000000001,0.9641241577915812,0.03308116067214313,0.0012735525259319931,0.0012210770767429689,0.0002853194944236978,1.4732439176965848e-05,0.2126050507788256,0.9738428685514284,0.02430703553503529,4.5233261557946416e-05,0.001024906473647759,0.0007751151423620132,4.841035968577158e-06
15.700000000000001,0.9640991231537059,0.03308645663541839,0.0012845630873937388,0.0012278547752193995,0.00028714037083190015,1.4861977430622992e-05,0.2108793063038849,0.9736793856150766,0.024458396788165297,4.5809013374707423e-05,0.0010313226473134607,0.0007801831103181352,4.902825751890771e-06
15.8,0.9640610875048818,0.033104579498840075,0.0012951965658518905,0.001235126394191795,0.0002890150362879583,1.4994999946378511e-05,0.20940502592094565,0.9735159551087872,0.02460970234858283,4.638832976833794e-05,0.0010377369717533837,0.000785252239759868,4.965001347973242e-06
15.9,0.9640074809991304,0.033138108523515994,0.001305483912439848,0.00124285125807857,0.00029094386829274234,1.5131438542380302e-05,0.20821867723716359,0.9733525770146159,0.024760952235658495,4.6971209313460066e-05,0.0010441494489505864,0.0007903225288173716,5.027562644188208e-06
16.0,0.9639361725630503,0.03318918326241909,0.0013154640473924516,0.0012509827027625201,0.0002929262536744022,1.5271170701171748e-05,0.2073495020168439,0.9731892513146218,0.024912146468756197,4.755765058519405e-05,0.0010505600808859152,0.0007953939756230015,5.090509527932689e-06
16.1,0.9638455072960579,0.03325946637768293,0.0013251827931727266,0.0012594689215233116,0.0002949605862090425,1.5414025353975387e-05,0.20681820444631321,0.9730259779908718,0.025063285067233126,4.81476521591579e-05,0.0010569688695380051,0.0008004665783113052,5.153841886637086e-06
16.2,0.9637343316260326,0.033350118760489995,0.0013346916639381057,0.0012682538733522816,0.0002970442867189797,1.5559789467926732e-05,0.20663591729968683,0.9728627570254382,0.025214368050439785,4.8741212611467406e-05,0.0010633758168832868,0.0008055403350190205,5.21755960776517e-06
16.3,0.963602005985563,0.03346178717293901,0.0013440465426343255,0.0012772782384867201,0.00029917384512654174,1.570821525022809e-05,0.20680358425539544,0.9726995884004013,0.02536539543771995,4.933833051873586e-05,0.0010697809248959831,0.000810615243885073,5.2816625788140785e-06
16.400000000000002,0.9634484050735017,0.03359460433069891,0.0013533062791037268,0.0012864804054815732,0.0003013448834381313,1.5859027775833813e-05,0.20731185229897536,0.9725364720978449,0.025516367248410724,4.993900445807389e-05,0.001076184195548115,0.0008156913030505727,5.346150687314307e-06
16.5,0.9632739060557708,0.03374820105549493,0.0013625312438590152,0.0012957974738724094,0.00030355223816002367,1.6011932842699018e-05,0.2081415034572242,0.9723734080998614,0.0256672835018425,5.054323300708939e-05,0.0010825856308095045,0.000820768510658813,5.411023820829706e-06
16.6,0.963079365331849,0.03392172985400967,0.001371781872588978,0.0013051662564768478,0.0003057900602146592,1.6166624860743013e-05,0.20926438660549582,0.9722103963885471,0.025818144217338985,5.115101474388721e-05,0.0010889852326477732,0.0008258468648552671,5.476281866957465e-06
16.7,0.9628660847431969,0.03411389903050665,0.0013811172360351784,0.0013145242656304801,0.00030805193004345186,1.6322794587306888e-05,0.21064475419102222,0.9720474369460061,0.025968949414217183,5.176234824706905e-05,0.0010953830030283496,0.0008309263637875865,5.541924713328116e-06
16.8,0.9626357683218626,0.03432301621956144,0.001390593668634291,0.0013238106681513781,0.00031033098525744994,1.6480136532731276e-05,0.21224087581543413,0.9718845297543491,0.026119699111787416,5.237723209573339e-05,0.0011017789439144686,0.0008360070056055976,5.607952247605518e-06
16.900000000000002,0.9623904708672537,0.03454704003706606,0.0014002634873045395,0.0013329671945640827,0.0003126200579371287,1.6638355874361252e-05,0.21400679209003212,0.9717216747956913,0.026270393329353325,5.2995664869475146e-05,0.0011081730572671743,0.0008410887884612999,5.674364357486854e-06
17.0,0.9621325397930626,0.03478363839560533,0.0014101738290294024,0.0013419389890751824,0.00031491181849213927,1.6797174735337617e-05,0.21589408228556461,0.9715588720521552,0.02642103208621186,5.3617645148385654e-05,0.0011145653450453236,0.0008461717105088636,5.741160930702626e-06
17.1,0.9618645518020331,0.03503025191689141,0.0014203656325357456,0.0013506753879600054,0.0003171989228742284,1.6956337705424495e-05,0.2178535403050611,0.9713961215058686,0.02657161540165329,5.424317151305236e-05,0.0011209558092055859,0.000851255769904627,5.808341855016646e-06
17.2,0.9615892460220604,0.03528416080070092,0.001430872785468916,0.0013591306153721305,0.00031947415989330035,1.7115616504267536e-05,0.21983667975451554,0.9712334231389664,0.026722143294961195,5.4872242544558804e-05,0.0011273444517024484,0.0008563409648070942,5.875907018226023e-06
17.3,0.9613094552724132,0.03554255347722002,0.001441721454137213,0.0013672643870998452,0.000321730595417482,1.72748137122517e-05,0.22179701726569845,0.9710707769335897,0.0268726157854125,5.5504856824484324e-05,0.001133731274488218,0.000861427293376932,5.9438563081611695e-06
17.400000000000002,0.9610280371240336,0.03580259537742191,0.001452929608244089,0.001375042414439322,0.0003239617103411401,1.743376551988596e-05,0.22369111130269329,0.970908182871885,0.027023032892277428,5.6141012934903985e-05,0.0011401162795130221,0.000866514753776969,6.012189612685781e-06
17.5,0.9607478063741738,0.0360614962027072,0.0014645067481656412,0.0013824368021040847,0.0003261615293765459,1.7592343472733515e-05,0.22547935846947634,0.9707456409360059,0.02717339463481955,5.6780709458388333e-05,0.0011464994687248125,0.0008716033441721914,6.080906819696838e-06
17.6,0.9604714704752477,0.03631657415828056,0.0014764538373832035,0.001389426335913675,0.00032832473796021514,1.7750455214686412e-05,0.22712656793603805,0.9705831511081103,0.02732370103229575,5.7423944978003267e-05,0.0011528808440693665,0.0008766930627297415,6.150007817124594e-06
17.7,0.9602015693436708,0.036565315731578986,0.0014887634377657548,0.0013959966578697765,0.000330446784857473,1.7908044257235713e-05,0.2286023455465169,0.9704207133703644,0.027473952103956267,5.807071807730988e-05,0.0011592604074902916,0.0008817839076189159,6.219492492932571e-06
17.8,0.9599404208302831,0.03680542974376597,0.0015014200406309297,0.0014021403281034492,0.0003325239683909077,1.8065088825733668e-05,0.22988132292872931,0.9702583277049397,0.027624147869044647,5.872102734036428e-05,0.001165638160929025,0.0008868758770111623,6.289360735117552e-06
17.900000000000002,0.959690072963973,0.03703489457453267,0.001514400582007213,0.0014078567750307593,0.00033455350460150383,1.8221599854954937e-05,0.23094326531738057,0.9700959940940137,0.027774288346797786,5.937487135171738e-05,0.0011720141063248381,0.0008919689690800762,6.359612431709576e-06
18.0,0.9594522638890778,0.037251997653400364,0.0015276751263758168,0.001413152136854993,0.0003365335760660642,1.837761822507723e-05,0.23177308704914892,0.9699337125197706,0.027924373556445923,6.0032248696414865e-05,0.0011783882456148378,0.0008970631820014012,6.430247470771921e-06
18.1,0.9592283902101201,0.0374553665192514,0.001541207699480317,0.0014180389992719895,0.0003384633605311573,1.8533211345126506e-05,0.23236079766279805,0.9697714829643996,0.02807440351721263,6.069315795999685e-05,0.001184760580733969,0.0009021585139530237,6.5012657404011156e-06
18.2,0.9590194842397777,0.037643990968569095,0.001554957247634439,0.001422536035843035,0.0003403430389721026,1.868846920365817e-05,0.23270139549065147,0.969609305410098,0.028224378248314825,6.135759772849776e-05,0.0011911311136150182,0.0009072549631149716,6.572667128726914e-06
18.3,0.9588262004230786,0.03781723603640073,0.0015688786983981695,0.0014266675589715541,0.0003421737831352091,1.8843500015750757e-05,0.23279472021736675,0.9694471798390669,0.02837429776896277,6.20255665884463e-05,0.0011974998461886138,0.0009123525276694129,6.644451523912301e-06
18.400000000000002,0.9586488109880469,0.03797484577697812,0.0015829240955788034,0.001430462990732565,0.00034395772306255204,1.899842560113684e-05,0.23264527134563787,0.9692851062335148,0.028524162098360076,6.269706312686512e-05,0.0012038667803832307,0.0009174512058006521,6.716618814153472e-06
18.5,0.9584872106556089,0.03811693802802199,0.0015970437802795548,0.0014339562639377418,0.0003456978955213767,1.9153376630445938e-05,0.23226199584186963,0.9691230845756572,0.02867397125570371,6.337208593127073e-05,0.0012102319181251898,0.0009225509956951284,6.7891688876798435e-06
18.6,0.9583409300344414,0.03824399054909045,0.0016111875891797836,0.0014371851647574853,0.000347398174655695,1.9308487875130397e-05,0.23165804532683312,0.9689611148477133,0.02882372526018398,6.405063358967333e-05,0.0012165952613386645,0.0009276518955414128,6.8621016327540346e-06
18.7,0.9582091571341486,0.03835681911538318,0.0016253060413869425,0.0014401906289519338,0.0003490631865375706,1.9463893591821286e-05,0.2308505008955811,0.9687991970319112,0.028973424130984554,6.473270469057657e-05,0.001222956811945679,0.0009327539035302059,6.935416937671858e-06
18.8,0.9580907662567683,0.03845654832014529,0.0016393514860335028,0.0014430160042764298,0.0003506982096126935,1.9619723163830972e-05,0.22986006189612554,0.9686373311104831,0.029123067887282472,6.541829782297753e-05,0.001229316571866112,0.0009378570178543354,7.009114690762323e-06
18.900000000000002,0.9579843533756307,0.03854457598776694,0.0016532791842691083,0.0014457062919186459,0.0003523090633029608,1.9776097111568554e-05,0.2287106937230523,0.9684755170656685,0.0292726565482481,6.610741157636633e-05,0.0012356745430177009,0.0009429612367087548,7.083194780387617e-06
19.0,0.957888276984898,0.038622532223024246,0.0016670483013712094,0.0014483073798934086,0.0003539019872429909,1.9933123570118077e-05,0.22742922891565306,0.9683137548797126,0.029422190133045197,6.68000445407263e-05,0.0012420307273160412,0.0009480665582905402,7.157657094943109e-06
19.1,0.9578007033049105,0.0386922342175133,0.0016806227873051884,0.001450865281170211,0.0003554835137841626,2.0090895316553916e-05,0.22604491568853496,0.9681520445348663,0.029571668660830882,6.749619530653336e-05,0.0012483851266745925,0.0009531729807988865,7.2325015228573346e-06
19.200000000000003,0.957719654659242,0.038755638000769935,0.0016939721271349145,0.001453425388944268,0.0003570603364966303,2.0249487412184705e-05,0.22458890863010156,0.9679903860133872,0.029721092150755617,6.819586246475636e-05,0.001254737743004676,0.0009582805024351083,7.307727952591996e-06
19.3,0.9576430597998821,0.03881478836014586,0.0017070719461345506,0.0014560317608952,0.00035863917743594404,2.040895550631059e-05,0.22309369788994815,0.9678287792975391,0.02987046062196326,6.889904460685646e-05,0.00126108857821548,0.0009633891214026344,7.3833362726419396e-06
19.400000000000002,0.9575688049472871,0.038871768160252756,0.0017199044581926483,0.0014587264435218248,0.00036022665591686314,2.0569334828749466e-05,0.2215924759553761,0.9676672243695917,0.030019774093591033,6.960574032478724e-05,0.0012674376342140651,0.0009684988359070068,7.459326371535186e-06
19.5,0.9574947843315016,0.038928648270415436,0.0017324587500354696,0.0014615488467140303,0.00036182916145451256,2.0730639878845822e-05,0.22011844525029997,0.9675057212118205,0.030169032584769516,7.031594821099448e-05,0.001273784912905359,0.000973609644155879,7.535698137832867e-06
19.6,0.9574189490678505,0.03898743925848116,0.001744730897830628,0.0014645351776429007,0.0003634527333952475,2.089286479942322e-05,0.21870407530032251,0.9673442698065077,0.030318236114622674,7.102966685841586e-05,0.0012801304161921645,0.0009787215443590126,7.612451460129265e-06
19.700000000000003,0.9573393532739045,0.039050045933512224,0.0017567239167667194,0.0014677179418401119,0.0003651029495706648,2.1055984405661042e-05,0.21738032488903955,0.9671828701359411,0.030467384702267872,7.174689486048106e-05,0.0012864741459751618,0.000983834534728275,7.689586227051795e-06
19.8,0.9572541964310534,0.03911822572088671,0.0017684475481438613,0.0014711255180209074,0.00036678482607338346,2.121995582162309e-05,0.21617585196385355,0.9670215221824153,0.030616478366815827,7.246763081111131e-05,0.0012928161041529083,0.0009889486134776373,7.76710232726098e-06
19.900000000000002,0.9571618611111311,0.039193551734159296,0.0017799178922623515,0.0014747818118069325,0.00036850272997863336,2.1384720661551946e-05,0.2151162411682245,0.9668602259282302,0.030765517127370634,7.31918733047194e-05,0.0012991562926218403,0.000994063778823172,7.84499964945046e-06
20.0,0.9570609453227762,0.039277381272087374,0.0017911568988766956,0.0014787059920519422,0.00037026030652820687,2.1550207679432288e-05,0.2142232846195139,0.9666989813556922,0.03091450100302981,7.391962093620939e-05,0.0013054947132762813,0.0009991800289830507,7.923278082346989e-06
20.1,0.9569502888799379,0.03937083032019801,0.0018021917301130634,0.0014829123119914978,0.000372060421960368,2.171633579902438e-05,0.21351435463023347,0.966537788447114,0.031063430012884204,7.465087230097666e-05,0.0013118313680084363,0.0010042973621775418,8.001937514710417e-06
20.200000000000003,0.9568289933522917,0.03947475447804557,0.001813054013462501,0.0014874100159536564,0.0003739051228186723,2.1883017427815844e-05,0.2130019063566633,0.9663766471848142,0.031212304176018113,7.538562599490746e-05,0.0013181662587084008,0.0010094157766290083,8.080977835333677e-06
20.3,0.9566964353203452,0.03958973656987847,0.0018237790047042081,0.0014922033309073199,0.00037579561221234105,2.2050161952309176e-05,0.21269314322107088,0.9662155575511174,0.03136112351150919,7.612388061437895e-05,0.0013244993872641576,0.0010145352705619038,8.1603989330428e-06
20.400000000000002,0.9565522728227109,0.03971608103178871,0.00183440468233922,0.001497291540713227,0.00037773224313886324,2.2217679308854035e-05,0.21258986854402592,0.9660545195283541,0.03150988803842848,7.686563475625895e-05,0.0013308307555615847,0.0010196558422027728,8.24020069669689e-06
20.5,0.9563964450454913,0.039853815006463296,0.0018449707962946294,0.0015026691396030343,0.0003797145286237201,2.2385483523875097e-05,0.2126885341798497,0.9658935330988613,0.03165859777584044,7.761088701790575e-05,0.0013371603654844524,0.0010247774897802471,8.32038301518812e-06
20.6,0.9562291654602311,0.04000269592111735,0.0018555178942752735,0.0015083260601662014,0.00038174116809007317,2.255349611979506e-05,0.21298048282953624,0.9657325982449827,0.031807252742802945,7.83596359971681e-05,0.0013434882189144297,0.0010299002115250432,8.400945777441738e-06
20.700000000000003,0.9560509087639518,0.04016222517852755,0.0018660863491904926,0.0015142479699918777,0.0003838100890499327,2.2721649288092978e-05,0.2134523671708128,0.965571714949067,0.031955852958367226,7.911188029238483e-05,0.001349814317731083,0.0010350240056699598,8.481888872416029e-06
20.8,0.9558623921092263,0.04033166745843135,0.0018767154105786903,0.0015204166301106927,0.00038591850291415066,2.288988873859321e-05,0.21408671782172678,0.9654108831934689,0.03210439844157792,7.986761850238479e-05,0.0013561386638118822,0.0010401488704498763,8.563212189102348e-06
20.900000000000002,0.9556645512313175,0.04051007500964225,0.001887442301915355,0.0015268103075234422,0.00038806297345717023,2.3058176144009855e-05,0.21486262460561098,0.9652501029605501,0.03225288921147313,8.062684922648671e-05,0.001362461259032201,0.0010452748041017501,8.644915616525086e-06
21.0,0.955458512180747,0.04069631621433547,0.0018983013841565798,0.0015334042334014491,0.0003902394962486027,2.322649111068493e-05,0.2157564919546369,0.9650893742326773,0.032401325287084275,8.138957106449897e-05,0.001368782105265317,0.0010504018048646143,8.726999043741666e-06
21.1,0.9552455594514367,0.04088910762687018,0.0019093234038865686,0.001540171098005049,0.00039244358718121014,2.339483262001976e-05,0.21674282924804306,0.9649286969922254,0.03254970668743627,8.215578261671949e-05,0.0013751012043824197,0.0010555298709795764,8.809462359842542e-06
21.200000000000003,0.9550271013554495,0.04108704863150603,0.001920534842060455,0.0015470815729972543,0.00039467037808656505,2.3563219899935888e-05,0.21779503974511702,0.9647680712215722,0.032698033431547396,8.292548248393555e-05,0.001381418558252607,0.0010606590006898122,8.892305453951194e-06
21.3,0.954804633534521,0.04128865782718126,0.0019319573766275655,0.0015541048516311204,0.00039691471733733005,2.3731692701418558e-05,0.21888617677913252,0.9646074969031047,0.032846305538429356,8.369866926742358e-05,0.0013877341687428908,0.0010657891922405687,8.975528215224115e-06
21.400000000000002,0.9545797015157711,0.04149241023335138,0.0019436074693559193,0.0015612091972604302,0.00039917127328946563,2.390031097137861e-05,0.21998964230133183,0.9644469740192132,0.03299452302708728,8.447534156894905e-05,0.0013940480377181983,0.0010709204438791586,9.059130532850804e-06
21.5,0.9543538632144386,0.04169677441842146,0.0019554960840319404,0.0015683624907598453,0.00040143463841843676,2.406915392930074e-05,0.22107981000111718,0.964286502552297,0.0331426859165197,8.525549799076627e-05,0.0014003601670413753,0.0010760527538549588,9.14311229605376e-06
21.6,0.9541286522609617,0.041900248680723694,0.0019676285399584034,0.0015755327677355669,0.00040369943204933835,2.4238318571015644e-05,0.22213256237281823,0.9641260824847591,0.033290794225718574,8.60391371356182e-05,0.0014066705585731856,0.001081186120419407,9.227473394088471e-06
21.700000000000003,0.953905542984437,0.04210139546000628,0.001980004501397669,0.0015826887368511143,0.00040596039966953344,2.4407917638042892e-05,0.22312573758442325,0.9639657137990096,0.0334388479736693,8.682625760673649e-05,0.0014129792141723172,0.001086320541826002,9.312213716243431e-06
21.8,0.9536859178210909,0.04229887322330552,0.0019926181003844684,0.0015898002711729664,0.00040821250694078766,2.4578077104929925e-05,0.2240394873082951,0.9638053964774641,0.03358684717935069,8.761685800784092e-05,0.0014192861356953814,0.0010914560163302997,9.397333151840091e-06
21.900000000000002,0.9534710378368881,0.042491465150788596,0.0020054581872379733,0.0015968388651433302,0.0004104510266920801,2.4748933249521144e-05,0.2248565505131401,0.9636451305025447,0.033734791861734996,8.841093694313958e-05,0.0014255913249969188,0.0010965925421899086,9.482831590232881e-06
22.0,0.9532620169601487,0.04267810404229589,0.0020185087002072763,0.001603778050596226,0.00041267161736972016,2.492062938183367e-05,0.22556245056179916,0.9634849158566796,0.03388268203978787,8.920849301732861e-05,0.0014318947839293953,0.0011017301176644925,9.568708920809208e-06
22.1,0.9530598004156139,0.04285789297124382,0.0020317491430519945,0.0016105937661309994,0.0004148703916429895,2.5093312315943708e-05,0.22614562398506025,0.963324752522304,0.03403051773246845,9.000952483559194e-05,0.0014381965143432118,0.0011068687410157648,9.654965032989417e-06
22.200000000000003,0.9528651477385796,0.043030121326465526,0.002045155157047303,0.0016172646751257751,0.0004170439741057316,2.5267128675804147e-05,0.22659748929419882,0.9631646404818568,0.03417829895872923,9.081403100360119e-05,0.0014444965180867007,0.001112008410507485,9.741599816226819e-06
22.3,0.9526786206293916,0.043194276001555336,0.0020586991719582365,0.0016237724286931065,0.0004191895472713231,2.5442221130082284e-05,0.22691246346811358,0.9630045797177844,0.03432602573751624,9.162201012751563e-05,0.0014507947970061326,0.0011171491244054616,9.828613160007666e-06
22.400000000000002,0.9525005757877038,0.043350047612397365,0.0020723511189897864,0.001630101870931552,0.00042130488532431484,2.5618724652846976e-05,0.22708793259028837,0.9628445702125399,0.034473698087768866,9.243346081398178e-05,0.0014570913529457134,0.001122290880977544,9.916004953851148e-06
22.5,0.952331162745335,0.04349733174389194,0.0020860791876149776,0.0016362411848906985,0.0004233883753607719,2.579676290623027e-05,0.22712418175069624,0.9626846119485815,0.03462131602841996,9.324838167013336e-05,0.0014633861877475928,0.0011274336784936236,1.000377508730938e-05
22.6,0.9521703265991505,0.04363622534364228,0.002099850607529653,0.0016421819787241102,0.00042543902611511165,2.597644483808177e-05,0.2270242879502915,0.9625247049083729,0.03476887957839587,9.406677130359122e-05,0.0014696793032518598,0.0011325775152256307,1.0091923449967395e-05
22.700000000000003,0.9520178154337762,0.043767018490890486,0.0021136324367859328,0.0016479193125364408,0.00042745646442844204,2.615786158222491e-05,0.22679397848942548,0.9623648490743856,0.0349163887566163,9.488862832246295e-05,0.0014759707012965528,0.0011377223894475331,1.0180449931443156e-05
22.8,0.951873192120584,0.04389018187088598,0.002127392337411294,0.0016534516674202137,0.0004294409199567987,2.6341083741370084e-05,0.22644145629036935,0.9622050444290957,0.03506384358199448,9.571395133534298e-05,0.0014822603837176531,0.0011428682994353305,1.026935442138753e-05
22.900000000000002,0.9517358500864227,0.0440063503759915,0.0021410993205111506,0.0016587808591084917,0.0004313931988424941,2.6526159123244715e-05,0.2259771928741445,0.9620452909549863,0.035211244073437044,9.654273895131218e-05,0.0014885483523490953,0.0011480152434670576,1.035863680948428e-05
23.0,0.951605032564894,0.04411630333336068,0.0021547244439541536,0.0016639118995274745,0.0004333146472738092,2.671311098931735e-05,0.22541368933542374,0.9618855886345447,0.03535859024984412,9.737498977993788e-05,0.0014948346090227634,0.0011531632198227768,1.0448296985450066e-05
23.1,0.9514798547760954,0.04422094192348558,0.0021682414472163083,0.0016688528103052916,0.00043520710603389635,2.6901936862909552e-05,0.22476520566869443,0.9617259374502674,0.03550588213010925,9.821070243127349e-05,0.0015011191555684969,0.0011583122267845786,1.0538334839034432e-05
23.200000000000003,0.9513593284288322,0.044321264403212525,0.0021816273097694868,0.0016736143929692616,0.0004370728572861222,2.709260792982534e-05,0.22404745920928132,0.9615663373846538,0.035653119733119465,9.904987551585864e-05,0.0015074019938140907,0.0011634622626365795,1.0628750260019806e-05
23.3,0.9512423879031104,0.04441833978025351,0.002194862721492113,0.001678209961135097,0.00043891456495801304,2.7285069050225238e-05,0.22327729376308256,0.9614067884202114,0.03580030307775524,9.989250764471873e-05,0.0015136831255852996,0.0011686133256649178,1.0719543138221497e-05
23.400000000000002,0.9511279174506354,0.04451328060345962,0.0022079324558991263,0.0016826550404515249,0.0004407352101680552,2.7479239385685298e-05,0.22247232218892554,0.9612472905394533,0.03594743218289051,0.00010073859742936489,0.0015199625527058374,0.0011737654141577532,1.0810713363487659e-05
23.5,0.9510147787470475,0.044607215534249414,0.0022208256394752064,0.0016869670424084213,0.0004425380231882263,2.7675013630571927e-05,0.22165054672155673,0.9610878437248974,0.03609450706739269,0.00010158814348179379,0.0015262402769973837,0.0011789185264052633,1.0902260825699323e-05
23.6,0.9509018381413485,0.04470126235004699,0.002233535912987199,0.0016911649183438426,0.0004443264134503974,2.787226382238773e-05,0.22082996310051908,0.9609284479590687,0.03624152775012267,0.00010244114441448753,0.0015325163002795814,0.0011840726606996434,1.0994185414770363e-05
23.700000000000003,0.9507879929746516,0.04479650200118764,0.0022460614832852488,0.0016952688000954935,0.0004461038990874857,2.8070841691945644e-05,0.22002815647558382,0.9607691032244987,0.036388494249934775,0.00010329759884041348,0.0015387906243700409,0.0011892278153351004,1.1086487020647506e-05
23.8,0.9506721963809703,0.04489395429962379,0.0022584050667142385,0.0016992996337375312,0.00044787403745199123,2.8270581501434277e-05,0.2192618989204103,0.960609809503725,0.03653540658567682,0.00010415750537302393,0.001545063251084344,0.0011943839886078562,1.1179165533310306e-05
23.900000000000002,0.9505534800358714,0.04499455576232866,0.002270573727786471,0.0017032788127284242,0.0004496403579774515,2.8471303306941902e-05,0.21854675998891485,0.9604505667792888,0.036682264776190084,0.00010502086262625619,0.001551334182236044,0.0011995411788161378,1.1272220842771152e-05
24.0,0.9504309743828341,0.04509914006621686,0.0022825786191551837,0.0017072278165759798,0.0004514062986451159,2.8672816572072945e-05,0.21789674285780344,0.9602913750337402,0.03682906884030938,0.00010588766921453226,0.0015576034196366673,0.0012046993842601838,1.1365652839075255e-05
24.1,0.9503039259402769,0.04520842149654675,0.0022944346311231305,0.0017111678608093912,0.0004531751471919585,2.8874924051141633e-05,0.21732395898902765,0.9601322342496339,0.0369758187968629,0.00010675792375275869,0.0015638709650957182,0.0012098586032422347,1.1459461412300645e-05
24.200000000000003,0.9501717113724205,0.04532298168915614,0.002306159960873406,0.0017151195636443824,0.0004549499880505899,2.9077425854238618e-05,0.21683835374489596,0.9599731444095314,0.0371225146646724,0.00010763162485632646,0.0015701368204206797,0.001215018834066535,1.1553646452558155e-05
24.3,0.9500338480923904,0.04544325988062898,0.0023177756132801747,0.00171910263424669,0.0004567336558505782,2.9280123602368362e-05,0.2164474939170619,0.9598141054959994,0.037269156462553084,0.00010850877114111078,0.0015764009874170157,0.00122018007503933,1.164820784999143e-05
24.400000000000002,0.94989000125406,0.045569546791757856,0.0023293048465116307,0.0017231355869525738,0.00045852869613822376,2.948282457892461e-05,0.21615642573290944,0.9596551174916111,0.03741574420931362,0.00010938936122347091,0.0015826634678881733,0.001225342324468862,1.1743145494776896e-05
24.5,0.9497399870779525,0.04570198218061433,0.0023407725766512824,0.0017272354852048962,0.00046033733379213543,2.9685345784034524e-05,0.2159676087538372,0.9594961803789457,0.03756227792375623,0.00011027339372025007,0.0015889242636355839,0.0012305055806653713,1.1838459277123776e-05
24.6,0.9495837725439604,0.045840556014266565,0.0023522047562200797,0.0017314177183221792,0.00046216144942922186,2.9887517800733836e-05,0.2158809274639042,0.959337294140588,0.03770875762467656,0.00011116086724877522,0.001595183376458669,0.0012356698419410898,1.1934149087274072e-05
24.700000000000003,0.9494214715676877,0.04598511312468902,0.002363627741773227,0.0017356958135486998,0.00046400256391404483,3.00891883864576e-05,0.21589377861087794,0.9591784587591288,0.03785518333086377,0.00011205178042685683,0.0016014408081548375,0.001240835106610242,1.2030214815502558e-05
24.8,0.9492533378560175,0.04613536113654202,0.0023750676656729337,0.0017400812851489933,0.00046586183090781665,3.0290225709821265e-05,0.21600122885276474,0.9590196742171659,0.038001555061100534,0.00011294613187278892,0.0016076965605194924,0.0012460013729890423,1.2126656352116773e-05
24.900000000000002,0.9490797547093577,0.04629088138392108,0.002386549826711476,0.0017445835216225994,0.00046774003722533037,3.0490521160953448e-05,0.2161962342728043,0.9588609404973025,0.038147872834163,0.00011384392020534866,0.0016139506353460304,0.0012511686393956911,1.2223473587457023e-05
25.0,0.9489012221014508,0.04645114247133035,0.002398098113495669,0.0017492097114366195,0.0004696376106121416,3.068999167351781e-05,0.21646991105146732,0.9587022575821473,0.038294136668820825,0.00011474514404379634,0.0016202030344258443,0.001256336904150375,1.232066641189635e-05
25.1,0.9487183414214169,0.04661551608221544,0.002409734473429529,0.001753964807016096,0.0004715546344133262,3.0888581507782587e-05,0.2168118451171171,0.9585436254543156,0.038440346583837146,0.0001156498020078752,0.0016264537595483252,0.0012615061655752615,1.2418234715840548e-05
25.200000000000003,0.9485317983058532,0.04678329459732323,0.0024214784387787416,0.001758851526105886,0.00047349086848162084,3.108626345639015e-05,0.21721042793861833,0.9583850440964287,0.03858650259796864,0.00011655789271781126,0.0016327028125008665,0.001266676421994501,1.2516178389728159e-05
25.3,0.9483423440206586,0.0469537100555853,0.0024333467197066136,0.0017638703890322203,0.00047544577556875214,3.128303944755374e-05,0.2176532057094715,0.9582265134911131,0.038732604729965474,0.00011746941479431303,0.001638950195068864,0.0012718476717342188,1.2614497324030437e-05
25.400000000000002,0.948150775872369,0.04712595397250027,0.002445352872379318,0.0017690197898558647,0.00047741855236076733,3.1478940533954815e-05,0.21812722990022712,0.9580680336210027,0.038878652998571295,0.00011838436685857166,0.0016451959090357188,0.0012770199131225198,1.271319140925138e-05
25.5,0.9479579171370633,0.04729919752518524,0.0024575070482951277,0.0017742960989289562,0.0004794081642571956,3.167402626931801e-05,0.2186193983960023,0.9579096044687364,0.03902464742252331,0.00011930274753226027,0.0016514399561828397,0.0012821931444894805,1.281226053592768e-05
25.6,0.9477645969914966,0.047472611619161886,0.0024698158289470926,0.001779693793950038,0.00048141338295533805,3.186838348818796e-05,0.21911677804451393,0.9577512260169587,0.03917058802055221,0.00012022455543753451,0.0016576823382896456,0.0012873673641671495,1.2911704594628747e-05
25.700000000000003,0.9475716309164511,0.047645386369052925,0.002482282147831701,0.001785205616261008,0.00048343282588483676,3.2062124517513886e-05,0.21960690126266527,0.9575928982483217,0.03931647481138218,0.00012114978919703162,0.0016639230571335664,0.0012925425704895452,1.3011523475956705e-05
25.8,0.9473798020170705,0.04781674955295734,0.0024949052997181383,0.0017908227488488118,0.00048546499654334807,3.225538486097449e-05,0.22007803123188316,0.9574346211454822,0.039462307813730974,0.00012207844743387074,0.0016701621144900476,0.001297718761792653,1.3111717070546355e-05
25.900000000000002,0.9471898436700426,0.04798598363738913,0.002507681035043167,0.0017965350123054064,0.0004875083248105986,3.244832040827374e-05,0.2205193920144558,0.9572763946911026,0.039608087046309824,0.00012301052877165266,0.0016763995121325496,0.001302895936414423,1.321228526906519e-05
26.0,0.9470024238640475,0.04815244101515118,0.0025206017353427384,0.0018023310748622185,0.0004895612063638686,3.2641104231664594e-05,0.2209213615353842,0.9571182188678524,0.03975381252782349,0.0001239460318344597,0.0016826352518325514,0.0013080740926947683,1.3313227962213386e-05
26.1,0.9468181315491537,0.04831555715105756,0.0025336566638170673,0.0018081986725491182,0.0004916220403811919,3.2833923040501084e-05,0.22127562672700224,0.956960093658407,0.03989948427697028,0.00012488495524685527,0.0016888693353595535,0.0013132532289755639,1.3414545040723794e-05
26.200000000000003,0.9466374652542384,0.048474861388570725,0.002546832283490692,0.0018141248355306588,0.0004936892647971059,3.302697337150287e-05,0.22157530119853724,0.9568020190454468,0.04004510231244199,0.0001258272976338841,0.0016951017644810788,0.0013184333436006405,1.3516236395361923e-05
26.3,0.9464608241705316,0.048629985232654396,0.0025601126340076127,0.0018200961167408175,0.0004957613884672159,3.322045759750773e-05,0.22181500657636788,0.9566439950116595,0.04019066665292399,0.00012677305762107187,0.0017013325409626753,0.001323614434915788,1.3618301916925955e-05
26.400000000000002,0.946288501835595,0.048780667988873885,0.0025734797569225447,0.0018260988190674178,0.0004978370196995272,3.3414579840691394e-05,0.22199091919271347,0.9564860215397377,0.040336177317095136,0.00012772223383442484,0.0017075616665679185,0.0013287965012687474,1.3720741496246701e-05
26.5,0.9461206824870314,0.04892675970441161,0.002586914158435127,0.001832119217523745,0.000499914890719692,3.360954187750498e-05,0.2221007841219658,0.9563280986123798,0.040481634323627835,0.00012867482490043023,0.0017137891430584133,0.0013339795410092137,1.3823555024187637e-05
26.6,0.945957440090528,0.04906822142163626,0.002600395297880103,0.0018381437730816991,0.0005019938777512253,3.3805539121912476e-05,0.22214389871835982,0.9561702262122916,0.040627037691188035,0.00012963082944605558,0.001720014972193795,0.0013391635524888324,1.3926742391644865e-05
26.700000000000003,0.9457987399839929,0.04920512281766424,0.0026139020899417216,0.0018441593351217354,0.0005040730165075361,3.40027567709455e-05,0.22212106783842986,0.9560124043221838,0.04077238743843522,0.00013059024609874878,0.0017262391557317342,0.001344348534061194,1.4030303489547127e-05
26.8,0.9456444430199487,0.049337637362571164,0.0026274134085065475,0.0018501533297729002,0.0005061515130075864,3.420136619221171e-05,0.22203453287821262,0.9558546329247726,0.04091768358402239,0.00013155307348643785,0.0017324616954279362,0.0013495344840818348,1.4134238208855775e-05
26.900000000000002,0.9454943120333056,0.049466035183263514,0.002640908580300243,0.0018561139317643052,0.0005082287497385242,3.440152162691959e-05,0.2218878766620687,0.9556969120027814,0.04106292614659612,0.00013251931023753078,0.0017386825930361459,0.0013547214009082362,1.4238546440564786e-05
27.0,0.9453480204123172,0.04959067386837436,0.0026543678569587946,0.0018620302177800156,0.0005103042872943099,3.4603357274373484e-05,0.22168590613454012,0.9555392415389385,0.04120811514479654,0.00013348895498091552,0.001744901850308146,0.0013599092828998187,1.4343228075700732e-05
27.1,0.9452051625078828,0.049711987490943944,0.002667772854945177,0.0018678922996952143,0.0005123778617170145,3.480698481494084e-05,0.22143451477762166,0.9553816215159797,0.04135325059725726,0.00013446200634595955,0.0017511194689937642,0.0013650981284179429,1.4448283005322811e-05
27.200000000000003,0.9450652655812265,0.0498304741593189,0.002681106953714738,0.0018736914364653808,0.0005144493778551732,3.5012491418414014e-05,0.2211405267469997,0.9552240519166447,0.0414983325226055,0.00013543846296250992,0.0017573354508408714,0.0013702879358259046,1.4553711120522805e-05
27.3,0.9449278029629409,0.04994668243209138,0.0026943556437282554,0.0018794201238351042,0.0005165188991297684,3.5219938273724696e-05,0.22081152492239484,0.9550665327236804,0.041643360939462006,0.00013641832346089297,0.0017635497975953855,0.0013754787034889351,1.4659512312425059e-05
27.400000000000002,0.944792208077823,0.050061196949649715,0.002707506817277753,0.0018850721614223776,0.000518586634161801,3.5429359664372384e-05,0.22045566540804562,0.9549090639198395,0.04178833586644108,0.0001374015864719142,0.0017697625110012715,0.0013806704297741979,1.4765686472186533e-05
27.5,0.9446578889800423,0.05017462364288717,0.0027205509965908966,0.0018906426971116138,0.0005206529207650965,3.5640762601967974e-05,0.2200814814833498,0.9547516454878798,0.04193325732215059,0.00013838825062685838,0.0017759735928005492,0.0013858631130507868,1.4872233490996729e-05
27.6,0.9445242430419238,0.05028757487888839,0.002733481495276693,0.0018961282490485508,0.0005227182078434186,3.585412701823729e-05,0.2196976805507383,0.9545942774105675,0.04207812532519194,0.00013937831455748873,0.0017821830447332882,0.0013910567516897234,1.4979153260077747e-05
27.700000000000003,0.9443906714467903,0.05040065489425674,0.002746294510828512,0.0019015267058676128,0.0005247830357519405,3.606940650394492e-05,0.21931293819929787,0.954436959670672,0.04222293989416011,0.00014037177689604744,0.0017883908685376146,0.001396251344063954,1.5086445670684211e-05
27.8,0.9442565931514484,0.050514445849626256,0.0027589891475700346,0.0019068373060928323,0.0005268480156897903,3.628652957174553e-05,0.21893569402898813,0.9542796922509685,0.04236770104764364,0.0001413686362752552,0.0017945970659497123,0.0014014468885483512,1.519411061410332e-05
27.900000000000002,0.944121458006442,0.05062949481445533,0.0027715673710759074,0.001912060597933447,0.0005289138086832463,3.650540140919211e-05,0.21857395428926907,0.9541224751342415,0.042512408804224626,0.000142368891328311,0.0018008016387038243,0.0014066433835197068,1.53021479816548e-05
28.0,0.9439847587513793,0.050746301960217295,0.0027840338966834167,0.0019171983809418076,0.0005309811046989693,3.672590607825389e-05,0.21823510661068485,0.9539653083032786,0.04265706318247872,0.00014337254068889208,0.0018070045885322543,0.0014118408273567334,1.541055766469093e-05
28.1,0.9438460416375787,0.050865310203506195,0.0027963960161986523,0.0019222536312121393,0.0005330506023945164,3.6947909108923596e-05,0.21792575209424656,0.9538081917408736,0.04280166420097521,0.00014437958299115368,0.0018132059171653723,0.0014170392184400598,1.5519339554596515e-05
28.200000000000003,0.943704915469982,0.05098689649938959,0.0028086633682574713,0.0019272304119724527,0.0005351229899705634,3.7171260426996246e-05,0.217651559736336,0.9536511254298267,0.04294621187827685,0.000145390016869729,0.0018194056263316134,0.0014222385551522303,1.5628493542788866e-05
28.3,0.9435610589036868,0.05111136494066781,0.002820847658999336,0.0019321337715578182,0.0005371989275372834,3.73957975500231e-05,0.21741714759573855,0.9534941093529445,0.04309070623294004,0.00014640384095972883,0.0018256037177574779,0.0014274388358777024,1.5738019520717827e-05
28.400000000000002,0.9434142258764011,0.05123894177169199,0.0028329623407261063,0.0019369696308511838,0.000539279031347856,3.7621348980892095e-05,0.21722599427100064,0.9533371434930382,0.04323514728351475,0.00014742105389674173,0.001831800193167541,0.0014326400590028447,1.5847917379865726e-05
28.5,0.9432642491054947,0.05136977237722496,0.0028450222570285872,0.0019417446623385274,0.000541363860186857,3.784773772553175e-05,0.21708038319428016,0.9531802278329264,0.04337953504854448,0.00014844165431683338,0.001837995054284447,0.0014378422229159335,1.5958187011747436e-05
28.6,0.943111041625936,0.05150392025866498,0.002857043263456591,0.0019464661629495427,0.0005434539041321767,3.807478485991582e-05,0.21698138102881112,0.9530233623554327,0.04352386954656637,0.00014946564085654702,0.0018441883028289159,0.0014430453260071514,1.6068828307910277e-05
28.700000000000003,0.9429545963921466,0.05164136796292324,0.0028690418331745312,0.0019511419228449218,0.0005455495758379396,3.830231307185696e-05,0.21692885016301197,0.9528665470433878,0.0436681507961111,0.0001504930121529027,0.0018503799405197442,0.0014482493666685883,1.617984115993408e-05
28.8,0.9427949840116073,0.05178201988442277,0.0028810346571807627,0.00195578009226881,0.0005476512044145223,3.853015010498482e-05,0.21692149401267005,0.9527097818796264,0.043812378815702976,0.00015152376684339738,0.0018565699690738081,0.001453454343294233,1.629122545943114e-05
28.900000000000002,0.9426323487199054,0.05192570681905644,0.0028930382485770263,0.0019603890485126617,0.0005497590319119097,3.8758132035731805e-05,0.21695693265637755,0.9525530668469903,0.04395655362385982,0.00015255790356600503,0.0018627583902060619,0.0014586602542799752,1.640298109804624e-05
29.0,0.942466902744947,0.052072192111387826,0.002905068560061907,0.001964977264937416,0.0005518732123459513,3.898610631899629e-05,0.21703180530794974,0.9523964019283271,0.04410067523909312,0.0001535954209591759,0.0018689452056295456,0.0014638670980236046,1.651510796745661e-05
29.1,0.9422989192414676,0.0522211792036628,0.0029171406233016043,0.001969553183877754,0.0005539938131450926,3.9213934544283626e-05,0.21714189532337566,0.9522397871064908,0.04424474367990791,0.0001546363176618369,0.0018751304170553829,0.0014690748729248048,1.6627605959371952e-05
29.200000000000003,0.9421287240051347,0.05237232036794592,0.0029292682181195047,0.0019741250951084534,0.0005561208188391615,3.944149485138002e-05,0.21728227287823534,0.9520832223643403,0.044388758964802835,0.00015568059231339104,0.0018813140261927856,0.0014742835773851539,1.6740474965534417e-05
29.3,0.9419566861979335,0.052525226381383586,0.002941463578564275,0.001978701021391988,0.0005582541367629441,3.96686839628139e-05,0.21744745014356817,0.9519267076847411,0.04453272111227013,0.0001567282435537176,0.0018874960347490541,0.0014794932098081207,1.6853714877718582e-05
29.400000000000002,0.941783208332803,0.05267947688954931,0.002953737141889034,0.0019832886124519144,0.0005603936045064714,3.989541879930383e-05,0.21763154372551644,0.9517702430505648,0.0446766301407956,0.0001577792700231716,0.001893676444429579,0.001484703768599065,1.6967325587731474e-05
29.5,0.941608715775459,0.05283463119421352,0.002966097345329145,0.0019878950485317263,0.0005625389988118437,4.0121637653872274e-05,0.217828439294362,0.9516138284446883,0.04482048606885871,0.000158833670362584,0.0018998552569378484,0.0014899152521652343,1.708130698741255e-05
29.6,0.9414336460249422,0.05299023919971347,0.002978550474332939,0.001992526954507063,0.000564690045593473,4.034730091010374e-05,0.2180319536787275,0.9514574638499944,0.04496428891493246,0.0001598914432132614,0.001906032473975441,0.0014951276589157592,1.7195658968633685e-05
29.700000000000003,0.9412584380317841,0.0531458522562373,0.002991100564609216,0.001997190325323696,0.0005668464307450162,4.0572391299920835e-05,0.21823599020000967,0.9513011492493727,0.04510803869748352,0.00016095258721698566,0.0019122080972420374,0.0015003409872616563,1.7310381423299153e-05
29.8,0.9410835218040269,0.05330103364849746,0.0030037493590393594,0.0020018904633376127,0.0005690078113919541,4.079691370603007e-05,0.21843468362523166,0.9511448846257173,0.045251735434972115,0.00016201710101601403,0.0019183821284354142,0.0015055552356158198,1.742547424334565e-05
29.900000000000002,0.940909308537056,0.05345536849403472,0.003016496319191842,0.0020066319279396574,0.0005711738272534657,4.102089452363603e-05,0.21862253177686378,0.9509886699619295,0.045395379145852115,0.0001630849832530792,0.0019245545692514552,0.0015107704023930276,1.7540937320742278e-05
30.0,0.9407361814838127,0.05360847283622968,0.0030293386899033887,0.0020114184976581964,0.0005733441117904759,4.124438060494366e-05,0.21879451151173307,0.9508325052409161,0.04553896984857096,0.00016415623257138827,0.0019307254213841423,0.0015159864860099302,1.7656770547490514e-05
30.1,0.9405644877580442,0.05376000174236441,0.0030422716141832594,0.0020162531447514794,0.0005755183028378204,4.1467437818179844e-05,0.21894617742980163,0.9506763904455897,0.04568250756156974,0.0001652308476146236,0.0019368946865255662,0.0015212034848850558,1.7772973815624234e-05
30.200000000000003,0.9403945312355343,0.053909656246047724,0.0030552882945817108,0.002021138022128897,0.0005776960524465348,4.1690149260205563e-05,0.21907374226822326,0.9505203255588679,0.04582599230328315,0.00016630882702694207,0.0019430623663659256,0.001526421397438803,1.7889547017209674e-05
30.3,0.9402265666874856,0.054057189005205446,0.0030683801961649128,0.0020260744622789665,0.0005798770356963429,4.19126131681205e-05,0.21917413845792086,0.9503643105636762,0.04596942409213947,0.00016739016945297496,0.0019492284625935302,0.0015316402220934432,1.8006490044345462e-05
30.400000000000002,0.9400607952472273,0.054202408580804065,0.0030815372853769795,0.0020310629877331246,0.0005820609582773763,4.213494058046739e-05,0.2192450607608655,0.9502083454429443,0.04611280294656068,0.000168474873537828,0.001955392976894802,0.0015368599572731145,1.812380278916256e-05
30.5,0.9398973612770257,0.054345182276666126,0.003094748298362506,0.0020361033324595044,0.0005842475626828293,4.235725280263976e-05,0.21928499026740014,0.9500524301796088,0.046256128884962305,0.00016956293792708105,0.0019615559109542754,0.0015420806014038234,1.824148514382432e-05
30.6,0.9397363506668382,0.05448543751628409,0.0031080010317830063,0.002041194473460767,0.0005864366328993953,4.257967873382482e-05,0.21929320032263797,0.9498965647566114,0.04639940192575352,0.00017065436126678795,0.0019677172664546035,0.001547302152913438,1.8359537000526428e-05
30.700000000000003,0.9395777905622128,0.054623161767601555,0.0031212826487966483,0.0020463346717454122,0.0005886279975286864,4.280235211424527e-05,0.21926974518193906,0.9497407491568997,0.046542622087337136,0.0001717491422034764,0.001973877045076557,0.001552524610231691,1.8477958251496893e-05
30.8,0.9394216504849899,0.054758401060498105,0.003134579992687228,0.0020515215217532506,0.0005908215313191843,4.3025408751601816e-05,0.21921543238246458,0.949584983363428,0.046685789388109564,0.00017284727938414796,0.0019800352484990254,0.001557747971790175,1.859674878899609e-05
30.900000000000002,0.9392678447787817,0.05489125717343141,0.003147879900625325,0.0020567520082430597,0.0005930171551333884,4.324898378449035e-05,0.21913177997542693,0.9494292673591563,0.046828903846460886,0.0001739487714562774,0.0019861918783990263,0.0015629722360223396,1.8715908505316702e-05
31.0,0.9391162362820579,0.05502188359467378,0.0031611695102179774,0.002062022569593826,0.0005952148344176143,4.347320903823152e-05,0.21902095990478884,0.9492736011270494,0.046971965480774765,0.00017505361706781313,0.0019923469364516956,0.0015681974013634912,1.883543729278372e-05
31.1,0.9389666411056871,0.05515048038923085,0.003174436551844774,0.002067329166430218,0.0005974145762813248,4.369821052508839e-05,0.21888572895310004,0.9491179846500795,0.04711497430942858,0.0001761618148671766,0.0019985004243303008,0.0015734234662507897,1.895533504375448e-05
31.200000000000003,0.9388188343694588,0.05527728812434271,0.003187669620275918,0.002072667354457573,0.0005996164253280256,4.3924106136363256e-05,0.21872934881100917,0.9489624179112233,0.04725793035079327,0.00017727336350326236,0.0020046523437062358,0.0015786504291232478,1.9075601650618594e-05
31.3,0.9386725567338877,0.055402581024045716,0.0032008584197063504,0.002078032360381245,0.000601820458409892,4.415100356848369e-05,0.21855549696751256,0.9488069008934644,0.04740083362323344,0.00017838826162543787,0.002010802696249029,0.0015838782884217265,1.9196237005798e-05
31.400000000000002,0.9385275215497607,0.055526659536326996,0.0032139939771009757,0.0020834191597889165,0.0006040267785027706,4.4378998519050566e-05,0.21836817026347294,0.9486514335797921,0.04754368414510736,0.00017950650788354329,0.0020169514836263346,0.001589107042588936,1.9317241001746878e-05
31.5,0.9383834224386377,0.0556498425047626,0.0032270688196087602,0.002088822555891676,0.0006062355079165855,4.460817318208193e-05,0.21817158309807316,0.9484960159532008,0.047686481934766906,0.00018062810092789146,0.0020230987075039483,0.001594336690069432,1.9438613530951747e-05
31.6,0.9382399411129364,0.05577245914013557,0.0032400771127452633,0.0020942372580494122,0.0006084467810681932,4.4838595064509536e-05,0.21797006241982247,0.9483406479966923,0.04782922701055761,0.00018175303940926735,0.0020292443695458027,0.0015995672293096115,1.9560354485931378e-05
31.700000000000003,0.9380967552442852,0.055894840986438904,0.0032530147570400425,0.00209965795904744,0.0006106607370492531,4.507031613853774e-05,0.21776794176023445,0.9481853296932716,0.04797191939081867,0.0001828813219789285,0.0020353884714139655,0.0016047986587577167,1.968246375923678e-05
31.8,0.9379535461933811,0.05601731407004449,0.003265879441872672,0.002105079410143275,0.0006128775122207778,4.5303372336928857e-05,0.21756945666626942,0.9480300610259526,0.048114559093882944,0.0001840129472886042,0.0020415310147686495,0.001610030976863826,1.9804941243451285e-05
31.900000000000002,0.9378100064234021,0.05614019141092951,0.003278670656253949,0.0021104964929640306,0.000615097233058916,4.5537783390800724e-05,0.21737864394214196,0.9478748419777535,0.04825714613807691,0.00018514791399049606,0.0020476720012682094,0.0016152641820798574,1.9927786831190447e-05
32.0,0.9376658464317513,0.05626376606105414,0.0032913896573229197,0.0021159042874049996,0.0006173200094635636,4.577355300227463e-05,0.2171992471068806,0.9477196725316985,0.0483996805417207,0.00018628622073727703,0.0020538114325691446,0.0016204982728595637,2.0051000415102043e-05
32.1,0.9375208010511598,0.05638830481771923,0.0033040393983022258,0.002121298134757522,0.0006195459287231203,4.601066933744631e-05,0.21703463039754048,0.9475645526708174,0.04854216232312814,0.0001874278661820921,0.002059949310326104,0.0016257332476585298,2.0174581887866132e-05
32.2,0.937374634990427,0.05651404273950745,0.0033166244185622164,0.002126673695378105,0.0006217750503057091,4.6249105818807815e-05,0.21688770348922412,0.9474094823781467,0.04868459150060669,0.00018857284897855726,0.002066085636191883,0.0016309691049341735,2.029853114219498e-05
32.300000000000004,0.9372271475068313,0.05664117856978882,0.003329150699268407,0.00213202700029989,0.0006240074016202074,4.6488822190549373e-05,0.2167608588576519,0.947254461636728,0.04882696809245744,0.00018972116778076024,0.002072220411817429,0.0016362058431457405,2.042284807083308e-05
32.4,0.9370781761258686,0.05676987114835422,0.003341625488809992,0.002137354496280896,0.0006262429748602981,4.672976582522264e-05,0.21665592338021206,0.9470994904296087,0.048969292116975253,0.00019087282124325948,0.0020783536388518475,0.0016414434607543045,2.054753256655715e-05
32.5,0.9369275993489025,0.05690023686615395,0.0033540571028145122,0.0021426530838798497,0.0006284817250122989,4.6971873236136166e-05,0.2165741253666849,0.9469445687398431,0.04911156359244854,0.0001920278080210846,0.0020844853189423925,0.001646681956222765,2.0672584522176136e-05
32.6,0.9367753383148868,0.05703234819199907,0.0033664547040340854,0.0021479201482488804,0.000630723569073673,4.721507175664656e-05,0.2165160777473391,0.9467896965504902,0.049253782537159424,0.00019318612676973596,0.00209061545373448,0.0016519213280158421,2.0798003830531134e-05
32.7,0.9366213574079338,0.05716623327405991,0.003378828067733531,0.002153153582431797,0.0006329683864947808,4.745928134524741e-05,0.21648177764528542,0.9466348738446145,0.04939594896938371,0.0001943477761451847,0.0020967440448716856,0.0016571615746000788,2.0923790384495496e-05
32.800000000000004,0.9364656638275548,0.0573018765936763,0.0033911873384153963,0.002158351803056071,0.0006352160208224806,4.770441647406275e-05,0.21647062204663894,0.9464801006052885,0.04953806290739086,0.00019551275480387233,0.0021028710939957444,0.0016624026944438374,2.104994407697472e-05
32.9,0.936308306162312,0.05743922062495268,0.0034035427837799098,0.002163513758405031,0.0006374662824915148,4.795038805802238e-05,0.21648143878186824,0.9463253768155887,0.049680124369444016,0.0001966810614027106,0.002108996602746557,0.0016676446860172957,2.1176464800906505e-05
33.0,0.9361493720298691,0.05757816843137404,0.003415904551741143,0.0021686389289531337,0.0006397189526790162,4.819710538260917e-05,0.2165125315690976,0.9461707024585968,0.04982213337380002,0.0001978526945990817,0.0021151205727621887,0.0016728875477924475,2.1303352449260724e-05
33.1,0.9359889848665357,0.057718587110714294,0.003428282436109298,0.002173727320540557,0.0006419737881096905,4.844447798958007e-05,0.2165617374661186,0.9460160775174026,0.04996408993870936,0.00019902765305083748,0.0021212430056788715,0.0016781312782430994,2.1430606915039407e-05
33.2,0.9358272999669577,0.05786031198221999,0.0034406856562112864,0.0021787794504529033,0.000644230526674914,4.869241748241234e-05,0.21662649474885617,0.9458615019751005,0.0501059940824162,0.00020020593541629993,0.00212736390313101,0.001683375875844868,2.1558228091276758e-05
33.300000000000004,0.9356644998892854,0.058003151395763806,0.003453122655268518,0.002183796326756502,0.0006464888937086794,4.8940839216332734e-05,0.2167039189910074,0.9457069758147899,0.05024784582315844,0.00020138754035426052,0.00213348326675118,0.0016886213390751796,2.1686215871039094e-05
33.4,0.9355007893526729,0.05814689203162278,0.003465600921795544,0.0021887794213189668,0.0006487486087474516,4.918966384155952e-05,0.21679088496788748,0.9455524990195777,0.050389645179167594,0.00020257246652398043,0.0021396010981701292,0.0016938676664132672,2.181457014742495e-05
33.5,0.9353363897621704,0.058291304551907536,0.0034781268376413805,0.0021937306370173764,0.0006510093925898938,4.943881867271832e-05,0.2168841119473319,0.9453980715725752,0.050531392168668914,0.00020376071258519014,0.00214571739901678,0.0016991148563401683,2.194329081356493e-05
33.6,0.9351715335008559,0.05843614946052887,0.003490705555584033,0.002198652269702039,0.000653270974466227,4.968823886216655e-05,0.21698024995717716,0.9452436934569012,0.05067308680988134,0.00020495227719808927,0.0021518321709182355,0.0017043629073387233,2.20723777626218e-05
33.7,0.935006458130413,0.05858118302793226,0.0035033409086264633,0.0022035469655415705,0.0006555330991258159,4.9937868360060425e-05,0.2170759647239201,0.945089364655678,0.05081472912101749,0.00020614715902334652,0.0021579454154997788,0.001709611817893573,2.2201830887790435e-05
33.800000000000004,0.9348414006393531,0.05872616313956924,0.0035160353523479375,0.0022084176744243626,0.0006577955336552983,5.018766064929332e-05,0.2171680191490206,0.9449350851520361,0.05095631912028369,0.00020734535672209956,0.002164057134384874,0.0017148615864911575,2.233165008229784e-05
33.9,0.9346765918728684,0.058870854933044135,0.0035287899408578778,0.0022132676001318944,0.0006600580738480461,5.043757924880384e-05,0.21725334941439467,0.9447808549291099,0.051097856825879945,0.00020854686895595476,0.002170167329195166,0.0017201122116197128,2.2461835239403124e-05
34.0,0.9345122512700882,0.05901503609783876,0.0035416043360992355,0.002218100148030342,0.0006623205499586486,5.068759798407089e-05,0.21732913407218518,0.9446266739700409,0.051239342255999944,0.00020975169438698706,0.0021762760015504898,0.0017253636917692714,2.259238625239748e-05
34.1,0.9343485820235791,0.05915850172317663,0.003554476849473527,0.0022229188710481533,0.0006645828316930245,5.093770102876384e-05,0.21739285476122508,0.944472542257976,0.05138077542883115,0.00021095983167773982,0.002182383153068867,0.0017306160254316563,2.2723303014604232e-05
34.2,0.9341857667626312,0.05930106859359004,0.0035674045140277524,0.0022277274147185326,0.0006668448323052305,5.1187882726390284e-05,0.2174423474899326,0.9443184597760675,0.05152215636255464,0.00021217127949122458,0.0021884887853665072,0.0017358692111004823,2.2854585419378747e-05
34.300000000000004,0.9340239638465638,0.059442578847697394,0.003580383184770388,0.00223252946206688,0.0006691065116954345,5.143814720527807e-05,0.21747584372076542,0.9441644265074749,0.05166348507534527,0.00021338603649092102,0.002194592900057815,0.0017411232472711524,2.2986233360108503e-05
34.4,0.9338633043374119,0.05958290293315549,0.0035934076640840454,0.0022373286791142017,0.0006713678784292579,5.168850780425753e-05,0.2174920007752165,0.9440104424353611,0.05180476158537155,0.0002146041013407769,0.0022006954987553854,0.0017463781324408574,2.3118246730213037e-05
34.5,0.9337038897033425,0.05972194180926397,0.0036064718486883657,0.00224212866174845,0.000673628990626065,5.193898632989684e-05,0.2174899213438246,0.9438565075428972,0.051945985910795724,0.00021582547270520755,0.0022067965830700116,0.0017516338651085701,2.3250625423143948e-05
34.6,0.9335457902854587,0.05985962836780422,0.003619568894188361,0.002246932884686858,0.0006758899556921044,5.2189612169029245e-05,0.21746916212859171,0.9437026218132589,0.05208715806977375,0.00021705014924909612,0.002212896154610683,0.0017568904437750507,2.3383369332384906e-05
34.7,0.933389044541748,0.05999592806192371,0.0036326913929281214,0.002251744653214013,0.0006781509289029567,5.2440421282550904e-05,0.21742973186381714,0.9435487852296282,0.05222827808045531,0.00021827812963779296,0.0022189942149845898,0.0017621478669428345,2.35164783514516e-05
34.800000000000004,0.9332336590632524,0.060130838751775426,0.0036458315606625294,0.002256567058333077,0.0006804121108678317,5.269145510803463e-05,0.21737207915582832,0.9433949977751919,0.05236934596098377,0.000219509412537116,0.0022250907657971218,0.0017674061331162392,2.3649952373891806e-05
34.9,0.9330796093395336,0.06026438979375634,0.003658981427462565,0.0022614029359119365,0.000682673743935191,5.294275939958543e-05,0.21729707075395768,0.9432412594331442,0.05251036172949625,0.0002207439966133502,0.002231185808651878,0.0017726652408013588,2.378379129328529e-05
35.0,0.9329268412335607,0.06039664041715531,0.0036721330282825635,0.002266254830342718,0.0006849361076243348,5.3194383033564846e-05,0.21720596101656478,0.9430875701866831,0.052651325404123546,0.0002219818805332474,0.0022372793451506563,0.001777925188506061,2.391799500324388e-05
35.1,0.9327752731106445,0.06052767744745564,0.003685278588737382,0.002271124963163071,0.0006871995131903794,5.344637680835006e-05,0.21710035346932544,0.942933930019015,0.05279223700299023,0.00022322306296402653,0.0022433713768934675,0.0017831859747399863,2.4052563397411412e-05
35.2,0.9326247985522896,0.06065761244912426,0.003698410701858495,0.002276015207011688,0.0006894642974499801,5.3698792265208516e-05,0.21698215547034,0.9427803389133496,0.052933096544214575,0.00022446754257337303,0.0022494619054785284,0.001788447598014546,2.418749636946373e-05
35.300000000000004,0.9324752895741162,0.06078657837219281,0.0037115224919128643,0.0022809270652098573,0.0006917308160117725,5.3951680555704075e-05,0.21685352709908978,0.9426267968529037,0.05307390404590858,0.00022571531802943867,0.002255550932502271,0.0017937100568429212,2.4322793813108696e-05
35.4,0.9323266002575183,0.060914725796089635,0.0037246077617673237,0.0022858616571765048,0.000693999436068472,5.420509137886889e-05,0.21671682547413687,0.9424733038208997,0.05321465952617799,0.00022696638800084214,0.0022616384595593357,0.0017989733497400587,2.4458455622086153e-05
35.5,0.9321785706976536,0.061042218870869885,0.003737661120752869,0.0022908197097974018,0.000696270528916652,5.445907200874459e-05,0.2165745457768925,0.9423198598005655,0.05335536300312223,0.0002282207511566674,0.002267724488242585,0.00180423747522267,2.4594481690167956e-05
35.6,0.9320310311657698,0.0611692310601284,0.0037506780905146586,0.002295801554781221,0.0006985444623752388,5.471366642989492e-05,0.21642926031394372,0.9421664647751354,0.05349601449483453,0.00022947840616646556,0.0022738090201430924,0.0018095024318092302,2.4730871911157927e-05
35.7,0.9318838063818244,0.061295940791446756,0.003763655186910947,0.002300807131947219,0.0007008215932746918,5.496891459520415e-05,0.21628355698565854,0.9420131187278489,0.05363661401940182,0.00023073935170025268,0.0022798920568501586,0.001814768218019975,2.4867626178891885e-05
35.800000000000004,0.9317367197938016,0.061422527119259655,0.003776589976632755,0.002305835998302766,0.0007031022601856989,5.5224851816787725e-05,0.21613997854087008,0.9418598216419511,0.053777161594904754,0.00023200358642851097,0.002285973599951298,0.0018200348323768978,2.5004744387237587e-05
35.9,0.9315895977630012,0.06154916550162564,0.0037894811078409423,0.0023108873426850615,0.000705386776549178,5.548150829724433e-05,0.21600096398304122,0.9417065735006939,0.05391765723941776,0.00023327110902218831,0.002292053651032253,0.0018253022734037515,2.5142226430094778e-05
36.0,0.9314422735597266,0.061676023786704344,0.003802328314743324,0.0023159600056613747,0.0007076754243586442,5.573890880485952e-05,0.21586879344932028,0.9415533742873339,0.054058100971008965,0.0002345419181526977,0.002298132211676988,0.0018305705396260408,2.5280072201395147e-05
36.1,0.9312945910810424,0.06180325849697788,0.00381513239664688,0.0023210525043072623,0.0007099684485319087,5.599707249281641e-05,0.21574553780805347,0.941400223985134,0.05419849280774032,0.00023581601249191754,0.0023042092834676996,0.001835839629571026,2.5418281595102328e-05
36.2,0.9311464082113768,0.06193101148965275,0.003827895172604973,0.0023261630614135886,0.0007122660520920013,5.625601285906153e-05,0.21563301411143,0.9412471225773629,0.05433883276766743,0.0002370933907121913,0.002310284867984809,0.0018411095417677165,2.5556854505211914e-05
36.300000000000004,0.930997599757447,0.062059407060518906,0.003840619413323656,0.002331289638611789,0.0007145683922575982,5.651573784028696e-05,0.21553274789846022,0.9410940700472946,0.05447912086883971,0.00023837405148632743,0.0023163589668069723,0.001846380274746871,2.5695790825751402e-05
36.4,0.9308480599009757,0.06218854954613467,0.003853308752482983,0.0023364299728536935,0.0007168755775216002,5.677625003059279e-05,0.21544594317155966,0.9409410663782096,0.054619357129300314,0.0002396579934875989,0.002322431581511077,0.0018516518270409984,2.5835090450780233e-05
36.5,0.9306977041256401,0.06231852146587643,0.0038659675800583678,0.002341581615638088,0.0007191876657733754,5.703754701284388e-05,0.2153734606716558,0.9407881115533933,0.05475954156708611,0.0002409452153897436,0.002328502713672245,0.001856924197184348,2.5974753274389752e-05
36.6,0.9305464705883054,0.06244938223148239,0.0038786009205850195,0.0023467419743417686,0.0007215046634961137,5.729962178857946e-05,0.2153158048576755,0.9406352055561381,0.054899674200227795,0.0002422357158669639,0.002334572364863837,0.0018621973837129138,2.611477919070324e-05
36.7,0.930394320918512,0.06258116743757307,0.003891214299588677,0.0023519083549886103,0.0007238265260463263,5.756246329061179e-05,0.2152731197636687,0.9404823483697408,0.05503975504674976,0.00024352949359392615,0.0023406405366574513,0.001867471385164434,2.6255168093875846e-05
36.800000000000004,0.9302412404440726,0.06271388873258717,0.003903813601603501,0.0023570780057764764,0.0007261531589983044,5.7826056961183286e-05,0.21524519366886186,0.940329539977505,0.05517978412467018,0.00024482654724576126,0.0023467072306229287,0.0018727462000783827,2.6395919878094656e-05
36.9,0.9300872378541625,0.06284753425595671,0.0039164049233106485,0.002362248160678853,0.0007284844205129112,5.8090385377756834e-05,0.21523147228124198,0.9401767803627389,0.055319761452000994,0.0002461268754980637,0.0023527724483283496,0.0018780218269959712,2.6537034437578603e-05
37.0,0.929932344324152,0.0629820696144674,0.003928994425358012,0.002367416082445854,0.0007308201246679215,5.8355428908190024e-05,0.2152310799124531,0.9400240695087588,0.05545968704674795,0.00024743047702689187,0.002358836191340045,0.0018832982644601494,2.6678511666578523e-05
37.1,0.9297766121383552,0.06311743935888825,0.003941588186364449,0.0023725791043475598,0.0007331600456667368,5.8621166377182796e-05,0.21524284791875023,0.9398714073988831,0.05559956092691045,0.0002487373505087683,0.0023648984612225877,0.001888575511015598,2.6820351459377132e-05
37.2,0.929620112857584,0.06325356891135954,0.0039541920624740065,0.0023777346700311944,0.0007355039228241304,5.8887575726468554e-05,0.21526534950641596,0.93971879401644,0.05573938311048176,0.00025004749462067844,0.0023709592595388016,0.0018938535652087273,2.6962553710288988e-05
37.300000000000004,0.9294629350877129,0.06339036688490814,0.003966811555612183,0.002382880370901838,0.0007378514662120683,5.9154634652208895e-05,0.21529693985580844,0.93956622934476,0.05587915361544889,0.00025136090804007125,0.0023770185878497587,0.001899132425587683,2.710511831366055e-05
37.4,0.9293051819131731,0.063527727728988,0.0039794516933143575,0.002388013980483595,0.00074020236283595,5.94223212044146e-05,0.21533580040992606,0.9394137133671814,0.05601887245979261,0.00025267758944485933,0.002383076447714789,0.0019044120907023333,2.7248045163870064e-05
37.5,0.9291469680652892,0.06366553462924568,0.0039921169226541505,0.0023931334852735344,0.0007425562832020099,5.9690614334901085e-05,0.2153799861031006,0.9392612460670479,0.056158539661487504,0.0002539975375134176,0.0023891328406914704,0.0019096925591042745,2.7391334155327702e-05
37.6,0.9289884168995501,0.06380366258586713,0.004004811020406377,0.002398237111663302,0.0007449128881303085,5.995949438224201e-05,0.21542747427356682,0.9391088274277085,0.056298155238501874,0.00025532075092458446,0.0023951877683356425,0.0019149738293468249,2.75349851824754e-05
37.7,0.9288296572582219,0.0639419815929106,0.00401753702114588,0.0024033233485720672,0.0007472718356647868,6.022894348435315e-05,0.21547621400902228,0.9389564574325182,0.056437719208797865,0.0002566472283576606,0.002401241232201398,0.0019202558999850269,2.7678998139786957e-05
37.800000000000004,0.9286708202951689,0.06408035984095775,0.0040302971645208956,0.0024083909655081277,0.0007496327879322487,6.0498945911655484e-05,0.21552417471430016,0.9388041360648377,0.05657723159033135,0.0002579769684924098,0.0024072932338410967,0.0019255387695756416,2.7823372921767984e-05
37.9,0.9285120363383951,0.06421866686716914,0.0040430928624595125,0.0024134390258538766,0.0007519954178058217,6.076948831617162e-05,0.21556939276123388,0.9386518633080332,0.056716692401052024,0.00025930997000905766,0.002413343774805353,0.0019308224366771458,2.7968109422955947e-05
38.0,0.9283534318627238,0.06435677658031586,0.0040559246865817435,0.0024184668952485985,0.00075435941523526,6.104055989433754e-05,0.21561001517815315,0.9384996391454778,0.056856101658903334,0.0002606462315882924,0.002419392856643054,0.0019361068998497374,2.811320753792006e-05
38.1,0.9281951266403448,0.06449457009344126,0.004068792375609363,0.0024234742450243065,0.0007567244931161753,6.131215246370087e-05,0.21564433945508962,0.9383474635605481,0.05699545938182256,0.0002619857519112643,0.0024254404809013435,0.0019413921576553245,2.8258667161261352e-05
38.2,0.9280372311308068,0.0646319383033216,0.004081694862102156,0.002428461050730319,0.0007590903925826593,6.158426045597044e-05,0.21567084867541114,0.9381953365366288,0.057134765587740735,0.0002633285296595855,0.0024314866491256405,0.0019466782086575278,2.8404488187612664e-05
38.300000000000004,0.9278798441646287,0.0647687841636436,0.004094630317412867,0.0024334275858610165,0.0007614568876224203,6.185688083102154e-05,0.21568824132993852,0.9380432580571088,0.05727402029458271,0.00026467456351533005,0.0024375313628596314,0.0019519650514216798,2.855067051163864e-05
38.400000000000006,0.9277230509662364,0.06490502460758378,0.0041075962133536965,0.0024383744109770377,0.0007638237889301647,6.2130012918402e-05,0.21569545532074974,0.9378912281053837,0.057413223520267065,0.0002660238521610336,0.0024435746236452726,0.00195725268451482,2.8697214028035644e-05
38.5,0.9275669215526542,0.06504059208502291,0.00412058939871295,0.0024433023584817665,0.0007661909469330657,6.240365819458074e-05,0.21569168581442175,0.9377392466648538,0.057552375282706285,0.0002673763942796928,0.002449616433022796,0.0019625411065056953,2.8844118631531868e-05
38.6,0.9274115095345028,0.06517543568970992,0.004133606188458705,0.0024482125133811787,0.0007685582539413552,6.267782000559901e-05,0.21567639675468014,0.9375873137189265,0.057691475599806585,0.00026873218855476673,0.00245565679253071,0.0019678303159647555,2.8991384216887226e-05
38.7,0.9272568513356667,0.06530952186205242,0.004146642463222796,0.0024531061904149187,0.0007709256453968922,6.295250324589724e-05,0.21564932598934106,0.9374354292510129,0.057830524489467974,0.0002700912336701743,0.0024616957037057983,0.0019731203114641553,2.913901067889341e-05
38.800000000000004,0.9271029658377021,0.06544283466360364,0.004159693776477414,0.002457984907998938,0.0007732931002125603,6.322771400488057e-05,0.21561048410371608,0.937283593244532,0.05796952196958432,0.0002714535283102964,0.002467733168083124,0.0019784110915777495,2.9286997912373856e-05
38.900000000000006,0.9269498544449349,0.0655753756294912,0.004172755466700747,0.0024628503594643367,0.0007756606402150503,6.35034591932406e-05,0.21556014718070476,0.9371318056829074,0.05810846805804325,0.00027281907115997444,0.002473769187196036,0.001983702654881091,2.9435345812183747e-05
39.0,0.9267975015564626,0.06570716321476215,0.004185822771778497,0.002467704382112564,0.0007780283287225936,6.377974616117218e-05,0.2154988438254289,0.9369800665495683,0.058247362772726165,0.00027418786090451034,0.002479803762576158,0.0019889949999514285,2.9584054273209987e-05
39.1,0.9266458754221509,0.0658382318596832,0.004198890942904389,0.0024725489246334212,0.0007803962683070987,6.40565823204165e-05,0.2154273368987248,0.9368283758279504,0.05838620613150839,0.0002755598962296669,0.002485836895753407,0.0019942881253677083,2.9733123190371212e-05
39.2,0.9264949293513964,0.06596863070724335,0.004211955355322706,0.0024773860134489722,0.0007827645978065393,6.433397478154237e-05,0.21534660049851834,0.936676733501494,0.058524998152258964,0.00027693517582166703,0.0024918685882559816,0.001999582029710568,2.988255245861777e-05
39.300000000000004,0.9263446032360741,0.06609842201329058,0.004225011613396259,0.002482217718553455,0.0007851334886680316,6.461193001706871e-05,0.21525779281057114,0.9365251395536461,0.05866373885284075,0.0002783136983671939,0.0024978988416103722,0.002004876711562336,3.003234197293174e-05
39.400000000000006,0.9261948253428741,0.06622767929575532,0.004238055647678995,0.0024870461194165527,0.0007875031407145183,6.489045355996129e-05,0.21516222551977343,0.9363735939678592,0.05880242825111045,0.00027969546255339077,0.002503927657341358,0.002010172169507033,3.0182491628326892e-05
39.5,0.9260455143252263,0.06635648527416622,0.004251083801917794,0.002491873271505176,0.0007898737774381424,6.516954974574299e-05,0.21506133052944268,0.9362220967275915,0.05894106636491859,0.00028108046706786107,0.002509955036972012,0.002015468402130364,3.0333001319848703e-05
39.6,0.9258965814013378,0.06648492965407203,0.004264092908195937,0.002496701173957585,0.0007922456409310602,6.544922150497674e-05,0.21495662477821512,0.9360706478163059,0.059079653212109534,0.00028246871059866755,0.0025159809820237008,0.0020207654080197203,3.048387094257434e-05
39.7,0.9257479326425432,0.06661310681300836,0.004277080348753323,0.0025015317389137227,0.0007946189865695095,6.572947021125915e-05,0.2148496739712407,0.9359192472174722,0.05921818881052141,0.0002838601918343327,0.00252200549401609,0.002026063185764177,3.0635100391612606e-05
39.800000000000004,0.9255994713152234,0.06674111344528318,0.0042900441033675105,0.002506366762967773,0.0007969940775693669,6.601029558814587e-05,0.21474205605363494,0.9357678949145662,0.059356673177986215,0.00028525490946383874,0.0025280285744671374,0.002031361733954493,3.0786689562104045e-05
39.900000000000006,0.9254511002199569,0.06686904622212471,0.00430298278154596,0.002511207901163912,0.0007993711795312001,6.629169567666385e-05,0.21463532524871393,0.9356165908910682,0.05949510633232973,0.00028665286217662673,0.002534050224893108,0.002036661051183102,3.093863834922084e-05
40.0,0.9253027239732863,0.06699699952170003,0.004315895639154737,0.0025160566439049476,0.0008017505550900335,6.657366686329854e-05,0.21453097746081629,0.9354653351304649,0.05963348829137167,0.00028805404866259716,0.0025400704468085643,0.002041961136044122,3.109094664816683e-05
40.1,0.9251542511804262,0.06712506328025655,0.0043287825794831305,0.002520914297087049,0.0008041324587798144,6.685620396662168e-05,0.21443041780224067,0.9353141276162484,0.05977181907292542,0.00028945846761210933,0.0025460892417263755,0.0020472619871333415,3.12436143541775e-05
40.2,0.9250055964513085,0.06725332101127503,0.00434164413910852,0.002525781965713046,0.0008065171322150652,6.713930037909074e-05,0.21433493094617367,0.9351629683319171,0.05991009869479833,0.0002908661177159815,0.0025521066111577127,0.0020525636030482275,3.139664136252002e-05
40.300000000000004,0.9248566822174237,0.06738184803418769,0.0043544814592731,0.0025306605411731125,0.0008089047996826788,6.742294825904626e-05,0.21424565493317468,0.9350118572609742,0.06004832717479155,0.0002922769976654906,0.0025581225566120593,0.002057865982387916,3.1550027568493144e-05
40.400000000000006,0.924707440312824,0.06751070994806137,0.0043672962438058485,0.0025355506923160197,0.0008112956642254959,6.77071387665924e-05,0.21416355896917633,0.9348607943869297,0.06018650453070005,0.0002936911061523717,0.0025641370795972044,0.002063169123753216,3.170377286742726e-05
40.5,0.9245578132892536,0.06763996137884275,0.004380090704912768,0.002540452860367891,0.0008136899042865089,6.799186233590206e-05,0.2140894256500459,0.9347097796932979,0.06032463078031264,0.0002951084418688188,0.0025701501816192502,0.002068473025746605,3.1857877154684475e-05
40.6,0.9244077554424655,0.06776964502149051,0.004392867498409666,0.002545367257689583,0.0008160876709685901,6.827710897556608e-05,0.214023837934119,0.9345588131636001,0.06046270594141198,0.00029652900350748355,0.0025761618641826113,0.0020737776869722236,3.2012340325658365e-05
40.7,0.9242572335342223,0.06789979099075984,0.004405629650179871,0.002550293870299603,0.0008184890859498569,6.856286858792362e-05,0.213967171062883,0.9344078947813622,0.060600730031774554,0.0002979527897614761,0.002582172128790018,0.002079083106035882,3.2167162275774204e-05
40.800000000000004,0.9241062272020456,0.06803041648674804,0.004418380475800366,0.0025552324640279933,0.0008208942400795479,6.884913129788514e-05,0.21391958950467402,0.934257024530117,0.06073870306917076,0.0002993797993243641,0.0025881809769425185,0.002084389281545051,3.232234290048888e-05
40.900000000000006,0.9239547290563193,0.06816152577373455,0.004431123495391293,0.0025601825941087846,0.0008233031926639108,6.913588778159098e-05,0.2138810488705884,0.9341062023934016,0.06087662507136479,0.00030081003089017306,0.002594188410139478,0.002089696212108863,3.247788209529081e-05
41.0,0.9238027444716745,0.0682931104635333,0.004443862345804306,0.0025651436179654754,0.0008257159714364423,6.94231295853412e-05,0.21385130262960644,0.9339554283547593,0.06101449605611469,0.00030224348315338644,0.002600194429878581,0.0020950038963381086,3.263377975570004e-05
41.1,0.923650291086528,0.0684251500876827,0.0044566006922746445,0.002570114710896269,0.0008281325731922226,6.971084942557757e-05,0.21382991333484752,0.9338047023977404,0.06115231604117234,0.0003036801548089442,0.00260619903765584,0.002100312332845239,3.27900357772682e-05
41.2,0.9234973980310631,0.06855761293647737,0.0044693421416210875,0.0025750948843242484,0.0008305529650523235,6.999904146128145e-05,0.21381626796826453,0.9336540245058986,0.061290085044283495,0.0003051200445522448,0.0026122022349655853,0.002105621520244356,3.2946650055578464e-05
41.300000000000004,0.9233441049096943,0.06869045713723017,0.004482090158989518,0.002580083006242893,0.0008329770863116573,7.028770153095625e-05,0.21380959691987117,0.9335033946627951,0.06142780308318778,0.00030656315107914245,0.002618204023300479,0.0021109314571512204,3.3103622486245565e-05
41.400000000000006,0.9231904605690273,0.06882363193935007,0.00449484799000266,0.0025850778234597182,0.0008354048508123853,7.057682734736208e-05,0.2138089960420774,0.9333528128519957,0.0615654701756187,0.0003080094730859497,0.0026242044041515063,0.0021162421421832404,3.3260952964915865e-05
41.5,0.9230365216864297,0.06895707916992415,0.004507618590005178,0.0025900779852207428,0.0008378361497753525,7.086641864433706e-05,0.21381345116160408,0.9332022790570722,0.061703086339303576,0.00030945900926943455,0.0026302033790079854,0.002121553573959478,3.3418641387267154e-05
41.6,0.9228823512174815,0.0690907348205618,0.004520404561884645,0.002595082067786071,0.0008402708550141247,7.115647727134168e-05,0.21382186439173462,0.933051793261602,0.06184065159196359,0.0003109117583268227,0.0026362009493575652,0.002126865751100639,3.3576687649008887e-05
41.7,0.922728016742746,0.06922453072433771,0.004533208103710738,0.0026000885995221745,0.0008427088224501775,7.144700723276327e-05,0.21383308156667366,0.932901355449169,0.061978165951313786,0.00031236771895579575,0.0026421971166862286,0.00213217867222908,3.373509164588196e-05
41.800000000000004,0.9225735887554589,0.06935839628077323,0.00454603096717374,0.002605096086079345,0.0008451498958437415,7.173801467048199e-05,0.21384592011718548,0.9327509656033616,0.06211562943506312,0.00031382688985449186,0.002648191882478294,0.002137492335968799,3.389385327365882e-05
41.900000000000006,0.9224191389318863,0.06949226018691207,0.004558874427525665,0.0026101030352330256,0.0008475939106527328,7.2029507789688e-05,0.2138591967215699,0.9326006237077739,0.06225304206091441,0.0003152892697215054,0.0026541852482164147,0.002142806740945439,3.405297242814348e-05
42.0,0.9222647384252675,0.06962605213364549,0.0045717392654401135,0.002615107980984956,0.0008500406979321175,7.232149672941512e-05,0.21387175409698322,0.9324503297460066,0.062390403846564337,0.0003167548572558864,0.0026601772153815885,0.00214812188578628,3.4212449005171446e-05
42.1,0.9221104562225023,0.0697597044284677,0.00458462576091714,0.0026201095065437694,0.0008524900881878965,7.261399338068196e-05,0.2138824863413266,0.9323000837016655,0.06252771480970339,0.0003182236511571412,0.002666167785453147,0.0021534377691202456,3.4372282900609665e-05
42.2,0.9219563576001117,0.06989315350871945,0.004597533699073966,0.0026251062658343084,0.0008549419151035543,7.29070111564715e-05,0.21389036229328276,0.9321498855583616,0.06266497496801604,0.0003196956501252316,0.002672156959908771,0.0021587543895778922,3.453247401035664e-05
42.300000000000004,0.9218025027125961,0.07002634131301472,0.004610462387387808,0.0026300970032197596,0.0008573960190621791,7.320056471900366e-05,0.21389444644533423,0.9319997352997123,0.06280218433918057,0.0003211708528605751,0.00267814474022448,0.0021640717457914144,3.469302223034238e-05
42.400000000000006,0.921648945342242,0.07015921648283276,0.004623410683699589,0.0026350805711600387,0.0008598522503943286,7.349466967083144e-05,0.21389391701934993,0.9318496329093411,0.06293934294086918,0.0003226492580640446,0.0026841311278746455,0.0021693898363946387,3.485392745652832e-05
42.5,0.9214957318347902,0.07029173537107695,0.004636377034052496,0.0026400559455728037,0.0008623104722899223,7.378934221719673e-05,0.21388808089430753,0.9316995783708749,0.06307645079074789,0.00032413086443696776,0.0026901161243319833,0.002174708660023025,3.5015189584907434e-05
42.6,0.9213429002403059,0.07042386283962276,0.004649359519232114,0.0026450222387092476,0.0008647705633217429,7.408459880779517e-05,0.2138763851586538,0.9315495716679493,0.0632135079064767,0.0003256156706811282,0.0026960997310675606,0.0021800282153136602,3.5176808511504075e-05
42.7,0.9211904796732245,0.07055557283336611,0.0046623559086994525,0.002649978709404493,0.0008672324195382956,7.438045576660599e-05,0.21385842514368433,0.931399612784203,0.06335051430570945,0.0003271036754987639,0.0027020819495507955,0.0021853485009052623,3.533878413237415e-05
42.800000000000004,0.9210384899000041,0.07068684872390314,0.00467536372046784,0.0026549247706111013,0.0008696959560945593,7.46769289187325e-05,0.21383394887727994,0.9312497017032824,0.06348747000609382,0.00032859487759256777,0.002708062781249464,0.0021906695154381714,3.550111634360499e-05
42.900000000000006,0.9208869411572442,0.07081768342158692,0.004688380285371796,0.0026598599941730174,0.0008721611084002933,7.497403322326614e-05,0.2138028579777605,0.931099838408837,0.06362437502527143,0.0003300892756656871,0.002714042227629689,0.002195991257554357,3.5663805041315315e-05
43.0,0.9207358341976594,0.07094807926018484,0.004701402814112098,0.002664784112845365,0.000874627832776802,7.527178242103446e-05,0.21376520508411057,0.930950022884525,0.06376122938087785,0.0003315868684217241,0.002720020290155959,0.0022013137258974063,3.582685012165537e-05
43.1,0.920585160556044,0.07107804766357674,0.004714428465436854,0.002669697019612023,0.0008770961066241376,7.557018870572552e-05,0.2137211879902218,0.9308002551140081,0.06389803309054237,0.00033308765456473497,0.0027259969702911175,0.0022066369191125284,3.599025148080675e-05
43.2,0.9204349030224573,0.0712076086087743,0.004727454413833021,0.0026745987643971114,0.0008795659281114043,7.586926242631027e-05,0.21367114071607118,0.9306505350809545,0.06403478617188842,0.0003345916327992303,0.00273197226949637,0.002211960835846555,3.615400901498255e-05
43.300000000000004,0.9202850363053917,0.07133678990390405,0.004740477915155182,0.00267948954830767,0.0008820373154128974,7.61690118279261e-05,0.21361552180709292,0.930500862769037,0.06417148864253315,0.00033609880183017437,0.002737946189231286,0.0022172854747479287,3.6318122620427226e-05
43.400000000000006,0.9201355278637604,0.07146562630359095,0.00475349636870629,0.0026843697155822964,0.0008845103055220538,7.646944283745971e-05,0.21355490020365717,0.9303512381619353,0.0643081405200876,0.00033760916036298564,0.0027439187309537955,0.0022226108344667113,3.6482592193416626e-05
43.5,0.9199863388832228,0.07159415848733484,0.004766507374405585,0.0026892397434537954,0.0008869849526834267,7.67705588989988e-05,0.21348993906496114,0.9302016612433345,0.06444474182215686,0.0003391227071035362,0.002749889896120198,0.002227936913654578,3.664741763025808e-05
43.6,0.9198374253697225,0.071722431928933,0.004779508783828359,0.00269410023016249,0.0008894613264899953,7.707236086313809e-05,0.21342137796521266,0.9300521319969247,0.06458129256633983,0.0003406394407581516,0.002755859686185162,0.002233263710964813,3.681259882729023e-05
43.7,0.9196887393311801,0.07185049568673085,0.004792498744076334,0.0026989518813804437,0.0008919395096989268,7.737484693285436e-05,0.213350013904324,0.9299026504064022,0.06471779277022928,0.0003421593600336106,0.0027618281026017236,0.0022385912250523126,3.6978135680883145e-05
43.800000000000004,0.9195402300170904,0.07197840114546157,0.0048054757336316355,0.002703795495325176,0.0008944195958233679,7.767801266733982e-05,0.2132766815900811,0.9297532164554686,0.06485424245141203,0.0003436824636371457,0.002767795146821291,0.002243919454573579,3.7144028087438254e-05
43.900000000000006,0.9193918451853224,0.0721062007406617,0.00481843858955639,0.0027086319468543406,0.0008969016865608765,7.798185104383326e-05,0.21320223345368497,0.9296038301278311,0.06499064162746862,0.00034520875027644216,0.0027737608202936474,0.0022492483981867255,3.731027594338837e-05
44.0,0.9192435323657009,0.07223394669614268,0.004831386525618774,0.0027134621708402996,0.0008993858891207032,7.828635257614851e-05,0.21312751985558498,0.9294544914072034,0.06512699031597365,0.0003467382186596381,0.0027797251244669483,0.0022545780545514624,3.7476879145197706e-05
44.1,0.9190952400909358,0.07236168980378911,0.004844319141149386,0.0027182871451255394,0.0009018723135123003,7.859150548729964e-05,0.2130533699237102,0.9293052002773029,0.0652632885344956,0.00034827086749532457,0.0027856880607877313,0.002259908422329108,3.764383758936172e-05
44.2,0.9189469190671061,0.07248947827309418,0.004857236420653851,0.002723107873356654,0.0009043610698562197,7.889729593239217e-05,0.21298057344184013,0.929155956721855,0.06539953630059686,0.00034980669549254526,0.0027916496307009084,0.0022652395001825794,3.781115117240732e-05
44.300000000000004,0.9187985232581528,0.07261735667539396,0.004870138724423397,0.002727925367986378,0.0009068522657760387,7.920370826681886e-05,0.2129098641724308,0.9290067607245887,0.06553573363183375,0.0003513457013607963,0.0027976098356497724,0.0022705712867763924,3.797881979089274e-05
44.400000000000006,0.9186500108616109,0.0727453650047985,0.00488302677058979,0.002732740633720177,0.0009093460039262012,7.95107253537897e-05,0.21284190495645305,0.9288576122692396,0.06567188054575648,0.00035288788381002595,0.0028035686770760014,0.002275903780776661,3.8146843341407515e-05
44.5,0.918501345156036,0.07287353787442637,0.004895901609260147,0.002737554651666662,0.000911842379705835,7.981832890436453e-05,0.2127772748836911,0.928708511339549,0.06580797705990923,0.00035443324155063504,0.002809526156419657,0.0022812369808510938,3.831522172057252e-05
44.6,0.9183524952041677,0.07300190386281985,0.004908764589536489,0.0027423683644299743,0.000914341479202826,8.01264998424573e-05,0.2127164587716805,0.9285594579192633,0.06594402319183008,0.00035598177329347597,0.0028154822751191863,0.002286570885668993,3.848395482503995e-05
44.7,0.9182034363997269,0.07313048502145073,0.004921617320371218,0.002747182662357833,0.0009168433774058587,8.043521868676149e-05,0.2126598391314323,0.9284104519921351,0.06608001895905107,0.0003575334777498533,0.002821437034611423,0.002291905493901253,3.8653042551493325e-05
44.800000000000004,0.9180541508497619,0.07325929655011951,0.0049344616263299395,0.0027519983711317146,0.0009193481367149566,8.07444659412136e-05,0.212607690734877,0.9282614935419217,0.06621596437909809,0.0003590883536315231,0.00282739043633159,0.002297240804220359,3.8822484796647436e-05
44.900000000000006,0.9179046275885524,0.07338834664290644,0.004947299499425275,0.002756816240856168,0.0009218558057734397,8.105422248547312e-05,0.2125601778342031,0.9281125825523872,0.06635185946949107,0.00036064639965069313,0.002833342481713307,0.002302576815300382,3.8992281457248426e-05
45.0,0.9177548626231377,0.0735176365032473,0.004960133048247799,0.0027616369367732337,0.0009243664186363483,8.136446995695207e-05,0.21251735401873123,0.9279637190073003,0.06648770424774383,0.0003622076145200225,0.0028392931721885803,0.0023079135258169806,3.916243243007368e-05
45.1,0.917604858814475,0.07364716052277717,0.004972964445652595,0.0027664610316958794,0.0009268799942824596,8.167519111617462e-05,0.21247916463231278,0.9278149028904366,0.06662349873136408,0.00036377199695262157,0.002845242509187814,0.0023132509344474,3.933293761193185e-05
45.2,0.9174546256019617,0.0737769066148969,0.004985795876261834,0.0027712890002219008,0.0009293965364691988,8.198637018767419e-05,0.2124454516151669,0.9276661341855744,0.06675924293785354,0.0003653395456620517,0.0028511904941398085,0.0023185890398704665,3.950379689966293e-05
45.300000000000004,0.9173041785824837,0.0739068566906502,0.0049986294850162755,0.002776121214757486,0.0009319160339222217,8.229799316923593e-05,0.21241596058000203,0.9275174128765014,0.06689493688470785,0.0003669102593623251,0.0028571371284717637,0.0023239278407665874,3.967501019013811e-05
45.400000000000006,0.9171535389582268,0.07403698726152405,0.0050114673279528016,0.002780957943348104,0.0009344384608443507,8.261004810304571e-05,0.21239034988459465,0.9273687389470083,0.06703058058941659,0.0003684841367679054,0.002863082413609279,0.002329267335817748,3.9846577380259886e-05
45.5,0.9170027328701278,0.07416727015125878,0.005024311326303204,0.0027857993492841223,0.0009369637777220459,8.292252530319587e-05,0.21236820142273669,0.9272201123808922,0.06716617406946326,0.0003700611765937059,0.0028690263509763545,0.002334607523707516,4.0018498366961985e-05
45.6,0.9168517906360143,0.07429767329672395,0.005037163224904035,0.002790645492420048,0.0009394919324017968,8.323541753500163e-05,0.2123490328234803,0.927071533161956,0.06730171734232535,0.00037164137755509106,0.0028749689419953956,0.002339948403121029,4.0190773047209396e-05
45.7,0.9167007459141379,0.07442816161641354,0.00505002455578131,0.002795496332119945,0.0009420228614038443,8.354872014267393e-05,0.21233231072544412,0.9269230012740077,0.06743721042547429,0.0003732247383678755,0.0028809101880872125,0.002345289972745002,4.036340131799828e-05
45.800000000000004,0.9165496348139299,0.0745586979241609,0.005062896607630938,0.0028003517317177987,0.0009445564914365681,8.38624311230515e-05,0.2123174647788512,0.9267745167008611,0.06757265333637542,0.00037481125774832373,0.002886850090671023,0.0023506322312677234,4.0536383076356165e-05
45.900000000000006,0.9163984949763895,0.07468924386527345,0.005075780401759488,0.0028052114643606577,0.0009470927410717483,8.417655114428734e-05,0.21230390202296315,0.9266260794263359,0.06770804609248812,0.0003764009344131508,0.0028927886511644547,0.002355975177379048,4.070971821934163e-05
46.0,0.916247364646546,0.07481976085243576,0.005088676674884454,0.0028100752200845634,0.0009496315225387914,8.449108350958757e-05,0.21229102129036612,0.926477689434257,0.06784338871126566,0.0003779937670795212,0.002898725870983544,0.0023613188097704016,4.088340664404462e-05
46.1,0.9160962817599513,0.07495021097940446,0.005101585869022555,0.002814942613958751,0.0009521727435948921,8.480603406728618e-05,0.21227822730167675,0.9263293467084547,0.06797868121015524,0.0003795897544650492,0.0029046617515427428,0.0023666631271347786,4.105744824758619e-05
46.2,0.9159452830641658,0.07508055789169041,0.005114508128522975,0.0028198131951224573,0.0009547163094279817,8.512141106967996e-05,0.2122649441339521,0.9261810512327652,0.06811392360659814,0.00038118889528779873,0.002910596294254914,0.0023720081281667373,4.123184292711863e-05
46.300000000000004,0.915794403294751,0.07521076759504913,0.005127443304133881,0.0028246864565310004,0.0009572621245501607,8.543722498412161e-05,0.21225062777255593,0.926032802991031,0.06824911591802948,0.00038279118826628315,0.0029165295005313388,0.002377353811562397,4.14065905798254e-05
46.400000000000006,0.9156436744234165,0.0753408091846285,0.00514039096382884,0.0028295618452235543,0.0009598100946410645,8.575348826085004e-05,0.21223477748846822,0.925884601967098,0.06838425816187836,0.000384396632119465,0.002922461371781715,0.0023827001760194436,4.1581691102921195e-05
46.5,0.915493124993747,0.07547065547999346,0.005153350409968572,0.0028344387729241525,0.0009623601283032098,8.60702150629077e-05,0.2122169458199443,0.9257364481448205,0.06851935035556797,0.0003860052255667558,0.00292839190941416,0.002388047220237118,4.1757144393651834e-05
46.6,0.9153427795574188,0.0756002835538956,0.005166320702236106,0.002839316626789811,0.0009649121386947115,8.638742096423511e-05,0.2121967469779392,0.9255883415080564,0.0686543925165153,0.0003876169673280163,0.002934321114835214,0.002393394942916222,4.193295034929434e-05
46.7,0.9151926582210707,0.07572967514550959,0.005179300685662619,0.002844194780125055,0.000967466045008748,8.670512262263e-05,0.21217386353767306,0.9254402820406686,0.06878938466213144,0.0003892318561235559,0.0029402489894498384,0.0023987433427591145,4.210910886715687e-05
46.800000000000004,0.9150427763110942,0.07585881695184687,0.00519228902295957,0.0028490726028903355,0.0009700217737736894,8.702333743470241e-05,0.21214805132302456,0.9252922697265288,0.06892432680982134,0.00039084989067413245,0.0029461755346614207,0.0024040924184697086,4.2285619844578773e-05
46.900000000000006,0.9148931441606281,0.07598770079410386,0.005205284230291972,0.002853949471842607,0.0009725792599527312,8.734208318023732e-05,0.21211914243506053,0.9251443045495107,0.06905921897698407,0.00039247106970095267,0.0029521007518717728,0.0024094421687534686,4.246248317893049e-05
47.0,0.9147437670200449,0.07611632365873548,0.005218284715569187,0.002858824780159303,0.0009751384478271103,8.766137766349378e-05,0.2120870464199274,0.9249963864934956,0.06919406118101254,0.0003940953919256713,0.0029580246424811374,0.0024147925923174106,4.263969876761365e-05
47.1,0.9145946450892884,0.07624468761599354,0.005231288818294298,0.0028636979464119147,0.0009776992916523618,8.798123835892081e-05,0.21205174961366768,0.9248485155423698,0.0693288534392937,0.00039572285607039143,0.0029639472078881856,0.002420143687870102,4.281726650806104e-05
47.2,0.9144457736676097,0.07637279962146577,0.005244294850001064,0.0028685684227718307,0.000980261756082488,8.830168206856074e-05,0.21201331274142338,0.9247006916800241,0.06946359576920849,0.000397353460857664,0.002969868449490021,0.0024254954541216567,4.299518629773647e-05
47.300000000000004,0.9142971434136353,0.07650067120873648,0.005257301134318511,0.0028734357023488407,0.0009828258163622353,8.862272459804891e-05,0.21197186688526384,0.9245529148903576,0.06959828818813182,0.00039898720501048825,0.00297578836868218,0.002430847889783734,4.317345803413497e-05
47.400000000000006,0.9141487407063255,0.07662831808360601,0.005270306045736357,0.0028782993255812447,0.0009853914582927893,8.89443804576129e-05,0.21192760796785545,0.9244051851572722,0.06973293071343258,0.0004006240872523107,0.002981706966858634,0.0024362009935695395,4.33520816147826e-05
47.5,0.9140005480953005,0.07675575963231006,0.005283308046198518,0.002883158885615578,0.0009879586779809847,8.926666259383998e-05,0.21188078992786882,0.9242575024646766,0.06986752336247366,0.0004022641063070256,0.0029876242454117937,0.002441554764193819,4.353105693723662e-05
47.6,0.913852544827266,0.0768830183578316,0.005296305718724964,0.002888014032633162,0.0009905274813865159,8.958958215723516e-05,0.2118317167869289,0.9241098667964843,0.07000206615261191,0.00040390726089897463,0.0029935402057325046,0.00244690920037286,4.371038389908528e-05
47.7,0.913704707433882,0.07701011925967037,0.005309297797352109,0.0028928644770996963,0.0009930978836855116,8.991314830975012e-05,0.21178073382672874,0.9239622781366162,0.07013655910119826,0.0004055535497529468,0.002999454849210053,0.0024522643008244903,4.3890062397947976e-05
47.800000000000004,0.9135570103654246,0.0771370891733085,0.005322283192786091,0.002897709991932624,0.000995669908472152,9.023736807554832e-05,0.2117282181083689,0.9238147364689965,0.07027100222557751,0.00040720297159417806,0.0030053681772321712,0.0024576200642680733,4.407009233147519e-05
47.900000000000006,0.9134094266539848,0.077263956086077,0.005335261013279015,0.00290255041359871,0.0009982435868227041,9.056224623730349e-05,0.21167456857393094,0.9236672417775561,0.0704053955430885,0.0004088555251483516,0.0030112801911850325,0.002462976489424508,4.425047359734843e-05
48.0,0.9132619285897499,0.07739074844618865,0.005348230580362404,0.002907385642170918,0.0010008189562483846,9.088778527932923e-05,0.2116201959726592,0.9235197940462314,0.07053973907106414,0.0004105112091415972,0.003017190892453254,0.0024683335750162296,4.443120609328033e-05
48.1,0.9131144883940994,0.07751749448136679,0.005361191439201662,0.0029122156403890687,0.0010033960595648153,9.121398537783103e-05,0.21156551285099678,0.923372393258964,0.07067403282683123,0.0004121700223004913,0.0030231002824199047,0.0024736913197672015,4.461228971701455e-05
48.2,0.9129670788738166,0.07764422154278905,0.0053741433634671475,0.0029170404317826336,0.0010059749437065122,9.154084443757791e-05,0.21151092383723424,0.9232250393997015,0.07080827682771067,0.00041383196335205717,0.0030290083624664966,0.002479049722402922,4.479372436632577e-05
48.300000000000004,0.9128196740416313,0.07777095548900535,0.005387086354748253,0.002921860097926302,0.0010085556585148502,9.186835817333354e-05,0.21145681643798903,0.9230777324523962,0.07094247109101734,0.0004154970310237638,0.0030349151339729976,0.0024844087816504145,4.497550993901978e-05
48.400000000000006,0.9126722496895482,0.07789772012311719,0.005400020636663785,0.0029266747749094506,0.0010111382555272942,9.219652023348252e-05,0.21140355254549198,0.9229304724010075,0.07107661563406005,0.0004171652240435272,0.0030408205983178237,0.002489768496238232,4.5157646332933336e-05
48.5,0.9125247839029295,0.07802453669486173,0.005412946643941918,0.002931484649109315,0.0010137227867944437,9.252532236245815e-05,0.2113514608322532,0.9227832592294983,0.07121071047414171,0.0004188365411397089,0.0030467247568778484,0.002495128864896454,4.534013344593428e-05
48.6,0.9123772575050584,0.0781514234773755,0.005425865006853575,0.0029362899523644524,0.0010163093037496268,9.285475459783896e-05,0.2113008301836553,0.9226360929218387,0.07134475562855921,0.0004205109810411163,0.003052627611028401,0.0025004898863566767,4.5522971175921443e-05
48.7,0.9122296544238474,0.07827839542636941,0.0054387765314818075,0.002941090956649946,0.0010188978561534885,9.318480549734414e-05,0.21125190429010698,0.9224889734620034,0.07147875111460342,0.0004221885424770028,0.0030585291621432645,0.002505851559352026,4.570615942082466e-05
48.800000000000004,0.9120819619744387,0.07840546392728344,0.005451682176394679,0.0029458879683588405,0.001021488491133307,9.351546239043912e-05,0.2112048774893045,0.922341900833973,0.07161269694955928,0.0004238692241770674,0.0030644294115946824,0.0025112138826171443,4.588969807860484e-05
48.900000000000006,0.9119341710536051,0.07853263663375769,0.005464583026358592,0.002950681322295443,0.0010240812523337212,9.384671164886524e-05,0.2111598919167094,0.9221948750217338,0.07174659315070572,0.0004255530248714544,0.0030703283607533636,0.0025165768548881923,4.6073587047253756e-05
49.0,0.9117862762440556,0.07865991739851404,0.005477480263781824,0.002955471375485591,0.0010266761791922468,9.417853897014165e-05,0.21111703598938644,0.9220478960092775,0.07188043973531572,0.00042723994329075355,0.003076226010988472,0.0025219404749028482,4.625782622479432e-05
49.1,0.9116382758289222,0.07878730629553975,0.005490375138613302,0.0029602585009067747,0.0010292733063494975,9.451092966795377e-05,0.21107634421569174,0.9219009637806005,0.07201423672065621,0.0004289299781659994,0.003082122363667643,0.0025273047414003076,4.6442415509280324e-05
49.2,0.9114901717188064,0.07891479973035287,0.0055032689374390955,0.002965043081237297,0.001031872663200462,9.484386896334061e-05,0.21103779829176986,0.9217540783197062,0.07214798412398819,0.0004306231282286719,0.0030880174201569728,0.0025326696531212745,4.66273547987966e-05
49.300000000000004,0.9113419692957452,0.07904239063315664,0.005516162952518784,0.002969825502718582,0.0010344742735896642,9.517734227072247e-05,0.21100132941617789,0.9216072396106024,0.07228168196256668,0.000432319392210696,0.0030939111818210274,0.0025380352088079684,4.6812643991458886e-05
49.400000000000006,0.9111936771802761,0.0791700687278963,0.005529058451486089,0.0029746061492184673,0.0010370781556495597,9.551133547306056e-05,0.21096682172689968,0.9214604476373026,0.07241533025364075,0.00043401876884444047,0.0030998036500228436,0.002543401407204117,4.6998282985413924e-05
49.5,0.9110453069294041,0.07929782086865643,0.005541956648404016,0.0029793853965759854,0.0010396843217782474,9.584583518080725e-05,0.21093411674115797,0.9213137023838261,0.07254892901445348,0.00043572125686271976,0.0031056948261239245,0.002548768247054957,4.7184271678839406e-05
49.6,0.9108968726746565,0.07942563143350856,0.005554858676815326,0.0029841636072999956,0.0010422927787495145,9.61808289697762e-05,0.2109030186582726,0.921167003834198,0.07268247826224196,0.0004374268549987915,0.0031115847114842506,0.002554135727107232,4.737060996994396e-05
49.7,0.9107483907105477,0.07955348276486178,0.005567765565365967,0.0029889411256851482,0.0010449035279454799,9.651630559362352e-05,0.21087330036974322,0.921020351972448,0.07281597801423736,0.00043913556198635876,0.0031174733074622743,0.00255950384610919,4.755729775696715e-05
49.800000000000004,0.9105998790446276,0.07968135564460165,0.005580678216504154,0.002993718273399339,0.0010475165656996974,9.685225516727112e-05,0.21084471000901747,0.920873746782612,0.0729494282876648,0.0004408473765595682,0.003123360615414925,0.002564872602810582,4.774433493817948e-05
49.900000000000006,0.9104513569208537,0.07980922979183105,0.005593597388672902,0.0029984953455871226,0.001050131883736572,9.718866931830318e-05,0.21081697786617126,0.9207271882487312,0.0730828290997436,0.00044256229745300973,0.003129246636697611,0.0025702419959626605,4.7931721411882366e-05
50.0,0.9103028443283018,0.07993708437085718,0.0056065236823214445,0.0030032726075237405,0.0010527494696913463,9.752554130411282e-05,0.21078982348999756,0.9205806763548522,0.07321618046768691,0.000444280323401718,0.003135131372664216,0.0025756120243181787,4.811945707640816e-05
50.1,0.9101543615072115,0.08006489849719298,0.005619457529963372,0.003008050291844609,0.0010553693076937884,9.78628660933486e-05,0.21076296280166656,0.9204342110850281,0.0733494824087021,0.00044600145314117136,0.0031410148246671103,0.002580982686631387,4.830754183012009e-05
50.2,0.9100059284640662,0.08019265172975008,0.005632399190408853,0.003012828596365443,0.0010579913789980013,9.820064041099267e-05,0.2107361150499578,0.9202877924233158,0.07348273493999044,0.00044772568540729104,0.003146896994057142,0.0025863539816580318,4.84959755714123e-05
50.300000000000004,0.9098575645068415,0.08032032453807403,0.005645348747197577,0.003017607682498855,0.0010606156626405577,9.853886274717929e-05,0.2107090094477843,0.9201414203537785,0.0736159380787474,0.00044945301893644144,0.003152777882183649,0.002591725908155356,4.8684758198709854e-05
50.400000000000006,0.909709287810747,0.08044789873438822,0.005658306111160201,0.0030223876742643237,0.0010632421361093515,9.887753333061354e-05,0.2106813913429088,0.9199950948604851,0.07374909184216238,0.0004511834524654307,0.003158657490394448,0.002597098464882094,4.887388961046865e-05
50.5,0.9095611150237617,0.0805753578613422,0.0056712710269415404,0.003027168657880015,0.001065870776006171,9.921665406816304e-05,0.21065302779195133,0.9198488159275103,0.07388219624741885,0.00045291698473151013,0.003164535820035851,0.0026024716505984725,4.906336970517549e-05
50.6,0.909413060920043,0.08070268752766917,0.005684243083230537,0.0030319506819171706,0.0010685015586870076,9.955622845285534e-05,0.21062371242549122,0.9197025835389327,0.07401525131169437,0.0004546536144723735,0.0031704128724526536,0.002607845464066208,4.9253198381348056e-05
50.7,0.9092651381079273,0.08082987568541125,0.005697221726362054,0.0030367337579906752,0.0010711344608654396,9.989626144310575e-05,0.21059326951271495,0.9195563976788389,0.0741482570521605,0.00045639334042615713,0.0031762886489881477,0.0026132199040485053,4.9443375537534894e-05
50.800000000000004,0.9091173567977476,0.080956912843931,0.005710206276885515,0.003041517861953098,0.0010737694601660884,0.00010023675931651756,0.21056155715610902,0.9194102583313188,0.07428121348598295,0.0004581361613314405,0.003182163150984114,0.002618594969310053,4.9633901072315406e-05
50.900000000000006,0.9089697246331375,0.08108379221755277,0.005723195948636593,0.0030463029355539714,0.0010764065356170067,0.00010057772950202497,0.21052846956957244,0.919264165480469,0.07441412063032136,0.00045988207592724523,0.0031880363797808296,0.0026239706586170283,4.9824774884299774e-05
51.0,0.9088222465878802,0.08121050980533007,0.005736189869801769,0.003051088888521378,0.0010790456680719472,0.00010091918039448723,0.2104939384164476,0.919118119110391,0.07454697850232958,0.0004616310829530349,0.003193908336717067,0.002629346970737089,5.001599687212916e-05
51.1,0.9086749249287641,0.08133706440307273,0.005749187105432276,0.00305587560101906,0.0010816868405556556,0.0001012611211560808,0.21045793320684417,0.918972119205192,0.07467978711915538,0.000463383181148716,0.0031997790231300966,0.002634723904439376,5.020756693447542e-05
51.2,0.9085277592433353,0.08146345754935454,0.005762186680844226,0.003060662926429265,0.001084330038527605,0.00010160356150897671,0.21042046077570864,0.9188261657489846,0.07481254649794068,0.0004651383692546362,0.0032056484403556883,0.002640101458494508,5.039948497004131e-05
51.300000000000004,0.9083807465299477,0.08158969340872142,0.005775187605335696,0.003065450694409372,0.0010869752500618844,0.00010194651152382992,0.21038156388394413,0.9186802587258867,0.07494525665582141,0.0004668966460115853,0.0032115165897281133,0.0026454796316745816,5.0591750877560376e-05
51.400000000000006,0.9082338813461209,0.08171577859669936,0.005788188895658928,0.0030702387141689764,0.0010896224659431915,0.00010228998140854952,0.21034131900405825,0.9185343981200224,0.07507791760992766,0.0004686580101607952,0.003217383472580146,0.002650858422753172,5.078436455579703e-05
51.5,0.9080871560099657,0.08184172195243183,0.0058011895987061905,0.0030750267779135402,0.0010922716796810332,0.00010263398130166728,0.21029983336896974,0.9183885839155206,0.07521052937738348,0.0004704224604439385,0.0032232490902430644,0.002656237830505331,5.097732590354639e-05
51.6,0.9079405608483441,0.08196753426583409,0.0058141888129003,0.003079814664400864,0.0010949228874462345,0.00010297852107438402,0.21025724137739799,0.9182428160965159,0.07534309197530706,0.00047218999560313,0.0032291134440466523,0.0026616178537075745,5.1170634819634434e-05
51.7,0.9077940844845224,0.08209322796701504,0.005827185707824317,0.0030846021425574898,0.001097576087935672,0.00010332361014505431,0.2102137004614585,0.9180970946471488,0.07547560542081062,0.00047396061438092493,0.0032349765353192027,0.0026669984911379,5.136429120291794e-05
51.800000000000004,0.9076477141573605,0.0822188167863754,0.00584017954167824,0.0030893889751036404,0.0011002312821727317,0.0001036692573094831,0.21016938653148476,0.917951419551564,0.07560806973100058,0.0004757343155203207,0.003240838365387516,0.00267237974157577,5.155829495228442e-05
51.900000000000006,0.907501436063579,0.08234431539422926,0.005853169676211985,0.0030941749221373607,0.0011028884732523184,0.00010401547058995984,0.21012448911956025,0.9178057907939121,0.0757404849229772,0.0004775110977647541,0.0032466989355769043,0.0026777616038021154,5.17526459666522e-05
52.0,0.9073552357143547,0.08246973902901629,0.005866155588852078,0.0030989597446311164,0.0011055476660402916,0.0001043622571054607,0.21007920634672295,0.9176602083583514,0.07587285101383509,0.0004792909598581043,0.0032525582472111947,0.002683144076599333,5.194734414497036e-05
52.1,0.9072090982974167,0.08259510312317085,0.005879136881812387,0.0031037432077971722,0.0011082088668379524,0.00010470962296491929,0.21003373983927062,0.9175146722290425,0.07600516802066277,0.0004810739005446899,0.0032584163016127227,0.0026885271587512886,5.214238938621871e-05
52.2,0.9070630090359544,0.0827204229355014,0.005892113288055154,0.0031085250842814963,0.0011108720830226534,0.00010505757318491236,0.2099882897171355,0.9173691823901531,0.07613743596054293,0.00048285991856927086,0.003264273100102348,0.0026939108490433043,5.233778158940784e-05
52.300000000000004,0.9069169535359777,0.08284571319851866,0.005905084674045672,0.0031133051571497427,0.0011135373226757533,0.00010540611163254472,0.20994304977201902,0.9172237388258554,0.07626965485055225,0.0004846490126770466,0.0032701286439994408,0.0026992951462621703,5.253352065357908e-05
52.400000000000006,0.9067709181142938,0.08297098778855032,0.005918051039320272,0.0031180832226329006,0.0011162045942089808,0.00010575524099375649,0.20989820294507888,0.917078341520329,0.07640182470776162,0.0004864411816136573,0.003275982934621894,0.002704680049196133,5.272960647780451e-05
52.5,0.9066248900999544,0.08309625942571329,0.005931012512961279,0.003122859092604477,0.001118873905999846,0.00010610496276673031,0.20985391720367927,0.9169329904577567,0.07653394554923591,0.00048823642412518324,0.003281835973286121,0.0027100655566348977,5.292603896118687e-05
52.6,0.9064788581028623,0.08322153940990423,0.005943969347142303,0.0031276325967655016,0.0011215452660460498,0.00010645527727955715,0.2098103419043492,0.9167876856223283,0.07666601739203423,0.0004900347389581441,0.0032876877613070535,0.0027154516673696264,5.3122818002859714e-05
52.7,0.9063328122441908,0.08334683739794083,0.005956921907971456,0.0031324035845181532,0.0011242186816479162,0.00010680618373083645,0.2097676047149747,0.9166424269982378,0.07679804025320958,0.0004918361248594999,0.003293538299998156,0.0027208383801929368,5.3319943501987254e-05
52.800000000000004,0.9061867443443226,0.08347216122586874,0.005969870663917183,0.0031371719265133923,0.001126894159126755,0.0001071576802514501,0.20972580915377967,0.9164972145696858,0.07693001414980921,0.0004936405805766495,0.0032993875906714115,0.0027262256938988985,5.3517415357764414e-05
52.900000000000006,0.9060406480651464,0.08359751677926952,0.005982816172150416,0.0031419375158625315,0.0011295717035857728,0.00010750976398536736,0.20968503278618927,0.9163520483208782,0.07706193909887445,0.0004954481048574317,0.003305235634637331,0.0027316136072830345,5.371523346941682e-05
53.0,0.9058945190047164,0.08372290791319396,0.005995759063176687,0.0031467002690072016,0.0011322513187187419,0.0001078624311870156,0.20964532610368894,0.9162069282360256,0.07719381511744067,0.0004972586964501247,0.0033110824332049597,0.002737002119142319,5.3913397736200776e-05
53.1,0.9057483547434566,0.08384833642213223,0.006008700024161939,0.003151460126246582,0.001134933006670136,0.00010821567733249599,0.2096067120916795,0.9160618542993445,0.07732564222253742,0.0004990723541034455,0.003316927987681865,0.0027423912282751694,5.41119080574033e-05
53.2,0.9056021548422636,0.08397380205924491,0.006021639781375708,0.0031562170519250526,0.0011376167679489,0.00010856949724173524,0.20956918647652525,0.9159168264950568,0.07745742043118833,0.0005008890765665501,0.0033227722993741547,0.0027477809334814566,5.43107643323421e-05
53.300000000000004,0.9054559207939766,0.08409930260294587,0.00603457908218484,0.003160971034287539,0.0011403026013964734,0.00010892388520854752,0.2095327186259029,0.9157718448073906,0.0775891497604111,0.0005027088625890338,0.003328615369586466,0.002753171233562492,5.450996646036544e-05
53.400000000000006,0.9053096559307402,0.0842248339678722,0.00604751867703,0.003165722085013724,0.001142990504208185,0.00010927883513553479,0.20949725306154204,0.9156269092205777,0.07772083022721754,0.0005045317109209292,0.0033344571996219725,0.0027585621273210313,5.4709514340852374e-05
53.5,0.9051633652907489,0.08435039035632216,0.006060459301806269,0.0031704702384459664,0.0011456804720056852,0.00010963434067077502,0.20946271152987875,0.9154820197188569,0.07785246184861366,0.0005063576203127096,0.0033402977907823843,0.0027639536135612747,5.4909407873212566e-05
53.6,0.9050170554487136,0.08447596444540835,0.006073401661048614,0.0031752155505291656,0.0011483724989567704,0.00010999039534333772,0.20942899556426822,0.9153371762864717,0.07798404464159948,0.0005081865895152849,0.0033461371443679506,0.0027693456910888588,5.510964695688628e-05
53.7,0.904870734315115,0.08460154760447475,0.006086346412293634,0.0031799580974839208,0.001151066577937749,0.00011034699269481442,0.2093959894625185,0.9151923789076711,0.0781155786231692,0.0005100186172800039,0.0033519752616774628,0.002774738358710863,5.5310231491344496e-05
53.800000000000004,0.9047244109098965,0.08472713013677771,0.006099294151951755,0.003184697974237117,0.0011537627007324846,0.00011070412640425915,0.2093635635957415,0.9150476275667102,0.07824706381031113,0.0005118537023586535,0.0033578121440082523,0.0027801316152358023,5.5511161376088766e-05
53.900000000000006,0.9045780951166791,0.08485270153903868,0.006112245402979935,0.0031894352926365188,0.001156460858261405,0.00011106179040418789,0.20933157795904606,0.9149029222478484,0.07837850022000764,0.0005136918435034587,0.003363647792656191,0.0027855254594736254,5.5712436510651265e-05
54.0,0.9044317974238619,0.08497825077224594,0.0061252006045952176,0.0031941701794780484,0.0011591610408331313,0.00011141997898558274,0.2092998858714445,0.9147582629353517,0.07850988786923531,0.0005155330394670818,0.003369482208915703,0.0027909198902357165,5.5914056794594825e-05
54.1,0.9042855286590921,0.0851037665370149,0.006138160104215491,0.0031989027743761526,0.0011618632384109537,0.00011177868689017703,0.2092683377315359,0.9146136496134907,0.07864122677496478,0.0005173772890026234,0.003375315394079754,0.0027963149063348924,5.611602212751286e-05
54.2,0.9041392997235519,0.08522923754690728,0.006151124151756795,0.0032036332275089873,0.0011645674408861761,0.00011213790938865127,0.2092367847369887,0.9144690822665411,0.07877251695416082,0.0005192245908636204,0.00338114734943986,0.0028017105065854,5.631833240902939e-05
54.300000000000004,0.9039931213323235,0.08535465279335298,0.006164092896358104,0.003208361697271115,0.0011672736383503534,0.00011249764234374149,0.2092050824794811,0.9143245608787857,0.07890375842378239,0.0005210749438040485,0.0033869780762860856,0.002807106689802917,5.652098753879898e-05
54.400000000000006,0.903847003766767,0.08548000179620374,0.0061770663855458844,0.003213088347866938,0.001169981821358667,0.00011285788225763723,0.2091730943323944,0.914180085434511,0.07903495120078252,0.00052292834657832,0.0033928075759070467,0.0028125034548045426,5.672398741650692e-05
54.5,0.9037009566443858,0.08560527483446193,0.006190044566793376,0.003217813346878251,0.0011726919811770988,0.00011321862630342266,0.20914069455598727,0.9140356559180098,0.07916609530210839,0.0005247847979412837,0.0033986358495899146,0.0028179008004088103,5.692733194186886e-05
54.6,0.903554988711084,0.08573046315235468,0.0062030272913748295,0.003222536862839031,0.001175404110006665,0.00011357987234067853,0.20910777105378564,0.9138912723135797,0.07929719074470132,0.0005266442966482258,0.003404462898620415,0.0028232987254356713,5.713102101463121e-05
54.7,0.9034091076600461,0.08585555913664558,0.006216014320363878,0.0032272590628499406,0.001178118201178721,0.0001139416189157086,0.20907422772420958,0.9137469346055246,0.07942823754549676,0.0005285068414548697,0.0034102887242828278,0.0028286972287065028,5.73350545345709e-05
54.800000000000004,0.9032633199807203,0.08598055646187318,0.00622900533257914,0.0032319801102639726,0.0011808342493162681,0.00011430386524717597,0.20903998636276372,0.9136026427781527,0.07955923572142426,0.0005303724311173746,0.0034161133278599893,0.0028340963090441023,5.7539432401495326e-05
54.900000000000006,0.9031176308405753,0.08610545020105627,0.006241999934239839,0.003236700162473252,0.0011835522504571848,0.00011466661119822279,0.20900498808211457,0.9134583968157787,0.0796901852894076,0.0005322410643923364,0.0034219367106333035,0.0028394959652726847,5.7744154515242494e-05
55.0,0.9029720440014513,0.08623023690029018,0.006254997670060535,0.0032414193688252452,0.001186272202136412,0.00011502985723639934,0.2089691942297884,0.9133141967027224,0.07982108626636462,0.0005341127400367876,0.0034277588738827274,0.002844896196217886,5.7949220775681025e-05
55.1,0.9028265617714576,0.08635491461655209,0.006267998035487593,0.0032461378686944957,0.0011889941034252702,0.00011539360438293901,0.20893258679571608,0.9131700424233082,0.07995193866920736,0.0005359874568081966,0.0034335798188867834,0.0028502970007067575,5.815463108270995e-05
55.2,0.9026811849925069,0.08647948291891791,0.006281000489761215,0.003250855789733599,0.0011917179549272535,0.0001157578541530812,0.20889516831415977,0.9130259339618669,0.08008274251484199,0.0005378652134644676,0.0034393995469225586,0.0028556983775677638,5.836038533625886e-05
55.300000000000004,0.9025359130627336,0.086603942854246,0.0062940044694759206,0.0032555732463243987,0.0011944437587308183,0.00011612260848926417,0.208856961276376,0.9128818713027345,0.08021349782016877,0.000539746008763941,0.003445218059265703,0.002861100325630782,5.8566483436287904e-05
55.400000000000006,0.902390743992247,0.08672829687918633,0.00630700940230939,0.0032602903382474395,0.001197171518320809,0.00011648786968908175,0.2088180070814685,0.9127378544302525,0.08034420460208218,0.0005416298414653927,0.0034510353571904407,0.0028665028437271046,5.8772925282787685e-05
55.5,0.9022456744899311,0.08685254876110882,0.006320014720594391,0.003265007149584513,0.0011999012384512264,0.00011685364032992232,0.20877836456300164,0.9125938833287666,0.08047486287747084,0.0005435167103280344,0.0034568514419695572,0.0028719059306894306,5.897971077577939e-05
55.6,0.9021007000783401,0.08697670345119803,0.00633301987442079,0.003269723747865797,0.001202632924983028,0.0001172199231921882,0.20873810813791088,0.9124499579826295,0.08060547266321753,0.0005454066141115132,0.003462666314874416,0.002877309585351867,5.918683981531457e-05
55.7,0.9019558152331638,0.08710076693351819,0.006346024343973946,0.003274440183469572,0.0012053665846914992,0.00011758672118292906,0.20869732563184928,0.9123060783761985,0.08073603397619918,0.0005472995515759108,0.0034684799771749443,0.002882713806549931,5.9394312301475385e-05
55.800000000000004,0.901811013543265,0.08722474605430446,0.006359027650841424,0.0032791564892789447,0.0012081022250484802,0.00011795403726161899,0.20865611584125496,0.9121622444938372,0.08086654683328685,0.000549195521481745,0.003474292430139651,0.00288811859312054,5.960212813437445e-05
55.900000000000006,0.9016662878869232,0.0873486483360742,0.006372029368051181,0.0032838726805963746,0.0012108398539853057,0.00011832187436966704,0.2086145858969789,0.9120184563199127,0.08099701125134577,0.0005510945225899677,0.0034801036750356177,0.002893523943902019,5.9810287214154815e-05
56.0,0.901521630619666,0.08747248178137253,0.0063850291286403444,0.0032885887553131873,0.0012135794796427476,0.00011869023536507928,0.20857284849723534,0.9118747138387989,0.0811274272472354,0.0005529965536619668,0.0034859137131285005,0.0028989298577340936,6.001878944098998e-05
56.1,0.9013770337689337,0.08759625467106702,0.00639802663259336,0.0032933046943277094,0.0012163211101145063,0.00011905912296349472,0.20853101907889365,0.911731017034876,0.08125779483780929,0.0005549016134595631,0.003491722545682537,0.0029043363334578906,6.022763471508402e-05
56.2,0.9012324892308006,0.08771997536208886,0.006411021652030719,0.003298020462202204,0.0012190647531908866,0.00011942853968659977,0.20848921299574236,0.9115873658925269,0.08138811403991512,0.0005568097007450134,0.0034975301739605404,0.002909743369915933,6.043682293667126e-05
56.300000000000004,0.9010879889640673,0.08784365208938565,0.006424014034573517,0.003302736008045497,0.0012218104161092183,0.00011979848781869616,0.20844754277036592,0.9114437603961419,0.08151838487039492,0.0005587208142810086,0.003503336599223913,0.0029151509659521447,6.064635400601667e-05
56.400000000000006,0.9009435251772411,0.0879672927766107,0.006437003704853743,0.003307451266605095,0.0012245581053173362,0.00012016896937195875,0.20840611548278085,0.9113002005301167,0.08164860734608465,0.0005606349528306732,0.0035091418227326337,0.0029205591204118416,6.0856227823415516e-05
56.5,0.9007990905042141,0.08809090485973498,0.006449990664184351,0.0033121661595497407,0.0012273078262560425,0.0001205399860606793,0.20836503035408432,0.9111566862788516,0.08177878148381464,0.0005625521151575663,0.0035149458457452696,0.0029259678321417386,6.106644428919358e-05
56.6,0.900654678164843,0.08821449512733977,0.006462974988445832,0.0033168805969208174,0.0012300595831659363,0.00012091153928455727,0.20832437657723543,0.9110132176267526,0.08190890730040924,0.0005644723000256813,0.003520748669518973,0.0029313770999899375,6.1277003303707e-05
56.7,0.9005102821070954,0.08833806958084539,0.006475956824286205,0.0033215944787287604,0.0012328133789233295,0.00012128363012087191,0.2082842314398898,0.9108697945582308,0.08203898481268712,0.0005663955061994442,0.0035265502953094837,0.002936786922805935,6.148790476734239e-05
56.800000000000004,0.9003658971279619,0.08846163331736666,0.006488936383768196,0.003326307696668794,0.0012355692149092082,0.00012165625932515906,0.20824465877613157,0.910726417057703,0.082169014037461,0.0005683217324437153,0.00353235072437113,0.0029421972994406152,6.169914858051663e-05
56.900000000000006,0.900221518970912,0.08858519043727482,0.00650191393763016,0.0033310201359288165,0.0012383270909143325,0.00012202942733982429,0.20820570777520933,0.9105830851095916,0.08229899499153791,0.000570250977523789,0.003538149957956834,0.0029476082287462515,6.19107346436772e-05
57.0,0.900077144398287,0.08870874397790375,0.006514889807355272,0.0033357316770611938,0.0012410870050826547,0.00012240313430995504,0.20816741216621434,0.9104397986983238,0.08242892769171896,0.0005721832402053923,0.0035439479973181105,0.002953019709576503,6.212266285730182e-05
57.1,0.8999327712376626,0.0888322958741818,0.006527864356266213,0.003340442197889591,0.0012438489538942777,0.0001227773801054526,0.20812978978825075,0.9102965578083326,0.08255881215479949,0.0005741185192546858,0.0035497448437050655,0.0029584317407864128,6.233493312189864e-05
57.2,0.8997883984018465,0.08895584694631523,0.0065408379798796,0.003345151575421766,0.0012466129321881934,0.00012315216434849097,0.208092842546293,0.910153362424056,0.082688648397569,0.000576056813438262,0.0035555404983664,0.0029638443212324085,6.254754533800621e-05
57.300000000000004,0.8996440258828152,0.0890793969140103,0.0065538110957654985,0.0033498596877394957,0.0012493789332240794,0.00012352748644522732,0.20805655674380233,0.910010212529938,0.0828184364368112,0.0005779981215231483,0.0035613349625494193,0.002969257449772299,6.276049940619338e-05
57.400000000000006,0.8994996547204848,0.08920294443611307,0.0065667841331623795,0.0033545664158374754,0.0012521469487814922,0.00012390334562063665,0.208020903774511,0.9098671081104271,0.08294817628930401,0.0005799424422768034,0.0035671282375000155,0.002974671125265272,6.297379522705942e-05
57.5,0.8993552869477873,0.08932648717398217,0.006579757522596953,0.0033592716453841494,0.0012549169692939095,0.00012427974095532293,0.20798584114776913,0.9097240491499775,0.0830778679718195,0.0005818897744671186,0.0035729203244626935,0.002980085346571896,6.318743270123388e-05
57.6,0.8992109255140289,0.08945002187640294,0.006592731685751573,0.003363975268378935,0.001257688984014267,0.0001246566714231694,0.20795131381465629,0.9095810356330496,0.08320751150112399,0.0005838401168624183,0.0035787112246805533,0.002985500112554114,6.340141172937679e-05
57.7,0.8990665741889615,0.08957354448340983,0.006605707025809623,0.0033686771846821962,0.0012604629812079124,0.00012503413592872904,0.20791725575584255,0.9094380675441082,0.08333710689397789,0.0005857934682314587,0.0035845009393952946,0.0029909154220752465,6.361573221217833e-05
57.800000000000004,0.898922237450381,0.08969705024601855,0.0066186839184920075,0.0033733773033965873,0.0012632389483682863,0.0001254121333433231,0.20788359178705987,0.909295144867623,0.08346665416713595,0.0005877498273434289,0.0035902894698472344,0.002996331273999986,6.38303940503592e-05
57.900000000000006,0.8987779203583693,0.08982053385858435,0.006631662703975998,0.003378075544080928,0.0012660168724501514,0.00012579066253890435,0.20785023953410584,0.9091522675880707,0.08359615333734696,0.000589709192967949,0.003596076817275284,0.0030017476671944,6.404539714467029e-05
58.0,0.8986336284195193,0.08994398960030406,0.006644643679861982,0.0033827718377806293,0.0012687967401148223,0.00012616972241885345,0.20781711152661034,0.909009435689932,0.08372560442135417,0.0005916715638750717,0.0036018629829169717,0.003007164600525924,6.426074139589284e-05
58.1,0.8984893674446189,0.09006741148226768,0.006657627095324706,0.003387466127861744,0.001271578537981625,0.00012654931194500417,0.20778411735838156,0.9088666491576934,0.0838550074358947,0.0005936369388352814,0.003607647968008423,0.003012582072863363,6.447642670483838e-05
58.2,0.8983451434033247,0.09019079339644165,0.006670613146554257,0.003392158370638955,0.0012743622528797241,0.00012692943016033367,0.20775116586199335,0.9087239079758465,0.08398436239770017,0.0005956053166194932,0.0036134317737843884,0.003018000083076892,6.469245297234881e-05
58.300000000000004,0.8982009622793199,0.09031412926302809,0.006683601973559072,0.0033968485357911775,0.0012771478720945112,0.00012731007620690588,0.20771816724637265,0.9085812121288895,0.08411366932349619,0.0005975766959990551,0.003619214401478224,0.0030234186300380507,6.490882009929623e-05
58.400000000000006,0.8980568299293391,0.09043741317278753,0.006696593658369423,0.0034015366065618924,0.0012799353836029242,0.00012769124933880848,0.2076850351484033,0.9084385616013232,0.08424292823000276,0.0005995510757457452,0.0036249958523218995,0.0030288377126197427,6.512552798658307e-05
58.5,0.8979127519492544,0.09056063952113218,0.006709588224646077,0.0034062225797447465,0.0012827247762923915,0.00012807294892998146,0.20765168855291372,0.908295956377657,0.08437213913393399,0.0006015284546317728,0.003630776127546006,0.0030342573296962354,6.534257653514207e-05
58.6,0.8977687335501551,0.09068380313108497,0.0067225856386657935,0.0034109064654583732,0.001285516040158524,0.00012845517447698627,0.20761805353973617,0.9081533964424033,0.0845013020519982,0.0006035088314297792,0.003636555228379746,0.0030396774801431594,6.555996564593614e-05
58.7,0.8976247794470374,0.09080689936254674,0.006735585811623856,0.0034155882867176624,0.0012883091664772132,0.0001288379255969087,0.2075840648216925,0.9080108817800807,0.08463041700089796,0.0006054922049128354,0.0036423331560509376,0.0030450981628375013,6.577769521995851e-05
58.800000000000004,0.8974808937623433,0.09092992420571189,0.0067485886031646404,0.0034202680788118583,0.0012911041479474372,0.00012922120202072372,0.20754966704322061,0.9078684123752137,0.08475948399733006,0.0006074785738544434,0.0036481099117860313,0.00305051937665761,6.599576515823271e-05
58.900000000000006,0.8973370799461793,0.09105287435690865,0.006761593826024809,0.0034249458885027874,0.0012939009788017774,0.00012960500358256895,0.2075148158157591,0.907725988212331,0.0848885030579855,0.0006094679370285361,0.0036538854968100887,0.0030559411204831902,6.621417536181246e-05
59.0,0.8971933407145978,0.09117574727560415,0.0067746012516508,0.00342962177305921,0.0012966996548824162,0.00012998933020547682,0.20747947847278086,0.9075836092759675,0.08501747419954955,0.0006114602932094767,0.0036596599123467984,0.003061363393195301,6.64329257317817e-05
59.1,0.8970496780068613,0.0912985412217944,0.0067876106166331295,0.0034342957991456567,0.0012995001736812,0.0001303741818841996,0.2074436345343455,0.9074412755506625,0.08514639743870159,0.0006134556411720582,0.0036654331596184726,0.0030667861936763577,6.665201616925464e-05
59.2,0.8969060929621371,0.09142125527348248,0.006800621629785129,0.0034389680415861804,0.0013023025343431728,0.0001307595586658254,0.20740727587806237,0.9072989870209618,0.08527527279211534,0.0006154539796915043,0.0036712052398460543,0.0030722095208101253,6.68714465753757e-05
59.300000000000004,0.8967625859156031,0.09154388932442564,0.006813633979683243,0.0034436385820251296,0.001305106737633821,0.00013114546062892464,0.2073704066202437,0.9071567436714157,0.0854041002764587,0.0006174553075434683,0.0036769761542491046,0.003077633373481722,6.709121685131955e-05
59.400000000000006,0.8966191564134893,0.09166644406278897,0.006826647342480075,0.0034483075075083655,0.0013079127858710783,0.00013153188786198703,0.20733304271764041,0.9070145454865803,0.08553287990839381,0.0006194596235040332,0.003682745904045827,0.0030830577505776124,6.731132689829097e-05
59.5,0.8964758032461511,0.09178892093177358,0.006839661389800039,0.003452974909009225,0.0013107206828239148,0.00013191884044190717,0.20729521130634398,0.9068723924510171,0.08566161170457705,0.0006214669263497121,0.0036885144904530453,0.003088482650985613,6.753177661752504e-05
59.6,0.896332524497873,0.09191132207367883,0.006852675796530584,0.0034576408799240257,0.0013135304335800614,0.00013230631841325424,0.20725694980006215,0.9067302845492923,0.08579029568165904,0.0006234772148574475,0.003694281914686222,0.003093908073594883,6.775256591028704e-05
59.7,0.89618931761175,0.09203365025920338,0.006865690248329389,0.0034623055145619687,0.001316342044386068,0.00013269432176901723,0.2072183047749472,0.9065882217659779,0.08591893185628459,0.0006254904878046111,0.0037000481779594476,0.0030993340172959295,6.797369467787238e-05
59.800000000000004,0.8960461794676857,0.09215590880408386,0.006878704448679397,0.003466968906653936,0.0013191555224634731,0.0001330828504334578,0.20717933067235342,0.9064462040856507,0.0860475202450928,0.0006275067439690039,0.0037058132814854557,0.0031047604809805998,6.81951628216066e-05
59.900000000000006,0.8959031064712998,0.09227810147540456,0.006891718125338551,0.003471631147903934,0.001321970875805335,0.00013347190424762342,0.20714008835425776,0.9063042314928939,0.08617606086471703,0.0006295259821288557,0.0037115772264756093,0.0031101874635420844,6.841697024284552e-05
60.0,0.8957600946513438,0.09240023239008506,0.006904731036049422,0.0034762923266057934,0.0013247881129577527,0.00013386148295798397,0.20710064354855337,0.9061623039722947,0.08630455373178479,0.0006315482010628259,0.003717340014139914,0.003115614963874915,6.863911684297505e-05
60.1,0.8956171397630969,0.0925223059081621,0.006917742973394777,0.0034809525263462277,0.001327607242791272,0.00013425158620855243,0.20706106522296203,0.9060204215084471,0.08643299886291796,0.0006335733995500019,0.0037231016456870172,0.0031210429808749625,6.886160252341135e-05
60.2,0.8954742373951471,0.09264432652352704,0.006930753768708177,0.003485611824813539,0.0013304282742672233,0.00013464221353674016,0.2070214239269214,0.9058785840859482,0.08656139627473255,0.000635601576369901,0.0037288621223242,0.0031264715134394295,6.908442718560058e-05
60.300000000000004,0.8953313830769598,0.09276629875476043,0.006943763294973259,0.0034902702927291276,0.0013332512162040763,0.00013503336437308293,0.2069817901404856,0.9057367916894036,0.08668974598383888,0.0006376327303024667,0.0037346214452573965,0.0031319005604668613,6.930759073101917e-05
60.400000000000006,0.8951885723846932,0.09288822703862552,0.006956771468670772,0.0034949279929166,0.001336076077048826,0.00013542503804485806,0.20694223266806552,0.9055950443034207,0.08681804800684152,0.0006396668601280738,0.003740379615691175,0.0031373301208571353,6.95310930611736e-05
60.5,0.895045801042836,0.09301011562864309,0.006969778250558162,0.003499584979520686,0.001338902864658235,0.00013581723378349665,0.20690281711278163,0.9054533419126156,0.0869463023603393,0.0006417039646275231,0.0037461366348287587,0.00314276019351146,6.975493407760056e-05
60.6,0.8949030650194125,0.0931319685009798,0.0069827836453918955,0.0035042412973854352,0.0013417315860944736,0.00013620995073558622,0.20686360446437926,0.9053116845016066,0.08707450906092526,0.0006437440425820441,0.0037518925038720163,0.0031481907773323763,6.997911368186672e-05
60.7,0.894760360612714,0.09325378926964369,0.006995787700627191,0.00350889698159833,0.0013445622474393152,0.00013660318797715468,0.2068246498301453,0.9051700720550194,0.08720266812518677,0.0006457870927732947,0.00375764722402146,0.0031536218712237556,7.020363177556904e-05
60.800000000000004,0.8946176845277786,0.09337558111270289,0.007008790504152832,0.0035135520572040324,0.0013473948536305825,0.00013699694453083485,0.20678600133416647,0.9050285045574838,0.08733077956970536,0.0006478331139833596,0.003763400796476257,0.003159053474090794,7.042848826033441e-05
60.900000000000006,0.8944750339411279,0.093497346710934,0.007021792181139806,0.0035182065390885857,0.001350229408323997,0.00013739121938542622,0.20674769920569463,0.9048869819936365,0.0874588434110569,0.0006498821049947522,0.003769153222434223,0.003164485584840021,7.065368303781992e-05
61.0,0.8943324065525937,0.09361908819997258,0.0070347928901011115,0.003522860432032017,0.001353065913782988,0.00013778601151730494,0.20670977507245733,0.9047455043481174,0.08758685966581156,0.0006519340645904127,0.003774904503091834,0.003169918202379286,7.08792160097127e-05
61.1,0.8941898006233981,0.0937408071366896,0.007047792818276012,0.0035275137309245122,0.0013559043707983807,0.00013818131991308197,0.20667225146958362,0.904604071605573,0.08771482835053361,0.0006539889915537085,0.0037806546396442152,0.003175351325617761,7.110508707773004e-05
61.2,0.8940472150000023,0.09386250448016185,0.007060792176464751,0.0035321664211387096,0.0013587447786392013,0.00013857714359287357,0.20663514156954746,0.9044626837506551,0.0878427494817818,0.0006560468846684348,0.003786403633285148,0.003180784953465947,7.13312961436192e-05
61.300000000000004,0.8939046491235827,0.09398418058725082,0.0070737911934492985,0.0035368184790481993,0.0013615871350351665,0.0001389734816335329,0.20659844913328138,0.9043213407680201,0.08797062307610895,0.0006581077427188135,0.003792151485207074,0.003186219084835658,7.155784310915754e-05
61.400000000000006,0.8937621030253354,0.09410583522246055,0.007086790110141724,0.0035414698726800877,0.0013644314361907252,0.00013937033319119066,0.20656216867750077,0.9041800426423304,0.0880984491500623,0.0006601715644894931,0.0037978981966010914,0.0031916537186400347,7.17847278761525e-05
61.5,0.8936195773081355,0.09422746758141994,0.00709978917360445,0.0035461205624875104,0.001367277676829867,0.00013976769752247102,0.20652628584843669,0.9040387893582547,0.08822622772018332,0.0006622383487655501,0.003803643768656964,0.003197088853793528,7.201195034644154e-05
61.6,0.8934770731153798,0.09434907632703368,0.007112788631085767,0.0035507705022262965,0.0013701258502702657,0.00014016557400378313,0.2064907779876743,0.903897580900463,0.08835395880300771,0.0006643080943324852,0.0038093882025631125,0.003202524489211912,7.22395104218922e-05
61.7,0.8933345920881212,0.09447065963707729,0.0071257887242097955,0.0035554196399185892,0.0013729759485247373,0.0001405639621481384,0.20645561487178019,0.9037564172536349,0.08848164241506547,0.0006663807999762282,0.0038151314995066255,0.0032079606238122694,7.246740800440203e-05
61.800000000000004,0.8931921363118366,0.09459221526177868,0.007138789683452815,0.0035600679188852007,0.0013758279624274563,0.000140962861619008,0.20642075960389827,0.9036152984024538,0.08860927857288087,0.0006684564644831335,0.0038208736606732538,0.003213397256513003,7.269564299589854e-05
61.900000000000006,0.8930497082543839,0.0947137405897378,0.007151791723027596,0.0035647152788277348,0.0013786818817819015,0.0001413622722408099,0.20638616963261808,0.903474224331608,0.08873686729297253,0.0006705350866399825,0.003826614687247418,0.003218834386233823,7.292421529833939e-05
62.0,0.8929073106968527,0.09483523272038845,0.007164795036284648,0.0035693616569411565,0.0013815376955271055,0.0001417621940057024,0.2063517978711882,0.9033331950257908,0.08886440859185328,0.0006726166652339823,0.003832354580412201,0.0032242720118957494,7.315312481371214e-05
62.1,0.8927649466591371,0.09495668854110603,0.00717779979172423,0.00357400698903745,0.0013843953919184754,0.00014216262707645406,0.2063175938886037,0.9031922104697024,0.08899190248603031,0.0006747011990527657,0.003838093341349365,0.0032297101324211164,7.338237144403448e-05
62.2,0.8926226193221255,0.0950781048070122,0.007190806129696237,0.0035786512106613017,0.0013872549587192172,0.00014256357178525983,0.20628350514326338,0.903051270648046,0.08911934899200494,0.0006767886868843914,0.003843830971239332,0.0032351487467335584,7.361195509135396e-05
62.300000000000004,0.8924803319484252,0.09519947822152156,0.007203814159846886,0.0035832942581793853,0.001390116383398267,0.00014296502862847532,0.20624947822975453,0.9029103755455326,0.08924674812627298,0.0006788791275173442,0.0038495674712612092,0.0032405878537580205,7.384187565774815e-05
62.400000000000006,0.892338087803518,0.09532080551571605,0.007216823959352072,0.003587936069825727,0.00139297965333058,0.00014336699825734346,0.2062154601098737,0.9027695251468765,0.08937409990532437,0.0006809725197405336,0.003855302842592766,0.0032460274524207518,7.407213304532468e-05
62.5,0.8921958900791773,0.09544208352471721,0.007229835571957843,0.0035925765866868585,0.0013958447559956778,0.00014376948146488863,0.2061813993001927,0.9026287194367973,0.08950140434564342,0.0006830688623432946,0.0038610370864104525,0.0032514675416493036,7.430272715622107e-05
62.6,0.8920537418208685,0.09556330925935075,0.007242849007828925,0.0035972157536118994,0.0013987116791704766,0.0001441724791692478,0.20614724699028353,0.902487958400021,0.08962866146370875,0.0006851681541153878,0.0038667702038893996,0.0032569081203725303,7.45336578926049e-05
62.7,0.8919116458607123,0.09568447997155932,0.007255864244187384,0.0036018535200343996,0.0014015804111126347,0.00014457599239379716,0.20611295806806093,0.902347242021279,0.08975587127599326,0.0006872703938469976,0.003872502196203408,0.003262349187520584,7.476492515667356e-05
62.800000000000004,0.8917696047574123,0.09580559321221202,0.0072688812267054205,0.0036064898406946264,0.0014044509407309452,0.00014498002224451237,0.20607849203152617,0.9022065702853068,0.08988303379896405,0.000689375580328735,0.0038782330645249657,0.0032677907420249164,7.499652885065455e-05
62.900000000000006,0.891627620744345,0.09592664688017752,0.0072818998715996576,0.003611124676252978,0.0014073232577396409,0.0001453845698850673,0.20604381376940317,0.9020659431768455,0.09001014904908268,0.0006914837123516347,0.0038839628100252386,0.003273232782818279,7.522846887680517e-05
63.0,0.8914856956867824,0.09604763926176674,0.007294920068359239,0.0036157579937873257,0.0014101973527939021,0.00014578963651023315,0.20600889419668542,0.9019253606806419,0.09013721704280493,0.0006935947887071556,0.0038896914338740793,0.003278675308834714,7.54607451374128e-05
63.1,0.8913438310489774,0.09616856905990363,0.0073079416830270335,0.0036203897671692672,0.0014130732176043034,0.0001461952233181809,0.20597371073483925,0.9017848227814473,0.09026423779658092,0.0006957088081871823,0.0038954189372400173,0.0032841183190095613,7.569335753479465e-05
63.2,0.8912020278715872,0.09628943541264293,0.007320964561942444,0.0036250199773164684,0.0014159508450284316,0.00014660133148231694,0.20593824763027865,0.9016443294640197,0.09039121132685501,0.0006978257695840222,0.0039011453212902734,0.003289561812279455,7.592630597129786e-05
63.300000000000004,0.8910602867596564,0.09641023790091523,0.0073339885358459705,0.0036296486123204743,0.0014188302291384225,0.00014700796212329417,0.2059024961086151,0.9015038807131212,0.09051813765006594,0.0006999456716904077,0.003906870587190757,0.0032950057875823155,7.615959034929953e-05
63.400000000000006,0.8909186078811264,0.09653097654563654,0.007347013424239851,0.00363427566745151,0.0014217113652636967,0.0001474151162818372,0.20586645436601467,0.9013634765135191,0.0906450167826467,0.0007020685132994954,0.003912594736106062,0.003300450243857357,7.639321057120662e-05
63.5,0.8907769909755933,0.09665165179456504,0.007360039039895935,0.0036389011450438397,0.001424594250008697,0.0001478227948930013,0.20583012740269194,0.9012231168499861,0.09077184874102467,0.0007041942932048652,0.003918317769199473,0.003305895180045083,7.662716653945601e-05
63.6,0.8906354353728053,0.09677226449951745,0.0073730651934014015,0.0036435250542671957,0.0014274788812459584,0.00014823099876245217,0.2057935267070223,0.9010828017073013,0.0908986335416215,0.000706323010200521,0.003924039687632966,0.0033113405950872814,7.686145815651443e-05
63.7,0.8904939400201771,0.09689281588476552,0.007386091697634947,0.003648147410791555,0.0014303652580853268,0.0001486397285453064,0.20575666980193005,0.9009425310702469,0.09102537120085312,0.0007084546630808901,0.003929760492567213,0.0033167864879270256,7.709608532487863e-05
63.800000000000004,0.8903525035184099,0.09701330750761654,0.00739911837207059,0.0036527682363541604,0.0014332533808206285,0.00014904898472801458,0.20571957966800164,0.9008023049236119,0.09115206173512982,0.0007105892506408234,0.00393548018516158,0.003322232857508675,7.733104794707498e-05
63.900000000000006,0.8902111241641435,0.09713374121233517,0.007412145046812952,0.003657387558239069,0.0014361432508554941,0.00014945876761369696,0.2056822840601742,0.9006621232521904,0.09127870516085625,0.000712726771675595,0.003941198766574124,0.003327679702777871,7.756634592566e-05
64.0,0.8900697999984345,0.09725411907868618,0.007425171566276785,0.003662005408680686,0.0014390348706104382,0.0001498690773112649,0.20564481473677132,0.9005219860407816,0.09140530149443127,0.000714867224980902,0.003946916237961606,0.003333127022681535,7.78019791632199e-05
64.10000000000001,0.8899285288597534,0.09737444336646646,0.007438197792434111,0.0036666218242037054,0.0014419282434136066,0.0001502799137285736,0.20560720662110724,0.900381893274189,0.09153185075224819,0.0007170106093528646,0.0039526326004794814,0.00333857481616787,7.803794756237076e-05
64.2,0.8897873084401274,0.0974947164574478,0.007451223607564498,0.003671236844912543,0.0014448233733778638,0.0001506912765697604,0.2055694969168169,0.9002418449372233,0.09165835295069458,0.0007191569235880257,0.0039583478552819035,0.0033440230821863543,7.82742510257586e-05
64.3,0.889646136343023,0.09761494079617164,0.007464248916457401,0.0036758505137438383,0.0014477202652671015,0.0001511031653368304,0.20553172419849164,0.900101841014699,0.09178480810615232,0.0007213061664833515,0.003964062003521734,0.003349471819687749,7.851088945605913e-05
64.4,0.8895050101415642,0.09773511883102012,0.00747727364802956,0.0036804628756957553,0.0014506189243547634,0.00015151557933545303,0.2054939274991194,0.8999618814914355,0.09191121623499764,0.0007234583368362298,0.003969775046350533,0.0033549210276240843,7.874786275597801e-05
64.5,0.8893639274357145,0.09785525295693988,0.00749029775633522,0.0036850739770478013,0.001453519356277656,0.0001519285176848431,0.20545614541525015,0.8998219663522586,0.09203757735360117,0.0007256134334444717,0.003975486984918567,0.0033603707049486673,7.898517082825066e-05
64.60000000000001,0.8892228859071182,0.09797534546111576,0.007503321220961701,0.003689683864584591,0.0014564215668881144,0.0001523419793315088,0.20541841524977134,0.8996820955819996,0.0921638914783278,0.0007277714551063098,0.003981197820374806,0.0033658208506160765,7.922281357564237e-05
64.7,0.8890818833703893,0.09809539847278273,0.007516344046817357,0.003694292584836452,0.0014593255621075064,0.0001527559630665627,0.205380772210714,0.8995422691654927,0.09229015862553673,0.0007299324006203996,0.003986907553866932,0.0033712714635821647,7.946079090094817e-05
64.8,0.8889409178197542,0.09821541391823334,0.007529366263333105,0.003698900183349095,0.0014622313477839523,0.0001531704675462199,0.20534324868266352,0.89940248708758,0.09241637881158157,0.0007320962687858179,0.00399261618654133,0.003376722542804052,7.969910270699295e-05
64.9,0.8887999874700988,0.0983353934819236,0.007542387923111748,0.003703506703993639,0.0014651389295569379,0.00015358549131503502,0.20530587358518312,0.8992627493331077,0.09254255205281027,0.0007342630584020636,0.0039983237195430985,0.003382174087240125,7.993774889663132e-05
65.0,0.8886590907916276,0.09845533857441092,0.007555409100071371,0.0037081121883272123,0.0014680483127312665,0.00015400103283137574,0.20526867183021624,0.899123055886927,0.09266867836556501,0.0007364327682690574,0.004004030154016048,0.0033876260958500383,8.017672937274777e-05
65.10000000000001,0.8885182265375147,0.0985752503076751,0.007568429887139695,0.0037127166750131734,0.0014709595021625214,0.00015441709049458474,0.20523166388780092,0.8989834067338945,0.09279475776618248,0.0007386053971871414,0.0040097354911027006,0.003393078567594717,8.041604403825645e-05
65.2,0.8883773937641131,0.0986951294781837,0.007581450393565197,0.003717320199308621,0.0014738725021558863,0.00015483366267324795,0.20519486546664864,0.8988438018588725,0.0929207902709936,0.0007407809439570792,0.004015439731944295,0.0033985315014363423,8.065569279610144e-05
65.3,0.8882365918434714,0.09881497655787098,0.0075944707419181145,0.003721922792625502,0.0014767873163798405,0.00015525074773397026,0.20515828731330668,0.8987042412467279,0.09304677589632364,0.0007429594073800554,0.004021142877680779,0.003403984896338364,8.08956755492564e-05
65.4,0.8880958204680961,0.09893479169300796,0.0076074910648596394,0.003726524482170114,0.001479703947795871,0.00015566834407005077,0.20512193513077417,0.8985647248823331,0.09317271465849232,0.0007451407862576764,0.00402684492945083,0.0034094387512654885,8.113599220072493e-05
65.5,0.8879550796480833,0.09905457471075668,0.007620511501761022,0.0037311252906643156,0.0014826223986049711,0.0001560864501294591,0.20508580961467385,0.8984252527505652,0.09329860657381361,0.0007473250793919687,0.0040325458883918325,0.0034148930651836857,8.13766426535402e-05
65.60000000000001,0.887814369700913,0.09917432513302803,0.007633532195255611,0.0037357252361502574,0.0014855426702113312,0.00015650506444153504,0.2050499066024363,0.8982858248363079,0.09342445165859584,0.0007495122855853801,0.004038245755639896,0.003420347837060182,8.161762681076521e-05
65.7,0.8876736912343687,0.09929404219710086,0.007646553287806184,0.003740324331878933,0.0014884647632032318,0.00015692418564186428,0.20501421732849126,0.8981464411244484,0.09355024992914175,0.000751702403640779,0.004043944532329854,0.0034258030658634578,8.185894457549267e-05
65.8,0.8875330451231862,0.09941372488231899,0.007659574918367418,0.0037449225862814578,0.0014913886773508167,0.00015734381249483107,0.20497872877624507,0.898007101599881,0.09367600140174842,0.0007538954323614545,0.004049642219595257,0.0034312587505632578,8.210059585084508e-05
65.9,0.8873924324801683,0.0995333719420584,0.007672597219218958,0.0037495200030205787,0.001494314411620062,0.00015776394391339997,0.2049434241156796,0.8978678062475028,0.09380170609270727,0.0007560913705511159,0.004055338818568386,0.0034367148901305704,8.234258053997458e-05
66.0,0.8872518546226064,0.0996529819400584,0.007685620313038539,0.003754116581118674,0.0014972419642019644,0.0001581845789757451,0.20490828321379195,0.8977285550522182,0.0939273640183041,0.0007582902170138928,0.004061034330380242,0.003442171483537645,8.258489854606302e-05
66.10000000000001,0.8871113130349368,0.09977255329013421,0.007698644310277206,0.0037587123151573416,0.0015001713325556855,0.00015860571693841624,0.2048732832038206,0.8975893479989355,0.09405297519481905,0.0007604919705543348,0.004066728756160559,0.0034476285297579752,8.282754977232196e-05
66.2,0.8869708093286194,0.09989208429823786,0.007711669306889852,0.003763307195542625,0.0015031025134641428,0.000159027357245806,0.20483839909828883,0.89745018507257,0.09417853963852665,0.0007626966299774118,0.004072422097037795,0.0034530860277663077,8.307053412199265e-05
66.3,0.8868303452002594,0.10001157320581032,0.007724695382464723,0.0037679012088290787,0.0015060355031003593,0.00015944949953576774,0.20480360443037282,0.89731106625804,0.09430405736569582,0.0007649041940885134,0.00407811435413914,0.0034585439765386426,8.331385149834612e-05
66.4,0.8866899223890075,0.10013101823336816,0.007737722598784893,0.0037724943380950966,0.0015089702971027034,0.00015987214364131236,0.20476887190793175,0.8971719915402694,0.09442952839258976,0.0007671146616934487,0.004083805528590514,0.003464002375052217,8.355750180468292e-05
66.5,0.8865495426342552,0.10025041762329377,0.007750750998843822,0.00377708656336137,0.0015119068906570574,0.00016029528958839872,0.2047341740647574,0.897032960904189,0.09455495273546617,0.0007693280315984463,0.004089495621516572,0.003469461222285523,8.38014849443334e-05
66.60000000000001,0.886409207634608,0.10036976968084801,0.00776378060632593,0.003781677862043943,0.0015148452785838972,0.00016071893758991412,0.20469948389414913,0.8968939743347331,0.09468033041057702,0.0007715443026101545,0.004095184634040701,0.0034749205172182854,8.404580082065752e-05
66.7,0.8862689190090566,0.1004890728124939,0.007776811425551866,0.003786268209433041,0.0015177854554282262,0.00016114308803601764,0.2046647754508165,0.8967550318168421,0.0948056614341687,0.0007737634735356406,0.004100872567285028,0.00348038025883149,8.429044933704487e-05
66.8,0.8861286782611907,0.10060832556071121,0.007789843441877405,0.003790857579188808,0.0015207274155503655,0.00016156774148109657,0.2046300244082869,0.8966161333354609,0.09493094582248193,0.0007759855431823915,0.0041065594223704096,0.003485840446107342,8.453543039691475e-05
66.9,0.8859884867471992,0.10072752663458737,0.007802876622524522,0.0037954459438451103,0.0015236711532156473,0.00016199289862764936,0.2045952085604408,0.8964772788755405,0.09505618359175191,0.000778210510358312,0.0041122452004164495,0.003491301078029305,8.478074390371605e-05
67.0,0.8858483456482931,0.10084667493559124,0.007815910917813718,0.0038000332753128046,0.0015266166626811844,0.00016241856030747072,0.20456030825745322,0.8963384684220354,0.09518137475820812,0.000780438373871727,0.004117929902541484,0.0034967621535820707,8.502638976092732e-05
67.10000000000001,0.8857082559480616,0.10096576957806692,0.007828946262758115,0.0038046195453742262,0.0015295639382780363,0.000162844727460564,0.20452530676825112,0.8961997019599081,0.09530651933807449,0.0007826691325313794,0.00412361352986259,0.0035022236717515746,8.527236787205672e-05
67.2,0.8855682184151448,0.10108480990412165,0.007841982578972402,0.0038092047261611,0.0015325129744872502,0.0001632714011122451,0.20449019056354972,0.8960609794741231,0.09543161734756926,0.0007849027851464307,0.004129296083495597,0.0035076856315249785,8.551867814064205e-05
67.3,0.885428233591465,0.10120379549272446,0.007855019776843686,0.003813788790608716,0.0015354637660084838,0.0001636985823489344,0.20445494951556287,0.8959223009496524,0.09555666880290518,0.0007871393305264603,0.0041349775645550665,0.003513148031890691,8.576532047025068e-05
67.4,0.8852883017861272,0.10132272616297254,0.007868057757906518,0.003818371712879858,0.0015384163078201126,0.0001641262722931494,0.20441957701253247,0.8957836663714718,0.09568167372028924,0.0007893787674814675,0.004140657974154311,0.003518610871838345,8.601229476447965e-05
67.5,0.8851484230749561,0.10144160197162101,0.007881096417361207,0.0038229534687527766,0.0015413705952299775,0.0001645544720782199,0.20438406998825298,0.895645075724564,0.09580663211592295,0.0007916210948218674,0.004146337313405393,0.0035240741503588077,8.62596009269555e-05
67.60000000000001,0.8850085973055151,0.1015604232051038,0.007894135646672783,0.003827534035968316,0.0015443266239161702,0.0001649831828232435,0.20434842886873691,0.8955065289939147,0.09593154400600214,0.0007938663113584955,0.004152015583419115,0.0035295378664441765,8.650723886133447e-05
67.7,0.8848688241073176,0.10167919036639551,0.007907175336187762,0.0038321133945321893,0.0015472843899574866,0.00016541240560878325,0.20431265744000307,0.8953680261645163,0.09605640940671703,0.0007961144159026028,0.004157692785305038,0.0035350020190877754,8.675520847130227e-05
67.8,0.8847291029068399,0.10179790415717561,0.007920215377707167,0.0038366915269693177,0.0015502438898534483,0.00016584214145378695,0.2042767626426796,0.8952295672213658,0.0961812283342523,0.0007983654072658597,0.004163368920171464,0.003540466607284162,8.700350966057426e-05
67.9,0.8845894329468338,0.10191656545585245,0.007933255666956861,0.0038412684185280587,0.0015532051205339997,0.00016627239129416975,0.20424075430061503,0.8950911521494651,0.09630600080478693,0.0008006192842603533,0.004169043989125454,0.003545931630029113,8.725214233289535e-05
68.0,0.8844498133093578,0.10203517529208553,0.00794629610590031,0.0038458440573330747,0.0015561680793592274,0.00016670315596346082,0.2042046447919915,0.8949527809338225,0.09643072683449443,0.0008028760456985887,0.004174717993272825,0.003551397086319635,8.750110639203997e-05
68.10000000000001,0.8843102429418752,0.10215373481850815,0.007959336604843992,0.0038504184344865067,0.001559132764109658,0.00016713443617586378,0.20416844867248898,0.8948144535594497,0.0965554064395426,0.0008051356903934875,0.0041803909337181444,0.0035568629751539533,8.77504017418122e-05
68.2,0.884170720685713,0.10227224528039681,0.00797237708429183,0.003854991544117942,0.001562099172967845,0.00016756623251202118,0.20413218226085034,0.8946761700113656,0.09668003963609374,0.0008073982171583888,0.004186062811564734,0.003562329295531518,8.800002828604547e-05
68.3,0.8840312453061421,0.10239070798406083,0.00798541747651215,0.0038595633833845423,0.0015650673044921553,0.00016799854540771542,0.2040958631977316,0.894537930274592,0.09680462644030442,0.000809663624807049,0.004191733627914676,0.003567796046453002,8.824998592860295e-05
68.4,0.8838918155233265,0.10250912426473191,0.007998457726788217,0.0038641339524233915,0.0015680371575837546,0.00016843137514566825,0.20405950998898767,0.8943997343341581,0.09692916686832577,0.0008119319121536406,0.004197403383868813,0.003573263226920293,8.85002745733772e-05
68.5,0.8837524300433877,0.10262749545472286,0.008011497794331685,0.0038687032542588534,0.001571008731447924,0.00016886472185053658,0.20402314154453946,0.8942615821750963,0.09705366093630328,0.0008142030780127536,0.004203072080526751,0.0035787308359364984,8.875089412429042e-05
68.60000000000001,0.8836130875888514,0.10274582285259512,0.008024537652846697,0.003873271294668326,0.0015739820255508974,0.0001692985854871341,0.20398677672370438,0.8941234737824455,0.09717810866037678,0.0008164771211993939,0.004208739718986847,0.003584198872505941,8.900184448529416e-05
68.7,0.8834737869277838,0.1028641076940294,0.008037577290740797,0.003877838082010292,0.0015769570395734462,0.00016973296586183885,0.20395043389736953,0.8939854091412496,0.09730251005668059,0.0008187540405289842,0.004214406300346234,0.003589667335634163,8.925312556036962e-05
68.8,0.8833345269009707,0.10298235112503311,0.008050616710987253,0.0038824036270190135,0.0015799337733624643,0.00017016786262708468,0.20391413053664711,0.8938473882365566,0.09742686514134342,0.000821033834817363,0.004220071825700799,0.003595136224327915,8.950473725352746e-05
68.9,0.8831953064465623,0.10310055417804487,0.008063655930651333,0.003886967942570553,0.0015829122268817713,0.0001706032752887721,0.2038778828367234,0.8937094110534217,0.09755117393048841,0.0008233165028807861,0.004225736296145205,0.00360060553759516,8.975667946880778e-05
69.0,0.883056124621683,0.10321871775141128,0.008076694980100631,0.003891531043425046,0.0015858924001633144,0.0001710392032163777,0.20384170538349994,0.8935714775769024,0.09767543644023315,0.0008256020435359234,0.004231399712772877,0.003606075274445077,9.000895211028022e-05
69.10000000000001,0.8829169806205888,0.10333684259261884,0.008089733901926384,0.003896092945950323,0.001588874293259885,0.000171475645655493,0.20380561086938045,0.8934335877920645,0.09779965268668955,0.0008278904555998622,0.004237062076676005,0.003611545433888049,9.02615550820438e-05
69.2,0.8827778737890531,0.10345492928556307,0.008102772749608647,0.0039006536678320137,0.0015918579062003551,0.00017191260174247692,0.2037696098631961,0.8932957416839762,0.09792382268596408,0.0008301817378901055,0.004242723388945553,0.003617016014935673,9.051448828822717e-05
69.3,0.8826388036347566,0.10357297824203517,0.008115811585963459,0.0039052132277752672,0.0015948432389483454,0.0001723500705208749,0.20373371063783505,0.8931579392377131,0.09804794645415753,0.0008324758892245697,0.00424838365067126,0.0036224870166007466,9.076775163298826e-05
69.4,0.8824997698335573,0.10369098969750092,0.008128850481414028,0.003909771645203104,0.001597830291365098,0.0001727880509592262,0.20369791905766776,0.8930201804383541,0.09817202400736517,0.00083477290842159,0.004254042862941633,0.003627958437897278,9.102134502051461e-05
69.5,0.8823607722316208,0.10380896371114455,0.008141889512131031,0.003914328939956232,0.0016008190631771882,0.00017322654196986532,0.2036622385263973,0.8928824652709837,0.09829605536167667,0.0008370727942999138,0.004259701026843953,0.0036334302778404754,9.127526835502304e-05
69.60000000000001,0.8822218108434836,0.1039269001700503,0.008154928758088974,0.003918885131998919,0.0016038095539495669,0.00017366554242831213,0.20362666999452364,0.8927447937206933,0.09842004053317617,0.0008393755456787058,0.004265358143464279,0.0036389025354467545,9.152952154075997e-05
69.7,0.8820828858462202,0.10404479879730104,0.008167968301086162,0.003923440241135176,0.0016068017630642608,0.0001741050511928434,0.203591212024237,0.8926071657725769,0.09854397953794222,0.0008416811613775441,0.004271014213887446,0.003644375209733729,9.178410448200114e-05
69.8,0.8819439975699678,0.10416265916368839,0.008181008222775538,0.003927994286739173,0.0016097956897049232,0.00017454506712384843,0.2035558609082854,0.8924695814117356,0.0986678723920478,0.0008439896402164233,0.004276669239197067,0.0036498482997202133,9.203901708305172e-05
69.9,0.8818051464851421,0.10428048070265236,0.008194048602751967,0.00393254728750337,0.0016127913328472545,0.0001749855891025839,0.20352061083820247,0.8923320406232738,0.09879171911156034,0.000846300981015751,0.004282323220475534,0.003655321804426222,9.229425924824637e-05
70.0,0.8816663331867446,0.10439826272800432,0.008207089516739118,0.003937099261207424,0.0016157886912551882,0.00017542661604896836,0.20348545411627594,0.8921945433923029,0.09891551971254167,0.00084861518259635,0.004287976158804021,0.003660795722872962,9.254983088194906e-05
70.10000000000001,0.8815275583762179,0.10451600445393504,0.008220131034915548,0.003941650224510458,0.0016187877634825975,0.00017586814693808665,0.20345038140479596,0.8920570897039384,0.09903927421104815,0.0008509322437794585,0.004293628055262482,0.0036662700540828447,9.280573188855322e-05
70.2,0.8813888228413501,0.10463370501677016,0.008233173220415268,0.003946200192768768,0.0016217885478801437,0.00017631018081510887,0.20341538200545262,0.8919196795433015,0.0991629826231305,0.0008532521633867273,0.00429927891092966,0.0036717447970794704,9.306196217248166e-05
70.3,0.8812501274347596,0.10475136349791103,0.00824621612803309,0.003950749179880612,0.001624791042606809,0.0001767527168083734,0.20338044416128362,0.8917823128955169,0.09928664496483393,0.000855574940240223,0.004304928726883078,0.003677219950887633,9.331852163818653e-05
70.4,0.881111473051508,0.10486897894738692,0.008259259803159407,0.003955297198159154,0.0016277952456455322,0.0001771957541404242,0.20334555537328639,0.8916449897457169,0.09941026125219805,0.0008579005731624246,0.004310577504199042,0.00368269551453332,9.357541019014941e-05
70.5,0.8809728606063955,0.10498655040744753,0.008272304280963063,0.003959844258234223,0.0016308011548223208,0.00017763929213684515,0.20331070272372645,0.8915077100790376,0.09953383150125703,0.000860229060976226,0.004316225243952656,0.00368817148704371,9.383262773288125e-05
70.60000000000001,0.8808342910114797,0.10510407693564107,0.008285349585834684,0.003964390368983048,0.001633808767828149,0.00017808333023278233,0.203275873198275,0.8913704738806199,0.0996573557280393,0.0008625604025049343,0.004321871947217804,0.003693647867447168,9.409017417092227e-05
70.7,0.8806957651543427,0.10522155762685068,0.008298395731096388,0.003968935537489679,0.0016368180822429134,0.00017852786797709617,0.20324105399939735,0.891233281135611,0.09978083394856793,0.0008648945965722713,0.004327517615067163,0.0036991246547732493,9.43480494088422e-05
70.8,0.8805572838775916,0.10533899163380311,0.008311442718977474,0.003973479769032416,0.0016398290955607184,0.00017897290503413724,0.2032062328438644,0.891096131829161,0.09990426617886035,0.0008672316420023707,0.004333162248572207,0.0037046018480526963,9.460625335123994e-05
70.9,0.8804188479600398,0.10545637818561307,0.008324490540849414,0.0039780230670981576,0.001642841805215749,0.0001794184411831873,0.20317139823787336,0.8909590259464284,0.1000276524349285,0.0008695715376197802,0.004338805848803191,0.003710079446317434,9.486478590274386e-05
71.0,0.8802804580999599,0.10557371660398582,0.008337539177707685,0.003982565433422259,0.001645856208608031,0.0001798644763156548,0.20313653972400159,0.8908219634725737,0.10015099273277872,0.000871914282249461,0.0043444484168291796,0.0037155574486005746,9.512364696801164e-05
71.10000000000001,0.8801421149007389,0.10569100631676724,0.00835058860088251,0.003987106868052175,0.0016488723031284085,0.00018031101043015812,0.20310164809507278,0.8906849443927651,0.10027428708841182,0.000874259874716786,0.004350089953718017,0.0037210358539364135,9.538283645173016e-05
71.2,0.8800038188592019,0.10580824686860119,0.00836363877295568,0.003991647369432882,0.0016518900861821166,0.00018075804362566704,0.20306671557095876,0.8905479686921737,0.1003975355178231,0.0008766083138475428,0.004355730460536354,0.0037265146613604198,9.564235425861576e-05
71.3,0.8798655703567977,0.10592543792852992,0.008376689648856562,0.003996186934511906,0.0016549095552104173,0.00018120557609290974,0.20303173593534615,0.8904110363559776,0.10052073803700234,0.0008789595984679306,0.004361369938349642,0.003731993869909252,9.590220029341413e-05
71.4,0.8797273696537677,0.1060425792944492,0.008389741177106787,0.004000725558861543,0.0016579307077098134,0.00018165360810427951,0.2029967046305418,0.8902741473693581,0.10064389466193373,0.0008813137274045613,0.004367008388222127,0.0037374734786207436,9.61623744609e-05
71.5,0.8795892168863454,0.10615967089440669,0.008402793301180583,0.004005263236815784,0.0016609535412484722,0.0001821021400024993,0.20296161880944397,0.8901373017175029,0.100767005408596,0.0008836706994844591,0.004372645811216851,0.003742953486533902,9.642287666587762e-05
71.60000000000001,0.8794511120669598,0.10627671278480653,0.00841584596094591,0.004009799961619344,0.0016639780534795675,0.00018255117218831933,0.2029264773448553,0.8900004993856051,0.10089007029296226,0.0008860305135350613,0.004378282208395671,0.0037484338926889135,9.668370681318053e-05
71.7,0.8793130550873504,0.10639370514565354,0.008428899094150507,0.004014335725586142,0.001667004242151337,0.00018300070510753123,0.20289128079731364,0.8898637403588615,0.10101308933100014,0.0008883931683842164,0.004383917580819237,0.0037539146961271448,9.694486480767141e-05
71.8,0.8791750457244297,0.10651064827303665,0.008441952637917046,0.004018870520264614,0.0016700321051137759,0.0001834507392375898,0.20285603134356606,0.8897270246224757,0.10113606253867183,0.0008907586628601862,0.004389551929547012,0.003759395895891124,9.720635055424234e-05
71.9,0.8790370836486746,0.1066275425691093,0.008455006530212212,0.00402340433660721,0.0016730616403219474,0.000183901275074127,0.20282073266867454,0.8895903521616553,0.10125898993193382,0.000893126995791642,0.004395185255637255,0.00376487749102456,9.746816395781448e-05
72.0,0.8788991684347719,0.10674438852987621,0.008468060711256156,0.004027937165141561,0.0016760928458360083,0.00018435231311763733,0.20278538982551222,0.8894537229616123,0.1013818715267372,0.0008954981660076696,0.004400817560147043,0.0037703594805723276,9.773030492333849e-05
72.10000000000001,0.8787612995742003,0.1068611867311384,0.008481115124841093,0.004032468996140854,0.0016791257198181242,0.0001848038538605996,0.2027500090660599,0.889317137007566,0.10150470733902754,0.0008978721723377652,0.0044064488441322575,0.0037758418635804774,9.79927733557941e-05
72.2,0.8786234764893953,0.10697793781298046,0.008494169719530709,0.004036999819791102,0.0016821602605265158,0.0001852558977752792,0.202714597649444,0.8891805942847394,0.1016274973847448,0.0009002490136118358,0.004412079108647586,0.003781324639096221,9.825556916019032e-05
72.3,0.8784856985491134,0.1070946424632078,0.00850722444971568,0.004041529626353133,0.0016851964663069606,0.00018570844530243398,0.2026791636320517,0.8890440947783599,0.10175024167982359,0.000902628688660201,0.004417708354746536,0.0037868078061679376,9.851869224156543e-05
72.4,0.8783479650846008,0.1072113014001535,0.008520279276504575,0.0040460584063173035,0.0016882343355821164,0.00018616149684111714,0.20264371564531647,0.8889076384736618,0.1018729402401928,0.0009050111963135908,0.004423336583481423,0.0037922913638451777,9.878214250498687e-05
72.5,0.8782102754061604,0.10732791535527722,0.008533334168433835,0.004050586150549131,0.0016912738668390815,0.00018661505273974137,0.20260826266688264,0.8887712253558833,0.10199559308177594,0.0009073965354031463,0.004428963795903376,0.003797775311178649,9.904591985555137e-05
72.60000000000001,0.8780726288197148,0.10744448505597087,0.008546389101985246,0.00405511285042424,0.001694315058615646,0.00018706911328853613,0.20257281379083397,0.8886348554102678,0.10211820022049103,0.0009097847047604196,0.00443458999306234,0.003803259647220226,9.931002419838476e-05
72.7,0.8779350246429767,0.10756101120896831,0.008559444061904009,0.00405963849795123,0.0016973579094856834,0.00018752367871349284,0.2025373780025177,0.8884985286220638,0.10224076167225045,0.0009121757032173734,0.00444021517600708,0.00380874437102294,9.957445543864225e-05
72.8,0.8777974622208555,0.10767749448473106,0.008572499041315483,0.004064163085881278,0.0017004024180441654,0.00018797874917186123,0.20250196396320777,0.8883622449765252,0.10236327745296121,0.0009145695296063817,0.004445839345785177,0.003814229481640991,9.983921348150803e-05
72.9,0.8776599409397635,0.10779393550314753,0.00858555404164335,0.004068686607803553,0.0017034485828922525,0.00018843432474922213,0.20246657980945582,0.8882260044589102,0.10248574757852473,0.0009169661827602288,0.004451462503443025,0.0038197149781297292,0.00010010429823219561
73.0,0.8775224602405137,0.10791033482084246,0.008598609072336526,0.004073209058225692,0.0017064964026229008,0.00018889040545812827,0.20243123297147464,0.8880898070544835,0.10260817206483695,0.0009193656615121081,0.00445708465002585,0.003825200859545667,0.00010036970959594772
73.10000000000001,0.8773850196295513,0.1080266929203472,0.008611664150416438,0.004077730432638841,0.0017095458758074038,0.00018934699123827396,0.2023959300143112,0.8879536527485138,0.10273055092778838,0.0009217679646956244,0.004462705786577693,0.0038306871249464704,0.00010063544747803607
73.2,0.8772476186883014,0.10814301020132963,0.00862471929986011,0.004082250727566989,0.0017125970009832265,0.0001898040819581202,0.20236067650490572,0.8878175415262751,0.10285288418326388,0.0009241730911447927,0.004468325914141423,0.003836173773390963,0.00010090151178376173
73.3,0.8771102570804707,0.10825928697402898,0.008637774550837958,0.004086769940600487,0.0017156497766434612,0.0001902616774178775,0.2023254769074175,0.8876814733730465,0.10297517184714294,0.0009265810396940371,0.004473945033758724,0.00384166080393912,0.00010116790241845484
73.4,0.8769729345571915,0.10837552345498407,0.00865082993882806,0.004091288070413918,0.001718704201228167,0.00019071977735372203,0.20229033450845496,0.8875454482741123,0.1030974139352995,0.0009289918091781919,0.004479563146470116,0.003847148215652068,0.00010143461928747465
73.5,0.8768356509599515,0.1084917197650875,0.008663885503630913,0.004095805116768598,0.00172176027311779,0.0001911783814431004,0.20225525137307818,0.887409466214762,0.10321961046360209,0.0009314053984325017,0.004485180253314945,0.0038526360075920893,0.00010170166229620962
73.60000000000001,0.8766984062213061,0.10860787592994287,0.008676941288310461,0.004100321080500236,0.0017248179906288127,0.0001916374893109626,0.20222022833168457,0.8872735271802895,0.10334176144791361,0.0009338218062926197,0.004490796355331379,0.0038581241788226096,0.00010196903135007735
73.7,0.8765612003634228,0.10872399188244782,0.008689997338088035,0.004104835963492392,0.0017278773520116907,0.0001920971005367474,0.20218526499714537,0.8871376311559949,0.10346386690409153,0.000936241031594608,0.0044964114535564195,0.003863612728408208,0.0001022367263545245
73.8,0.8764240334945564,0.10884006746747706,0.008703053699216388,0.004109349768636565,0.0017309383554510948,0.00019255721466194013,0.20215035981085847,0.8870017781271817,0.10358592684798788,0.0009386630731749394,0.0045020255490259035,0.003869101655414608,0.00010250474721502688
73.9,0.8762869058035998,0.10895610244849278,0.00871611041786061,0.00411386249977986,0.001734000999068389,0.00019301783119801482,0.202115510115733,0.8868659680791598,0.10370794129544915,0.000941087929870495,0.004507638642774494,0.00387459095890868,0.0001027730938370894
74.0,0.8761498175528953,0.1090720965158702,0.00872916753901184,0.004118374161661297,0.0017370652809262244,0.00019347894963457526,0.20208071225353852,0.8867302009972449,0.10382991026231635,0.0009435156005185644,0.00451325073583569,0.003880080637958439,0.00010304176612624611
74.10000000000001,0.8760127690695283,0.10918804929669235,0.008742225105458289,0.004122884759837958,0.0017401311990350797,0.00019394056944751486,0.2020459616835458,0.8865944768667551,0.10395183376442507,0.0009459460839568467,0.004518861829241824,0.003885570691633042,0.00010331076398806012
74.2,0.8758757607353526,0.10930396036574022,0.008755283156835953,0.004127394300602213,0.001743198751361507,0.0001944026901070196,0.2020112531189721,0.8864587956730163,0.10407371181760532,0.0009483793790234494,0.00452447192402407,0.0038910611190027897,0.00010358008732812362
74.3,0.875738792976021,0.1094198292573851,0.008768341728779024,0.004131902790891397,0.0017462679358378275,0.00019486531108525487,0.2019765806774221,0.8863231574013579,0.10419554443768171,0.0009508154845568898,0.004530081021212433,0.003896551919139119,0.00010384973605205791
74.4,0.8756018662493076,0.10953565547807706,0.0087814008521871,0.004136410238191287,0.0017493387503729606,0.00019532843186358765,0.2019419380412954,0.8861875620371148,0.10431733164047331,0.0009532543993960905,0.004535689121835758,0.003902043091114614,0.00010411971006551334
74.5,0.8754649810330197,0.1096514385191187,0.008794460552623064,0.004140916650434835,0.0017524111928640597,0.00019579205193921484,0.2019073186240146,0.8860520095656269,0.10443907344179383,0.0009556961223803851,0.004541296226921736,0.0039075346340029906,0.00010439000927416937
74.60000000000001,0.8753281378127941,0.10976717786941609,0.008807520849852157,0.004145422035897605,0.0017554852612086168,0.00019625617083108876,0.2018727157379109,0.8859164999722393,0.10456076985745136,0.0009581406523495144,0.004546902337496888,0.003913026546879103,0.00010466063358373438
74.7,0.8751913370700698,0.10988287302790778,0.00882058175752905,0.00414992640309134,0.0017585609533166651,0.00019672078808504834,0.20183812275968988,0.8857810332423025,0.10468242090324861,0.0009605879881436271,0.004552507454586592,0.003918518828818943,0.00010493158289994595
74.8,0.8750545792705154,0.10999852351539002,0.008833643283036244,0.004154429760657125,0.0017616382671227515,0.0001971859032780914,0.20180353328957643,0.8856456093611705,0.10480402659498285,0.0009630381286032802,0.00455811157921506,0.0039240114788996324,0.00010520285712857066
74.9,0.8749178648531696,0.11011412888547818,0.008846705427473331,0.00415893211725954,0.0017647172005973203,0.00019765151602174128,0.20176894130050413,0.8855102283142045,0.10492558694844568,0.0009654910725694372,0.004563714712405349,0.003929504496199431,0.00010547445617540415
75.0,0.8747811942205289,0.11022968873447268,0.008859768185793272,0.004163433481483163,0.0017677977517572036,0.00019811762596448642,0.20173434127406145,0.8853748900867694,0.10504710197942353,0.0009679468188834708,0.004569316855179369,0.003934997879797723,0.00010574637994627098
75.10000000000001,0.8746445677297899,0.11034520270993038,0.008872831547078462,0.004167933861732747,0.001770879918674928,0.00019858423279329332,0.20169972832031208,0.8852395946642354,0.10516857170369727,0.0009704053663871602,0.004574918008557873,0.003940491628775035,0.00010601862834702484
75.2,0.8745079856854161,0.11046067051777829,0.008885895494946257,0.004172433266138289,0.0017739636994865793,0.00019905133623421143,0.20166509827908727,0.8851043420319781,0.10528999613704218,0.0009728667139226914,0.00458051817356046,0.00394598574221301,0.00010629120128354833
75.3,0.8743714483331664,0.11057609192784612,0.008898960008070977,0.00417693170246614,0.0017770490923980187,0.0001995189360521117,0.20163044780084638,0.8849691321753774,0.10541137529522811,0.000975330860332659,0.0045861173512055904,0.003951480219194426,0.00010656409866175316
75.4,0.8742349558556823,0.11069146677773431,0.008912025060806964,0.004181429178037217,0.001780136095689284,0.00019998703204961505,0.20159577440575543,0.8848339650798188,0.10553270919401961,0.0009777978044600622,0.004591715542510563,0.003956975058803183,0.00010683732038758004
75.5,0.8740985083696927,0.11080679497497609,0.008925090623895338,0.004185925699653242,0.0017832247077170557,0.00020045562406528295,0.20156107652018443,0.8846988407306933,0.10565399784917565,0.0009802675451483101,0.004597312748491541,0.003962470260124313,0.00010711086636699847
75.60000000000001,0.8739621059248521,0.1109220764974937,0.00893815666523571,0.0041904212735318445,0.0017863149269151338,0.00020092471197115754,0.20152635349039102,0.8845637591133958,0.10577524127644976,0.000982740081241217,0.00460290897016353,0.003967965822243965,0.00010738473650600726
75.7,0.8738257485041948,0.11103731139238805,0.00895122315070295,0.004194915905251219,0.0017894067517929039,0.0002013942956697444,0.20149160557370294,0.8844287202133264,0.10589643949159,0.000985215411583002,0.004608504208540406,0.003973461744249416,0.00010765893071063389
75.8,0.8736894360261434,0.1111524997731402,0.008964290044988756,0.0041994095997048885,0.0017925001809318422,0.0002018643750905433,0.2014568339080437,0.8842937240158919,0.1060175925103391,0.0009876935350182942,0.004614098464634885,0.003978958025229059,0.00010793344888693493
75.9,0.8735531683479815,0.11126764181533702,0.008977357312447648,0.004203902361067016,0.0017955952129801462,0.00020233495018623395,0.20142204046113532,0.8841587705065016,0.10613870034843413,0.0009901744503921263,0.0046196917394585495,0.003984454664272412,0.000108208290940996
76.0,0.873416945270664,0.1113827377510652,0.008990424917927498,0.004208394192768522,0.0017986918466456284,0.00020280602092862627,0.20138722796115496,0.8840238596705724,0.10625976302160696,0.0009926581565499382,0.0046252840340218464,0.003989951660470113,0.00010848345677893148
76.10000000000001,0.873280766544813,0.11149778786214509,0.009003492827565648,0.004212885097484154,0.0018017900806870644,0.00020327758730448548,0.20135239981102282,0.8838889914935237,0.1063807805455838,0.000995144652337576,0.004630875349334071,0.003995449012913909,0.00010875894630688481
76.2,0.8731446318777236,0.11161279247239693,0.0090165610095329,0.004217375077130475,0.0018048899139041993,0.0002037496493113357,0.20131755998881393,0.8837541659607819,0.10650175293608553,0.0009976339366012913,0.004636465686403389,0.004000946720696676,0.00010903475943102837
76.3,0.8730085409411849,0.1117277519391504,0.009029629434709509,0.00422186413287464,0.0018079913451266813,0.00020422220695334424,0.2012827129370568,0.8836193830577778,0.10662268020882759,0.0010001260081877411,0.004642055046236828,0.004006444782912394,0.00010931089605756344
76.4,0.8728724933799081,0.11184266664421891,0.009042698077279195,0.0042263522651536205,0.0018110943732021856,0.00020469526023737735,0.20124786344386159,0.8834846427699465,0.10674356237951999,0.0010026208659439887,0.004647643429840278,0.004011943198656163,0.00010958735609272023
76.5,0.8727364888203466,0.11195753698456645,0.009055766915229557,0.0042308394737034655,0.0018141989969840287,0.00020516880916930958,0.2012130165189398,0.8833499450827298,0.10686439946386721,0.0010051185087175032,0.004653230838218492,0.004017441967024194,0.00010986413944275787
76.60000000000001,0.8726005268796868,0.11207236336289547,0.009068835930749811,0.004235325757598004,0.001817305215318581,0.00020564285375065987,0.201178177267601,0.8832152899815726,0.1069851914775684,0.0010076189353561574,0.004658817272375097,0.004022941087113808,0.00011014124601396431
76.7,0.8724646071747966,0.11218714617837877,0.009081905110519331,0.004239811115296308,0.001820413027032777,0.000206117393975611,0.20114335076579107,0.8830806774519256,0.10710593843631726,0.001010122144708231,0.00466440273331258,0.00402844055802344,0.00011041867571265652
76.80000000000001,0.8723287293309182,0.11230188581774926,0.009094974445883312,0.004244295544698095,0.0018235224309220371,0.0002065924298284608,0.20110854193910982,0.8829461074792453,0.10722664035580194,0.0010126281356224076,0.004669987222032301,0.004033940378852629,0.00011069642844518035
76.9,0.8721928929899128,0.11241658264694557,0.009108043932914502,0.00424877904320617,0.0018266334257388806,0.00020706796128153464,0.2010737554485828,0.8828115800489923,0.10734729725170529,0.001015136906947777,0.004675570739534493,0.004039440548702027,0.00011097450411791039
77.0,0.8720570978178719,0.11253123700349382,0.009121113572362763,0.004253261607794891,0.0018297460101825117,0.00020754398829358052,0.2010389955857168,0.882677095146633,0.10746790913970487,0.0010176484575338323,0.004681153286818256,0.004044941066673387,0.00011125290263725023
77.10000000000001,0.8719213435119386,0.11264584918978227,0.00913418336949668,0.004257743235083599,0.0018328601828896183,0.00020802051080864997,0.2010042661790856,0.8825426527576364,0.10758847603547242,0.0010201627862304722,0.004686734864881565,0.004050441931869569,0.00011153162390963239
77.2,0.8717856298061994,0.1127604194673602,0.0091472533338439,0.004262223921413862,0.0018359759424265989,0.00020849752875545734,0.20096957051435121,0.88240825286748,0.10770899795467459,0.0010226798918879997,0.004692315474721272,0.004055943143394538,0.0001118106678415181
77.30000000000001,0.8716499564765354,0.11287494805236503,0.009160323478839107,0.004266703662929373,0.0018390932872834075,0.00020897504204719943,0.20093491126925977,0.8822738954616445,0.10782947491297248,0.0010251997733571215,0.004697895117333096,0.004061444700353361,0.00011209003433939757
77.4,0.8715143233443502,0.11298943511215086,0.00917339382139035,0.004271182455657283,0.001842212215869138,0.00020945305058180208,0.2009002904647546,0.8821395805256155,0.10794990692602188,0.0010277224294889503,0.004703473793711643,0.004066946601852208,0.00011236972330978963
77.5,0.8713787302791188,0.1131038807631628,0.009186464381376151,0.0042756602955897685,0.001845332726509469,0.0002099315542425568,0.20086570943293247,0.8820053080448841,0.10807029400947288,0.001030247859135001,0.004709051504850391,0.004072448846998345,0.00011264973465924227
77.60000000000001,0.8712431771997333,0.11321828507006945,0.009199535181087053,0.00428013717876462,0.0018484548174460013,0.000210410552899097,0.2008311688021569,0.8818710780049461,0.10819063617897055,0.0010327760611471934,0.004714628251741699,0.00407795143490014,0.0001129300682943321
77.7,0.8711076640746468,0.11333264804613682,0.009212606244626173,0.004284613101343688,0.0018515784868375113,0.00021089004640866056,0.20079666849922354,0.8817368903913022,0.10831093345015422,0.0010353070343778505,0.004720204035376805,0.004083454364667058,0.00011321072412166459
77.80000000000001,0.8709721909208488,0.11344696965479827,0.00922567759728395,0.004289088059688044,0.0018547037327630814,0.0002113700346175808,0.2007622077680755,0.8816027451894588,0.10843118583865798,0.0010378407776796997,0.004725778856745831,0.004088957635409661,0.00011349170204787397
77.9,0.8708367578017308,0.11356124981234775,0.009238749264902365,0.004293562050428781,0.0018578305532270226,0.00021185051736294204,0.2007277852041895,0.8814686423849264,0.1085513933601104,0.0010403772899058713,0.0047313527168377795,0.004094461246239605,0.00011377300197962337
78.0,0.8707013648239231,0.11367548839166026,0.00925182127324385,0.004298035070532473,0.0018609589461654802,0.00021233149447433993,0.20069339880340595,0.8813345819632213,0.10867155603013483,0.0010429165699099002,0.004736925616640539,0.004099965196269639,0.00011405462382360481
78.10000000000001,0.8705660121332081,0.11378968522682137,0.009264893647379466,0.0043025071173603754,0.0018640889094545601,0.00021281296577568297,0.20065904602367218,0.8812005639098642,0.10879167386434897,0.001045458616545722,0.004742497557140884,0.0041054694846136075,0.00011433656748653888
78.2,0.870430699909632,0.1139038401185301,0.009277966411110143,0.004306978188720562,0.0018672204409197826,0.00021329493108697656,0.20062472385790162,0.8810665882103809,0.10891174687836537,0.0010480034286676789,0.00474806853932447,0.004110974110386446,0.000114618832875175
78.30000000000001,0.8702954283619551,0.11401795284012574,0.009291039586433633,0.004311448282912328,0.0018703535383466597,0.00021377739022603506,0.20059042891594192,0.8809326548503024,0.10903177508779086,0.0010505510051305132,0.00475363856417585,0.00411647907270418,0.00011490141989629146
78.4,0.8701601977215885,0.11413202314407815,0.00930411319306833,0.00431591739876228,0.001873488199492137,0.00021426034301007054,0.20055615751348196,0.8807987638151645,0.10915175850822718,0.0010531013447893714,0.004759207632678457,0.004121984370683919,0.0001151843284566954
78.5,0.8700250082361748,0.11424605076877568,0.009317187248043587,0.004320385535651702,0.001876624422096661,0.00021474378925711608,0.2005219057656257,0.8806649150905075,0.10927169715527049,0.0010556544464998033,0.004764775745814619,0.004127490003443864,0.00011546755846322239
78.60000000000001,0.8698898601629744,0.1143600354454422,0.009330261765364223,0.004324852693534895,0.001879762203896585,0.00021522772878724596,0.20048766968281193,0.8805311086618786,0.1093915910445117,0.0010582103091177583,0.004770342904565556,0.004132995970103308,0.00011575110982273712
78.7,0.8697547537622188,0.1144739769050172,0.009343336755755062,0.004329318872948351,0.001882901542636656,0.00021571216142356574,0.20045344526676373,0.8803973445148279,0.10951144019153611,0.0010607689314995926,0.004775909109911375,0.004138502269782625,0.00011603498244213271
78.80000000000001,0.8696196892905859,0.11458787488483856,0.009356412226489278,0.004333784075010766,0.001886042436082304,0.0002161970869929529,0.2004192286042172,0.8802636226349114,0.10963124461192372,0.0010633303125020615,0.0047814743628310855,0.004144008901603266,0.00011631917622833139
78.9,0.8694846669949491,0.11470172913497642,0.009369488181302208,0.004338248301414012,0.0018891848820314677,0.00021668250532653533,0.20038501595628921,0.8801299430076898,0.10975100432124933,0.0010658944509823235,0.004787038664302586,0.004149515864687773,0.00011660369108828378
79.0,0.869349687106538,0.1148155394240804,0.009382564620390343,0.004342711554405373,0.0018923288783257153,0.00021716841625990781,0.2003508038415048,0.8799963056187282,0.10987071933508201,0.0010684613457979386,0.004792602015302675,0.004155023158159773,0.00011688852692896933
79.10000000000001,0.869214749835635,0.11492930554461671,0.009395641540493157,0.004347173836761438,0.0018954744228604188,0.00021765481963309088,0.20031658911070566,0.8798627104535989,0.10999038966898576,0.00107103099580687,0.004798164416807044,0.004160530781143964,0.0001171736836573963
79.2,0.8690798553669173,0.11504302731739055,0.009408718935053564,0.004351635151754199,0.0018986215135937841,0.00021814171529024702,0.2002823690123011,0.8797291574978766,0.11011001533851895,0.0010736033998674814,0.00480372586979029,0.004166038732766127,0.00011745916118060151
79.30000000000001,0.8689450038555361,0.11515670459526879,0.009421796794451107,0.004356095503110015,0.0019017701485545538,0.00021862910307917573,0.20024814124658694,0.8795956467371422,0.11022959635923475,0.001076178556838538,0.0048092863752259045,0.004171547012153122,0.0001177449594056506
79.4,0.8688101954239993,0.11527033726603896,0.009434875106300398,0.004360554894962191,0.0019049203258482343,0.00021911698285061404,0.20021390400815275,0.8794621781569814,0.1103491327466808,0.0010787564655792077,0.004814845934086283,0.004177055618432885,0.00011803107823963787
79.5,0.8686754301599131,0.11538392525436335,0.009447953855806056,0.004365013331798032,0.0019080720436617405,0.00021960535445737716,0.20017965601569646,0.8793287517429845,0.11046862451639954,0.0010813371249490597,0.004820404547342723,0.0041825645507344265,0.00011831751758968622
79.60000000000001,0.8685407081146055,0.11549746852280889,0.009461033026164259,0.004369470818401296,0.0019112253002663748,0.00022009421775337495,0.20014539652888388,0.8791953674807478,0.11058807168392767,0.001083920533808062,0.004825962215965422,0.004188073808187837,0.00011860427736294738
79.7,0.8684060293026408,0.11561096707195602,0.00947411259900023,0.004373927359791037,0.0019143800940191037,0.00022058357259254532,0.20011112535219763,0.8790620253558719,0.11070747426479711,0.0010865066910165863,0.00483151894092349,0.00419358338992427,0.00011889135746660167
79.80000000000001,0.8682713937022098,0.11572442093961166,0.009487192554830463,0.004378382961157876,0.0019175364233621384,0.00022107341882774675,0.20007684282603,0.8789287253539624,0.11082683227453378,0.0010890955954354048,0.004837074723184938,0.0041990932950759586,0.00011917875780785807
79.9,0.8681368012563617,0.1158378301991707,0.009500272873538152,0.004382837627798742,0.0019206942868208385,0.0002215637563096514,0.20004254980555936,0.8787954674606291,0.11094614572865857,0.0010916872459256891,0.004842629563716687,0.004204603522776205,0.00011946647829395406
80.0,0.8680022518750222,0.11595119495719035,0.00951335353485037,0.0043872913650511835,0.0019238536830000284,0.00022205458488568173,0.20000824762822617,0.878662251661488,0.11106541464268697,0.001094281641349013,0.004848183463484563,0.004210114072159375,0.00011975451883215617
80.10000000000001,0.8678677454377306,0.11606451535025732,0.009526434518805747,0.0043917441782282685,0.001927014610578817,0.00022254590439902964,0.19997393807086086,0.8785290779421593,0.11118463903212908,0.0010968787805673498,0.004853736423453302,0.004215624942360914,0.00012004287932975917
80.2,0.8677332817970085,0.1161777915412423,0.009539515806202,0.004396196072555145,0.0019301770683040574,0.00022303771468779445,0.19993962329773637,0.8783959462882694,0.11130381891248958,0.0010994786624430742,0.0048592884445865575,0.004221136132517329,0.00012033155969408667
80.30000000000001,0.867598860782263,0.11629102371504835,0.009552597379013383,0.004400647053108235,0.0019333410549826182,0.00022353001558427375,0.19990530580098678,0.878262856685448,0.11142295429926789,0.00110208128583896,0.004864839527846888,0.004226647641766185,0.00012062055983249081
80.4,0.8674644822041184,0.11640421207396726,0.0095656792207691,0.0044050971247579914,0.0019365065694726302,0.00022402280691443261,0.19987098833497913,0.8781298091193298,0.11154204520795791,0.0011046866496181812,0.004870389674195766,0.004232159469246124,0.00012090987965235245
80.5,0.8673301458590619,0.11651735683276543,0.009578761316884921,0.004409546292116082,0.00193967361067393,0.00022451608849757468,0.1998366738463174,0.8779968035755555,0.11166109165404833,0.001107294752644313,0.004875938884593584,0.004237671614096844,0.00012119951906108094
80.60000000000001,0.8671958515342842,0.11663045821362215,0.009591843654941519,0.004413994559487776,0.0019428421775179018,0.00022500986014623012,0.19980236540121835,0.8778638400397718,0.11178009365302238,0.0011099055937813299,0.004881487159999644,0.00424318407545911,0.00012148947796611436
80.7,0.8670615990125983,0.11674351644104368,0.009604926224904472,0.004418441930830203,0.0019460122689569455,0.0002255041216662693,0.1997680661120071,0.8777309184976267,0.11189905122035795,0.001112519171893605,0.004887034501372172,0.0042486968524747416,0.00012177975627491924
80.80000000000001,0.8669273880773161,0.11685653173687333,0.009618009019282399,0.004422888409717046,0.0019491838839537983,0.00022599887285724513,0.19973377906445974,0.8775980389347766,0.11201796437152768,0.0011151354858459123,0.004892580909668303,0.004254209944286625,0.0001220703538949908
80.9,0.8667932185169727,0.11696950431551191,0.009631092033221211,0.004427333999310124,0.0019523570214709319,0.0002264941135129585,0.1996995072476489,0.8774652013368812,0.11213683312199871,0.0011177545345034247,0.0048981263858441,0.004259723350038701,0.0001223612707338528
81.0,0.8666590901297905,0.11708243437945463,0.009644175264534045,0.004431778702338195,0.0019555316804602436,0.00022698984342223687,0.19966525348784575,0.8773324056896061,0.11225565748723285,0.0011203763167317137,0.00490367093085454,0.004265237068875964,0.00012265250669905766
81.10000000000001,0.8665250027277858,0.1171953221152397,0.009657258713667934,0.004436222521083174,0.00195870785985325,0.0002274860623699076,0.19963102038789746,0.8771996519786205,0.1123744374826867,0.0011230008313967523,0.004909214545653525,0.004270751099944479,0.00012294406169818613
81.2,0.8663909561404345,0.11730816768989168,0.009670342383609719,0.004440665457373844,0.0019618855585519677,0.00022798277013794297,0.19959681027333182,0.8770669401895997,0.11249317312381135,0.0011256280773649092,0.0049147572311938805,0.004276265442391345,0.00012323593563884786
81.30000000000001,0.8662569502178213,0.11742097124792877,0.009683426279735128,0.004445107512587023,0.001965064775420667,0.00022847996650675028,0.19956262514625125,0.8769342703082237,0.1126118644260526,0.0011282580535029543,0.004920298988427357,0.004281780095364735,0.0001235281284286807
81.4,0.8661229848332155,0.11753373290898696,0.009696510409606023,0.00444954868765599,0.001968245509278627,0.00022897765125657157,0.19952846664786858,0.8768016423201772,0.11273051140485091,0.0011308907586780566,0.004925839818304629,0.00428729505801386,0.0001238206399753513
81.5,0.8659890598850295,0.11764645276609922,0.009709594782722084,0.004453988983085905,0.001971427758894038,0.00022947582416896065,0.19949433603031544,0.87666905621115,0.11284911407564145,0.0011335261917577812,0.0049313797217752945,0.0042928103294889945,0.00012411347018655473
81.60000000000001,0.8658551752981322,0.11775913088465041,0.0097226794102339,0.00445842839897581,0.0019746115229791286,0.00022997448502829656,0.19946023413811895,0.8765365119668369,0.1129676724538539,0.001136164351610094,0.0049369186997878815,0.00429832590894145,0.0001244066189700145
81.7,0.8657213310245054,0.11787176730201232,0.009735764304625314,0.0044628669350467035,0.001977796800186601,0.00023047363362329495,0.19942616139951322,0.876404009572937,0.11308618655491273,0.0011388052371033585,0.0049424567532898485,0.004303841795523599,0.00012470008623348286
81.80000000000001,0.8655875270432477,0.11798436202784772,0.009748849479373243,0.004467304590675108,0.0019809835891074004,0.00023097326974847777,0.199392117827514,0.8762715490151552,0.11320465639423706,0.0011414488471063356,0.004947993883227585,0.004309357988388855,0.00012499387188474049
81.9,0.8654537633599434,0.11809691504505583,0.00976193494859359,0.004471741364931442,0.0019841718882698356,0.00023147339320556123,0.1993581030304686,0.8761391302792015,0.1133230819872407,0.0011440951804881864,0.004953530090546409,0.004314874486691682,0.0001252879758315964
82.0,0.865320040005432,0.11820942631131862,0.009775020726681903,0.004476177256622471,0.001987361696140027,0.00023197400380472563,0.19932411623157525,0.8760067533507894,0.11344146334933199,0.001146744236118467,0.0049590653761905695,0.0043203912895875855,0.00012558239798188828
82.10000000000001,0.8651863570340226,0.11832189576119333,0.009788106827957324,0.004480612264337031,0.001990553011123634,0.00023247510136573148,0.19929015629667954,0.8758744182156393,0.11355980049591402,0.0011493960128671336,0.004964599741103252,0.004325908396233119,0.00012587713824348232
82.2,0.8650527145212137,0.11843432330868607,0.009801193266318077,0.004485046386494199,0.0019937458315687864,0.0002329766857188509,0.19925622176948055,0.8757421248594743,0.11367809344238455,0.0011520505096045395,0.004970133186226579,0.004331425805785875,0.00012617219652427304
82.30000000000001,0.8649191125609828,0.11854670885023195,0.00981428005491626,0.004489479621393067,0.0019969401557701277,0.00023347875670558864,0.19922231091313244,0.8756098732680241,0.11379634220413613,0.0011547077252014352,0.004975665712501602,0.004336943517404494,0.00012646757273218357
82.4,0.8647855512627253,0.1186590522679993,0.009827367205858984,0.0044939119672632345,0.0020001359819738413,0.00023398131417916906,0.19918842175711174,0.8754776634270229,0.11391454679655581,0.0011573676585289684,0.004981197320868319,0.004342461530248651,0.00012676326677516541
82.5,0.8646520307479229,0.11877135343343123,0.009840454729942162,0.004498343422315185,0.002003333308383536,0.0002344843580047753,0.19915455214812683,0.8753454953222101,0.11403270723502534,0.0011600303084586844,0.004986728012265656,0.004347979843479068,0.0001270592785611987
82.60000000000001,0.8645185511466276,0.11888361221093388,0.009853542636422272,0.00450277398478971,0.0020065321331668266,0.00023498788805952872,0.1991206998037899,0.875213368939329,0.11415082353492123,0.0011626956738625262,0.004992257787631486,0.004353498456257495,0.00012735560799829172
82.7,0.8643851125938484,0.11899582846162067,0.009866630932830385,0.004507203653005571,0.002009732454462456,0.00023549190423220574,0.199086862367745,0.8750812842641288,0.11426889571161465,0.0011653637536128316,0.004997786647902621,0.0043590173677467295,0.00012765225499448155
82.80000000000001,0.86425171522593,0.11910800204702293,0.009879719624831678,0.0045116324254046705,0.002012934270387792,0.00023599640642269458,0.19905303746494607,0.8749492412823628,0.11438692378047133,0.0011680345465823383,0.005003314594014815,0.004364536577110599,0.0001279492194578333
82.9,0.8641183591770052,0.11922013283268039,0.009892808716132432,0.004516060300594019,0.0020161375790465185,0.00023650139454120002,0.19901922275581585,0.8748172399797908,0.11450490775685183,0.001170708051644179,0.0050088416269027615,0.004370056083513969,0.00012824650129644098
83.0,0.8639850445756054,0.11933222069153138,0.00990589820843545,0.0045204872773839,0.002019342378536362,0.0002370068685072122,0.19898541598807656,0.8746852803421756,0.11462284765611142,0.0011733842676718825,0.005014367747500103,0.0043755758861227356,0.00012854410041842655
83.10000000000001,0.8638517715415011,0.11944426550702841,0.00991898810144355,0.0045249133548216835,0.002022548666956677,0.00023751282824825866,0.1989516150451322,0.8745533623552855,0.11474074349359983,0.001176063193539375,0.005019892956739427,0.00438109598410383,0.00012884201673194078
83.2,0.8637185401828404,0.1195562671759144,0.009932078392909773,0.004529338532220837,0.0020257564424157374,0.0002380192736984658,0.19891781798999156,0.8744214860048948,0.11485859528466175,0.001178744828120979,0.005025417255552263,0.004386616376625216,0.00012914025014516256
83.30000000000001,0.8635853505936439,0.11966822561060451,0.009945169078731863,0.004533762809184779,0.002028965703037594,0.0002385262047969611,0.19888402310385536,0.8742896512767808,0.11497640304463635,0.0011814291702914124,0.005030940644869093,0.004392137062855881,0.00012943880056629932
83.4,0.8634522028517033,0.11978014074112889,0.009958260153087546,0.004538186185625312,0.0020321764469683457,0.0002390336214861479,0.19885022891863796,0.8741578581567276,0.11509416678885767,0.00118411621892579,0.005036463125619345,0.004397658041965852,0.00012973766790358684
83.5,0.8633190970169219,0.11989201251660418,0.0099713516086064,0.004542608661775458,0.0020353886723817336,0.00023954152370989212,0.1988164342428519,0.8740261066305233,0.11521188653265432,0.0011868059728996217,0.005041984698731402,0.004403179313126175,0.00013003685206528938
83.60000000000001,0.8631860331301212,0.1200038409062129,0.009984443436573226,0.004547030238196663,0.0020386023774839426,0.00024004991141165886,0.1987826381804565,0.8738943966839604,0.1153295622913496,0.001189498431088814,0.005047505365132589,0.004408700875508928,0.00013033635295969928
83.7,0.8630530112123296,0.1201156258996822,0.009997535627157352,0.004551450915780365,0.002041817560517541,0.0002405587845326394,0.1987488401424403,0.8737627283028374,0.11544719408026154,0.0011921935923696679,0.0050530251257491915,0.004414222728287211,0.00013063617049513765
83.80000000000001,0.8629200312645534,0.12022736750726595,0.010010628169661768,0.004555870695744083,0.002045034219764499,0.00024106814300991035,0.198715039851087,0.8736311014729565,0.11556478191470296,0.0011948914556188816,0.005058543981506445,0.004419744870635148,0.00013093630457995363
83.9,0.8627870932680239,0.1203390657592448,0.010023721052785727,0.004560289579622232,0.0020482523535482544,0.00024157798677466326,0.19868123733703594,0.873499516180126,0.11568232580998125,0.0011975920197135463,0.005064061933328544,0.00442526730172789,0.0001312367551225249
84.0,0.8626541971848973,0.12045072070497066,0.010036814264894334,0.004564707569251962,0.0020514719602348166,0.00024208831575054542,0.19864743292941733,0.8733679724101592,0.11579982578139854,0.0012002952835311518,0.005069578982138629,0.004430790020741611,0.00013153752203125748
84.10000000000001,0.8625213429593804,0.12056233241149124,0.010049907794288571,0.004569124666754417,0.0020546930382329097,0.00024259912985214588,0.19861362723948894,0.8732364701488721,0.11591728184425172,0.0012030012459495786,0.005075095128858806,0.0044363130268534985,0.0001318386052145855
84.2,0.862388530519242,0.12067390096179952,0.010063001629469484,0.004573540874511828,0.002057915585993192,0.0002431104289836604,0.19857982113834033,0.8731050093820878,0.11603469401383232,0.0012057099058471058,0.005080610374410143,0.004441836319241766,0.0001321400045809718
84.30000000000001,0.8622557597776634,0.12078542645276043,0.01007609575939048,0.004577956195140972,0.0020611396020065995,0.00024362221303776438,0.19854601572934658,0.8729735900956339,0.11615206230542664,0.0012084212621024056,0.005086124719712653,0.004447359897085645,0.0001324417200389072
84.4,0.8621230306353745,0.12089690899277288,0.010089190173692175,0.004582370631463538,0.00206436508480188,0.000244134481894717,0.1985122123161589,0.8728422122753423,0.11626938673431561,0.0012111353135945454,0.005091638165685322,0.004452883759565384,0.00013274375149691106
84.5,0.861990342983017,0.12100834869922991,0.010102284862914784,0.004586784186473978,0.002067592032942399,0.00024464723542171654,0.19847841236709288,0.8727108759070504,0.11638666731577484,0.001213852059202987,0.005097150713246091,0.004458407905862248,0.00013304609886353078
84.60000000000001,0.861857696703673,0.12111974569584281,0.010115379818683691,0.004591196863305467,0.0020708204450223177,0.0002451604734725201,0.19844461747683761,0.8725795809765998,0.11650390406507487,0.0012165714978075867,0.0051026623633118676,0.004463932335158512,0.00013334876204734242
84.7,0.8617250916754954,0.12123110010989566,0.010128475033864569,0.004595608665194601,0.002074050319662243,0.0002456741958873345,0.19841082932643941,0.8724483274698374,0.11662109699748072,0.0012192936282885952,0.00510817311679852,0.004469457046637474,0.00013365174095695008
84.80000000000001,0.8615925277743742,0.12134241206949731,0.010141570502685333,0.004600019595445449,0.0020772816555044704,0.0002461884024929816,0.19837704964252378,0.8723171153726157,0.11673824612825229,0.0012220184495266562,0.005113682974620888,0.004474982039483441,0.00013395503550098613
84.9,0.8614600048765768,0.12145368170089517,0.010154666220822886,0.004604429657393592,0.002080514451207935,0.0002467030931033329,0.19834328015671593,0.8721859446707905,0.11685535147264411,0.0012247459604028095,0.0051191919376927675,0.0044805073128817265,0.00013425864558811145
85.0,0.8613275228613002,0.12156490912591213,0.01016776218545367,0.004608838854370748,0.0020837487054429977,0.00024721826752000404,0.19830952256617448,0.8720548153502233,0.11697241304590547,0.0012274761597984875,0.005124700006926932,0.004486032866018665,0.00013456257112701492
85.10000000000001,0.8611950816130788,0.12167609445956311,0.010180858395267773,0.004613247189670559,0.0020869844168861815,0.0002477339255332926,0.19827577849611042,0.8719237273967811,0.11708943086328032,0.001230209046595516,0.00513020718323511,0.0044915586980815905,0.0001348668120264138
85.2,0.8610626810239961,0.12178723780790202,0.010193954850447298,0.004617654666516067,0.0020902215842149826,0.0002482500669233403,0.19824204946508708,0.8717926807963348,0.11720640494000743,0.001232944619676115,0.005135713467528018,0.0044970848082588515,0.00013517136819505367
85.30000000000001,0.8609303209956526,0.12189833926614292,0.01020705155261047,0.004622061288029386,0.002093460206102871,0.00024876669146149335,0.19820833685380795,0.87166167553476,0.11732333529132026,0.0012356828779228977,0.005141218860715327,0.004502611195739804,0.0001354762395417082
85.4,0.8607980014408545,0.12200939891709117,0.010220148504723695,0.004626467057203989,0.0020967002812145755,0.0002492837989118315,0.19817464187800243,0.8715307115979387,0.11744022193244694,0.001238423820218871,0.005146723363705689,0.004508137859714804,0.0001357814259751794
85.5,0.8606657222849882,0.12212041682991247,0.010233245710984546,0.00463087197688,0.0020999418082017613,0.00024980138903283407,0.1981409655658999,0.8713997889717559,0.11755706487861038,0.0012411674454474346,0.005152226977406725,0.004513664799375218,0.00013608692740429748
85.60000000000001,0.8605334834670609,0.12223139305925862,0.010246343176679168,0.0046352760497228,0.0021031847856991764,0.0002503194615791468,0.1981073087406689,0.8712689076421027,0.11767386414502827,0.0012439137524923817,0.005157729702725032,0.004519192013913413,0.00013639274373792099
85.7,0.8604012849403918,0.12234232764475994,0.010259440908018152,0.004639679278205204,0.0021064292123213336,0.0002508380163034131,0.19807367200807063,0.871138067594875,0.11779061974691298,0.0012466627402378978,0.005163231540566181,0.00452471950252276,0.00013669887488493645
85.80000000000001,0.8602691266729476,0.12245322061088554,0.010272538911955316,0.004644081664593373,0.0021096750866597997,0.00025135705295813165,0.19804005574944575,0.8710072688159731,0.1179073316994716,0.001249414407568562,0.005168732491834723,0.004530247264397634,0.00013700532075425884
85.9,0.8601370086473269,0.12256407196716364,0.010285637195994046,0.004648483210936578,0.0021129224072811074,0.00025187657129750187,0.19800646012003098,0.8708765112913024,0.11802400001790596,0.001252168753369346,0.005174232557434183,0.004535775298733406,0.00013731208125483118
86.0,0.8600049308604018,0.12267488170874641,0.010298735767986128,0.0046528839190608665,0.0021161711727253458,0.0002523965710792198,0.19797288505247868,0.8707457950067722,0.11814062471741278,0.0012549257765256125,0.005179731738267062,0.004541303604726448,0.00013761915629562467
86.10000000000001,0.8598728933226382,0.12278564981729546,0.01031183463592792,0.004657283790566582,0.0021194213815054082,0.0002529170520661885,0.1979393302653367,0.8706151199482989,0.1182572058131832,0.001257685475923118,0.005185230035234849,0.00454683218157413,0.00013792654578563885
86.2,0.8597408960571182,0.12289637626215809,0.01032493380775873,0.004661682826829656,0.002122673032106916,0.00025343801402810884,0.1979057952761386,0.870484486101802,0.11837374332040342,0.001260447850448012,0.005190727449238004,0.004552361028474819,0.00013823424963390135
86.30000000000001,0.8596089390982977,0.12300706100179777,0.010338033291166032,0.004666081029006529,0.0021259261229887847,0.00025395945674292,0.19787227941866098,0.8703538934532054,0.11849023725425423,0.0012632128989868334,0.005196223981175977,0.004557890144627879,0.00013854226774946788
86.4,0.859477022490535,0.12311770398543788,0.010351133093401906,0.004670478398042463,0.0021291806525844037,0.00025448137999806197,0.19783878186382106,0.8702233419884402,0.11860668762991121,0.0012659806204265171,0.005201719631947204,0.0045634195292336656,0.0001388506000414225
86.5,0.8593451462864333,0.12322830515487383,0.010364233221114662,0.004674874934683019,0.0021324366193033813,0.00025500378359153705,0.19780530164362167,0.8700928316934395,0.1187230944625447,0.001268751013654386,0.005207214402449092,0.004568949181493531,0.00013915924641887722
86.60000000000001,0.8592133105450398,0.12333886444640588,0.010377333680199169,0.004679270639488366,0.0021356940215338017,0.0002555266673327514,0.1977718376774989,0.8699623625541434,0.1188394577673196,0.0012715240775581565,0.005212708293578044,0.004574479100609821,0.00013946820679097238
86.7,0.8590815153299491,0.12344938179284355,0.010390434475668866,0.004683665512850093,0.002138952857644915,0.00025605003104312154,0.19773838880039074,0.869831934556496,0.11895577755939603,0.0012742998110259367,0.0052182013062294485,0.004580009285785864,0.00013977748106687636
86.80000000000001,0.8589497607073581,0.12355985712553302,0.010403535611551887,0.004688059555010164,0.0021422131259902057,0.00025657387455643943,0.19770495379183148,0.8697015476864459,0.11907205385392833,0.0012770782129462263,0.00522369344129768,0.004585539736225991,0.0001400870691557857
86.9,0.858818046744117,0.1236702903763584,0.01041663709081301,0.004692452766081595,0.002145474824910741,0.0002570981977189892,0.19767153140536797,0.869571201929948,0.11918828666606594,0.0012798592822079148,0.0052291846996761,0.0045910704511355135,0.00014039697096692504
87.0,0.8586863735058272,0.12378068147967129,0.010429738915302593,0.004696845146070469,0.002148737952738727,0.00025762300038941936,0.1976381203976171,0.8694408972729595,0.11930447601095291,0.001282643017700285,0.005234675082257065,0.004596601429720732,0.00014070718640954715
87.10000000000001,0.8585547410550233,0.12389103037410511,0.010442841085732922,0.0047012366948988625,0.0021520025078011827,0.0002581482824383753,0.19760471955630535,0.869310633701445,0.11942062190372804,0.001285429418313009,0.005240164589931915,0.004602132671188942,0.00014101771539293292
87.2,0.8584231494494832,0.12400133700423498,0.01045594360168178,0.004705627412428263,0.002155268488423646,0.00025867404374790447,0.19757132772668062,0.8691804112013731,0.11953672435952505,0.001288218482936151,0.005245653223590993,0.004607664174748409,0.0001413285578263914
87.30000000000001,0.8582915987407008,0.12411160132204897,0.010469046461622418,0.004710017298483085,0.0021585358929338337,0.0002592002842106492,0.1975379438357432,0.8690502297587163,0.11965278339347224,0.0012910102104601656,0.005251140984123624,0.004613195939608395,0.0001416397136192596
87.4,0.858160088972552,0.12422182328820143,0.01048214966297848,0.004714406352873873,0.00216180471966517,0.0002597270037288471,0.19750456691380738,0.8689200893594534,0.11976879902069278,0.0012938045997758973,0.005256627872418136,0.004618727964979149,0.0001419511826809027
87.5,0.858028620180179,0.12433200287302569,0.010495253202201961,0.004718794575419839,0.0021650749669601195,0.0002602542022131631,0.1974711961129869,0.8687899899895665,0.11988477125630453,0.0012966016497745823,0.005262113889361847,0.0046242602500718875,0.000142262964920714
87.60000000000001,0.8578971923891139,0.12444214005728921,0.010508357074871676,0.004723181965970358,0.0021683466331732467,0.00026078187958137895,0.19743783072227647,0.8686599316350438,0.12000070011542027,0.001299401359347847,0.005267599035841072,0.004629792794098822,0.00014257506024811472
87.7,0.8577658056146529,0.12455223483268127,0.010521461275809448,0.004727568524425141,0.0021716197166739525,0.0002613100357569686,0.19740447017899387,0.8685299142818784,0.12011658561314732,0.0013022037273877076,0.0052730833127411295,0.004635325596273135,0.00014288746857255436
87.80000000000001,0.8576344598614901,0.12466228720202957,0.010534565799210785,0.0047319542507527745,0.0021748942158488394,0.00026183867066759223,0.19737111407643929,0.8683999379160667,0.12023242776458799,0.00130500875278657,0.005278566720946329,0.004640858655808995,0.00014320018980351027
87.9,0.8575031551236099,0.12477229717924856,0.010547670638786593,0.004736339145007404,0.0021781701291036593,0.0002623677842435377,0.19733776216771645,0.8682700025236116,0.12034822658483922,0.001307816434437232,0.005284049261339986,0.004646391971921544,0.000143513223850488
88.0,0.857371891384434,0.12488226478902896,0.010560775787912325,0.004740723207343347,0.0021814474548648255,0.0002628973764161445,0.19730441436575546,0.8681401080905198,0.12046398208899284,0.0013106267712328782,0.005289530934804417,0.0046519255438269,0.00014382657062302106
88.10000000000001,0.8572406686172116,0.12499219006628301,0.010573881239780885,0.004745106438027491,0.0021847261915804617,0.00026342744711623986,0.1972710707396596,0.8680102546028036,0.12057969429213534,0.001313439762067086,0.005295011742220932,0.004657459370742159,0.000144140230030671
88.2,0.8571094867856351,0.12510207305536597,0.010586986987555582,0.004749488837449344,0.002188006337720987,0.00026395799627261887,0.19723773150758234,0.8678804420464801,0.12069536320934807,0.0013162554058338204,0.005300491684469858,0.004662993451885398,0.00014445420198302747
88.30000000000001,0.8569783458446626,0.12521191380909888,0.01060009302451963,0.004753870406128689,0.002191287891779245,0.00026448902381059897,0.19720439702641246,0.8677506704075697,0.12081098885570717,0.001319073701427437,0.005305970762430513,0.004668527786475652,0.000144768486389708
88.4,0.8568472457415183,0.12532171238762096,0.010613199344218725,0.004758251144720796,0.002194570852270178,0.00026502052965067367,0.19717106777861235,0.8676209396720996,0.12092657124628346,0.00132189464774268,0.005311448976981231,0.004674062373732943,0.00014508308316035827
88.5,0.8567161864168453,0.12543146885710418,0.010626305940593604,0.004762631054019219,0.002197855217730083,0.000265552513707293,0.19713774435660475,0.8674912498261005,0.12104211039614263,0.0013247182436746821,0.0053169263289993465,0.004679597212878255,0.00014539799220465193
88.60000000000001,0.8565851678059766,0.1255411832883639,0.010639412808099763,0.004767010134956222,0.002201140986715476,0.0002660849758877898,0.19710442744515372,0.8673616008556086,0.12115760632034517,0.0013275444881189673,0.005322402819361203,0.004685132303133548,0.00014571321343229054
88.7,0.8564541898402925,0.1256508557554013,0.010652519941811888,0.004771388388600938,0.002204428157801601,0.00026661791609147067,0.19707111780221032,0.8672319927466655,0.1212730590339464,0.0013303733799714466,0.005327878448942155,0.00469066764372175,0.00014602874675300376
88.80000000000001,0.8563232524486295,0.12576048633391435,0.010665627337510978,0.004775765816155379,0.002207716729580635,0.0002671513342088868,0.1970378162387213,0.8671024254853154,0.12138846855199623,0.0013332049181284205,0.005333353218616563,0.004696203233866749,0.00014634459207654919
88.9,0.8561923555587055,0.12587007509981218,0.010678734991752611,0.004780142418948438,0.0022110067006596346,0.00026768523012129256,0.1970045235978995,0.8669728990576102,0.12150383488953967,0.0013360391014865778,0.005338827129257803,0.004701739072793414,0.00014666074931271234
89.0,0.8560614990985287,0.1259796221277691,0.010691842901915284,0.0047845181984281044,0.0022142980696582873,0.0002682196037003011,0.1969712407344566,0.8668434134496037,0.12161915806161612,0.0013388759289429967,0.005344300181738258,0.004707275159727568,0.00014697721837130678
89.10000000000001,0.8559306829977559,0.12608912748984938,0.01070495106622823,0.004788893156152056,0.0022175908352065118,0.0002687544548077358,0.1969379684942797,0.8667139686473573,0.1217344380832602,0.0013417153993951422,0.005349772376929326,0.004712811493896005,0.000147293999162174
89.2,0.8557999071889721,0.12619859125423458,0.010718059483778635,0.004793267293776861,0.0022208849959419728,0.0002692897832956773,0.19690470769501023,0.8665845646369349,0.12184967496950107,0.0013445575117408696,0.005355243715701427,0.004718348074526481,0.0001476110915951835
89.30000000000001,0.8556691716088616,0.12630801348407927,0.010731168154498677,0.004797640613046039,0.0022241805505075728,0.0002698255890067003,0.19687145910794418,0.8664552014044067,0.12196486873536275,0.0013474022648784201,0.0053607141989239805,0.004723884900847713,0.0001479284955802326
89.4,0.8555384761992477,0.1264173942365185,0.010744277079133195,0.0048020131157772115,0.0022274774975489637,0.00027036187177428893,0.19683822344163238,0.8663258789358473,0.12208001939586409,0.001350249657706425,0.005366183827465437,0.004729421972089382,0.00014824621102724667
89.5,0.8554078209079805,0.12652673356184593,0.010757386259189334,0.004806384803848579,0.002230775835712144,0.00027089863142341935,0.19680500132750162,0.8661965972173361,0.12219512696601861,0.0013530996891239016,0.005371652602193259,0.004734959287482127,0.00014856423784617888
89.60000000000001,0.8552772056896558,0.12663603150287686,0.010770495696869794,0.004810755679184991,0.0022340755636411813,0.00027143586777129226,0.19677179330776762,0.8660673562349565,0.1223101914608349,0.0013559523580302564,0.005377120523973925,0.004740496846257544,0.00014888257594701044
89.7,0.8551466305061546,0.12674528809450547,0.010783605394991708,0.0048151257437438364,0.002237376679976111,0.00027197358062819646,0.19673859982584144,0.8659381559747977,0.12242521289531613,0.0013588076633252828,0.0053825875936729375,0.004746034647648197,0.0001492012252397505
89.80000000000001,0.8550160953269946,0.12685450336346132,0.010796715356893447,0.004819494999500993,0.0022406791833510463,0.0002725117697984841,0.1967054212193699,0.8658089964229535,0.12254019128446031,0.0013616656039091624,0.005388053812154818,0.004751572690887596,0.00014952018563443598
89.9,0.8548856001294926,0.1269636773282643,0.010809825586331836,0.004823863448437054,0.0022439830723925322,0.0002730504350816326,0.19667225771598495,0.8656798775655224,0.12265512664326048,0.0013645261786824625,0.005393519180283107,0.004757110975210214,0.0001498394570411318
90.0,0.8547551448987378,0.12707280999937404,0.010822936087372463,0.0048282310925240445,0.00224728834571817,0.00027358957627337226,0.19663910943176652,0.8655507993886082,0.12277001898670402,0.001367389386546139,0.005398983698920377,0.004762649499851472,0.0001501590393699307
90.10000000000001,0.8546247296273851,0.1271819013795238,0.01083604686427584,0.004832597933712811,0.0022505950019355322,0.00027412919316685303,0.1966059763723688,0.8654217618783177,0.12288486832977363,0.0013702552264015348,0.005404447368928213,0.004768188264047753,0.00015047893253095342
90.2,0.8544943543152757,0.12729095146422573,0.010849157921382132,0.0048369639739212515,0.002253903039641369,0.00027466928555382647,0.1965728584366874,0.8652927650207654,0.12299967468744653,0.0013731236971503788,0.005409910191167232,0.004773727267036386,0.0001507991364343484
90.30000000000001,0.854364018968901,0.12739996024243117,0.01086226926299726,0.0048413292150235486,0.0022572124574211302,0.0002752098532258205,0.1965397554229033,0.8651638088020673,0.1231144380746949,0.001375994797694788,0.005415372166497076,0.004779266508055659,0.00015111965099029212
90.4,0.8542337236007277,0.12750892769732475,0.010875380893282932,0.004845693658840502,0.0022605232538487744,0.0002757508959752813,0.19650666703667452,0.8650348932083467,0.12322915850648566,0.001378868526937265,0.0054208332957764145,0.0047848059863448015,0.00015144047610898885
90.5,0.8541034682284014,0.12761785380723084,0.010888492816153098,0.004850057307131097,0.0022638354274868776,0.00027629241359666227,0.19647359290121683,0.8649060182257318,0.12334383599778052,0.0013817448837806993,0.0054262935798629446,0.0047903457011439984,0.00015176161170067065
90.60000000000001,0.8539732528738543,0.12772673854660696,0.01090160503517903,0.004854420161585355,0.0022671489768870115,0.0002768344058874401,0.19644053256897054,0.8647771838403522,0.12345847056353614,0.0013846238671283671,0.005431753019613394,0.00479588565169438,0.00015208305767559755
90.7,0.8538430775623385,0.12783558188709856,0.010914717553505046,0.004858782223818536,0.002270463900590373,0.0002773768726490385,0.19640748553452841,0.8646483900383467,0.12357306221870386,0.0013875054758839306,0.005437211615883517,0.00480142583723803,0.00015240481394405728
90.80000000000001,0.8537129423214118,0.12794438379862877,0.010927830373776521,0.004863143495366712,0.0022737801971286476,0.0002779198136876463,0.1963744512484761,0.8645196368058561,0.12368761097823,0.0013903897089514378,0.005442669369528106,0.004806966257017969,0.00015272688041636557
90.9,0.8535828471798991,0.12805314425049583,0.010940943498081512,0.00486750397768373,0.0022770978650250577,0.00027846322881491526,0.19634142913179092,0.8643909241290271,0.12380211685705546,0.001393276565235323,0.0054481262814009826,0.0048125069102781725,0.00015304925700286578
91.0,0.8534527921668563,0.12816186321245313,0.01095405692790702,0.004871863672139528,0.0022804169027955843,0.00027900711784852923,0.19630841859044118,0.8642622519940112,0.12391657987011638,0.0013961660436404074,0.0054535823523549996,0.0048180477962635505,0.0001533719436139293
91.10000000000001,0.8533227773105607,0.1282705406557462,0.010967170664110477,0.004876222580019792,0.002283737308950308,0.0002795514806126363,0.19627541902983694,0.864133620386963,0.12403100003234317,0.0013990581430718956,0.0054590375832420475,0.004823588914219966,0.00015369494015995502
91.2,0.8531928026375496,0.12837917655408398,0.010980284706906675,0.004880580702526875,0.0022870590819948433,0.0002800963169381408,0.19624242986879373,0.8640050292940444,0.12414537735866174,0.0014019528624353798,0.0054644919749130515,0.004829130263394215,0.00015401824655137002
91.30000000000001,0.8530628681717299,0.12848777088452354,0.010993399055870101,0.004884938040781922,0.0022903822204318244,0.0002806416266628548,0.19620945055270037,0.8638764787014206,0.12425971186399225,0.0014048502006368377,0.005469945528217977,0.00483467184303404,0.00015434186269862885
91.4,0.8529329739335764,0.12859632362824966,0.011006513709952077,0.00488929459582811,0.0022937067227624076,0.0002811874096315093,0.19617648056560535,0.8637479685952613,0.12437400356324999,0.0014077501565826307,0.005475398244005824,0.00484021365238812,0.00015466578851221395
91.5,0.8528031199394353,0.12870483477123457,0.011019628667511999,0.00489365036863489,0.002297032587487754,0.0002817336656956321,0.19614351944097175,0.8636194989617422,0.12448825247134508,0.0014106527291795072,0.0054808501231246335,0.004845755690706077,0.00015499002390263563
91.60000000000001,0.8526733062009461,0.12881330430476562,0.011032743926361494,0.0048980053601031534,0.002300359813110458,0.00028228039471329817,0.19611056677089359,0.8634910697870427,0.12460245860318234,0.0014135579173345997,0.005486301166421482,0.004851297957238466,0.00015531456878043192
91.7,0.8525435327245919,0.12892173222583223,0.011045859483820114,0.004902359571071158,0.0023036883981358914,0.0002828275965487622,0.19607762221360564,0.8633626810573475,0.1247166219736616,0.001416465719955426,0.005491751374742495,0.0048568404512367835,0.00015563942305616844
91.80000000000001,0.8524137995113849,0.1290301185373676,0.011058975336780987,0.004906713002321133,0.0023070183410734404,0.00028337527107198646,0.1960446854991679,0.8632343327588461,0.12483074259767744,0.0014193761359498883,0.005497200748932832,0.004862383171953455,0.00015596458664043886
91.9,0.8522841065566898,0.12913846324834355,0.01107209148178454,0.0049110656545864086,0.0023103496404376024,0.0002839234181580758,0.19601175643324828,0.863106024877732,0.1249448204901193,0.0014222891642262743,0.005502649289836704,0.004867926118641845,0.00015629005944386434
92.0,0.8521544538501863,0.12924676637372068,0.011085207915098446,0.004915417528558954,0.0023136822947489363,0.0002844720376866361,0.19597883489898094,0.8629777574002045,0.12505885566587152,0.0014252048036932552,0.005508096998297357,0.0048734692905562545,0.00015661584137709392
92.10000000000001,0.8520248413759661,0.12935502793425907,0.011098324632801672,0.004919768624897181,0.00231701630253484,0.00028502112954107046,0.1959459208569168,0.8628495303124672,0.12517284813981322,0.0014281230532598875,0.005513543875157093,0.004879012686951911,0.00015694193235080438
92.2,0.851895269112759,0.1294632479561985,0.011111441630870593,0.004924118944233902,0.002320351662330152,0.00028557069360783124,0.19591301434313474,0.8627213436007278,0.12528679792681832,0.0014310439118356115,0.005518989921257252,0.004884556307084975,0.00015726833227570019
92.30000000000001,0.851765737034278,0.12957142647081935,0.011124558905265126,0.004928468487184317,0.0023236883726775754,0.0002861207297756445,0.1958801154656146,0.8625931972512008,0.12540070504175577,0.001433967378330252,0.005524435137438222,0.004890100150212537,0.0001575950410625134
92.4,0.8516362451096731,0.1296795635138977,0.01113767645201281,0.0049328172543539025,0.0023270264321279092,0.000286671237934722,0.19584722439902,0.8624650912501026,0.12551456949948922,0.001436893451654018,0.005529879524539451,0.004895644215592622,0.00015792205862200404
92.5,0.8515067933040775,0.12978765912507134,0.011150794267289005,0.004937165246346102,0.0023303658392401136,0.00028722221797598,0.1958143413780657,0.8623370255836568,0.12562839131487724,0.0014398221307175014,0.005535323083399417,0.0049011885024841766,0.00015824938486495965
92.60000000000001,0.8513773815792341,0.12989571334713337,0.01116391234749138,0.004941512463769721,0.002333706592581196,0.0002877736697902771,0.19578146668967233,0.8622090002380899,0.1257421705027733,0.0014427534144316795,0.005540765814855667,0.004906733010147073,0.00015857701970219557
92.7,0.8512480098941809,0.13000372622527254,0.011177030689307149,0.004945858907245921,0.0023370486907259387,0.0002883255932676883,0.19574860066413854,0.8620810151996351,0.12585590707802563,0.0014456873017079117,0.005546207719744788,0.004912277737842121,0.0001589049630445547
92.80000000000001,0.8511186782059805,0.13011169780627982,0.011190149289771707,0.004950204577414748,0.0023403921322564937,0.0002888779882968274,0.1957157436655695,0.8619530704545281,0.12596960105547741,0.001448623791457942,0.005551648798902429,0.0049178226848310405,0.0001592332148029077
92.9,0.8509893864704751,0.13021962813774052,0.011203268146317452,0.004954549474941105,0.002343736915761839,0.00028943085476422844,0.19568289608181755,0.8618251659890118,0.12608325244996663,0.0014515628825938966,0.005557089053163281,0.004923367850376487,0.0001595617748881529
93.0,0.8508601346430453,0.13032751726723166,0.011216387256812057,0.004958893600520129,0.0023470830398371442,0.00028998419255379866,0.1956500583141851,0.8616973017893316,0.1261968612763262,0.0014545045740282862,0.005562528483361104,0.00492891323374203,0.00015989064321121635
93.10000000000001,0.8507309226793602,0.13043536524154314,0.01122950661958547,0.004963236954881912,0.0023504305030830424,0.0002905380015463477,0.1956172307671514,0.8615694778417383,0.1263104275493837,0.001457448864674004,0.005567967090328703,0.004934458834192171,0.00016021981968305162
93.2,0.8506017505360951,0.1305431721059401,0.011242626233445402,0.004967579538795515,0.002353779304104849,0.00029109228161920155,0.19558441383835887,0.8614416941324889,0.126423951283962,0.0014603957534443247,0.005573404874897942,0.004940004650992326,0.00016054930421463995
93.30000000000001,0.8504726181716059,0.1306509379034831,0.011255746097681246,0.004971921353072291,0.0023571294415117455,0.00029164703264590466,0.19555160790909532,0.861313950647843,0.12653743249487837,0.0014633452392529102,0.00557884183789975,0.004945550683408825,0.00016087909671699046
93.4,0.8503435255465435,0.13075866267441968,0.011268866212056639,0.0049762623985684495,0.0023604809139159467,0.0002922022544960113,0.19551881333548055,0.8611862473740671,0.1266508711969453,0.0014662973210138007,0.005584277980164106,0.0049510969307089295,0.0001612091971011396
93.5,0.850214472624395,0.13086634645566025,0.011281986576791192,0.004980602676186899,0.0023638337199318816,0.00029275794703496763,0.1954860304405473,0.8610585842974298,0.12676426740496988,0.001469251997641421,0.005589713302520053,0.00495664339216081,0.0001615396052781516
93.60000000000001,0.8500854593719429,0.13097398928034729,0.011295107192532086,0.0049849421868783435,0.0023671878581754033,0.00029331411012408154,0.19545325950737313,0.8609309614042068,0.12687762113375445,0.0014722092680505775,0.0055951478057956975,0.0049621900670335575,0.00016187032115911825
93.7,0.8499564857596326,0.1310815911775258,0.011308228060316484,0.00498928093164167,0.002370543327263049,0.0002938707436205768,0.19542050077340073,0.8608033786806776,0.12699093239809572,0.0014751691311564604,0.005600581490818203,0.004967736954597176,0.00016220134465515888
93.80000000000001,0.8498275517618417,0.13118915217191982,0.011321349181525931,0.0049936189115236335,0.0023739001258113704,0.0002944278473777273,0.1953877544260355,0.860675836113126,0.12710420121278576,0.0014781315858746404,0.0056060143584138,0.004973284054122585,0.00016253267567742073
93.9,0.8496986573570505,0.13129667228381636,0.011334470557833968,0.004997956127617883,0.0023772582524363432,0.00029498542124506275,0.1953550205995934,0.8605483336878413,0.12721742759261115,0.0014810966311210709,0.005611446409407783,0.004978831364881619,0.00016286431413707833
94.0,0.8495698025279095,0.13140415152905738,0.011347592191148425,0.005002292581063356,0.0023806177057528735,0.00029554346506864023,0.19532229937362441,0.8604208713911171,0.1273306115523537,0.0014840642658120876,0.0056168776446245145,0.004984378886147024,0.00016319625994533384
94.10000000000001,0.8494409872612066,0.13151158991913578,0.011360714083549871,0.005006628273042092,0.002383978484374406,0.00029610197869137073,0.1952895907726089,0.8602934492092524,0.12744375310678982,0.0014870344888644083,0.005622308064887411,0.004989926617192457,0.00016352851301341712
94.2,0.8493122115477392,0.1316189874613908,0.011373836237227743,0.005010963204776521,0.002387340586912641,0.00029666096195339213,0.19525689476699357,0.86016606712855,0.127556852270691,0.0014900072991951311,0.0056277376710189755,0.004995474557292488,0.0001638610732525856
94.30000000000001,0.8491834753820934,0.13172634415929502,0.011386958654415755,0.005015297377526265,0.0023907040119773627,0.00029722041469247844,0.1952242112754962,0.8600387251353175,0.12766990905882342,0.0014929826957217369,0.005633166463840761,0.005001022705722588,0.00016419394057412407
94.4,0.8490547787623435,0.1318336600128233,0.01140008133732808,0.005019630792584532,0.0023940687581763815,0.0002977803367444743,0.19519154016858714,0.8599114232158677,0.12778292348594827,0.001495960677362087,0.005638594444173403,0.005006571061759147,0.00016452711488934514
94.5,0.8489261216896758,0.1319409350188932,0.011413204288097773,0.005023963451274148,0.0023974348241155795,0.00029834072794374496,0.19515888127302636,0.859784161356518,0.1278958955668218,0.0014989412430344252,0.005644021612836604,0.005012119624679459,0.00016486059610958885
94.60000000000001,0.8487975041679519,0.13204816917186368,0.011426327508718843,0.005028295354943297,0.002400802208399062,0.0002989015881236309,0.1951262343773142,0.8596569395435908,0.12800882531619473,0.001501924391657376,0.005649447970649132,0.005017668393761718,0.00016519438414622272
94.7,0.8486689262032209,0.13215536246407905,0.011439451000993167,0.005032626504961035,0.0024041709096293963,0.0002994629171168976,0.19509359923789732,0.8595297577634122,0.12812171274881318,0.0015049101221499437,0.005654873518428837,0.005023217368285035,0.0001655284789106419
94.80000000000001,0.8485403878031961,0.1322625148864442,0.011452574766483427,0.005036956902712641,0.0024075409264079414,0.0003000247147561713,0.19506097558595786,0.8594026160023147,0.12823455787941762,0.0015078984334315156,0.005660298256992633,0.005028766547529414,0.0001658628803142691
94.9,0.8484118889767069,0.1323696264290162,0.011465698806472913,0.005041286549594875,0.0024109122573352385,0.00030058698087435227,0.195028363134604,0.8592755142466337,0.128347360722744,0.001510889324421858,0.005665722187156517,0.00503431593077577,0.00016619758826855446
95.0,0.8482834297331413,0.13247669708159854,0.01147882312193301,0.005045615447011194,0.0024142849010114634,0.000301149715304998,0.1949957615862783,0.8591484524827099,0.12846012129352277,0.00151388279404112,0.0056711453097355565,0.005039865517305913,0.0001665326026849757
95.10000000000001,0.8481550100818918,0.13258372683432326,0.01149194771349888,0.0050499435963670125,0.002417658856036917,0.0003017129178826705,0.19496317064019847,0.8590214306968895,0.12857283960647933,0.0015168788412098276,0.0056765676255438975,0.005045415306402562,0.000166867923475038
95.2,0.8480266300318178,0.1326907156782082,0.011505072581453663,0.005054270999065038,0.0024210341210125406,0.0003022765884432407,0.19493058999965185,0.8588944488755228,0.1286855156763343,0.001519877464848891,0.005681989135394762,0.005050965297349332,0.00016720355055027398
95.30000000000001,0.8478982895907368,0.1327976636056769,0.011518197725721374,0.0050585976565007676,0.0024244106945404426,0.000302840726824149,0.1948980193789714,0.8587675070049645,0.12879814951780255,0.0015228786638795979,0.005687409840100455,0.0050565154894307365,0.00016753948382224398
95.4,0.8477699887649549,0.1329045706110299,0.011531323145868353,0.005062923570058178,0.002427788575224415,0.00030340533286461567,0.19486545851003778,0.8586406050715746,0.12891074114559464,0.0015258824372236183,0.005692829740472357,0.005062065881932188,0.00016787572320253562
95.5,0.8476417275588475,0.1330114366908579,0.01154444884111307,0.0050672487411056715,0.0024311677616704365,0.00030397040640580254,0.19483290714816323,0.8585137430617175,0.12902329057441556,0.0015288887838029999,0.005698248837320928,0.005067616474139998,0.00016821226860276389
95.60000000000001,0.8475135059744973,0.13311826184438896,0.011557574810343746,0.005071573170992321,0.002434548252487133,0.00030453594729092364,0.19480036507723517,0.8583869209617634,0.12913579781896525,0.001531897702540173,0.005703667131455717,0.005073167265341372,0.00016854911993457165
95.7,0.847385324011398,0.13322504607376323,0.01157070105214321,0.00507589686104445,0.002437930046286193,0.000305101955365306,0.19476783211401938,0.8582601387580839,0.1292482628939387,0.0015349091923579435,0.005709084623685345,0.005078718254824409,0.0001688862771096288
95.80000000000001,0.8472571816662273,0.13333178938423115,0.0115838275648202,0.005080219812562591,0.002441313141682728,0.000305668430476404,0.19473530811154227,0.8581333964370593,0.1293606858140258,0.0015379232521795028,0.005714501314817526,0.005084269441878104,0.0001692237400396329
95.9,0.8471290789326934,0.13343849178427264,0.01159695434644617,0.005084542026818852,0.002444697537295564,0.00030623537247376735,0.19470279296149978,0.8580066939850726,0.12947306659391114,0.0015409398809284164,0.005719917205659056,0.005089820825792349,0.000169561508636309
96.0,0.8470010158014558,0.13354515328563685,0.011610081394896622,0.005088863505054706,0.0024480832317474582,0.00030680278120896916,0.19467028659566257,0.8578800313885117,0.12958540524827464,0.001543959077528631,0.005725332297015816,0.005095372405857918,0.00016989958281140948
96.10000000000001,0.8468729922601207,0.1336517739033039,0.011623208707895853,0.0050931842484792395,0.002451470223665238,0.0003073706565354971,0.19463778898627396,0.8577534086337688,0.12969770179179066,0.0015469808409044735,0.005730746589692771,0.005100924181366487,0.00017023796247671414
96.2,0.8467450082933085,0.13375835365537173,0.011636336283063967,0.005097504258267858,0.0024548585116798585,0.00030793899830861216,0.19460530014545951,0.857626825707242,0.12980995623912878,0.0015500051699806486,0.00573616008449398,0.005106476151610613,0.0001705766475440303
96.30000000000001,0.8466170638827893,0.13386489256287304,0.01164946411796502,0.005101823535561463,0.00245824809442638,0.00030850780638518266,0.19457282012369134,0.8575002825953325,0.12992216860495362,0.0015530320636822407,0.0057415727822225865,0.00511202831588375,0.00017091563792519254
96.4,0.8464891590076832,0.13397139064952865,0.011662592210155101,0.005106142081466106,0.0024616389705438627,0.00030907708062349605,0.1945403490073732,0.8573737792844479,0.1300343389039244,0.001556061520934712,0.005746984683680825,0.005117580673480234,0.00017125493353206306
96.5,0.8463612936447149,0.1340778479414449,0.011675720557229268,0.005110459897053102,0.0024650311386751906,0.00030964682088305756,0.19450788691562354,0.8572473157609988,0.13014646715069542,0.001559093540663905,0.0057523957896700225,0.005123133223695289,0.00017159453427653134
96.60000000000001,0.8462334677685194,0.13418426446676399,0.011688849156866256,0.005114776983359609,0.0024684245974668237,0.00031021702702437953,0.19447543399636558,0.8571208920114021,0.1302585533599159,0.0015621281217960393,0.005757806100990596,0.005128685965825026,0.0001719344400705143
96.7,0.8461056813519869,0.1342906402552767,0.011701978006869946,0.005119093341389638,0.002471819345568485,0.00031078769890876694,0.194442990421828,0.8569945080220778,0.1303705975462301,0.0015651652632577135,0.005763215618442053,0.0051342388991664385,0.00017227465082595605
96.80000000000001,0.8459779343666395,0.1343969753380078,0.01171510710520679,0.005123408972115492,0.0024752153816328033,0.00031135883639810607,0.19441055638358937,0.856868163779452,0.130482599724277,0.0015682049639759049,0.005768624342823,0.005139792023017412,0.00017261516645482842
96.9,0.8458502267830283,0.13450326974678453,0.01172823645003834,0.00512772387647959,0.002478612704314903,0.0003119304393546594,0.19437813208729074,0.8567418592699545,0.13059455990869073,0.0015712472228779678,0.005774032274931137,0.005145345336676705,0.0001729559868691304
97.0,0.8457225585711432,0.13460952351379932,0.01174136603974835,0.0051320380553966614,0.002482011312271973,0.0003125025076408731,0.19434571774715786,0.8566155944800202,0.13070647811410016,0.0015742920388916364,0.005779439415563252,0.005150898839443962,0.0001732971119808882
97.10000000000001,0.845594929700822,0.13471573667117623,0.01175449587296389,0.005136351509756255,0.00248541120416281,0.0003130750411191989,0.1943133135804646,0.8564893693960888,0.13081835435512928,0.0015773394109450205,0.005784845765515247,0.0051564525306197085,0.00017363854170215584
97.2,0.8454673401421533,0.13482190925055204,0.011767625948570197,0.005140664240425545,0.002488812378647356,0.0003136480396519346,0.19428091980207568,0.8563631840046044,0.13093018864639688,0.0015803893379666104,0.005790251325582102,0.005162006409505353,0.0001739802759450141
97.30000000000001,0.8453397898658604,0.13492804128268118,0.011780756265719077,0.005144976248252371,0.002492214834386245,0.0003142215031010868,0.19424853661919325,0.856237038292015,0.13104198100251677,0.0015834418188852718,0.00579565609655791,0.005167560475403174,0.00017432231462157164
97.4,0.8452122788436598,0.13503413279707266,0.011793886823830844,0.0051492875340684845,0.0024956185700403606,0.000314795431328255,0.19421616422643032,0.8561109322447761,0.13115373143809764,0.001586496852630248,0.005801060079235861,0.005173114727616338,0.00017466465764396415
97.5,0.8450848070485854,0.13514018382166715,0.011807017622589922,0.005153598098692941,0.0024990235842704284,0.00031536982419454055,0.19418380280131653,0.8559848658493444,0.1312654399677432,0.0015895544381311602,0.00580646327440824,0.005178669165448883,0.0001750073049243547
97.60000000000001,0.8449573744552731,0.13524619438256016,0.011820148661934418,0.0051579079429355905,0.002502429875736642,0.0003159446815604794,0.1941514525003349,0.8558588390921826,0.13137710660605206,0.0015926145743180083,0.005811865682866439,0.005184223788205724,0.00017535025637493369
97.7,0.8448299810401987,0.1353521645037767,0.011833279942040028,0.0051622170676006215,0.002505837443098338,0.0003165200032859988,0.19411911345556496,0.8557328519597596,0.13148873136761785,0.001595677260121168,0.005817267305400954,0.0051897785951926486,0.00017569351190791887
97.80000000000001,0.844702626781866,0.13545809420710125,0.011846411463298897,0.005166525473490106,0.002509246285013731,0.0003170957892303973,0.19408678577200178,0.8556069044385465,0.13160031426702903,0.0015987424944713907,0.005822668142801379,0.005195333585716328,0.00017603707143555523
97.9,0.8445753116609421,0.13556398351196486,0.011859543226293954,0.005170833161407488,0.002512656400139701,0.00031767203925234504,0.19405446952559002,0.8554809965150203,0.13171185531886906,0.001601810276299807,0.00582806819585642,0.00520088875908429,0.0001763809348701151
98.0,0.8444480356603371,0.13566983243539119,0.011872675231769575,0.005175140132160986,0.002516067787131659,0.0003182487532099052,0.19402216476200407,0.855355128175663,0.1318233545377165,0.0016048806045379236,0.005833467465353882,0.005206444114604946,0.000176725102123898
98.10000000000001,0.84432079876523,0.13577564099200023,0.011885807480599248,0.005179446386566834,0.0025194804446434732,0.0003188259309605704,0.19398987149618283,0.8552292994069606,0.13193481193814452,0.001607953478117623,0.005838865952080687,0.00521199965158758,0.0001770695731092309
98.2,0.8441936009630396,0.13588140919406846,0.011898939973751166,0.00518375192545234,0.0025228943713274674,0.00031940357236131454,0.19395758971260768,0.8551035101954038,0.13204622753472162,0.0016110288959711647,0.005844263656822852,0.005217555369342338,0.00017741434773846796
98.30000000000001,0.844066442243344,0.13598713705164192,0.011912072712252565,0.005188056749658717,0.0025263095658344934,0.0003199816772686553,0.19392531936630097,0.8549777605274885,0.132157601342011,0.0016141068570311842,0.00584966058036551,0.005223111267180239,0.00017775942592399062
98.4,0.8439393225977521,0.1360928245726982,0.011925205697153688,0.005192360860043635,0.0025297260268140657,0.0003205602455387247,0.19389306038449589,0.854852050389714,0.13226893337457107,0.001617187360230695,0.0058550567234929,0.00522866734441317,0.00017810480757820738
98.5,0.8438122420197305,0.1361984717633523,0.011938338929492233,0.00519666425748348,0.0025331437529145617,0.00032113927702734455,0.19386081266892666,0.8547263797685862,0.13238022364695493,0.0016202704045030847,0.005860452086988382,0.005234223600353884,0.00017845049261355444
98.60000000000001,0.8436852005043927,0.1363040786280998,0.011951472410259099,0.005200966942875274,0.0025365627427834814,0.00032171877159010374,0.19382857609866405,0.8546007486506143,0.13249147217371082,0.0016233559887821167,0.005865846671634411,0.005239780034316003,0.0001787964809424948
98.7,0.8435581980482552,0.13640964517009055,0.01196460614036619,0.005205268917138243,0.002539982995067754,0.00032229872908243423,0.19379635053341476,0.854475157022312,0.1326026789693818,0.0016264441120019313,0.005871240478212573,0.005245336645614009,0.00017914277247751885
98.80000000000001,0.8434312346489683,0.13651517139142622,0.011977740120616982,0.0052095701812150145,0.0025434045084140903,0.0003228791493596832,0.19376413581719668,0.8543496048701988,0.1327138440485062,0.0016295347730970445,0.0058766335075035505,0.005250893433563254,0.00017948936713114432
98.9,0.8433043103050278,0.13662065729347303,0.011990874351680454,0.005213870736072423,0.0025468272814693676,0.0003234600322771788,0.19373193178229015,0.8542240921807975,0.13282496742561695,0.0016326279710023482,0.005882025760287157,0.005256450397479948,0.00017983626481591594
99.0,0.8431774250154754,0.13672610287718268,0.012004008834068908,0.005218170582701931,0.0025502513128810404,0.0003240413776902874,0.19369973825336625,0.8540986189406368,0.13293604911524215,0.0016357237046531086,0.005887417237342306,0.005262007536681161,0.00018018346544440594
99.10000000000001,0.8430505787795953,0.1368315081434131,0.012017143568120085,0.00522246972211965,0.002553676601297563,0.00032462318545446126,0.19366755505168953,0.8539731851362492,0.13304708913190488,0.001638821972984967,0.005892807939447039,0.005267564850484838,0.00018053096892921348
99.2,0.8429237715966142,0.13693687309324207,0.012030278553983857,0.0052267681553659785,0.0025571031453688144,0.0003252054554252733,0.1936353819992944,0.8538477907541717,0.13315808749012314,0.0016419227749339433,0.005898197867378512,0.005273122338209763,0.000180878775182965
99.30000000000001,0.8427970034654108,0.137042197728266,0.012043413791613717,0.0052310658835048604,0.0025605309437465216,0.00032578818745844176,0.19360321892303586,0.8537224357809469,0.13326904420440988,0.0016450261094364273,0.0059035870219129975,0.005278679999175599,0.0001812268841183143
99.4,0.8426702743842424,0.13714748205087768,0.012056549280763081,0.005235362907622684,0.0025639599950846585,0.0003263713814098403,0.19357106565842425,0.8535971202031213,0.13337995928927313,0.0016481319754291877,0.0059089754038258915,0.0052842378327028535,0.00018157529564794214
99.5,0.8425435843504946,0.13725272606451705,0.01206968502098642,0.005239659228826848,0.002567390298039828,0.0003269550371354971,0.19353892205315928,0.853471844007246,0.1334908327592159,0.0016512403718493664,0.0059143630138917035,0.005289795838112898,0.00018192400968455654
99.60000000000001,0.8424169333604585,0.1373579297738896,0.012082821011644969,0.005243954848244007,0.002570821851271598,0.0003275391544915813,0.19350678797028686,0.8533466071798772,0.13360166462873588,0.0016543512976344807,0.005919749852884074,0.00529535401472796,0.0001822730261408927
99.7,0.8422903214091396,0.13746309318514863,0.012095957251916842,0.005248249767018041,0.002574254653442802,0.00032812373333437786,0.19347466329091476,0.8532214097075744,0.13371245491232622,0.0016574647517224217,0.00592513592157576,0.005300912361871116,0.0001826223449297129
99.80000000000001,0.8421637484901033,0.13756821630603802,0.012109093740811146,0.005252543986307787,0.002577688703219789,0.00032870877352025424,0.19344254791643622,0.8530962515769053,0.13382320362447472,0.0016605807330514544,0.005930521220738646,0.005306470878866308,0.0001829719659638068
99.9,0.8420372145953587,0.13767329914599313,0.012122230477185643,0.005256837507284557,0.0025811239992726163,0.00032929427490561747,0.19341044177022126,0.8529711327744373,0.13393391077966435,0.0016636992405602202,0.005935905751143733,0.005312029565038319,0.00018332188915599085
100.0,0.8419107197152822,0.13777834171619907,0.012135367459767484,0.00526113033112949,0.0025845605402751836,0.00032988023734686564,0.1933783447987491,0.8528460532867465,0.1340445763923729,0.0016668202731877338,0.005941289513561155,0.005317588419712793,0.00018367211441910902
100.10000000000001,0.8417842638385815,0.13788334402960592,0.012148504687176416,0.0052654224590307965,0.002587998324905308,0.000330466660700335,0.1933462569721726,0.8527210131004107,0.1341552004770733,0.0016699438298733824,0.005946672508760171,0.005323147442216224,0.00018402264166603204
100.2,0.8416578469523007,0.1379883061009019,0.012161642157949844,0.005269713892180909,0.002591437351844732,0.0003310535448222448,0.1933141782843129,0.8525960122020151,0.13426578304823344,0.0016730699095569295,0.005952054737509167,0.005328706631875953,0.00018437347080965812
100.30000000000001,0.8415314690418633,0.13809322794644655,0.012174779870569152,0.005274004631773618,0.0025948776197790738,0.0003316408895686429,0.19328210875210244,0.8524710505781466,0.13437632412031603,0.0016761985111785097,0.005957436200575656,0.005334265988020171,0.00018472460176291233
100.4,0.8414051300911531,0.1381981095841664,0.012187917823486563,0.005278294679001218,0.002598319127397711,0.00033222869479535255,0.19325004841450177,0.8523461282153991,0.13448682370777906,0.0016793296336786354,0.00596281689872628,0.00533982550997792,0.0001850760344387469
100.5,0.8412788300826283,0.13830295103341692,0.012201056015151979,0.00528258403505171,0.0026017618733936146,0.00033281696035792523,0.1932179973309313,0.8522212451003703,0.13459728182507538,0.0016824632759981876,0.005968196832726817,0.00534538519707909,0.00018542776875014132
100.60000000000001,0.8411525689974657,0.13840775231481484,0.012214194444039097,0.0052868727011061096,0.0026052058564631246,0.0003334056861115988,0.19318595557926532,0.8520964012196619,0.13470769848665282,0.0016855994370784234,0.005973576003342166,0.005350945048654413,0.0001857798046101018
100.7,0.8410263468157317,0.13851251345004567,0.012227333108670243,0.005291160678335902,0.002608651075305677,0.0003339948719112641,0.19315392325344677,0.8519715965598815,0.13481807370695414,0.0016887381158609744,0.0059789544113363685,0.005356505064035474,0.0001861321419316622
100.80000000000001,0.8409001635165736,0.13861723446165186,0.012240472007639404,0.005295447967900678,0.002612097528623499,0.00033458451761144217,0.19312190046079233,0.8518468311076394,0.13492840750041735,0.0016918793112878422,0.005984332057472595,0.005362065242554694,0.00018648478062788284
100.9,0.8407740190784272,0.1387219153728069,0.012253611139632902,0.0052997345709459775,0.0026155452151212584,0.0003351746230662711,0.19308988731905224,0.8517221048495529,0.13503869988147518,0.0016950230223014035,0.005989708942513146,0.005367625583545341,0.00018683772061185163
101.0,0.8406479134792354,0.13882655620708118,0.012266750503447383,0.005304020488601396,0.0026189941335057025,0.0003357651881295068,0.1930578839533046,0.8515974177722418,0.13514895086455556,0.0016981692478444078,0.005995085067219464,0.005373186086341532,0.00018719096179668323
101.10000000000001,0.8405218466966717,0.13893115698820546,0.012279890098004679,0.005308305721978947,0.0026224442824852694,0.0003363562126545344,0.19302589049276037,0.8514727698623322,0.13525916046408135,0.0017013179868599774,0.006000460432352122,0.005378746750278211,0.00018754450409551936
101.2,0.8403958187083641,0.13903571773983733,0.012293029922363355,0.0053125902721717294,0.0026258956607696955,0.0003369476964943932,0.19299390706755304,0.8513481611064544,0.1353693286944705,0.001704469238291606,0.006005835038670833,0.0053843075746911806,0.00018789834742152905
101.30000000000001,0.8402698294921132,0.1391402384853364,0.012306169975726736,0.0053168741402529,0.0026293482670696317,0.0003375396395018149,0.1929619338055914,0.8512235914912415,0.13547945557013572,0.0017076230010831612,0.006011208886934451,0.0053898685589170705,0.00018825249168790805
101.4,0.8401438790260999,0.1392447192475529,0.012319310257447313,0.005321157327274967,0.002632802100096257,0.0003381320415292722,0.19292997082954366,0.8510990610033335,0.1355895411054851,0.0017107792741788814,0.0060165819779009625,0.0053954297022933565,0.0001886069368078794
101.5,0.8400179672890792,0.13934916004863443,0.012332450767027563,0.005325439834269412,0.0026362571585609243,0.0003387249024290401,0.19289801825402197,0.8509745696293748,0.13569958531492143,0.0017139380565233796,0.006021954312327497,0.005400991004158346,0.0001889616826946929
101.60000000000001,0.8398920942605538,0.1394535609098549,0.012345591504117218,0.005329721662246638,0.002639713441174826,0.0003393182220532662,0.19286607618302692,0.8508501173560122,0.13580958821284284,0.0017170993470616402,0.006027325890970324,0.005406552463851184,0.00018931672926162578
101.7,0.8397662599209257,0.13955792185146876,0.012358732468507168,0.005334002812196227,0.002643170946648692,0.00033991200025404873,0.19283414470770158,0.8507257041699002,0.1359195498136421,0.0017202631447390175,0.006032696714584856,0.00541211408071186,0.00018967207642198164
101.80000000000001,0.839640464251623,0.13966224289259382,0.01237187366012026,0.0053382832850875275,0.0026466296736925355,0.0003405062368835229,0.19280222390444268,0.8506013300576952,0.13602947013170727,0.0017234294485012401,0.006038066783925648,0.005417675854081191,0.00019002772408909175
101.9,0.8395147072351979,0.13976652405112358,0.012385015078999246,0.005342563081870514,0.0026500896210154374,0.0003411009317939499,0.19277031383340182,0.8504769950060606,0.1361393491814214,0.0017265982572944084,0.006043436099746397,0.005423237783300826,0.0001903836721763141
102.0,0.839388988855397,0.13987076534367118,0.012398156725292268,0.005346842203476936,0.002653550787325385,0.0003416960848378093,0.1927384145373985,0.8503526990016621,0.13624918697716235,0.0017297695700649923,0.006048804662799947,0.0054287998677132535,0.00019073992059703355
102.10000000000001,0.8392633090972006,0.1399749667855449,0.012411298599236302,0.005351120650821714,0.002657013171329164,0.0003422916958678916,0.1927065260412634,0.8502284420311719,0.13635898353330334,0.0017329433857598336,0.006054172473838287,0.005434362106661793,0.000191096469264662
102.2,0.8391376679468325,0.14007912839075484,0.012424440701138968,0.005355398424804548,0.0026604767717322976,0.00034288776473738783,0.19267464835161147,0.8501042240812658,0.13646873886421232,0.0017361197033261475,0.006059539533612553,0.005439924499490591,0.00019145331809263859
102.30000000000001,0.8390120653917408,0.14018325017204983,0.01243758303135922,0.005359675526311729,0.002663941587239055,0.00034348429129997597,0.19264278145704133,0.8499800451386238,0.13657845298425253,0.0017392985217115206,0.006064905842873019,0.005445487045544628,0.00019181046699442885
102.4,0.8388865014205501,0.14028733214098274,0.012450725590287344,0.005363951956218093,0.0026674076165525006,0.00034408127540989925,0.19261092532874338,0.8498559051899318,0.13668812590778204,0.001742479839863907,0.006070271402369128,0.005451049744169714,0.00019216791588352595
102.5,0.8387609760229882,0.14039137430800194,0.012463868378324838,0.005368227715389113,0.002670874858374606,0.00034467871692203737,0.192579079921492,0.8497318042218789,0.13679775764915394,0.0017456636567316356,0.006075636212849454,0.005456612594712483,0.0001925256646734497
102.60000000000001,0.8386354891897889,0.14049537668256576,0.012477011395864544,0.005372502804683062,0.002674343311406408,0.00034527661569196615,0.1925472451749883,0.8496077422211601,0.13690734822271652,0.001748849971263404,0.006081000275061726,0.0054621755965204065,0.00019288371327774658
102.7,0.838510040912575,0.14059933927327667,0.012490154643271552,0.005376777224953221,0.0026778129743482097,0.00034587497157600463,0.19251542101551375,0.849483719174474,0.13701689764281302,0.0017520387824082812,0.00608636358975283,0.0054677387489417695,0.00019324206160999032
102.80000000000001,0.8383846311837225,0.1407032620880316,0.01250329812086532,0.005381050977050112,0.0026812838458998315,0.0003464737844312503,0.19248360735784706,0.8493597350685245,0.13712640592378175,0.0017552300891157076,0.006091726157668799,0.0054733020513256896,0.00019360070958378167
102.9,0.838259259996213,0.1408071451341842,0.01251644182890332,0.0053853240618236785,0.002684755924760886,0.0003470730541155977,0.1924518041073927,0.8492357898900187,0.13723587307995597,0.0017584238903354925,0.006097087979554818,0.005478865503022113,0.00019395965711274814
103.0,0.838133927343475,0.14091098841871483,0.012529585767566628,0.005389596480125426,0.0026882292096310914,0.0003476727804877433,0.19242001116246968,0.8491118836256706,0.13734529912566404,0.0017616201850178164,0.006102449056155231,0.005484429103381803,0.0001943189041105442
103.10000000000001,0.8380086332192204,0.14101479194840444,0.012542729936947683,0.00539386823281045,0.002691703699210602,0.0003482729634071741,0.19238822841669723,0.8489880162621969,0.13745468407522932,0.0017648189721132302,0.00610780938821353,0.005489992851756347,0.0001946784504908509
103.2,0.8378833776172789,0.1411185557300075,0.012555874337040479,0.005398139320739333,0.0026951793922003506,0.00034887360273413976,0.19235645576142676,0.848864187786319,0.1375640279429703,0.0017680202505726543,0.006113168976472373,0.0054955567474981514,0.00019503829616737678
103.30000000000001,0.8377581605314349,0.14122227977042065,0.01256901896773334,0.005402409744779898,0.0026986562873024082,0.0003494746983296113,0.192324693088158,0.8487403981847642,0.1376733307432005,0.001771224019347379,0.006118527821673564,0.005501120789960453,0.00019539844105385682
103.4,0.8376329819552695,0.14132596407684261,0.012582163828804352,0.00540667950580876,0.002702134383220329,0.0003500762500552231,0.19229294029088673,0.848616647444263,0.13778259249022842,0.0017744302773890681,0.006123885924558069,0.005506684978497303,0.00019575888506405322
103.5,0.8375078418820134,0.1414296086569224,0.012595308919919532,0.005410948604712691,0.0027056136786595,0.00035067825777320317,0.19226119726833107,0.8484929355515515,0.13789181319835755,0.0017776390236497472,0.006129243285866018,0.005512249312463564,0.00019611962811175458
103.60000000000001,0.8373827403044113,0.14153321351889228,0.012608454240633655,0.005415217042389752,0.00270909417232747,0.0003512807213462901,0.19222946392598889,0.8483692624933687,0.13800099288188675,0.0017808502570818192,0.006134599906336694,0.005517813791214931,0.00019648067011077686
103.7,0.837257677214602,0.141636778671683,0.012621599790393661,0.005419484819750186,0.002712575862934253,0.0003518836406376397,0.19219774017798463,0.8482456282564611,0.13811013155510957,0.0017840639766380536,0.006139955786708543,0.00552337841410791,0.00019684201097496272
103.80000000000001,0.8371326526040167,0.14174030412501915,0.012634745568544515,0.0054237519377170786,0.002716058749192617,0.0003524870155107238,0.19216602594866697,0.8481220328275765,0.13821922923231472,0.0017872801812715876,0.006145310927719171,0.005528943180499815,0.00019720365061818142
103.9,0.8370076664632965,0.14184378988949273,0.01264789157433727,0.005428018397226757,0.002719542829818323,0.00035309084582922125,0.19213432117393095,0.8479984761934694,0.13832828592778612,0.001790498869935931,0.006150665330105352,0.005534508089748793,0.00019756558895432953
104.0,0.8368827187822311,0.1419472359766144,0.01266103780693913,0.00543228419922895,0.002723028103530342,0.0003536951314569063,0.19210262580223847,0.8478749583408982,0.1384373016558025,0.001793720041584959,0.006156018994603014,0.005540073141213787,0.0001979278258973299
104.10000000000001,0.8367578095497191,0.14205064239884121,0.012674184265445173,0.005436549344686692,0.0027265145690510196,0.00035429987225753365,0.1920709397953253,0.847751479256626,0.13854627643063794,0.0017969436951729195,0.006161371921947257,0.005545638334254565,0.00019829036136113286
104.2,0.8366329387537511,0.14215400916958124,0.012687330948891452,0.005440813834575994,0.002730002225106203,0.00035490506809472455,0.19203926312858516,0.8476280389274207,0.13865521026656122,0.001800169829654425,0.0061667241128723444,0.005551203668231703,0.000198653195259715
104.30000000000001,0.8365081063814134,0.14225733630317572,0.012700477856269128,0.0054450776698852935,0.0027334910704253207,0.0003555107188318565,0.19200759579113305,0.8475046373400537,0.1387641031778365,0.0018033984439844617,0.0061720755681117035,0.005556769142506592,0.00019901632750708002
104.4,0.836383312418914,0.14236062381485948,0.01271362498653924,0.005449340851614681,0.0027369811037414133,0.00035611682433195677,0.19197593778555316,0.8473812744813018,0.1388729551787229,0.00180662953711838,0.006177426288397931,0.005562334756441427,0.00019937975801725827
104.5,0.8362585568516275,0.1424638717207017,0.012726772338647796,0.005453603380774949,0.0027404723237911257,0.00035672338445760495,0.1919442891273501,0.847257950337947,0.1389817662834746,0.0018098631080119014,0.00618277627446279,0.005567900509399223,0.00019974348670430718
104.60000000000001,0.8361338396641594,0.14256708003752855,0.012739919911540784,0.005457865258386465,0.0027439647293146453,0.00035733039907084397,0.19191264984411868,0.8471346648967748,0.1390905365063408,0.0018130991556211153,0.006188125527037217,0.005573466400743794,0.0002001075134823105
104.7,0.8360091608404252,0.14267024878283016,0.012753067704178778,0.005462126485477891,0.0027474583190556013,0.0003579378680331025,0.1918810199744664,0.8470114181445755,0.13919926586156584,0.0018163376789024762,0.006193474046851311,0.005579032429839769,0.00020047183826537942
104.80000000000001,0.8358845203637442,0.14277337797465486,0.012766215715550802,0.005466387063084792,0.002750953091760927,0.0003585457912051312,0.19184939956671362,0.8468882100681434,0.13930795436338908,0.0018195786768128131,0.006198821834634352,0.0055845985960525785,0.00020083646096765123
104.9,0.8357599182169447,0.14287646763149303,0.012779363944687141,0.005470646992248148,0.0027544490461806795,0.00035915416844695195,0.1918177886774131,0.8467650406542793,0.13941660202604494,0.0018228221483093166,0.006204168891114774,0.005590164898748464,0.0002012013815032903
105.0,0.8356353543824773,0.14297951777215415,0.012792512390670857,0.005474906274012797,0.0027579461810678355,0.00035976299961782386,0.19178618736972375,0.8466419098897864,0.1395252088637631,0.0018260680923495487,0.006209515217020205,0.005595731337294465,0.000201566599786488
105.10000000000001,0.8355108288425331,0.14308252841563976,0.01280566105264773,0.005479164909425839,0.0027614444951780527,0.00036037228457622394,0.19175459571168327,0.8465188177614729,0.1396337748907681,0.0018293165078914386,0.00621486081307743,0.005601297911058438,0.0002019321157314619
105.2,0.8353863415791665,0.1431854995810155,0.012818809929834462,0.005483422899535037,0.0027649439872694122,0.0003609820231798445,0.1917230137744201,0.8463957642561535,0.13974230012127953,0.001832567393893282,0.006220205680012423,0.005606864619409028,0.00020229792925245698
105.30000000000001,0.8352618925744151,0.14328843128728566,0.01283195902152503,0.00548768024538723,0.0027684446561021497,0.00036159221528560774,0.1916914416303478,0.846272749360644,0.13985078456951233,0.0018358207493137416,0.00622554981855032,0.005612431461715693,0.0002026640402637443
105.4,0.8351374818104187,0.1433913235532721,0.012845108327095027,0.005491936948026789,0.0027719465004383674,0.0003622028607496943,0.1916598793513851,0.8461497730617684,0.13995922824967622,0.0018390765731118518,0.006230893229415433,0.005617998437348685,0.00020303044867962222
105.5,0.8350131092695314,0.14349417639750175,0.012858257846003994,0.005496193008494147,0.00277544951904175,0.00036281395942758927,0.19162832700723742,0.8460268353463519,0.14006763117597612,0.0018423348642470062,0.006236235913331264,0.005623565545679064,0.00020339715441441538
105.60000000000001,0.8348887749344255,0.1435969898381036,0.012871407577795735,0.005500448427824418,0.0027789537106772777,0.0003634255111741412,0.1915967846637842,0.8459039362012271,0.14017599336261222,0.0018455956216789752,0.006241577871020491,0.005629132786078685,0.0002037641573824754
105.7,0.834764478788185,0.1436997638927182,0.012884557522096635,0.005504703207046121,0.0027824590741109476,0.0003640375158436338,0.19156525238159672,0.8457810756132292,0.14028431482377945,0.001848858844367888,0.0062469191032049586,0.005634700157920206,0.00020413145749818054
105.80000000000001,0.8346402208143875,0.14380249857842156,0.012897707678612143,0.005508957347180053,0.0027859656081095086,0.00036464997328987056,0.19153373021462605,0.8456582535691985,0.14039259557366818,0.0018521245312742452,0.006252259610605696,0.005640267660577072,0.00020449905467593584
105.9,0.8345160009971707,0.14390519391166376,0.012910858047121452,0.005513210849238284,0.0027894733114402093,0.00036526288336626673,0.1915022182090776,0.8455354700559815,0.14050083562646348,0.0018553926813589107,0.006257599393942924,0.005645835293423537,0.00020486694883017293
106.0,0.8343918193212857,0.14400784990822446,0.012924008627470654,0.005517463714223329,0.002792982182870576,0.0003658762459259515,0.19147071640249788,0.8454127250604248,0.14060903499634594,0.0018586632935831185,0.006262938453936031,0.005651403055834648,0.00020523513987535033
106.10000000000001,0.8342676757721331,0.1441104665831854,0.012937159419564515,0.005521715943127478,0.0027964922211682094,0.00036649006082187393,0.19143922482308498,0.8452900185693849,0.14071719369749083,0.0018619363669084683,0.006268276791303596,0.005656970947186246,0.0002056036277259526
106.2,0.8341435703357841,0.14421304395091958,0.012950310423357087,0.005525967536932299,0.002800003425100608,0.0003671043279069126,0.19140774348923362,0.8451673505697191,0.14082531174406893,0.0018652119002969228,0.006273614406763378,0.005662538966854962,0.00020597241229649194
106.30000000000001,0.834019502998984,0.14431558202509784,0.012963461638841474,0.005530218496608321,0.002803515793435033,0.00036771904703398746,0.19137627240931643,0.8450447210482912,0.14093338915024575,0.0018684898927108164,0.006278951301032328,0.005668107114218229,0.00020634149350150655
106.4,0.8338954737491411,0.1444180808187111,0.012976613066038934,0.005534468823114895,0.002807029324938395,0.000368334218056169,0.19134481158170008,0.8449221299919689,0.14104142593018215,0.0018717703431128437,0.006284287474826569,0.005673675388654265,0.00020671087125556135
106.5,0.8337714825743004,0.14452054034410824,0.012989764704987666,0.005538718517400214,0.002810544018377184,0.00036894984082678524,0.19131336099498952,0.8447995773876232,0.141149422098034,0.001875053250466071,0.006289622928861426,0.005679243789542085,0.00020708054547324828
106.60000000000001,0.8336475294631029,0.14462296061304766,0.013002916555731487,0.005542967580401519,0.0028140598725174258,0.00036956591519952335,0.19128192062848487,0.8446770632221321,0.14125737766795216,0.0018783386137339244,0.006294957663851394,0.005684812316261487,0.0002074505160691854
106.7,0.8335236144047322,0.14472534163676093,0.013016068618308707,0.005547216013045444,0.0028175768861246754,0.0003701824410285229,0.191250490452838,0.8445545874823756,0.14136529265408276,0.001881626431880202,0.006300291680510172,0.0056903809681930675,0.000207820782958018
106.80000000000001,0.8333997373888509,0.14482768342602712,0.013029220892741462,0.005551463816248526,0.002821095057964049,0.0003707994181684615,0.191219070430884,0.8444321501552405,0.14147316707056706,0.0018849167038690613,0.006305624979550639,0.005695949744718206,0.00020819134605441737
106.9,0.8332758984055268,0.14492998599125514,0.013042373379025687,0.005555710990917829,0.002824614386800274,0.0003714168464746283,0.19118766051862535,0.8443097512276166,0.1415810009315412,0.001888209428665031,0.006310957561684864,0.005701518645219073,0.0002085622052730818
107.0,0.8331520974451533,0.14503224934257264,0.013055526077122027,0.005559957537951701,0.0028281348713977837,0.0003720347258029869,0.19115626066634075,0.844187390686399,0.1416887942511367,0.0018915046052330007,0.00631628942762411,0.0057070876690786245,0.00020893336052873633
107.10000000000001,0.8330283344983628,0.1451344734899182,0.01306867898694779,0.005564203458240628,0.002831656510520824,0.0003726530560102241,0.1911248708197888,0.8440650685184866,0.14179654704347996,0.0018948022325382266,0.006321620578078834,0.005712656815680605,0.00020930481173613222
107.2,0.832904609555939,0.14523665844313574,0.013081832108370162,0.005568448752668165,0.0028351793029335894,0.000373271836953785,0.1910934909214779,0.8439427847107829,0.14190425932269277,0.0018981023095463322,0.006326951013758676,0.005718226084409537,0.0002096765588100476
107.30000000000001,0.8327809226087278,0.14533880421206774,0.01309498544120078,0.005572693422111944,0.0028387032474003803,0.0003738910684918946,0.19106212091196814,0.8438205392501965,0.14201193110289168,0.0019014048352233026,0.006332280735372479,0.005723795474650737,0.00021004860166528702
107.4,0.8326572736475488,0.14544091080664598,0.013108138985191755,0.005576937467444715,0.0028422283426857682,0.00037451075048356396,0.19103076073117742,0.8436983321236406,0.1421195623981886,0.0019047098085354895,0.006337609743628276,0.0057293649857903,0.00021042094021668175
107.5,0.8325336626631115,0.14554297823697723,0.013121292740033189,0.005581180889535425,0.00284575458755478,0.0003751308827885823,0.19099941031966047,0.8435761633180322,0.14222715322269053,0.0019080172284496075,0.0063429380392332965,0.0057349346172151025,0.00021079357437908965
107.60000000000001,0.8324100896459353,0.14564500651342221,0.013134446705352232,0.005585423689250298,0.002849281980773082,0.0003757514652674955,0.1909680696198319,0.8434540328202939,0.14233470359049952,0.0019113270939327396,0.006348265622893966,0.005740504368312807,0.000211166504067395
107.7,0.8322865545862783,0.1457469956466661,0.013147600880713617,0.005589665867453902,0.002852810521107172,0.00037637249778157045,0.19093673857710758,0.8433319406173506,0.14244221351571273,0.0019146394039523287,0.0063535924953159045,0.005746074238471849,0.00021153972919650874
107.80000000000001,0.8321630574740723,0.14584894564777928,0.013160755265621661,0.005593907425010197,0.002856340207324569,0.00037699398019274804,0.19090541714094073,0.8432098866961345,0.14254968301242266,0.001917954157476186,0.006358918657203937,0.005751644227081451,0.0002119132496813684
107.9,0.8320395982988689,0.14595085652826714,0.013173909859523597,0.005598148362783525,0.0028598710381939965,0.000377615912363584,0.19087410526573237,0.8430878710435806,0.14265711209471657,0.0019212713534724835,0.006364244109262078,0.005757214333531614,0.00021228706543693793
108.0,0.8319161770497961,0.14605272830010807,0.013187064661814185,0.005602388681639558,0.0028634030124855595,0.00037823829415718134,0.19084280291159922,0.8429658936466282,0.14276450077667713,0.0019245909909097593,0.006369568852193546,0.005762784557213114,0.000212661176378208
108.10000000000001,0.8317927937155261,0.14615456097577906,0.013200219671841392,0.005606628382446152,0.002866936128970908,0.0003788611254371128,0.1908115100449856,0.8428439544922225,0.1428718490723821,0.0019279130687569162,0.006374892886700763,0.005768354897517504,0.0002130355824201955
108.2,0.831669448284254,0.1462563545682687,0.013213374888913014,0.005610867466074129,0.0028704703864233837,0.00037948440606733777,0.1907802266391113,0.8427220535673121,0.14297915699590427,0.0019312375859832176,0.006380216213485349,0.005773925353837119,0.0002134102834779444
108.30000000000001,0.8315461407436905,0.1463581090910778,0.013226530312304073,0.005615105933397966,0.0028740057836181597,0.0003801081359121144,0.19074895267424927,0.8426001908588505,0.14308642456131146,0.0019345645415582936,0.006385538833248129,0.005779495925565059,0.0002137852794665247
108.4,0.8314228710810635,0.14645982455820772,0.013239685941264755,0.0056193437852963685,0.0028775423193323456,0.0003807323148359082,0.19071768813783282,0.8424783663537957,0.14319365178266705,0.0019378939344521372,0.006390860746689122,0.005785066612095212,0.000214160570301033
108.5,0.8312996392831336,0.1465615009841372,0.01325284177502872,0.0056235810226527485,0.0028810799923450862,0.00038135694270330063,0.19068643302439547,0.8423565800391088,0.1433008386740291,0.0019412257636351035,0.0063961819545075675,0.0057906374128222264,0.0002145361558965925
108.60000000000001,0.8311764453362183,0.14666313838378864,0.013265997812821577,0.005627817646355584,0.002884618801437632,0.00038198201937889714,0.19065518733535045,0.8422348319017591,0.14340798524945106,0.0019445600280779127,0.006401502457401898,0.005796208327141532,0.00021491203616835286
108.7,0.8310532892262273,0.14676473677248467,0.013279154053869285,0.005632053657298663,0.0028881587453933838,0.0003826075447272382,0.19062395107861946,0.8421131219287163,0.1435150915229813,0.0019478967267516473,0.006406822256069756,0.005801779354449329,0.00021528821103149014
108.80000000000001,0.8309301709387057,0.14686629616589675,0.013292310497406357,0.005636289056381222,0.0028916998229979282,0.00038323351861271535,0.19059272426812449,0.8419914501069568,0.14362215750866364,0.001951235858627754,0.006412141351207985,0.0058073504941425855,0.00021566468040120718
108.9,0.8308070904588839,0.14696781657998667,0.0133054671426836,0.005640523844507958,0.0028952420330390356,0.00038385994089949163,0.1905615069231593,0.8418698164234606,0.14372918322053682,0.0019545774226780387,0.006417459743512642,0.0058129217456190435,0.0002160414441927329
109.0,0.8306840477717352,0.14706929803094312,0.013318623988975294,0.005644758022588953,0.002898785374306651,0.0003844868114514305,0.1905302990676582,0.8417482208652128,0.14383616867263474,0.0019579214178746755,0.006422777433678997,0.005818493108277211,0.0002164185023213229
109.10000000000001,0.8305610428620361,0.14717074053511456,0.013331781035585603,0.00564899159153948,0.002902329845592858,0.0003851141301320325,0.19049910072938397,0.841626663419203,0.14394311387898642,0.0019612678431901965,0.0064280944224015205,0.005824064581516367,0.00021679585470225926
109.2,0.8304380757144305,0.14727214410894016,0.013344938281854126,0.005653224552279717,0.002905875445691825,0.00038574189680438113,0.19046791193905246,0.8415051440724252,0.14405001885361624,0.0019646166975975012,0.006433410710373897,0.005829636164736557,0.00021717350125085032
109.30000000000001,0.8303151463134943,0.1473735087688807,0.013358095727160468,0.0056574569057343885,0.002909422173399742,0.00038637011133109986,0.19043673272942263,0.8413836628118768,0.14415688361054346,0.001967967980069847,0.0064387262982890225,0.005835207857338594,0.00021755144188243114
109.4,0.8301922546438009,0.14747483453135077,0.013371253370927753,0.0056616886528323114,0.002912970027514735,0.00038699877357431924,0.1904055631343669,0.8412622196245609,0.14426370816378262,0.0019713216895808545,0.006444041186838998,0.005840779658724053,0.00021792967651236295
109.5,0.8300694006899834,0.14757612141265403,0.013384411212625036,0.005665919794505891,0.002916519006836778,0.0003876278833956558,0.19037440318794988,0.8411408144974855,0.14437049252734352,0.0019746778251045105,0.006449355376715158,0.0058463515682952785,0.0002183082050560336
109.60000000000001,0.829946584436795,0.1476773694289228,0.013397569251768562,0.005670150331690547,0.0029200691101675903,0.00038825744065620183,0.1903432529235325,0.841019447417662,0.14447723671523066,0.0019780363856151573,0.006454668868608019,0.005851923585455377,0.00021868702742885727
109.7,0.8298238058691644,0.14777857859606328,0.013410727487921907,0.005674380265324107,0.002923620336310529,0.00038888744521652617,0.1903121123729237,0.8408981183721059,0.14458394074144443,0.0019813973700875047,0.006459981663207344,0.005857495709608219,0.00021906614354627466
109.80000000000001,0.8297010649722445,0.14787974892970793,0.013423885920695017,0.005678609596346166,0.0029271726840704826,0.00038951789693668706,0.19028098156559725,0.8407768273478395,0.14469060461997973,0.0019847607774966234,0.00646529376120209,0.005863067940158437,0.0002194455533237528
109.9,0.829578361731456,0.14798088044517504,0.013437044549742181,0.005682838325697422,0.0029307261522537563,0.00039014879567625366,0.19024986052798878,0.8406555743318869,0.14479722836482686,0.0019881266068179425,0.00647060516328044,0.005868640276511422,0.00021982525667678488
110.0,0.829455696132523,0.14808197315743732,0.013450203374759058,0.005687066454319008,0.002934280739667966,0.00039078014129433883,0.1902187492828875,0.8405343593112773,0.14490381198997143,0.001991494857027256,0.00647591587012979,0.005874212718073333,0.0002202052535208909
110.10000000000001,0.8293330681614995,0.14818302708109898,0.013463362395478795,0.005691293983151821,0.0029378364451219307,0.0003914119336496393,0.19018764784893377,0.8404131822730455,0.14501035550939384,0.001994865527100717,0.006481225882436758,0.005879785264251079,0.000220585543771617
110.2,0.8292104778047891,0.1482840422303823,0.013476521611667399,0.0056955209131358715,0.0029413932674255757,0.00039204417260048385,0.19015655624022929,0.840292043204231,0.1451168589370701,0.0019982386160148444,0.0064865352008871835,0.005885357914452332,0.0002209661273445359
110.30000000000001,0.8290879250491544,0.14838501861912337,0.01348968102311849,0.005699747245209652,0.0029449512053898405,0.0003926768580048887,0.19012547446606742,0.8401709420918757,0.1452233222869709,0.0020016141227465114,0.006491843826166112,0.005890930668085529,0.00022134700415524624
110.4,0.8289654098817195,0.14848595626077682,0.013502840629647527,0.005703972980309536,0.0029485102578265944,0.00039330998972061655,0.19009440253078272,0.840049878923027,0.14532974557306258,0.0020049920462729583,0.006497151758957826,0.005896503524559851,0.00022172817411937357
110.5,0.8288429322899624,0.1485868551684295,0.013516000431085733,0.0057081981193692274,0.00295207042354857,0.0003939435676052411,0.19006334043372305,0.8399288536847384,0.1454361288093063,0.0020083723855717837,0.006502458999945821,0.005902076483285244,0.0002221096371525695
110.60000000000001,0.8287204922617002,0.14868771535482203,0.013529160427273788,0.005712422663319248,0.0029556317013693005,0.00039457759151621276,0.1900322881693367,0.8398078663640647,0.14554247200965859,0.0020117551396209472,0.0065077655498128155,0.005907649543672406,0.00022249139317051197
110.7,0.828598089785067,0.1487885368323778,0.013542320618055501,0.005716646613086478,0.002959194090103072,0.00039521206131092583,0.19000124572737256,0.8396869169480676,0.14564877518807093,0.0020151403073987695,0.006513071409240754,0.005913222705132792,0.00022287344208890526
110.80000000000001,0.8284757248484851,0.14888931961323862,0.0135554810032716,0.005720869969593771,0.0029627575885648925,0.00039584697684678596,0.1899702130931813,0.8395660054238132,0.14575503835849027,0.0020185278878839313,0.006518376578910807,0.005918795967078613,0.0002232557838234803
110.9,0.8283533974406301,0.14899006370930556,0.013568641582753746,0.00572509273375961,0.0029663221955704643,0.00039648233798127483,0.18993919024811012,0.8394451317783698,0.14586126153485848,0.002021917880055476,0.006523681059503358,0.005924369328922821,0.00022363841828999394
111.0,0.8282311075503913,0.14909076913228442,0.013581802356318966,0.005729314906497849,0.0029698879099361816,0.00039711814457201334,0.1899081771699764,0.8393242959988132,0.14596744473111278,0.002025310282892803,0.006528984851698036,0.005929942790079133,0.00022402134540422936
111.10000000000001,0.8281088551668288,0.149191435893734,0.013594963323764555,0.005733536488717506,0.002973454730479127,0.0003977543964768198,0.1898771738336081,0.8392034980722209,0.14607358796118547,0.002028705095375675,0.006534287956173681,0.005935516349962012,0.00022440456508199643
111.2,0.8279866402791272,0.14929206400511646,0.013608124484863586,0.005737757481322626,0.002977022656017089,0.00039839109355376315,0.1898461802114349,0.8390827379856778,0.14617969123900398,0.0020321023164842156,0.006539590373608362,0.005941090007986666,0.00022478807723913088
111.30000000000001,0.8278644628765489,0.14939265347784855,0.013621285839361156,0.005741977885212222,0.0029805916853685825,0.0003990282356612113,0.1898151962741158,0.8389620157262702,0.14628575457849108,0.002035501945198907,0.006544892104679388,0.0059466637635690635,0.00022517188179149508
111.4,0.8277423229483866,0.14949320432335178,0.013634447386971341,0.005746197701280259,0.002984161817352884,0.00039966582265787157,0.18978422199118566,0.8388413312810902,0.14639177799356465,0.0020389039805005908,0.006550193150063285,0.005952237616125912,0.00022555597865497743
111.5,0.8276202204839156,0.1495937165531015,0.013647609127375001,0.005750416930415722,0.0029877330507900716,0.00040030385440282515,0.18975325733170673,0.8387206846372359,0.14649776149813776,0.00204230842137047,0.006555493510435816,0.0059578115650746714,0.00022594036774549285
111.60000000000001,0.8274981554723503,0.1496941901786726,0.013660771060218407,0.005754635573502723,0.00299130538450107,0.00040094233075555304,0.18972230226490747,0.8386000757818068,0.1466037051061185,0.002045715266790104,0.006560793186471969,0.005963385609833551,0.00022632504897898223
111.7,0.8273761279028019,0.14979462521178175,0.013673933185112716,0.005758853631420667,0.0029948788173077,0.0004015812515759541,0.18969135676079657,0.8384795047019091,0.14670960883141046,0.0020491245157414147,0.006566092178845968,0.00596895974982149,0.0002267100222714129
111.80000000000001,0.82725413776424,0.14989502166432486,0.013687095501634305,0.005763071105044475,0.0029984533480327384,0.0004022206167243566,0.1896604207907373,0.8383589713846531,0.14681547268791215,0.0020525361672066827,0.006571390488231275,0.005974533984458196,0.0002270952875387787
111.9,0.8271321850454594,0.14999537954840914,0.013700258009325878,0.005767287995244835,0.003002028975499965,0.0004028604260615197,0.18962949432796922,0.8382384758171519,0.14692129668951745,0.0020559502201685483,0.006576688115300576,0.0059801083131641045,0.0002274808446970993
112.0,0.827010269735052,0.15009569887637902,0.013713420707698364,0.005771504302888504,0.003005605698534226,0.00040350067944863,0.18959857734806887,0.8381180179865257,0.14702708085011534,0.002059366673610009,0.006581985060725795,0.005985682735360399,0.0002278666936624207
112.10000000000001,0.826888391821384,0.15019597966083587,0.013726583596233476,0.005775720028838631,0.0030091835159614835,0.0004041413767472884,0.18956766982933837,0.8379975978798977,0.14713282518359008,0.002062785526514423,0.006587281325178093,0.005991257250469012,0.00022825283435081524
112.2,0.8267665512925797,0.15029622191465064,0.013739746674386898,0.005779935173955103,0.003012762426608868,0.00040478251781949156,0.18953677175311812,0.8378772154843948,0.14723852970382098,0.0020662067778655065,0.006592576909327868,0.005996831857912602,0.00022863926667838163
112.30000000000001,0.8266447481365112,0.1503964256509702,0.013752909941592003,0.005784149739094922,0.0030163424293047267,0.0004054241025276081,0.18950588310401437,0.8377568707871496,0.1473441944246826,0.002069630426647335,0.00659787181384475,0.006002406557114585,0.00022902599056124454
112.4,0.8265229823407948,0.15049659088321626,0.013766073397263963,0.005788363725112576,0.003019923522878665,0.0004060661307343474,0.1894750038700446,0.8376365637752986,0.14744981936004484,0.002073056471844343,0.00660316603939761,0.006007981347499111,0.00022941300591555486
112.5,0.8264012538927933,0.15059671762507837,0.013779237040804197,0.00579257713286043,0.003023505706161584,0.00040670860230272607,0.189444134042695,0.837516294435983,0.14755540452377267,0.002076484912441322,0.006608459586654562,0.006013556228491058,0.00022980031265748988
112.60000000000001,0.8262795627796244,0.15069680589050033,0.013792400871605005,0.0057967899631891084,0.0030270889779857135,0.00040735151709602943,0.18941327361689586,0.8373960627563481,0.14766094992972623,0.002079915747423424,0.006613752456282951,0.006019131199516059,0.00023018791070325293
112.7,0.826157908988175,0.15079685569366102,0.013805564889054283,0.0058010022169478715,0.00303067333718463,0.00040799487497777075,0.18938242259091448,0.8372758687235442,0.14776645559176096,0.0020833489757761574,0.006619044648949361,0.006024706260000479,0.0002305757999690735
112.80000000000001,0.82603629250512,0.15089686704895036,0.013818729092540229,0.005805213894984986,0.003034258782593281,0.0004086386758116492,0.1893515809661743,0.8371557123247245,0.14787192152372747,0.002086784596485389,0.0066243361653196345,0.006030281409371414,0.0002309639803712076
112.9,0.8259147133169464,0.1509968399709406,0.013831893481455889,0.005809424998148072,0.0030378453130479885,0.00040928291946150576,0.189320748747004,0.8370355935470496,0.14797734773947158,0.0020902226085373447,0.0066296270060588365,0.006035856647056702,0.0002313524518259368
113.0,0.8257931714099805,0.15109677447435438,0.013845058055203488,0.005813635527284432,0.0030414329273864547,0.00040992760579128067,0.18928992594032695,0.836915512377681,0.14808273425283433,0.002093663010918607,0.006634917171831288,0.0060414319724849145,0.00023174121424956954
113.10000000000001,0.8256716667704183,0.15119667057402977,0.013858222813198411,0.005817845483241363,0.0030450216244477584,0.00041057273466497073,0.18925911255530065,0.8367954688037876,0.14818808107765188,0.002097105802616118,0.006640206663300542,0.006047007385085355,0.0002321302675584399
113.2,0.8255501993843586,0.15129652828488385,0.013871387754872774,0.0058220548668664225,0.0030486114030723425,0.0004112183059465883,0.18922830860291254,0.8366754628125407,0.14829338822775587,0.0021005509826171748,0.006645495481129412,0.006052582884288068,0.00023251961166890844
113.30000000000001,0.825428769237837,0.15139634762187523,0.013884552879678515,0.005826263679007685,0.003052202262102,0.0004118643195001239,0.18919751409554997,0.8365554943911165,0.14839865571697275,0.0021039985499094337,0.006650783625979936,0.0060581584695238114,0.0002329092464973616
113.4,0.8253073763168609,0.1514961285999665,0.01389771818708992,0.005830471920513949,0.0030557942003798513,0.0004125107751895104,0.18916672904654783,0.8364355635266969,0.14850388355912447,0.0021074485034809102,0.006656071098513417,0.006063734140224097,0.00023329917196021193
113.5,0.8251860206074434,0.15159587123408788,0.013910883676605585,0.005834679592234925,0.0030593872167503206,0.0004131576728785923,0.18913595346973192,0.8363156702064665,0.14860907176802818,0.0021109008423199713,0.006661357899390393,0.006069309895821158,0.0002336893879738985
113.60000000000001,0.8250647020956371,0.15169557553910235,0.01392404934774974,0.005838886695021373,0.0030629813100591092,0.0004138050124310982,0.18910518737896384,0.8361958144176151,0.14871422035749618,0.002114355565415348,0.006666644029270666,0.006074885735747954,0.0002340798944548863
113.7,0.8249434207675657,0.15179524152977325,0.01393721520007294,0.005843093229725214,0.00306657647915316,0.00041445279371061773,0.18907443078770264,0.8360759961473367,0.148819329341336,0.0021178126717561227,0.00667192948881326,0.006080461659438172,0.00023447069131966625
113.80000000000001,0.8248221766094525,0.1518948692207354,0.013950381233152152,0.005847299197199609,0.003070172722880631,0.00041510101658058426,0.1890436837085889,0.8359562153828302,0.14892439873335037,0.002121272160331741,0.006677214278676477,0.006086037666326245,0.00023486177848475558
113.9,0.824700969607647,0.15199445862646951,0.013963547446590183,0.005851504598298991,0.0030737700400908594,0.0004157496809042609,0.18901294615306458,0.835836472111299,0.14902942854733742,0.0021247340301319977,0.006682498399517848,0.0060916137558473075,0.0002352531558666976
114.0,0.8245797997486468,0.15209400976128132,0.013976713840014579,0.005855709433879072,0.003077368429634331,0.00041639878654473294,0.1889822181310324,0.8357167663199493,0.14913441879709016,0.0021281982801470496,0.006687781851994168,0.006097189927437239,0.00023564482338206172
114.10000000000001,0.8244586670191155,0.152193522639285,0.013989880413075936,0.005859913704796822,0.0030809678903626504,0.00041704833336490404,0.18895149965056518,0.8355970979959942,0.14923936949639716,0.0021316649093674088,0.00669306463676148,0.006102766180532642,0.0002360367809474433
114.2,0.824337571405897,0.15229299727439163,0.014003047165445745,0.005864117411910399,0.0030845684211285086,0.00041769832122749695,0.18892079071766768,0.8354774671266485,0.1493442806590421,0.002135133916783943,0.006698346754475077,0.006108342514570834,0.00023642902847946395
114.30000000000001,0.8242165128960246,0.15239243368030256,0.014016214096813822,0.005868320556079078,0.003088170020785662,0.00041834874999505984,0.1888900913360973,0.8353578736991344,0.14944915229880384,0.0021386053013878773,0.006703628205789516,0.00611391892898987,0.0002368215658947715
114.4,0.8240954914767256,0.1524918318705079,0.014029381206885365,0.005872523138163125,0.003091772688188908,0.000418999619529975,0.18885940150724376,0.8352383177006754,0.1495539844294566,0.0021420790621707914,0.006708908991358589,0.006119495423228522,0.00023721439311003923
114.5,0.823974507135421,0.15259119185828987,0.014042548495377769,0.00587672515902367,0.0030953764221940657,0.0004196509296944726,0.18882872123007025,0.835118799118502,0.14965877706476965,0.0021455551981246226,0.006714189111835366,0.006125071996726281,0.0002376075100419672
114.60000000000001,0.8238535598597218,0.1526905136567307,0.014055715962017221,0.005880926619522548,0.0030989812216579626,0.00042030268035064664,0.18879805050111506,0.8349993179398476,0.1497635302185076,0.002149033708241664,0.00671946856787216,0.0061306486489233645,0.00023800091660728092
114.7,0.8237326496374197,0.15278979727872502,0.014068883606535208,0.005885127520522119,0.003102587085438423,0.0004209548713604735,0.1887673893145515,0.8348798741519508,0.14986824390443046,0.002152514591514564,0.006724747360120544,0.006136225379260707,0.00023839461272273264
114.80000000000001,0.8236117764564744,0.1528890427369962,0.01408205142866501,0.005889327862885092,0.003106194012394265,0.0004216075025858337,0.1887367376623032,0.8347604677420539,0.14997291813629315,0.0021559978469363277,0.006730025489231352,0.006141802187179972,0.00023878859830509986
114.9,0.8234909403049985,0.15298825004411595,0.014095219428138232,0.005893527647474314,0.0031098020013852964,0.0004222605738885335,0.18870609553420906,0.8346410986974042,0.15007755292784603,0.0021594834735003125,0.006735302955854669,0.0061473790721235265,0.00023918287327118667
115.0,0.823370141171237,0.15308741921252705,0.014108387604681506,0.005897726875152564,0.00311341105127232,0.0004229140851303292,0.18867546291823523,0.8345217670052532,0.15018214829283466,0.0021629714702002347,0.006740579760639843,0.0061529560335344706,0.00023957743753782302
115.10000000000001,0.8232493790435469,0.15318655025456807,0.014121555958013385,0.005901925546782341,0.003117021160917141,0.00042356803617295063,0.1886448398007232,0.8344024726528556,0.1502867042449999,0.002166461836030165,0.006745855904235489,0.006158533070856619,0.00023997229102186465
115.2,0.8231286539103733,0.15328564318249968,0.01413472448784152,0.005906123663225646,0.0031206323291825743,0.00042422242687812495,0.18861422616667134,0.8342832156274735,0.15039122079807785,0.0021699545699845296,0.006751131387289468,0.006164110183534488,0.00024036743364019378
115.30000000000001,0.8230079657602244,0.15338469800853236,0.014147893193860199,0.005910321225343768,0.0031242445549324632,0.0004248772571076003,0.18858362200003873,0.8341639959163706,0.15049569796579976,0.0021734496710581084,0.006756406210448929,0.00616968737101333,0.00024076286530971808
115.4,0.8228873145816469,0.15348371474485364,0.014161062075748236,0.0059145182339970645,0.0031278578370316917,0.00042553252672316737,0.1885530272840652,0.8340448135068148,0.15060013576189216,0.0021769471382460377,0.006761680374360252,0.0061752646327391065,0.0002411585859473717
115.5,0.8227667003632,0.15358269340365568,0.014174231133167322,0.005918714690044767,0.0031314721743462065,0.00042618823558668116,0.1885224420015987,0.8339256683860816,0.1507045342000769,0.0021804469705438085,0.006766953879669106,0.006180841968158483,0.00024155459547011435
115.60000000000001,0.8226461230934307,0.15368163399716128,0.014187400365760792,0.005922910594344774,0.003135087565743035,0.00042684438356007916,0.18849186613542226,0.8338065605414474,0.15080889329407104,0.0021839491669472656,0.006772226727020408,0.006186419376718855,0.00024195089379493216
115.7,0.8225255827608501,0.15378053653764848,0.014200569773152887,0.0059271059477534645,0.0031387040100903053,0.00042750097050539847,0.18846129966857167,0.833687489960195,0.15091321305758693,0.002187453726452609,0.006777498917058352,0.00619199685786832,0.0002423474808388369
115.80000000000001,0.8224050793539114,0.1538794010374732,0.014213739354948476,0.0059313007511255286,0.0031423215062572705,0.00042815799628479064,0.1884307425846385,0.8335684566296103,0.1510174935043321,0.0021909606480563924,0.006782770450426389,0.006197574411055684,0.00024274435651886617
115.9,0.8222846128609899,0.15397822750908893,0.014226909110733236,0.005935495005313798,0.003145940053114324,0.00042881546076053344,0.18840019486804982,0.8334494605369853,0.15112173464800938,0.002194469930755526,0.006788041327767246,0.00620315203573047,0.0002431415207520841
116.0,0.8221641832703654,0.15407701596506382,0.014240079040074297,0.0059396887111691134,0.003149559649533022,0.00042947336379504084,0.1883696565043189,0.8333305016696141,0.15122593650231692,0.002197981573547271,0.006793311549722905,0.006208729731342914,0.00024353897345558026
116.10000000000001,0.8220437905702082,0.1541757664180941,0.014253249142521286,0.005943881869540192,0.0031531802943861017,0.0004301317052508699,0.1883391274802633,0.8332115800147978,0.151330099080948,0.0022014955754292467,0.006798581116934631,0.0062143074973439565,0.00024393671454647027
116.2,0.821923434748567,0.15427447888101425,0.014266419417607753,0.0059480744812735195,0.003156801986547492,0.0004307904849907248,0.1883086077841841,0.833092695559839,0.15143422239759124,0.002205011935399422,0.006803850030042946,0.006219885333185247,0.00024433474394189574
116.30000000000001,0.8218031157933613,0.15437315336680338,0.014279589864852974,0.005952266547213265,0.0031604247248923317,0.00043144970287745956,0.18827809740600387,0.8329738482920473,0.15153830646593064,0.002208530652456124,0.006809118289687653,0.00622546323831914,0.0002447330615590243
116.4,0.8216828336923765,0.15447178988858795,0.014292760483763984,0.00595645806820121,0.003164048508296975,0.00043210935877407693,0.18824759633736227,0.8328550381987353,0.1516423512996451,0.002212051725598029,0.0068143858965078186,0.00623104121219871,0.00024513166731504924
116.5,0.8215625884332625,0.15457038845964094,0.014305931273837875,0.005960649045076705,0.0031676733356389977,0.00043276945254372613,0.1882171045716668,0.8327362652672198,0.15174635691240934,0.00221557515382417,0.0068196528511417845,0.006236619254277715,0.00024553056112719017
116.60000000000001,0.8214423800035356,0.1546689490933773,0.014319102234564273,0.005964839478676639,0.003171299205797205,0.00043342998404969876,0.1881866221040991,0.8326175294848231,0.15185032331789278,0.002219100936133934,0.0068249191542271576,0.006242197364010636,0.00024592974291269196
116.7,0.8213222083905842,0.15476747180334624,0.014332273365427885,0.005969029369835431,0.0031749261176516248,0.0004340909531554217,0.18815614893157998,0.8324988308388701,0.15195425052976053,0.0022226290715270584,0.006830184806400832,0.006247775540852659,0.00024632921258882615
116.80000000000001,0.8212020735816762,0.1548659566032205,0.014345444665911136,0.005973218719385051,0.0031785540700835072,0.0004347523597244506,0.188125685052691,0.8323801693166922,0.15205813856167272,0.0022261595590036378,0.006835449808298964,0.006253353784259662,0.0002467289700728895
116.9,0.8210819755639704,0.15496440350678284,0.014358616135496752,0.005977407528155044,0.0031821830619753154,0.0004354142036204601,0.18809523046756144,0.8322615449056234,0.1521619874272849,0.002229692397564116,0.006840714160556988,0.00625893209368823,0.000247129015282205
117.0,0.8209619143245298,0.15506281252791024,0.014371787773670291,0.005981595796972584,0.0031858130922107174,0.00043607648470723515,0.18806478517771813,0.8321429575930035,0.15226579714024785,0.002233227586209292,0.0068459778638096215,0.006264510468595663,0.00024752934813412154
117.10000000000001,0.8208418898503361,0.1551611836805564,0.014384959579922531,0.0059857835266625475,0.0031894441596745714,0.0004367392028486608,0.18803434918590878,0.832024407366175,0.1523695677142076,0.0022367651239403167,0.006851240918690844,0.006270088908439937,0.00024792996854601355
117.2,0.8207219021283073,0.15525951697873264,0.014398131553751657,0.005989970718047588,0.003193076263252909,0.0004374023579087112,0.18800392249589926,0.8319058942124867,0.15247329916280553,0.002240305009758696,0.006856503325833929,0.0062756674126797545,0.0002483308764352818
117.30000000000001,0.8206019511453149,0.1553578124364881,0.014411303694665248,0.005994157371948244,0.00319670940183292,0.00043806594975144027,0.18797350511225297,0.8317874181192905,0.15257699149967824,0.0022438472426662857,0.006861765085871411,0.006281245980774497,0.0002487320717193526
117.4,0.8204820368882025,0.15545607006788936,0.014424476002181958,0.0059983434891830445,0.0032003435743029295,0.0004387299782409707,0.18794309704009765,0.8316689790739423,0.1526806447384575,0.0022473918216652953,0.006867026199435126,0.006286824612184263,0.00024913355431567817
117.5,0.8203621593438051,0.15555428988700026,0.014437648475832919,0.006002529070568636,0.0032039787795523807,0.00043939444324148525,0.1879126982848839,0.8315505770638035,0.15278425889277067,0.0022509387457582872,0.006872286667156163,0.006292403306369831,0.0002495353241417363
117.60000000000001,0.8202423184989668,0.15565247190786227,0.014450821115162804,0.006006714116919918,0.0032076150164718122,0.0004400593446172175,0.18788230885214538,0.8314322120762391,0.15288783397624006,0.0022544880139481745,0.00687754648966491,0.006297982062792689,0.0002499373811150312
117.7,0.820122514340559,0.15575061614447577,0.014463993919730545,0.006010898629050177,0.0032112522839528373,0.00044072468223244375,0.1878519287472614,0.8313138840986192,0.15299137000248353,0.0022580396252382244,0.006882805667591035,0.006303560880915024,0.00025033972515309255
117.80000000000001,0.8200027468554973,0.1558487226107829,0.014477166889109716,0.006015082607771239,0.003214890580888125,0.0004413904559514766,0.18782155797523084,0.8311955931183171,0.15309486698511415,0.0022615935786320547,0.006888064201563478,0.0063091397601997,0.0002507423561734756
117.9,0.8198830160307566,0.15594679132065192,0.014490340022888537,0.006019266053893616,0.0032185299061713766,0.00044205666563865815,0.1877911965404622,0.8310773391227116,0.1531983249377401,0.0022651498731336367,0.006893322092210481,0.0063147187001103035,0.000251145274093762
118.0,0.8197633218533847,0.1560448222878641,0.014503513320669579,0.006023448968226657,0.003222170258697311,0.0004427233111583558,0.1877608444465831,0.8309591220991853,0.1533017438739651,0.0022687085077472907,0.006898579340159539,0.00632029770011109,0.0002515484788315584
118.10000000000001,0.8196436643105139,0.15614281552610232,0.014516686782069112,0.0060276313515787005,0.0032258116373616486,0.00044339039237495875,0.18773050169627437,0.8308409420351254,0.15340512380738808,0.002272269481477692,0.006903835946037464,0.00632587675966702,0.00025195197030449825
118.2,0.8195240433893705,0.15624077104894285,0.014529860406716172,0.006031813204757222,0.003229454041061096,0.0004440579091528748,0.18770016829113023,0.8307227989179228,0.1535084647516032,0.0022758327933298655,0.006909091910470335,0.0063314558782437465,0.0002523557484302399
118.30000000000001,0.8194044590772813,0.15633868886984925,0.014543034194251354,0.006035994528568975,0.0032330974686933366,0.0004447258613565295,0.18766984423155117,0.8306046927349734,0.15361176672020005,0.0022793984423091873,0.006914347234083519,0.006337035055307613,0.000252759813126468
118.4,0.8192849113616786,0.15643656900216935,0.014556208144325372,0.006040175323820132,0.003236741919157021,0.00044539424885036517,0.18763952951666554,0.8304866234736771,0.15371502972676335,0.002282966427421387,0.006919601917501679,0.006342614290325652,0.00025316416431089275
118.5,0.8191654002301016,0.15653441145913471,0.014569382256597433,0.006044355591316408,0.0032403873913517626,0.00044606307149884196,0.18760922414428532,0.8303685911214385,0.15381825378487318,0.0022865367476725433,0.006924855961348758,0.00634819358276559,0.0002535688019012501
118.60000000000001,0.8190459256701966,0.15663221625386292,0.014582556530733462,0.006048535331863184,0.003244033884178137,0.00044673232916643877,0.18757892811089516,0.8302505956656666,0.15392143890810514,0.0022901094020690857,0.006930109366247981,0.006353772932095835,0.00025397372581530185
118.7,0.8189264876697135,0.1567299833993621,0.01459573096640421,0.006052714546265611,0.00324768139653768,0.0004474020217176549,0.1875486414116728,0.830132637093774,0.15402458511002973,0.0022936843896177984,0.006935362132821883,0.0063593523377854936,0.00025437893597083554
118.80000000000001,0.8188070862165009,0.156827712908538,0.014608905563283326,0.006056893235328705,0.003251329927332896,0.000448072149017013,0.18751836404054,0.8300147153931784,0.1541276924042131,0.002297261709325809,0.006940614261692265,0.006364931799304356,0.00025478443228566444
118.9,0.8186877212984984,0.15692540479420322,0.014622080321045413,0.006061071399857427,0.0032549794754672635,0.0004487427109290612,0.18748809599024327,0.829896830551302,0.15423076080421647,0.002300841360200605,0.00694586575348024,0.006370511316122898,0.0002551902146776274
119.0,0.8185683929037285,0.15702305906908784,0.014635255239364113,0.00606524904065675,0.003258630039845245,0.0004494137073183765,0.18745783725246035,0.8297789825555699,0.15433379032359654,0.0023044233412500177,0.0069511166088061915,0.006376090887712279,0.00025559628306458926
119.10000000000001,0.8184491010202849,0.1571206757458521,0.014648430317910287,0.006069426158531707,0.0032622816193723014,0.00045008513804956784,0.18742758781792843,0.8296611713934137,0.15443678097590535,0.002308007651482231,0.006956366828289822,0.006381670513544353,0.00025600263736444043
119.2,0.8183298456363212,0.15721825483709978,0.014661605556350293,0.006073602754287426,0.0032659342129549053,0.0004507570029872782,0.18739734767659358,0.8295433970522673,0.15453973277469,0.0023115942899057792,0.006961616412550097,0.006387250193091651,0.0002564092774950971
119.30000000000001,0.8182106267400377,0.1573157963553928,0.01467478095434446,0.006077778828729148,0.00326958781950056,0.00045142930199618846,0.18736711681777277,0.8294256595195703,0.15464264573349312,0.002315183255529549,0.006966865362205309,0.006392829925827383,0.000256816203374501
119.4,0.8180914443196682,0.1574133003132659,0.0146879565115457,0.006081954382662224,0.003273242437917815,0.00045210203494101874,0.1873368952303294,0.8293079587827656,0.15474551986585247,0.0023187745473627727,0.0069721136778730115,0.006398409711225456,0.0002572234149206198
119.5,0.817972298363466,0.15751076672324157,0.01470113222759839,0.006086129416892105,0.0032768980671162885,0.0004527752016865311,0.18730668290285218,0.8291902948293017,0.1548483551853015,0.0023223681644150363,0.006977361360170075,0.0064039895487604526,0.00025763091205144664
119.60000000000001,0.8178531888596899,0.15760819559784492,0.014714308102137447,0.00609030393222431,0.003280554706006686,0.0004534488020975306,0.18727647982383938,0.8290726676466299,0.1549511517053685,0.002325964105696275,0.006982608409712666,0.006409569437907633,0.00025803869468500037
119.7,0.8177341157965916,0.15770558694961748,0.014727484134787666,0.006094477929464376,0.0032842123535008166,0.00045412283603886574,0.18724628598187662,0.8289550772222074,0.1550539094395775,0.002329562370216772,0.006987854827116239,0.00641514937814294,0.00025844676273932576
119.80000000000001,0.8176150791624021,0.15780294079113058,0.014740660325163343,0.006098651409417805,0.0032878710085116176,0.00045479730337542987,0.18721610136581235,0.8288375235434943,0.1551566284014475,0.0023331629569871624,0.006993100612995555,0.006420729368943001,0.00025885511613249305
119.9,0.8174960789453203,0.15790025713499717,0.014753836672868113,0.006102824372889984,0.0032915306699531693,0.0004554722039721599,0.1871859259649191,0.8287200065979561,0.15525930860449305,0.002336765865018428,0.006998345767964667,0.00642630940978512,0.00025926375478259794
120.0,0.8173771151335024,0.1579975359938825,0.014767013177495087,0.006106996820686106,0.0032951913367407133,0.0004561475376940362,0.1871557597690425,0.8286025263730623,0.15536195006222397,0.0023403710933219044,0.00700359029263693,0.0064318895001472705,0.0002596726786077623
120.10000000000001,0.817258187715053,0.15809477738051284,0.01478018983862721,0.00611116875361107,0.003298853007790668,0.00045682330440608083,0.18712560276873286,0.828485082856286,0.15546455278814536,0.0023439786409092727,0.007008834187625003,0.006437469639508122,0.00026008188752613305
120.2,0.817139296678017,0.15819198130768264,0.014793366655837858,0.006115340172469382,0.0033025156820206394,0.0004574995039733557,0.18709545495535648,0.8283676760351064,0.1555671167957577,0.002347588506792564,0.007014077453540841,0.0064430498273470044,0.00026049138145588333
120.30000000000001,0.817020442010374,0.15828914778825975,0.014806543628691656,0.0061195110780650425,0.003306179358349437,0.000458176136260961,0.18706531632118453,0.8282503058970042,0.15566964209855677,0.0023512006899841574,0.007019320090995702,0.006448630063143931,0.0002609011603152114
120.4,0.8169016237000345,0.15838627683518844,0.01481972075674545,0.006123681471201428,0.003309844035697074,0.0004588532011340314,0.18703518685945986,0.8281329724294673,0.15577212871003374,0.0023548151894967864,0.007024562100600144,0.0064542103463795875,0.00026131122402234155
120.5,0.8167828417348371,0.15848336846149072,0.014832898039549488,0.006127851352681177,0.00331350971298478,0.0004595306984577349,0.18700506656443744,0.8280156756199866,0.155874576643675,0.002358432004343526,0.007029803482964039,0.006459790676535339,0.0002617215724955234
120.60000000000001,0.8166640961025485,0.1585804226802655,0.01484607547664867,0.006132020723306065,0.0033171763891349988,0.00046020862809726895,0.18697495543140127,0.8278984154560569,0.1559769859129623,0.0023620511335378045,0.0070350442386965546,0.006465371053093217,0.00026213220565303214
120.7,0.8165453867908651,0.1586774395046859,0.014859253067583933,0.006136189583876887,0.003320844063071388,0.0004608869899178578,0.18694485345665718,0.8277811919251783,0.15607935653137286,0.0023656725760933957,0.007040284368406158,0.006470951475535931,0.0002625431234131689
120.80000000000001,0.8164267137874156,0.15877441894799485,0.014872430811893673,0.006140357935193339,0.0033245127337188174,0.0004615657837847503,0.18691476063750023,0.8276640050148546,0.15618168851237915,0.0023692963310244252,0.007045523872700636,0.006476531943346861,0.0002629543256942603
120.9,0.8163080770797664,0.158871361023499,0.014885608709115193,0.006144525778053903,0.0033281824000033593,0.000462245009563217,0.1868846769721609,0.8275468547125938,0.1562839818694489,0.0023729223973453653,0.007050762752187075,0.006482112456010065,0.00026336581241465817
121.0,0.816189476655427,0.15896826574456127,0.014898786758786151,0.0061486931132557435,0.003331853060852282,0.0004629246671185486,0.18685460245973104,0.8274297410059086,0.15638623661604525,0.002376550774071035,0.007056001007471863,0.006487693013010255,0.0002637775834927404
121.10000000000001,0.8160709125018581,0.15906513312459217,0.01491196496044594,0.006152859941594604,0.0033355247151940362,0.0004636047563160538,0.18682453710007144,0.8273126638823162,0.15648845276562678,0.002380181460216605,0.007061238639160707,0.006493273613832828,0.00026418963884691023
121.2,0.8159523846064798,0.1591619631770401,0.01492514331363701,0.006157026263864713,0.003339197361958239,0.00046428527702105837,0.18679448089370299,0.8271956233293374,0.1565906303316472,0.0023838144547975886,0.007066475647858614,0.0064988542579638466,0.00026460197839559647
121.30000000000001,0.8158338929566805,0.159258755915381,0.014938321817906088,0.006161192080858715,0.003342871000075661,0.00046496622909890514,0.1867644338416868,0.8270786193344972,0.1566927693275558,0.0023874497568298543,0.007071712034169904,0.006504434944890042,0.00026501460205725355
121.4,0.8157154375398273,0.15935551135310758,0.014951500472805235,0.006165357393367586,0.0033465456284782064,0.00046564761241495335,0.18673439594549351,0.8269616518853256,0.156794869766797,0.0023910873653296113,0.007076947798698215,0.0065100156740988055,0.00026542750975036127
121.5,0.8155970183432757,0.15945222950371832,0.014964679277892806,0.006169522202180587,0.003350221246098894,0.0004663294268345803,0.18670436720686714,0.8268447209693579,0.15689693166281074,0.0023947272793134198,0.007082182942046477,0.006515596445078211,0.0002658407013934252
121.60000000000001,0.8154786353543798,0.1595489103807066,0.014977858232734186,0.0061736865080852165,0.0033538978518718367,0.00046701167222318237,0.18667434762768637,0.8267278265741308,0.15699895502903216,0.0023983694977981877,0.007087417464816949,0.006521177257316978,0.00026625417690497646
121.7,0.8153602885605029,0.15964555399755004,0.014991037336902375,0.006177850311867181,0.0033575754447322218,0.00046769434844617724,0.18664433720982537,0.8266109686871871,0.15710093987889198,0.0024020140198011703,0.007092651367611193,0.00652675811030451,0.0002666679362035715
121.80000000000001,0.8152419779490262,0.15974216036770061,0.015004216589978378,0.006182013614310381,0.0033612540236162896,0.00046837745536900744,0.18661433595501925,0.8264941472960754,0.157202886225816,0.002405660844339967,0.007097884651030099,0.006532339003530859,0.00026708197920779234
121.9,0.8151237035073587,0.1598387295045754,0.015017395991551387,0.006186176416196903,0.0033649335874613123,0.0004690609928571429,0.18658434386473677,0.8263773623883452,0.15730479408322545,0.0024093099704325287,0.007103117315673846,0.006537919936486753,0.00026749630583624645
122.0,0.8150054652229449,0.15993526142154843,0.01503057554121879,0.006190338718307038,0.0033686141352055766,0.0004697449607760857,0.1865543609400609,0.8262606139515528,0.15740666346453713,0.0024129613970971507,0.00710834936214196,0.006543500908663583,0.00026791091600756727
122.10000000000001,0.8148872630832722,0.16003175613194356,0.01504375523858597,0.006194500521419302,0.003372295665788364,0.0004704293589913747,0.18652438718158296,0.8261439019732574,0.15750849438316294,0.0024166151233524754,0.007113580791033245,0.00654908191955339,0.00026832580964041307
122.2,0.8147690970758771,0.16012821364902874,0.015056935083265947,0.006198661826310474,0.0033759781781499327,0.00047111418736858984,0.18649442258931104,0.8260272264410239,0.15761028685251027,0.002420271148217495,0.007118811602945859,0.006554662968648889,0.0002687409866534681
122.30000000000001,0.8146509671883498,0.1602246339860116,0.015070115074878841,0.006202822633755649,0.0033796616712315044,0.0004717994457733582,0.18646446716259268,0.8259105873424206,0.15771204088598187,0.0024239294707115435,0.007124041798477249,0.006560244055443453,0.00026915644696544176
122.4,0.8145328734083381,0.16032101715603655,0.01508329521305119,0.006206982944528293,0.003383346143975249,0.0004724851340713585,0.18643452090005805,0.8257939846650199,0.15781375649697574,0.002427590089854303,0.0071292713782241945,0.006565825179431106,0.0002695721904950693
122.5,0.8144148157235496,0.1604173631721832,0.015096475497415145,0.006211142759400321,0.003387031595324275,0.0004731712521283273,0.18640458379957767,0.8256774183963986,0.15791543369888533,0.002431253004665805,0.007134500342782798,0.006571406340106543,0.00026998821716111106
122.60000000000001,0.814296794121752,0.16051367204746633,0.015109655927607567,0.00621530207914217,0.0033907180242226213,0.00047385779981006415,0.18637465585824164,0.8255608885241382,0.15801707250509958,0.002434918214166424,0.007139728692748462,0.006576987536965113,0.00027040452688235304
122.7,0.8141788085907739,0.1606099437948374,0.015122836503269009,0.006219460904522887,0.003394405429615247,0.00047454477698243605,0.18634473707235652,0.8254443950358241,0.15811867292900256,0.002438585717376883,0.007144956428715923,0.006582568769502822,0.0002708211195776067
122.80000000000001,0.8140608591185013,0.16070617842718724,0.0151360172240427,0.006223619236310221,0.003398093810448034,0.00047523218351138325,0.18631482743746045,0.8253279379190468,0.15822023498397383,0.0024422555133182477,0.007150183551279241,0.006588150037216332,0.0002712379951657088
122.9,0.8139429456928762,0.16080237595734986,0.01514919808957344,0.006227777075270718,0.003401783165667778,0.00047592001926292276,0.18628492694835605,0.8252115171613997,0.15832175868338835,0.002445927601011934,0.007155410061031791,0.006593731339602961,0.0002716551535655218
123.0,0.8138250683018914,0.1608985363981078,0.015162379099506542,0.006231934422169818,0.0034054734942221988,0.0004766082841031526,0.1862550355991587,0.8250951327504811,0.15842324404061642,0.002449601979479701,0.007160635958566271,0.006599312676160686,0.0002720725946959333
123.10000000000001,0.8137072269335861,0.16099465976219793,0.01517556025348676,0.006236091277771957,0.003409164795059936,0.0004772969778982547,0.1862251533833608,0.8249787846738941,0.15852469106902364,0.0024532786477436514,0.007165861244474706,0.006604894046388141,0.0002724903184758565
123.2,0.8135894215760396,0.16109074606231835,0.015188741551157283,0.006240247642840663,0.003412857067130558,0.0004779861005144972,0.1861952802939073,0.8248624729192454,0.15862609978197112,0.0024569576048262404,0.007171085919348443,0.0066104754497845995,0.0002729083248242302
123.30000000000001,0.8134716522173648,0.16118679531113594,0.0152019229921588,0.006244403518138648,0.0034165503093845726,0.0004786756518182361,0.18616541632328332,0.8247461974741467,0.15872747019281527,0.0024606388497502617,0.007176309983778151,0.006616056885850004,0.00027332661366001815
123.4,0.8133539188457013,0.16128280752129395,0.01521510457612862,0.006248558904427904,0.003420244520773429,0.0004793656316759159,0.18613556146360918,0.8246299583262124,0.1588288023149079,0.0024643223815388575,0.007181533438353833,0.006621638354084946,0.00027374518490220974
123.5,0.8132362214492075,0.16137878270542025,0.015228286302699968,0.006252713802469787,0.003423939700249537,0.0004800560399540694,0.18610571570674156,0.824513755463063,0.15893009616159623,0.002468008199215516,0.007186756283664808,0.006627219853990659,0.00027416403846982
123.60000000000001,0.8131185600160538,0.16147472087613537,0.015241468171501323,0.006256868213025096,0.0034276358467662756,0.0004807468765193168,0.18607587904437828,0.8243975888723225,0.15903135174622282,0.0024716963018040668,0.007191978520299724,0.0066328013850690416,0.0002745831742818889
123.7,0.8130009345344145,0.1615706220460603,0.01525465018215593,0.006261022136854144,0.0034313329592780034,0.0004814381412383631,0.18604605146816391,0.8242814585416193,0.15913256908212547,0.0024753866883286905,0.007197200148846569,0.006638382946822635,0.00027500259225748215
123.80000000000001,0.8128833449924607,0.16166648622782406,0.01526783233428146,0.006265175574716822,0.003435031036740078,0.0004821298339779959,0.1860162329697939,0.8241653644585856,0.15923374818263772,0.0024790793578139056,0.007202421169892639,0.0066439645387546264,0.0002754222923156905
123.9,0.8127657913783539,0.16176231343407085,0.015281014627489787,0.00626932852737265,0.0034387300781088645,0.0004828219546050813,0.18598642354111472,0.8240493066108582,0.1593348890610882,0.0024827743092845802,0.007207641584024573,0.006649546160368857,0.0002758422743756304
124.0,0.8126482736802388,0.1618581036774663,0.015294197061386926,0.0062734809955808215,0.0034424300823417547,0.00048351450298655995,0.18595662317421788,0.8239332849860785,0.15943599173080103,0.0024864715417659278,0.007212861391828344,0.00665512781116982,0.0002762625383564436
124.10000000000001,0.8125307918862381,0.16195385697070305,0.015307379635573116,0.006277632980100234,0.003446131048397176,0.0004842074789894415,0.18592683186152634,0.8238172995718918,0.15953705620509576,0.0024901710542835015,0.007218080593889238,0.0066607094906626415,0.0002766830841772969
124.2,0.8124133459844478,0.1620495733265054,0.015320562349643024,0.006281784481689507,0.0034498329752346056,0.000484900882480799,0.18589704959587017,0.823701350355947,0.15963808249728728,0.002493872845863203,0.007223299190791894,0.006666291198353108,0.0002771039117573828
124.30000000000001,0.8122959359629327,0.16214525275763306,0.015333745203186097,0.006285935501107,0.0034535358618145847,0.00048559471332776345,0.1858672763705522,0.8235854373258991,0.1597390706206857,0.002497576915531276,0.007228517183120264,0.00667187293374765,0.0002775250210159191
124.4,0.8121785618097236,0.1622408952768836,0.015346928195787011,0.0062900860391108,0.003457239707098724,0.00048628897139751644,0.1858375121793995,0.8234695604694059,0.159840020588597,0.0025012832623143104,0.007233734571457645,0.006677454696353332,0.0002779464118721487
124.5,0.8120612235128151,0.1623365008970942,0.01536011132702624,0.006294236096458719,0.0034609445100497196,0.0004869836565572844,0.18580775701680272,0.8233537197741287,0.15994093241432208,0.0025049918852392376,0.00723895135638667,0.006683036485677879,0.00027836808424533995
124.60000000000001,0.8119439210601646,0.1624320696311421,0.015373294596480704,0.006298385673908268,0.003464650269631357,0.00048767876867433194,0.18577801087774165,0.8232379152277354,0.1600418061111575,0.002508702783333336,0.007244167538489287,0.006688618301229647,0.00027879003805478665
124.7,0.8118266544396919,0.1625276014919438,0.015386478003724467,0.00630253477221662,0.0034683569848085157,0.0004883743076159544,0.1857482737577955,0.8231221468178962,0.16014264169239517,0.002512415955624226,0.007249383118346809,0.006694200142517639,0.0002792122732198076
124.80000000000001,0.8117094236392808,0.1626230964924538,0.015399661548329528,0.006306683392140579,0.0034720646545471773,0.0004890702732494726,0.18571854565314122,0.823006414532287,0.16024343917132222,0.0025161314011398713,0.0072545980965398535,0.0066997820090515,0.00027963478965974716
124.9,0.8115922286467798,0.1627185546456617,0.015412845229866592,0.006310831534436524,0.0034757732778144244,0.0004897666654422259,0.18568882656053598,0.8228907183585865,0.1603441985612214,0.0025198491189085794,0.0072598124736484,0.006705363900341518,0.00028005758729397507
125.0,0.8114750694500059,0.16281397596458916,0.015426029047905902,0.006314979199860354,0.0034794828535784444,0.0004904634840615674,0.1856591164772886,0.8227750582844778,0.16044491987537085,0.0025235691079590022,0.007265026250251752,0.006710945815898617,0.0002804806660418861
125.10000000000001,0.8113579460367472,0.16290936046228544,0.015439213002018023,0.006319126389167432,0.003483193380808527,0.0004911607289748589,0.1856294154012193,0.82265943429765,0.16054560312704402,0.002527291367320135,0.0072702394269285545,0.006716527755234366,0.0002809040258229002
125.2,0.811240858394767,0.16300470815182275,0.015452397091774612,0.006323273103112513,0.0034869048584750587,0.0004918584000494656,0.1855997233306078,0.8225438463857949,0.1606462483295099,0.002531015896021315,0.007275452004256792,0.006722109717860967,0.00028132766655646296
125.30000000000001,0.8111238065118093,0.16310001904629096,0.015465581316749166,0.006327419342449679,0.0034906172855495234,0.0004925564971527541,0.18557004026413398,0.8224282945366082,0.1607468554960327,0.002534742693092223,0.00728066398281379,0.006727691703291269,0.0002817515881620451
125.4,0.8110067903756029,0.16319529315879194,0.015478765676517672,0.006331565107932263,0.0034943306610044906,0.0004932550201520882,0.18554036620080966,0.8223127787377905,0.16084742463987228,0.002538471757562884,0.007285875363176211,0.006733273711038754,0.00028217579055914263
125.5,0.8108898099738673,0.1632905305024337,0.015491950170659219,0.006335710400312783,0.0034980449838136127,0.0004939539689148284,0.18551070113990661,0.8221972989770476,0.1609479557742836,0.002542203088463664,0.007291086145920054,0.00673885574061753,0.0002826002736672765
125.60000000000001,0.8107728652943177,0.1633857310903244,0.015505134798756497,0.006339855220342868,0.003501760252951614,0.00049465334330833,0.18548104508087898,0.8220818552420882,0.16104844891251743,0.002545936684825273,0.007296296331620681,0.006744437791542367,0.00028302503740599335
125.7,0.8106559563246712,0.16348089493556653,0.015518319560396222,0.006343999568773183,0.003505476467394281,0.0004953531431999434,0.18545139802328514,0.8219664475206255,0.16114890406781954,0.002549672545678762,0.007301505920852762,0.006750019863328643,0.0002834500816948647
125.80000000000001,0.8105390830526519,0.16357602205125124,0.015531504455169445,0.0063481434463533715,0.0035091936261184534,0.0004960533684570152,0.18542175996670918,0.8218510758003771,0.16124932125343142,0.0025534106700555296,0.007306714914190344,0.006755601955492394,0.00028387540645348746
125.9,0.8104222454659958,0.1636711124504529,0.015544689482671759,0.006352286853831981,0.003512911728102011,0.0004967540189468897,0.18539213091068418,0.821735740069064,0.16134970048258987,0.0025571510569873095,0.007311923312206795,0.006761184067550265,0.0002843010116014839
126.0,0.8103054435524564,0.16376616614622436,0.015557874642503407,0.0063564297919564165,0.003516630772323866,0.0004974550945369121,0.18536251085461813,0.8216204403144138,0.1614500417685271,0.0025608937055061837,0.007317131115474846,0.006766766199019562,0.0002847268970585012
126.10000000000001,0.8101886772998084,0.16386118315159245,0.015571059934269264,0.006360572261472878,0.0035203507577639495,0.0004981565950944313,0.18533289979772682,0.8215051765241559,0.1615503451244707,0.002564638614644571,0.007322338324566556,0.006772348349418203,0.00028515306274421213
126.2,0.8100719466958519,0.1639561634795544,0.015584245357578725,0.006364714263126319,0.0035240716834032,0.0004988585204868045,0.185303297738971,0.8213899486860246,0.1616506105636439,0.002568385783435237,0.00732754494005334,0.0067779305182647425,0.0002855795085783144
126.30000000000001,0.8099552517284158,0.16405110714307478,0.015597430912045504,0.006368855797660407,0.0035277935482235564,0.0004995608705814019,0.1852737046770032,0.8212747567877587,0.16175083809926513,0.002572135210911288,0.007332750962505954,0.006783512705078369,0.0002860062344805305
126.4,0.8098385923853599,0.1641460141550831,0.015610616597287314,0.006372996865817489,0.0035315163512079422,0.0005002636452456116,0.1852441206101217,0.8211596008171014,0.16185102774454824,0.002575886896106169,0.007337956392494513,0.006789094909378907,0.00028643324037060883
126.5,0.8097219686545777,0.16424088452847257,0.015623802412925504,0.006377137468338569,0.003535240091340263,0.0005009668443468467,0.18521454553623504,0.8210444807618003,0.16195117951270266,0.002579640838053673,0.007343161230588467,0.006794677130686794,0.0002868605261683229
126.60000000000001,0.8096053805239962,0.16433571827609936,0.015636988358584587,0.006381277605963296,0.003538964767605394,0.0005016704677525497,0.18518497945283582,0.8209293966096058,0.1620512934169332,0.0025833970357879276,0.007348365477356624,0.0068002593685231125,0.0002872880917934709
126.7,0.8094888279815778,0.16443051541078252,0.015650174433891734,0.006385417279429951,0.003542690378989173,0.0005023745153301995,0.18515542235698546,0.8208143483482743,0.16215136947044,0.002587155488343406,0.00735356913336714,0.006805841622409568,0.00028771593716587666
126.80000000000001,0.8093723110153189,0.1645252759453051,0.01566336063847623,0.006389556489475448,0.0035464169244783976,0.000503078986947318,0.18512587424530869,0.8206993359655649,0.1622514076864188,0.0025909161947549222,0.0073587721991875184,0.006811423891868488,0.00028814406220538873
126.9,0.8092558296132494,0.16461999989241563,0.015676546971968866,0.0063936952368353435,0.0035501444030608146,0.0005037838824714753,0.18509633511399912,0.8205843594492425,0.16235140807806062,0.0025946791540576303,0.007363974675384618,0.0068170061764228325,0.00028857246683188127
127.0,0.8091393837634305,0.16471468726483027,0.015689733434001353,0.006397833522243851,0.0035538728137251233,0.0005044892017702967,0.18506680495883307,0.8204694187870751,0.162451370658552,0.002598444365287027,0.0073691765625246465,0.006822588475596192,0.0002890011509652532
127.10000000000001,0.8090229734539536,0.16480933807523587,0.015702920024205726,0.0064019713464338645,0.0035576021554609683,0.0005051949447114677,0.18503728377519446,0.8203545139668346,0.1625512954410749,0.0026022118274789496,0.007374377861173162,0.006828170788912766,0.0002894301145254287
127.2,0.808906598672936,0.1649039523362931,0.015716106742213732,0.006406108710136982,0.003561332427258939,0.0005059011111627396,0.1850077715581062,0.820239644976299,0.1626511824388068,0.002605981539669575,0.00737957857189508,0.0068337531158974,0.0002898593574323574
127.30000000000001,0.8087902594085188,0.1649985300606403,0.01572929358765629,0.006410245614083549,0.003565063628110573,0.000506607700991934,0.18497826830226977,0.8201248118032479,0.16275103166492041,0.002609753500895423,0.007384778695254673,0.006839335456075543,0.0002902888796060132
127.4,0.808673955648863,0.16509307126089753,0.01574248056016296,0.006414382059002687,0.003568795757008352,0.0005073147140669471,0.18494877400211118,0.8200100144354672,0.16285084313258408,0.002613527710193351,0.007389978231815567,0.0068449178089732875,0.0002907186809663964
127.5,0.8085576873821454,0.16518757594967082,0.015755667659361473,0.006418518045622344,0.0035725288129457105,0.000508022150255753,0.18491928865183127,0.8198952528607462,0.16295061685496154,0.0026173041666005606,0.007395177182140731,0.006850500174117329,0.00029114876143353105
127.60000000000001,0.8084414545965549,0.16528204413955655,0.01576885488487731,0.0064226535746693385,0.0035762627949170347,0.0005087300094264068,0.18488981224546028,0.8197805270668788,0.16305035284521205,0.002621082869154591,0.0074003755467925095,0.0068560825510349975,0.0002915791209274672
127.7,0.8083252572802883,0.16537647584314577,0.015782042236333362,0.006426788646869408,0.0035799977019176665,0.0005094382914470457,0.18486034477691382,0.819665837041662,0.16315005111649003,0.0026248638168933237,0.007405573326332594,0.006861664939254237,0.00029200975936827966
127.80000000000001,0.8082090954215463,0.16547087107302857,0.01579522971334967,0.006430923262947259,0.003583733532943911,0.0005101469961858912,0.18483088624005098,0.8195511827728973,0.16324971168194577,0.002628647008854979,0.007410770521322032,0.006867247338303618,0.0002924406766760684
127.9,0.8080929690085296,0.16556522984179795,0.015808417315543197,0.00643505742362662,0.003587470286993039,0.0005108561235112486,0.18480143662873091,0.8194365642483928,0.16334933455472464,0.002632432444078116,0.0074159671323212354,0.006872829747712325,0.00029287187277095847
128.0,0.8079768780294351,0.16565955216205366,0.01582160504252776,0.006439191129630289,0.003591207963063295,0.0005115656732915071,0.18477199593686802,0.8193219814559577,0.16344891974796777,0.002636220121601637,0.007421163159889965,0.0068784121670101605,0.0002933033475730997
128.1,0.8078608224724527,0.16575383804640562,0.015834792893913964,0.006443324381680187,0.003594946560153902,0.0005122756453951383,0.18474256415848495,0.8192074343834064,0.16354846727481143,0.0026400100404647834,0.00742635860458736,0.006883994595727556,0.00029373510100266754
128.20000000000002,0.8077448023257623,0.16584808750747684,0.01584798086930926,0.0064474571804974045,0.003598686077265068,0.0005129860396906944,0.18471314128776053,0.8190929230185577,0.1636479771483875,0.002643802199707134,0.007431553466971898,0.006889577033395546,0.0002941671329798621
128.3,0.8076288175775307,0.16594230055790576,0.015861168968318063,0.006451589526802241,0.003602426513397986,0.0005136968560468047,0.18468372731907315,0.8189784473492357,0.16374744938182353,0.0026475965983686085,0.0074367477476014405,0.006895159479545794,0.00029459944342490865
128.4,0.8075128682159101,0.1660364772103483,0.015874357190541956,0.006455721421314256,0.0036061678675548495,0.000514408094332174,0.18465432224703818,0.8188640073632664,0.16384688398824215,0.002651393235489466,0.007441941447033183,0.00690074193371057,0.00029503203225805737
128.5,0.8073969542290358,0.1661306174774791,0.015887545535579944,0.006459852864752304,0.0036099101387388507,0.0005151197544155775,0.1846249260665394,0.8187496030484822,0.16394628098076167,0.0026551921101103083,0.007447134565823718,0.006906324395422765,0.00029546489939958373
128.6,0.8072810756050258,0.16622472137199232,0.015900734003028764,0.006463983857834565,0.0036136533259541873,0.000515831836165857,0.18459553877275225,0.8186352343927177,0.16404564037249578,0.0026589932212720694,0.007452327104528967,0.006911906864215879,0.00029589804476978803
128.70000000000002,0.80716523233198,0.16631878890660173,0.01591392259248325,0.006468114401278579,0.003617397428206064,0.000516544339451916,0.18456616036116108,0.818520901383813,0.1641449621765537,0.0026627965680160277,0.007457519063704242,0.006917489339624036,0.00029633146828899546
128.8,0.8070494243979798,0.16641282009404032,0.01592711130353673,0.006472244495801263,0.003621142444500698,0.000517257264142715,0.18453679082756755,0.8184066040096124,0.16424424640604007,0.0026666021493838006,0.007462710443904212,0.006923071821181967,0.0002967651698775566
128.9,0.8069336517910891,0.16650681494705946,0.015940300135781457,0.006476374142118939,0.00362488837384532,0.0005179706101072664,0.18450743016809312,0.8182923422579641,0.16434349307405507,0.0026704099644173423,0.007467901245682899,0.006928654308425011,0.00029719914945584684
129.0,0.8068179144993549,0.16660077347842736,0.01595348908880906,0.006480503340947344,0.003628635215248178,0.0005186843772146299,0.1844780783791726,0.81817811611672,0.1644427021936942,0.0026742200121589454,0.007473091469593708,0.006934236800889125,0.0002976334069442664
129.1,0.8067022125108093,0.16669469570092715,0.015966678162210972,0.006484632093001632,0.0036323829677185338,0.0005193985653339063,0.18444873545754206,0.8180639255737365,0.1645418737780486,0.002678032291651244,0.007478281116189402,0.0069398192981108735,0.00029806794226324085
129.20000000000002,0.8065865458134707,0.16678858162735466,0.015979867355578912,0.006488760398996391,0.003636131630266668,0.0005201131743342341,0.18441940140021942,0.8179497706168751,0.16464100784020472,0.002681846801937208,0.007483470186022114,0.006945401799627443,0.0002985027553332203
129.3,0.8064709143953463,0.1668824312705156,0.01599305666850527,0.006492888259645627,0.0036398812019038727,0.0005208282040847832,0.18439007620448059,0.8178356512340008,0.16474010439324466,0.0026856635420601477,0.007488658679643351,0.0069509843049766085,0.0002989378460746801
129.4,0.8063553182444351,0.16697624464322292,0.01600624610058355,0.006497015675662766,0.003643631681642455,0.0005215436544547519,0.18436075986782866,0.817721567412982,0.16483916345024574,0.002689482511063709,0.007493846597603977,0.006956566813696767,0.0002993732144081208
129.5,0.8062397573487297,0.16707002175829344,0.01601943565140872,0.0065011426477606426,0.003647383068495732,0.0005222595253133618,0.1843314523879609,0.8176075191416916,0.16493818502428104,0.0026933037079918815,0.007499033940454232,0.006962149325326931,0.00029980886025406735
129.6,0.8061242316962197,0.16716376262854493,0.016032625320577552,0.006505269176651479,0.003651135361478027,0.0005229758165298554,0.1843021537627311,0.8174935064080083,0.16503716912841898,0.002697127131888985,0.007504220708743731,0.006967731839406704,0.00030024478353307015
129.70000000000002,0.8060087412748949,0.1672574672667928,0.016045815107688904,0.006509395263046874,0.0036548885596046675,0.0005236925279734925,0.18427286399011047,0.8173795291998135,0.16513611577572346,0.002700952781799684,0.007509406903021458,0.006973314355476308,0.0003006809841657041
129.8,0.8058932860727476,0.16735113568584675,0.016059005012343943,0.006513520907657769,0.003658642661891976,0.0005244096595135471,0.1842435830681474,0.8172655875049923,0.1652350249792538,0.002704780656768978,0.007514592523835758,0.006978896873076564,0.00030111746207256955
129.9,0.8057778660777762,0.167444767898508,0.016072195034146322,0.0065176461111944375,0.0036623976673572692,0.0005251272110193065,0.18421431099492455,0.8171516813114353,0.16533389675206497,0.002708610755842205,0.007519777571734366,0.006984479391748907,0.0003015542171742913
130.0,0.8056624812779876,0.16753836391756632,0.01608538517270231,0.0065217708743664496,0.0036661535750188547,0.0005258451823600704,0.18418504776852165,0.8170378106070364,0.16543273110720727,0.002712443078065039,0.007524962047264371,0.006990061911035369,0.00030199124939151947
130.1,0.8055471316613996,0.16763192375579736,0.016098575427620818,0.006525895197882641,0.0036699103838960176,0.0005265635734051491,0.18415579338697322,0.8169239753796942,0.16553152805772658,0.0027162776224834945,0.007530145950972258,0.00699564443047859,0.00030242855864492875
130.20000000000002,0.8054318172160437,0.1677254474259605,0.016111765798513415,0.0065300190824510934,0.0036736680930090234,0.0005272823840238646,0.1841265478482343,0.8168101756173111,0.16563028761666418,0.00272011438814392,0.007535329283403867,0.00700122694962181,0.000302866144855219
130.3,0.805316537929967,0.1678189349407966,0.01612495628499424,0.0065341425287790906,0.0036774267013791034,0.0005280016140855498,0.18409731115014685,0.8166964113077936,0.1657290097970569,0.0027239533740930025,0.007540512045104426,0.007006809468008881,0.0003033040079431148
130.4,0.8052012937912337,0.1679123863130269,0.01613814688667991,0.0065382655375731,0.003681186208028458,0.0005287212634595515,0.18406808329040927,0.8165826824390531,0.16582769461193705,0.0027277945793777684,0.007545694236618533,0.007012391985184237,0.00030374214782936585
130.5,0.8050860847879268,0.16800580155535144,0.016151337603189334,0.00654238810953874,0.0036849466119802466,0.0005294413320152307,0.1840388642665523,0.8164689889990043,0.16592634207433246,0.0027316380030455783,0.007550875858490166,0.00701797450069294,0.00030418056443474637
130.6,0.8049709109081485,0.16809918068044846,0.016164528434143503,0.006546510245380744,0.00368870791225858,0.0005301618196219648,0.18400965407591865,0.8163553309755658,0.1660249521972664,0.0027354836441441308,0.007556056911262674,0.007023557014080634,0.000304619257680056
130.70000000000002,0.8048557721400216,0.1681925237009743,0.01617771937916524,0.006550631945802945,0.003692470107888524,0.0005308827261491515,0.1839804527156467,0.8162417083566624,0.16612352499375763,0.0027393315017214615,0.00756123739547879,0.007029139524893569,0.0003050582274861186
130.8,0.8047406684716891,0.16828583062956312,0.016190910437878906,0.006554753211508241,0.0036962331978960834,0.0005316040514662098,0.18395126018266214,0.8161281211302207,0.16622206047682045,0.0027431815748259424,0.007566417311680626,0.00703472203267859,0.0003054974737737835
130.9,0.8046255998913143,0.1683791014788279,0.016204101609910097,0.006558874043198575,0.003699997181308209,0.0005323257954425849,0.18392207647367212,0.8160145692841723,0.16632055865946463,0.0027470338625062815,0.0075715966604096765,0.007040304536983145,0.0003059369964639245
131.0,0.80451056638708,0.168472336261361,0.01621729289488531,0.006562994441574917,0.003703762057152788,0.0005330479579477503,0.1838929015851666,0.8159010528064534,0.1664190195546955,0.002750888363811525,0.0075767754422068,0.007045887037355282,0.00030637679547744023
131.1,0.8043955679471875,0.16856553498973553,0.016230484292431624,0.0065671144073372436,0.0037075278244586432,0.0005337705388512125,0.18386373551342414,0.815787571685004,0.16651744317551379,0.0027547450777910534,0.00758195365761226,0.007051469533343639,0.00030681687073525464
131.20000000000002,0.8042806045598557,0.1686586976765071,0.01624367580217636,0.006571233941184523,0.0037112944822555323,0.000534493538022514,0.18383457825452248,0.8156741259077683,0.1666158295349158,0.0027586040034945844,0.007587131307165683,0.007057052024497465,0.000307257222158316
131.3,0.8041656762133196,0.16875182433421534,0.016256867423746733,0.0065753530438147,0.0037150620295741416,0.0005352169553312367,0.18380542980435285,0.8155607154626942,0.16671417864589336,0.0027624651399721727,0.007592308391406081,0.007062634510366578,0.0003076978496675975
131.4,0.804050782895828,0.16884491497538634,0.016270059156769576,0.006579471715924697,0.003718830465446091,0.0005359407906470059,0.18377629015863994,0.8154473403377347,0.1668124905214337,0.002766328486274207,0.007597484910871859,0.00706821699050142,0.00030813875318409735
131.5,0.8039359245956423,0.16893796961253454,0.01628325100087102,0.006583589958210399,0.00372259978890393,0.0005366650438394936,0.18374715931296304,0.8153340005208464,0.16691076517451964,0.0027701940414514145,0.007602660866100795,0.007073799464453012,0.0003085799326288386
131.6,0.803821101301034,0.16903098825816523,0.016296442955676258,0.006587707771366655,0.0037263699989811393,0.0005373897147784217,0.18371803726278163,0.8152206959999898,0.16700900261812948,0.002774061804554855,0.007607836257630056,0.007079381931772966,0.0003090213879228688
131.70000000000002,0.8037063130002825,0.169123970924777,0.016309635020809295,0.006591825156087282,0.003730141094712132,0.0005381148033335647,0.18368892400346146,0.8151074267631301,0.16710720286523703,0.0027779317746359266,0.007613011085996184,0.0070849643920135015,0.0003094631189872605
131.8,0.8035915596816732,0.16921691762486374,0.016322827195892748,0.006595942113065059,0.003733913075132249,0.0005388403093747522,0.18365981953030328,0.8149941927982365,0.1672053659288117,0.002781803950746361,0.007618185351735131,0.007090546844727418,0.000309905125743111
131.9,0.8034768413334953,0.16930982837091735,0.016336019480547737,0.006600058642991742,0.0037376859392777694,0.0005395662327718717,0.18363072383857157,0.814880994093282,0.16730349182181822,0.0027856783319382275,0.0076233590553822055,0.00709612928946811,0.00031034740811154254
132.0,0.8033621579440395,0.16940270317542963,0.016349211874393733,0.0066041747465580706,0.003741459686185905,0.0005402925733948697,0.18360163692352297,0.8147678306362437,0.16740158055721704,0.00278955491726393,0.007628532197472129,0.007101711725789567,0.00031078996601370177
132.1,0.8032475095015964,0.16949554205089445,0.016362404377048532,0.006608290424453778,0.0037452343148948078,0.0005410193311137544,0.1835725587804344,0.8146547024151036,0.16749963214796407,0.002793433705776205,0.007633704778538991,0.0071072941532463576,0.00031123279937076066
132.20000000000002,0.8031328959944543,0.1695883450098095,0.016375596988128214,0.006612405677367606,0.003749009824443568,0.0005417465057985952,0.18354348940462978,0.8145416094178476,0.1675976466070105,0.002797314696528128,0.007638876799116278,0.007112876571393656,0.0003116759081039154
132.3,0.8030183174108978,0.16968111206467765,0.016388789707247164,0.006616520505987314,0.003752786213872215,0.0005424740973195241,0.18351442879150492,0.8144285516324652,0.16769562394730347,0.0028011978885731058,0.007644048259736868,0.007118458979787214,0.0003121192921343874
132.4,0.8029037737392066,0.16977384322800862,0.01640198253401818,0.0066206349109997065,0.003756563482221726,0.0005432021055467365,0.18348537693654865,0.8143155290469505,0.16779356418178534,0.0028050832809648836,0.007649219160933025,0.007124041377983374,0.00031256295138342225
132.5,0.8027892649676543,0.16986653851231956,0.016415175468052528,0.006624748893090635,0.003760341628534021,0.0005439305303504895,0.18345633383536356,0.814202541649301,0.16789146732339397,0.002808970872757541,0.007654389503236402,0.007129623765539075,0.00031300688577229086
132.6,0.8026747910845072,0.16995919793013603,0.016428368508960126,0.006628862452945032,0.00376412065185197,0.0005446593716011027,0.1834272994836813,0.8140895894275194,0.16798933338506297,0.0028128606630054872,0.007659559287178049,0.007135206142011823,0.0003134510952222886
132.70000000000002,0.8025603520780242,0.17005182149399217,0.01644156165634971,0.006632975591246922,0.003767900551219394,0.0005453886291689571,0.183398273877375,0.8139766723696124,0.16808716237972135,0.002816752650763471,0.0076647285132884005,0.007140788506959732,0.00031389557965473563
132.8,0.8024459479364566,0.17014440921643076,0.01645475490982901,0.006637088308679434,0.003771681325681059,0.0005461183029244923,0.18336925701246873,0.8138637904635901,0.16818495432029357,0.0028206468350865767,0.007669897182097294,0.007146370859941488,0.00031434033899097676
132.9,0.8023315786480476,0.17023696111000308,0.016467948269005005,0.006641200605924833,0.00377546297428269,0.0005468483927382071,0.18334024888514225,0.8137509436974674,0.16828270921969973,0.002824543215030216,0.007675065294133941,0.007151953200516366,0.00031478537315238176
133.0,0.8022172442010328,0.17032947718726824,0.016481141733484143,0.006645312483664531,0.0037792454960709613,0.0005475788984806563,0.1833112494917322,0.8136381320592632,0.16838042709085546,0.0028284417896501457,0.007680232849926972,0.007157535528244227,0.0003152306820603446
133.1,0.8021029445836412,0.17042195746079242,0.016494335302872597,0.006649423942579107,0.0037830288900935045,0.0005483098200224491,0.18328225882872975,0.8135253555369993,0.16847810794667184,0.0028323425580024414,0.007685399850004391,0.007163117842685514,0.00031567626563628443
133.20000000000002,0.8019886797840955,0.17051440194314768,0.0165075289767765,0.006653534983348321,0.0037868131553989034,0.0005490411572342472,0.1832532768927754,0.8134126141187047,0.16857575180005552,0.002836245519143527,0.00769056629489361,0.0071687001434012545,0.00031612212380164483
133.3,0.8018744497906136,0.1706068106469108,0.01652072275480219,0.006657645606651133,0.0037905982910366944,0.0005497729099867617,0.18322430368064932,0.8132999077924088,0.1686733586639087,0.002840150672130155,0.007695732185121422,0.007174282429953047,0.0003165682564778943
133.4,0.801760254591409,0.17069918358466182,0.016533916636556473,0.006661755813165718,0.00379438429605737,0.0005505050781507521,0.18319533918925934,0.8131872365461481,0.1687709285511292,0.0028440580160194067,0.007700897521214042,0.007179864701903101,0.0003170146635865258
133.5,0.801646094174693,0.17079152076898246,0.01654711062164682,0.0066658656035694765,0.0037981711695123745,0.0005512376615970227,0.18316638341562685,0.8130746003679612,0.16886846147461015,0.0028479675498687047,0.007706062303697058,0.007185446958814162,0.0003174613450490572
133.6,0.8015319685286756,0.17088382221245432,0.016560304709681593,0.00666997497853905,0.0038019589104541034,0.0005519706601964214,0.18313743635686996,0.8129619992458917,0.16896595744724058,0.0028518792727358026,0.0077112265330954695,0.007191029200249602,0.0003179083007870304
133.70000000000002,0.8014178776415675,0.17097608792765737,0.016573498900270215,0.006674083938750327,0.003805747517935903,0.0005527040738198369,0.18310849801018528,0.8128494331679875,0.1690634164819045,0.002855793183678785,0.007716390209933659,0.007196611425773344,0.0003183555307220129
133.8,0.8013038215015812,0.17106831792716787,0.016586693193023312,0.006678192484878453,0.003809536991012064,0.0005534379023381961,0.18307956837282832,0.8127369021223008,0.16916083859148215,0.0028597092817560714,0.00772155333473543,0.007202193634949894,0.00031880303477559624
133.9,0.801189800096933,0.17116051222355705,0.01659988758755288,0.006682300617597841,0.0038133273287378282,0.000554172145622464,0.18305064744209376,0.8126244060968871,0.16925822378884878,0.0028636275660264146,0.0077267159080239714,0.007207775827344344,0.0003192508128693967
134.0,0.8010758134158443,0.1712526708293892,0.01661308208347234,0.006686408337582172,0.0038171185301693763,0.00055490680354364,0.1830217352152952,0.8125119450798064,0.16935557208687538,0.0028675480355489003,0.007731877930321877,0.007213358002522361,0.0003196988649250554
134.1,0.8009618614465431,0.17134479375722025,0.01662627668039663,0.006690515645504398,0.0038209105943638323,0.0005556418759727577,0.1829928316897449,0.812399519059123,0.1694528834984286,0.0028714706893829467,0.007737039402151134,0.007218940160050182,0.0003201471908642375
134.20000000000002,0.8008479441772655,0.17143688101959645,0.01663947137794222,0.006694622542036755,0.00382470352037926,0.0005563773627808836,0.1829639368627347,0.812287128022905,0.16955015803637036,0.0028753955265883066,0.007742200324033144,0.007224522299494632,0.0003205957906086336
134.3,0.8007340615962565,0.17152893262905292,0.01665266617572709,0.00669872902785074,0.0038284973072746542,0.0005571132638391145,0.18293505073151886,0.8121747719592247,0.16964739571355847,0.00287932254622506,0.007747360696488709,0.007230104420423104,0.0003210446640799584
134.4,0.8006202136917717,0.17162094859811286,0.016665861073370737,0.006702835103617138,0.0038322919541099467,0.0005578495790185792,0.1829061732932967,0.8120624508561588,0.1697445965428459,0.002883251747353628,0.007752520520038024,0.00723568652240356,0.00032149381119995135
134.5,0.8005064004520779,0.1717129289392866,0.01667905607049407,0.006706940770005996,0.003836087459945998,0.0005585863081904359,0.18287730454519902,0.8119501647017878,0.16984176053708158,0.0028871831290347553,0.0077576797952006995,0.00724126860500455,0.00032194323189037636
134.6,0.8003926218654535,0.17180487366507113,0.016692251166719345,0.0067110460276866325,0.0038398838238445972,0.000559323451225873,0.1828484444842751,0.8118379134841969,0.16993888770910978,0.0028911166903295296,0.00776283852249574,0.0072468506677951915,0.00032239292607302215
134.70000000000002,0.8002788779201891,0.17189678278794962,0.016705446361670026,0.006715150877327632,0.0038436810448684595,0.0005600610079961095,0.1828195931074841,0.811725697191474,0.17003597807177023,0.0028950524302993564,0.007767996702441567,0.007252432710345173,0.0003228428936697019
134.8,0.8001651686045886,0.17198865632039126,0.016718641654970636,0.006719255319596827,0.003847479122081217,0.000560798978372393,0.18279075041168627,0.8116135158117126,0.17013303163789847,0.0028989903480059875,0.007773154335555993,0.007258014732224754,0.00032329313460225333
134.9,0.8000514939069681,0.17208049427485156,0.016731837046246638,0.0067233593551613065,0.003851278054547429,0.0005615373622260032,0.18276191639364045,0.8115013693330096,0.17023004842032533,0.0029029304425114964,0.00777831142235626,0.007263596733004774,0.00032374364879253893
135.0,0.7999378538156561,0.17217229666377246,0.016745032535124226,0.006727462984687399,0.00385507784133257,0.0005622761594282501,0.18273309105000016,0.8113892577434659,0.17032702843187755,0.002906872712878294,0.007783467963358989,0.007269178712256637,0.00032419443616244544
135.1,0.7998242483189936,0.17226406349958304,0.01675822812123017,0.006731566208840668,0.003858878481503032,0.0005630153698504762,0.18270427437731573,0.8112771810311877,0.170423971685377,0.002910817158169123,0.0077886239590802256,0.007274760669552314,0.00032464549663388444
135.20000000000002,0.7997106774053332,0.1723557947947001,0.016771423804191603,0.0067356690282859,0.0038626799741261213,0.0005637549933640567,0.18267546637203733,0.8111651391842831,0.1705208781936415,0.002914763777447057,0.007793779410035425,0.007280342604464353,0.00032509683012879164
135.3,0.7995971410630386,0.17244749056152905,0.016784619583635866,0.006739771443687097,0.003866482318270056,0.0005644950298404002,0.1826466670305203,0.811053132190866,0.17061774796948415,0.0029187125697754967,0.007798934316739441,0.007285924516565869,0.000325548436569128
135.4,0.7994836392804833,0.17253915081246507,0.01679781545919032,0.006743873455707471,0.003870285513003969,0.000565235479150951,0.18261787634903331,0.810941160039054,0.17071458102571382,0.0029226635342181812,0.007804088679706551,0.00729150640543054,0.0003260003158768785
135.5,0.7993701720460503,0.17263077555989403,0.01681101143048216,0.006747975065009429,0.003874089557397904,0.0005659763411671897,0.18258909432376796,0.810829222716969,0.17081137737513483,0.0029266166698391754,0.007809242499450431,0.007297088270632623,0.00032645246797405265
135.6,0.7992567393481308,0.1727223648161939,0.01682420749713828,0.006752076272254568,0.0038778944505228155,0.0005667176157606339,0.18256032095085004,0.8107173202127362,0.17090813703054722,0.00293057197570288,0.007814395776484177,0.007302670111746931,0.0003269048927826847
135.70000000000002,0.799143341175123,0.1728139185937359,0.016837403658785093,0.006756177078103665,0.0038817001914505673,0.0005674593028028401,0.18253155622635264,0.8106054525144856,0.17100486000474627,0.0029345294508740217,0.007819548511320279,0.007308251928348845,0.0003273575902248331
135.8,0.7990299775154308,0.17290543690488577,0.016850599915048437,0.006760277483216669,0.0038855067792539313,0.0005682014021654041,0.1825028001463085,0.8104936196103515,0.17110154631052327,0.0029384890944176636,0.007824700704470671,0.007313833720014321,0.00032781056022258126
135.9,0.7989166483574631,0.17299691976200515,0.01686379626555347,0.006764377488252693,0.003889314213006592,0.0005689439137199637,0.1824740527067257,0.8103818214884717,0.1711981959606647,0.002942450905399194,0.007829852356446674,0.007319415486319868,0.00032826380269803664
136.0,0.7988033536896323,0.17308836717745274,0.01687699270992456,0.006768477093870007,0.003893122491783142,0.0005696868373381977,0.18244531390360127,0.8102700581369878,0.17129480896795302,0.0029464148828843386,0.007835003467759024,0.007324997226842569,0.0003287173175733315
136.1,0.7986900935003532,0.17317977916358543,0.016890189247785257,0.006772576300726032,0.003896931614659083,0.0005704301728918287,0.18241658373293446,0.8101583295440465,0.1713913853451658,0.0029503810259391486,0.00784015403891789,0.00733057894116006,0.0003291711047706223
136.20000000000002,0.7985768677780424,0.1732711557327595,0.016903385878758243,0.006776675109477334,0.0039007415807108268,0.0005711739202526228,0.1823878621907425,0.8100466356977979,0.17148792510507652,0.0029543493336300058,0.007845304070432832,0.0073361606288505545,0.00032962516421209027
136.3,0.7984636765111165,0.1733624968973314,0.016916582602465324,0.006780773520779614,0.0039045523890156924,0.0005719180792923907,0.1823591492730716,0.8099349765863963,0.17158442826045414,0.0029583198050236246,0.007850453562812847,0.007341742289492812,0.0003300794958199411
136.4,0.7983505196879921,0.17345380266965874,0.016929779418527444,0.006784871535287713,0.00390836403865191,0.0005726626498829885,0.18233044497601053,0.8098233521980006,0.17168089482406323,0.0029622924391870505,0.007855602516566338,0.007347323922666173,0.00033053409951640467
136.5,0.7982373972970849,0.17354507306210082,0.01694297632656474,0.006788969153655603,0.00391217652869862,0.0005734076318963183,0.1823017492956999,0.8097117625207728,0.17177732480866395,0.002966267235187654,0.007860750932201122,0.00735290552795052,0.00033098897522373537
136.6,0.7981243093268086,0.17363630808701921,0.01695617332619657,0.006793066376536384,0.003915989858235872,0.0005741530252043281,0.18227306222834222,0.8096002075428802,0.17187371822701195,0.0029702441920931425,0.00786589881022444,0.007358487104926312,0.0003314441228642124
136.70000000000002,0.7980112557655753,0.17372750775677812,0.01696937041704164,0.006797163204582289,0.003919804026344625,0.0005748988296790128,0.18224438377020832,0.8094886872524922,0.17197007509185863,0.0029742233089715465,0.007871046151142943,0.007364068653174555,0.00033189954236013887
136.8,0.7978982366017947,0.17381867208374446,0.01698256759871804,0.006801259638444673,0.0039236190321067475,0.0005756450451924135,0.18221571391764366,0.8093772016377847,0.17206639541595073,0.0029782045848912356,0.007876192955462722,0.007369650172276824,0.0003323552336338428
136.9,0.7977852518238739,0.17390980108028797,0.01699576487084341,0.00680535567877402,0.003927434874605017,0.0005763916716166181,0.18218705266707208,0.8092657506869362,0.1721626792120309,0.0029821880189208985,0.007881339223689254,0.007375231661815244,0.0003328111966076764
137.0,0.7976723014202182,0.17400089475878094,0.01700896223303503,0.006809451326219948,0.00393125155292312,0.000577138708823761,0.1821584000149965,0.8091543343881292,0.17225892649283714,0.002986173610129559,0.007886484956327468,0.007380813121372506,0.0003332674312040162
137.1,0.7975593853792301,0.174091953131598,0.017022159684909974,0.006813546581431201,0.0039350690661456526,0.0005778861566860232,0.18212975595799966,0.8090429527295514,0.17235513727110316,0.0029901613575865718,0.007891630153881696,0.007386394550531856,0.00033372393734526344
137.20000000000002,0.7974465036893108,0.1741829762111156,0.017035357226085217,0.00681764144505566,0.003938887413358118,0.0005786340150756317,0.1821011204927418,0.8089316056993936,0.1724513115595582,0.0029941512603616164,0.007896774816855696,0.007391975948877098,0.0003341807149538434
137.3,0.7973336563388598,0.17427396400971124,0.01704855485617779,0.006821735917740342,0.003942706593646921,0.0005793822838648585,0.18207249361595718,0.808820293285851,0.17254744937092711,0.0029981433175247057,0.007901918945752645,0.007397557315992579,0.00033463776395220606
137.4,0.7972208433162761,0.17436491653976313,0.017061752574804915,0.006825830000131407,0.00394652660609938,0.0005801309629260217,0.18204387532444782,0.8087090154771225,0.17264355071793047,0.003002137528146181,0.007907062541075151,0.007403138651463225,0.0003350950842628259
137.5,0.7971080646099583,0.17445583381364912,0.01707495038158414,0.006829923692874164,0.003950347449803714,0.0005808800521314843,0.1820152656150774,0.8085977722614116,0.17273961561328408,0.0030061338912967107,0.007912205603325239,0.007408719954874492,0.0003355526758082013
137.6,0.7969953202083059,0.17454671584374584,0.017088148276133454,0.006834016996613073,0.003954169123849045,0.0005816295513536532,0.18198666448476333,0.8084865636269252,0.1728356440696999,0.0030101324060472926,0.007917348133004364,0.007414301225812415,0.0003360105385108553
137.70000000000002,0.7968826100997194,0.17463756264242794,0.017101346258071394,0.006838109911991757,0.003957991627325399,0.0005823794604649798,0.18195807193046737,0.8083753895618756,0.17293163609988504,0.0030141330714692554,0.00792249013061339,0.007419882463863558,0.0003364686722933353
137.8,0.7967699342726021,0.17472837422206697,0.017114544327017152,0.006842202439652997,0.0039618149593237,0.0005831297793379578,0.18192948794918598,0.8082642500544776,0.17302759171654236,0.0030181358866342538,0.007927631596652628,0.007425463668615057,0.0003369270770782132
137.9,0.79665729271536,0.17481915059503053,0.017127742482590663,0.006846294580238751,0.00396563911893577,0.0005838805078451248,0.1819009125379404,0.8081531450929512,0.1731235109323704,0.0030221408506142734,0.0079327725316218,0.007431044839654584,0.00033738575278808496
138.0,0.7965446854164031,0.17490989177368146,0.01714094072441268,0.006850386334390159,0.003969464105254334,0.0005846316458590608,0.18187234569376545,0.8080420746655187,0.17321939376006326,0.0030261479624816272,0.007937912936020065,0.00743662597657038,0.0003378446993455711
138.1,0.7964321123641463,0.17500059777037674,0.017154139052104805,0.006854477702747543,0.0039732899173730045,0.0005853831932523872,0.18184378741370005,0.8079310387604097,0.17331524021231054,0.003030157221308954,0.007943052810345992,0.007442207078951222,0.00033830391667331644
138.20000000000002,0.79631957354701,0.17509126859746685,0.017167337465289548,0.006858568685950425,0.003977116554386296,0.0005861351498977676,0.18181523769477648,0.8078200373658552,0.1734110503017976,0.0030341686261692296,0.0079481921550976,0.007447788146386449,0.0003387634046939901
138.3,0.7962070689534206,0.17518190426729488,0.01718053596359031,0.006862659284637521,0.003980944015389606,0.0005868875156679061,0.181786696534011,0.8077090704700903,0.17350682404120535,0.0030381821761357457,0.007953330970772316,0.0074533691784659396,0.0003392231633302856
138.4,0.7960945985718119,0.17527250479219603,0.01719373454663141,0.006866749499446764,0.0039847722994792315,0.0005876402904355484,0.18175816392839475,0.8075981380613555,0.17360256144321032,0.0030421978702821315,0.007958469257867022,0.007458950174780128,0.0003396831925049206
138.5,0.7959821623906247,0.175363070184497,0.01720693321403806,0.006870839331015298,0.0039886014057523515,0.0005883934740734808,0.18172963987488575,0.8074872401278944,0.17369826252048465,0.0030462157076823386,0.007963607016878,0.007464531134919994,0.0003401434921406373
138.6,0.7958697603983079,0.17545360045651565,0.01722013196543631,0.006874928779979494,0.003992431333307036,0.00058914706645453,0.18170112437040278,0.8073763766579549,0.1737939272856961,0.003050235687410652,0.007968744248300984,0.007470112058477066,0.0003406040621602021
138.70000000000002,0.7957573925833187,0.17554409562056045,0.01723333080045301,0.00687901784697495,0.003996262081242238,0.0005899010674515629,0.1816726174118187,0.8072655476397892,0.173889555751508,0.0030542578085416766,0.00797388095263113,0.007475692945043419,0.00034106490248640557
138.8,0.7956450589341227,0.1756345556889306,0.017246529718715736,0.006883106532636497,0.004000093648657795,0.0005906554769374864,0.18164411899595662,0.8071547530616535,0.17398514793057945,0.003058282070150351,0.007979017130363022,0.007481273794211671,0.0003415260130420628
138.9,0.7955327594391944,0.17572498067391587,0.017259728719852725,0.006887194837598215,0.004003926034654427,0.0005914102947852483,0.1816156291195869,0.8070439929118075,0.174080703835565,0.0030623084713119397,0.007984152781990689,0.007486854605574999,0.0003419873937500131
139.0,0.7954204940870165,0.17581537058779662,0.01727292780349277,0.006891282762493425,0.004007759238333738,0.0005921655208678359,0.18158714777942614,0.8069332671785153,0.17417622347911488,0.0030663370111020344,0.007989287908007585,0.00749243537872711,0.0003424490445331199
139.1,0.7953082628660805,0.17590572544284405,0.017286126969265143,0.006895370307954702,0.00401159325879821,0.0005929211550582774,0.18155867497213576,0.8068225758500456,0.174271706873875,0.003070367688596553,0.007994422508906595,0.007498016113262262,0.0003429109653142711
139.20000000000002,0.7951960657648861,0.1759960452513205,0.01729932621679949,0.006899457474613877,0.004015428095151206,0.0005936771972296406,0.1815302106943245,0.8067119189146698,0.1743671540324868,0.003074400502871745,0.007999556585180046,0.007503596808775256,0.00034337315601637886
139.3,0.7950839027719412,0.17608633002547988,0.01731252554572571,0.006903544263102039,0.004019263746496967,0.000594433647255034,0.18150175494255089,0.8066012963606649,0.17446256496758739,0.003078435453004178,0.008004690137319687,0.007509177464861441,0.0003438356165623792
139.4,0.7949717738757611,0.176176579777568,0.01732572495567389,0.006907630674049537,0.004023100211940612,0.0005951905050076062,0.18147330771332595,0.8064907081763111,0.17455793969180955,0.003082472538070757,0.008009823165816719,0.007514758081116701,0.0003442983468752331
139.5,0.7948596790648685,0.17626679451982333,0.017338924446274176,0.006911716708085987,0.004026937490588136,0.0005959477703605463,0.1814448690031196,0.8063801543498923,0.1746532782177817,0.003086511757148705,0.008014955671161773,0.007520338657137464,0.00034476134687792484
139.6,0.7947476183277927,0.17635697426447755,0.017352124017156686,0.006915802365840267,0.004030775581546413,0.0005967054431870844,0.18141643880836494,0.8062696348696977,0.1747485805581277,0.0030905531093155785,0.008020087653844906,0.00752591919252071,0.00034522461649346434
139.70000000000002,0.7946355916530689,0.17644711902375623,0.017365323667951436,0.006919887647940526,0.004034614483923194,0.0005974635233604911,0.18138801712546643,0.8061591497240188,0.17484384672546735,0.0030945965936492533,0.00802521911435563,0.007531499686863942,0.0003456881556448841
139.8,0.7945235990292377,0.1765372288098794,0.01737852339828824,0.006923972555014173,0.004038454196827104,0.0005982220107540776,0.18135960395080555,0.8060486989011528,0.1749390767324158,0.00309864220922794,0.008030350053182877,0.007537080139765214,0.00034615196425524206
139.9,0.794411640444845,0.1766273036350624,0.01739172320779666,0.006928057087687885,0.004042294719367645,0.0005989809052411958,0.18133119928074917,0.8059382823894001,0.17503427059158408,0.0031026899551301686,0.008035480470815039,0.007542660550823125,0.00034661604224761963
140.0,0.7942997158884404,0.17671734351151652,0.017404923096105935,0.006932141246587602,0.004046136050655196,0.000599740206695239,0.18130280311165728,0.8058279001770647,0.1751294283155786,0.0031067398304347998,0.008040610367739925,0.0075482409196367985,0.00034708038954512304
140.1,0.7941878253485771,0.17680734845144963,0.01741812306284495,0.0069362250323385275,0.004049978189801009,0.0006004999149896409,0.18127441543989076,0.8057175522524557,0.17522454991700165,0.0031107918342210173,0.0080457397444448,0.0075538212458059065,0.0003475450060708822
140.20000000000002,0.7940759688138117,0.17689731846706686,0.017431323107642192,0.006940308445565123,0.004053821135917216,0.0006012600299978763,0.18124603626181882,0.8056072386038857,0.17531963540845105,0.0031148459655683334,0.008050868601416362,0.0075594015289306565,0.0003480098917480514
140.3,0.7939641462727028,0.17698725357057102,0.017444523230125738,0.006944391486891106,0.004057664888116816,0.0006020205515934603,0.18121766557382682,0.805496959219671,0.17541468480252007,0.0031189022235565845,0.00805599693914075,0.007564981768611792,0.00034847504649980927
140.4,0.7938523577138114,0.17707715377416336,0.01745772342992325,0.006948474156939449,0.004061509445513692,0.0006027814796499495,0.18118930337232242,0.8053867140881324,0.17550969811179834,0.0031229606072659326,0.00806112475810355,0.007570561964450596,0.00034894047024935844
140.5,0.7937406031256994,0.1771670190900438,0.01747092370666199,0.006952556456332373,0.004065354807222599,0.0006035428140409404,0.1811609496537421,0.8052765031975945,0.17560467534886998,0.0031270211157768675,0.008066252058789788,0.00757614211604888,0.0003494061629199256
140.6,0.7936288824969303,0.17725684953041135,0.017484124059968832,0.006956638385691347,0.004069200972359165,0.0006043045546400709,0.18113260441455667,0.8051663265363863,0.1756996165263158,0.003131083748170203,0.008071378841683931,0.007581722223009007,0.0003498721244347619
140.70000000000002,0.7935171958160684,0.17734664510746442,0.017497324489470306,0.006960719945637077,0.004073047940039893,0.0006050667013210188,0.1811042676512754,0.8050561840928406,0.17579452165671178,0.003135148503527077,0.008076505107269883,0.007587302284933847,0.00035033835471714265
140.8,0.7934055430716784,0.17743640583340087,0.017510524994792626,0.006964801136789509,0.004076895709382161,0.0006058292539575017,0.18107593936044955,0.8049460758552933,0.17588939075262947,0.003139215380928958,0.008081630856031013,0.007592882301426834,0.0003508048536903667
140.9,0.7932939242523259,0.17752613172041817,0.01752372557556177,0.00696888195976782,0.00408074427950422,0.0006065922124232782,0.1810476195386752,0.8048360018120861,0.17598422382663642,0.0031432843794576316,0.008086756088450109,0.007598462272091917,0.0003512716212777582
141.0,0.7931823393465764,0.17761582278071344,0.01753692623140352,0.006972962415190416,0.004084593649525193,0.0006073555765921464,0.18101930818259446,0.8047259619515635,0.1760790208912955,0.003147355498195215,0.008091880805009425,0.007604042196533583,0.000351738657402664
141.1,0.7930707883429965,0.17770547902648323,0.01755012696194353,0.006977042503674927,0.0040884438185650775,0.0006081193463379443,0.1809910052888956,0.8046159562620745,0.17617378195916544,0.0031514287362241476,0.008097005006190658,0.007609622074356854,0.00035220596198845593
141.20000000000002,0.7929592712301529,0.17779510046992342,0.017563327766807423,0.006981122225838204,0.004092294785744741,0.0006088835215345495,0.1809627108543126,0.8045059847319715,0.17626850704280064,0.003155504092627196,0.008102128692474933,0.007615201905167279,0.0003526735349585304
141.3,0.7928477879966134,0.17788468712322886,0.01757652864562082,0.006985201582296308,0.004096146550185917,0.0006096481020558789,0.1809344248756235,0.8043960473496119,0.1763631961547508,0.0031595815664874484,0.008107251864342852,0.007620781688570936,0.0003531413762363067
141.4,0.792736338630947,0.17797423899859313,0.017589729598009467,0.006989280573664517,0.004099999111011215,0.0006104130877758889,0.1809061473496476,0.8042861441033559,0.17645784930756186,0.0031636611568883204,0.008112374522274436,0.00762636142417444,0.0003536094857452294
141.5,0.7926249231217236,0.17806375610820824,0.017602930623599283,0.00699335920055732,0.00410385246734411,0.0006111784785685754,0.1808778782732421,0.8041762749815686,0.17655246651377485,0.003167742862913549,0.00811749666674918,0.007631941111584936,0.0003540778634087661
141.6,0.7925135414575155,0.17815323846426392,0.017616131722016422,0.006997437463588408,0.004107706618308945,0.0006119442743079734,0.18084961764329804,0.8040664399726196,0.1766470477859269,0.0031718266836472005,0.008122618298246006,0.00763752075041009,0.0003545465091504097
141.70000000000002,0.7924021936268967,0.17824268607894742,0.017629332892887373,0.007001515363370677,0.004111561563030927,0.000612710474868157,0.18082136545673477,0.8039566390648807,0.17674159313655063,0.0031759126181736597,0.008127739417243297,0.007643100340258102,0.0003550154228936758
141.8,0.7922908796184439,0.17833209896444277,0.017642534135838977,0.007005592900516224,0.004115417300636128,0.0006134770801232391,0.18079312171049575,0.803846872246729,0.17683610257817425,0.0031800006655776395,0.008132860024218896,0.007648679880737704,0.0003554846045621054
141.9,0.7921795994207369,0.17842147713293055,0.01765573545049853,0.00700967007563635,0.004119273830251484,0.0006142440899473725,0.18076488640154179,0.8037371395065469,0.17693057612332164,0.0031840908249441786,0.008137980119650078,0.007654259371458143,0.0003559540540792624
142.0,0.7920683530223592,0.1785108205965871,0.01766893683649379,0.007013746889341553,0.00412313115100479,0.0006150115042147487,0.18073665952684562,0.8036274408327172,0.17702501378451255,0.003188183095358633,0.008143099704013576,0.007659838812029206,0.0003564237713687358
142.1,0.791957140411898,0.17860012936758426,0.017682138293453036,0.007017823342241535,0.004126989262024704,0.0006157793227995989,0.18070844108338588,0.8035177762136304,0.17711941557426222,0.0031922774759066915,0.008148218777785583,0.007665418202061196,0.00035689375635413796
142.20000000000002,0.7918459615779452,0.17868940345808879,0.017695339821005095,0.007021899434945196,0.004130848162440743,0.0006165475455761939,0.18068023106814146,0.8034081456376782,0.1772137815050816,0.0031963739656743553,0.008153337341441736,0.007670997541164948,0.00035736400895910553
142.3,0.7917348165090973,0.17877864288026185,0.017708541418779342,0.007025975168060637,0.004134707851383276,0.0006173161724188435,0.18065202947808562,0.8032985490932585,0.17730811158947735,0.003200472563747963,0.008158455395457129,0.007676576828951824,0.0003578345291072994
142.4,0.7916237051939561,0.1788678476462588,0.01772174308640573,0.007030050542195166,0.004138568327983533,0.0006180852032018984,0.18062383631018009,0.8031889865687719,0.17740240583995165,0.0032045732692141627,0.008163572940306308,0.007682156065033695,0.000358305316722404
142.5,0.7915126276211291,0.1789570177682287,0.017734944823514773,0.0070341255579552935,0.0041424295913735955,0.0006188546377997486,0.18059565156137128,0.8030794580526232,0.17749666426900254,0.0032086760811599374,0.008168689976463283,0.0076877352490229735,0.00035877637172812804
142.6,0.7914015837792295,0.17904615325831413,0.01774814662973754,0.007038200215946742,0.004146291640686398,0.0006196244760868251,0.180567475228585,0.8029699635332214,0.17759088688912378,0.003212780998672589,0.008173806504401498,0.007693314380532592,0.0003592476940482046
142.70000000000002,0.7912905736568768,0.17913525412865097,0.017761348504705638,0.007042274516774446,0.004150154475055728,0.0006203947179375994,0.18053930730872336,0.8028605029989797,0.1776850737128046,0.0032168880208397386,0.008178922524593879,0.007698893459175994,0.00035971928360639015
142.8,0.7911795972426966,0.17922432039136812,0.017774550448051162,0.007046348461042553,0.004154018093616219,0.0006211653632265835,0.18051114779866134,0.8027510764383143,0.17777922475253005,0.003220997146749338,0.008184038037512794,0.007704472484567161,0.0003601911403264658
142.9,0.7910686545253209,0.17931335205858756,0.017787752459406687,0.0070504220493544335,0.004157882495503357,0.0006219364118283312,0.18048299669524492,0.8026416838396471,0.17787334002078073,0.003225108375489657,0.008189153043630064,0.007710051456320571,0.00036066326413223605
143.0,0.7909577454933883,0.17940234914242423,0.0178009545384052,0.0070544952823126785,0.004161747679853473,0.0006227078636174376,0.1804548539952896,0.8025323251914018,0.17796741953003317,0.0032292217061492905,0.008194267543416978,0.007715630374051255,0.00036113565494752943
143.1,0.7908468701355437,0.1794913116549862,0.017814156684680067,0.007058568160519113,0.004165613645803749,0.0006234797184685399,0.1804267196955796,0.8024230004820087,0.17806146329275926,0.0032333371378171515,0.008199381537344279,0.007721209237374742,0.0003616083126961994
143.20000000000002,0.7907360284404384,0.17958023960837466,0.017827358897864975,0.007062640684574794,0.0041694803924922095,0.0006242519762563171,0.1803985937928682,0.8023137096998993,0.17815547132142687,0.003237454669582483,0.00820449502588217,0.007726788045907084,0.000362081237302122
143.3,0.7906252203967302,0.17966913301468415,0.01784056117759387,0.007066712855080015,0.004173347919057723,0.0006250246368554906,0.1803704762838786,0.8022044528335117,0.17824944362849932,0.0032415743005348454,0.008209608009500309,0.0077323667992648575,0.0003625544286891985
143.4,0.7905144459930826,0.1797579918860028,0.017853763523500918,0.007070784672634316,0.004177216224640005,0.0006257977001408243,0.1803423671653058,0.8020952298712857,0.1783433802264359,0.003245696029764125,0.008214720488667821,0.007737945497065153,0.00036302788678135313
143.5,0.7904037052181652,0.1798468162344126,0.01786696593522043,0.007074856137836489,0.004181085308379614,0.0006265711659871252,0.18031426643381865,0.8019860408016671,0.17843728112769125,0.0032498198563605278,0.008219832463853289,0.007743524138925578,0.00036350161150253466
143.6,0.7902929980606532,0.1799356060719896,0.017880168412386818,0.0070789272512845735,0.00418495516941795,0.0006273450342692428,0.18028617408606312,0.801876885613104,0.17853114634471595,0.0032539457794145796,0.008224943935524759,0.0077491027244642584,0.0003639756027767157
143.70000000000002,0.7901823245092272,0.18002436141080452,0.017893370954634544,0.007082998013575875,0.0041888258068972575,0.00062811930486207,0.1802580901186653,0.8017677642940492,0.17862497588995616,0.0032580737980171357,0.008230054904149731,0.007754681253299836,0.0003644498605278927
143.8,0.7900716845525726,0.18011308226292272,0.017906573561598062,0.007087068425306956,0.004192697219960619,0.0006288939776405419,0.18023001452823628,0.80165867683296,0.17871876977585385,0.0032622039112593666,0.008235165370195172,0.007760259725051471,0.00036492438468008616
143.9,0.7899610781793794,0.18020176864040494,0.01791977623291179,0.00709113848707365,0.004196569407751963,0.0006296690524796376,0.18020194731137495,0.8015496232182971,0.17881252801484654,0.0032663361182327685,0.008240275334127517,0.007765838139338839,0.0003653991751573407
144.0,0.7898505053783423,0.18029042055530745,0.017932978968210056,0.0070952081994710625,0.004200442369416057,0.0006304445292543787,0.18017388846467394,0.8014406034385252,0.17890625061936752,0.0032704704180291566,0.008245384796412666,0.007771416495782123,0.0003658742318837241
144.1,0.7897399661381599,0.18037903801968252,0.01794618176712708,0.007099277563093574,0.0042043161040985115,0.0006312204078398299,0.18014583798472247,0.8013316174821123,0.1789999376018457,0.0032746068097406693,0.008250493757515968,0.007776994794002027,0.000366349554783329
144.20000000000002,0.7896294604475339,0.18046762104557879,0.01795938462929695,0.007103346578534846,0.004208190610945779,0.0006319966881110988,0.18011779586811244,0.8012226653375316,0.17909358897470587,0.003278745292459769,0.008255602217902254,0.007782573033619764,0.0003668251437802712
144.3,0.78951898829517,0.18055616964504148,0.01797258755435359,0.007107415246387816,0.0042120658891051455,0.0006327733699433351,0.1800897621114422,0.8011137469932611,0.17918720475036845,0.0032828858652792356,0.008260710178035811,0.0077881512142570705,0.0003673009987986908
144.4,0.7894085496697766,0.18064468383011284,0.017985790541930762,0.0071114835672447104,0.004215941937724743,0.0006335504532117313,0.18006173671132,0.8010048624377796,0.17928078494124947,0.0032870285272921704,0.008265817638380402,0.007793729335536178,0.00036777711976275203
144.5,0.7892981445600648,0.18073316361283237,0.017998993591662075,0.007115551541697038,0.004219818755953543,0.0006343279377915219,0.1800337196643697,0.8008960116595718,0.17937432955976063,0.003291173277592,0.00827092459939924,0.007799307397079843,0.00036825350659664254
144.6,0.7891877729547484,0.180821609005237,0.018012196703180963,0.007119619170335597,0.004223696342941356,0.0006351058235579833,0.18000571096723214,0.8007871946471273,0.1794678386183095,0.003295320115272465,0.00827603106155502,0.007804885398511327,0.0003687301592245738
144.70000000000002,0.7890774348425436,0.18091002001936132,0.018025399876120726,0.007123686453750473,0.004227574697838831,0.0006358841103864331,0.1799777106165701,0.800678411388938,0.1795613121292994,0.0032994690394276363,0.008281137025309894,0.0078104633394544066,0.00036920707757078137
144.8,0.7889671302121684,0.18099839666723777,0.01803860311011453,0.007127753392531038,0.004231453819797457,0.0006366627981522304,0.17994971860906944,0.8005696618735008,0.17965475010512905,0.003303620049151899,0.008286242491125497,0.007816041219533366,0.0003696842615595248
144.9,0.788856859052343,0.18108673896089653,0.018051806404795437,0.007131819987265952,0.00423533370796956,0.0006374418867307743,0.17992173494144215,0.8004609460893161,0.17974815255819326,0.0033077731435399607,0.008291347459462924,0.007821619038372996,0.00037016171111508726
145.0,0.7887466213517901,0.1811750469123658,0.018065009759796448,0.007135886238543167,0.004239214361508304,0.0006382213759975052,0.17989375961042736,0.8003522640248882,0.17984151950088217,0.0033119283216868495,0.008296451930782732,0.007827196795598597,0.00037063942616177625
145.1,0.7886364170992336,0.1812633205336716,0.01807821317475052,0.007139952146949917,0.004243095779567692,0.0006390012658279028,0.17986579261279134,0.8002436156687252,0.17993485094558204,0.0033160855826879143,0.00830155590554496,0.007832774490835984,0.0003711174066239222
145.20000000000002,0.7885262462834,0.1813515598368379,0.018091416649290606,0.007144017713072725,0.004246977961302563,0.0006397815560974869,0.17983783394532948,0.8001350010093402,0.1800281469046746,0.0033202449256388264,0.008306659384209117,0.007838352123711471,0.00037159565242588004
145.3,0.7884161088930175,0.18143976483388624,0.018104620183049702,0.007148082937497394,0.004250860905868588,0.0006405622466818164,0.17980988360486402,0.8000264200352494,0.18012140739053717,0.0033244063496355725,0.00831176236723418,0.007843929693851887,0.00037207416349202885
145.4,0.7883060049168168,0.18152793553683583,0.018117823775660888,0.007152147820809013,0.004254744612422278,0.0006413433374564887,0.1797819415882446,0.7999178727349726,0.18021463241554309,0.003328569853774464,0.008316864855078593,0.00784950720088456,0.00037255293974677037
145.5,0.7881959343435306,0.18161607195770327,0.018131027426757363,0.0071562123635919486,0.004258629080120975,0.0006421248282971404,0.17975400789234583,0.7998093590970345,0.1803078219920614,0.003332735437152132,0.008321966848200286,0.00785508464443732,0.00037303198111453143
145.6,0.7880858971618945,0.1817041741085023,0.0181442311359725,0.007160276566429847,0.004262514308122855,0.0006429067190794461,0.1797260825140658,0.7997008791099628,0.18040097613245648,0.0033369030988655256,0.008327068347056649,0.007860662024138518,0.0003735112875197619
145.70000000000002,0.7879758933606462,0.18179224200124364,0.018157434902939876,0.007164340429905629,0.0042664002955869265,0.000643689009679119,0.17969816545032305,0.7995924327622904,0.180494094849089,0.003341072838011915,0.008332169352104547,0.007866239339617003,0.00037399085888693574
145.8,0.787865922928527,0.18188027564793469,0.018170638727293287,0.007168403954601488,0.004270287041673027,0.0006444716999719092,0.17967025669805475,0.7994840200425533,0.18058717815431471,0.00334524465368889,0.008337269863800338,0.007871816590502116,0.00037447069514055033
145.9,0.787755985854281,0.18196827506057925,0.018183842608666838,0.00717246714109889,0.0042741745455418265,0.0006452547898336056,0.17964235625421313,0.7993756409392915,0.18068022606048575,0.0033494185449943607,0.008342369882599827,0.007877393776423719,0.0003749507962051275
146.0,0.7876460821266558,0.18205624025117728,0.01819704654669492,0.007176529989978565,0.004278062806354819,0.0006460382791400342,0.1796144641157618,0.7992672954410482,0.18077323857994937,0.0033535945110265554,0.008347469408958313,0.007882970897012162,0.0003754311620052124
146.1,0.7875362117344027,0.18214417123172458,0.018210250541012257,0.007180592501820516,0.004281951823274331,0.0006468221677670586,0.17958658027967353,0.7991589835363724,0.18086621572504913,0.0033577725508840226,0.00835256844333057,0.007888547951898311,0.00037591179246537385
146.20000000000002,0.7874263746662769,0.18223206801421257,0.018223454591253928,0.007184654677204004,0.0042858415954635095,0.0006476064555905802,0.17955870474292573,0.7990507052138158,0.18095915750812386,0.00336195266366563,0.00835766698617084,0.007894124940713518,0.0003763926875102047
146.3,0.7873165709110377,0.18231993061062804,0.018236658697055375,0.007188716516707556,0.00428973212208633,0.0006483911424865378,0.1795308375024978,0.7989424604619344,0.1810520639415084,0.003366134848470565,0.008362765037932846,0.007899701863089654,0.0003768738470643216
146.4,0.7872068004574488,0.18240775903295284,0.01824986285805242,0.0071927780209089555,0.00429362340230759,0.000649176228330908,0.17950297855536734,0.7988342492692875,0.18114493503753312,0.0033703191043983364,0.008367862599069792,0.007905278718659078,0.0003773552710523647
146.5,0.7870970632942786,0.18249555329316375,0.018263067073881256,0.00719683919038525,0.004297515435292908,0.0006499617129997052,0.17947512789850711,0.798726071624439,0.1812377708085242,0.0033745054305487627,0.008372959670034362,0.007910855507054651,0.00037783695939899806
146.6,0.7869873594103003,0.18258331340323236,0.018276271344178467,0.007200900025712742,0.004301408220208723,0.0006507475963689821,0.1794472855288832,0.798617927515957,0.18133057126680377,0.0033786938260219963,0.008378056251278711,0.007916432227909746,0.0003783189120289099
146.70000000000002,0.7868776887942917,0.18267103937512483,0.018289475668581003,0.007204960527466994,0.004305301756222296,0.0006515338783148297,0.17941945144345073,0.7985098169324125,0.18142333642468933,0.003382884289918497,0.008383152343254475,0.007922008880858207,0.000378801128866811
146.8,0.7867680514350359,0.18275873122080163,0.018302680046726152,0.00720902069622282,0.004309196042501699,0.0006523205587133764,0.17939162563915295,0.7984017398623818,0.18151606629449438,0.0033870768213390455,0.008388247946412783,0.007927585465534402,0.00037928360983743674
146.9,0.7866584473213213,0.18284638895221786,0.018315884478251575,0.007213080532554296,0.004313091078215829,0.0006531076374407911,0.17936380811291938,0.7982936962944441,0.18160876088852815,0.003391271419384742,0.008393343061204232,0.007933161981573192,0.00037976635486554653
147.0,0.7865488764419412,0.18293401258132283,0.018329088962795236,0.007217140037034753,0.004316986862534393,0.0006538951143732807,0.17933599886166365,0.7981856862171829,0.18170142021909538,0.0033954680831570047,0.008398437688078896,0.007938738428609917,0.0003802493638759226
147.1,0.7864393387856942,0.18302160212006027,0.0183422934999954,0.007221199210236782,0.004320883394627915,0.0006546829893870917,0.17930819788228375,0.7980777096191854,0.18179404429849674,0.003399666811757575,0.008403531827486349,0.007944314806280441,0.0003807326367933713
147.20000000000002,0.7863298343413841,0.1831091575803684,0.018355498089490607,0.007225258052732233,0.004324780673667733,0.000655471262358511,0.17928040517166047,0.7979697664890432,0.18188663313902867,0.003403867604288503,0.008408625479875632,0.007949891114221104,0.00038121617354272276
147.3,0.7862203630978204,0.18319667897417957,0.018368702730919624,0.007229316565092211,0.004328678698825993,0.0006562599331638641,0.17925262072665774,0.7978618568153516,0.18197918675298336,0.0034080704598521655,0.008413718645695274,0.007955467352068748,0.0003816999740488307
147.4,0.7861109250438169,0.1832841663134211,0.01838190742392144,0.00723337474788709,0.0043325774692756554,0.0006570490016795184,0.17922484454412357,0.7977539805867095,0.1820717051526487,0.0034122753775512526,0.008418811325393285,0.007961043519460708,0.00038218403823657275
147.5,0.7860015201681929,0.18337161961001472,0.018395112168135212,0.007237432601686503,0.004336476984190492,0.0006578384677818812,0.1791970766208899,0.7976461377917201,0.18216418835030812,0.0034164823564887745,0.00842390351941717,0.007966619616034822,0.0003826683660308495
147.6,0.7858921484597725,0.1834590388758771,0.01840831696320026,0.0072414901270593515,0.004340377242745082,0.0006586283313474008,0.17916931695377475,0.7975383284189907,0.18225663635824121,0.0034206913957680585,0.008428995228213903,0.007972195641429406,0.00038315295735658636
147.70000000000002,0.7857828099073847,0.1835464241229199,0.01842152180875601,0.007245547324573806,0.004344278244114816,0.0006594185922525673,0.1791415655395831,0.797430552457132,0.182349049188723,0.003424902494492749,0.008434086452229955,0.007977771595283279,0.0003836378121387314
147.8,0.7856735044998628,0.18363377536304995,0.018434726704441972,0.007249604194797306,0.00434817998747589,0.0006602092503739115,0.17911382237510912,0.7973228098947596,0.1824414268540245,0.0034291156517668136,0.008439177191911276,0.007983347477235751,0.0003841229303022565
147.9,0.7855642322260448,0.18372109260816952,0.018447931649897723,0.007253660738296565,0.004352082472005308,0.0006610003055880064,0.17908608745713803,0.7972151007204913,0.18253376936641225,0.003433330866694523,0.008444267447703312,0.007988923286926628,0.0003846083117721574
148.0,0.7854549930747727,0.1838083758701764,0.018461136644762878,0.007257716955637576,0.004355985696880883,0.0006617917577714668,0.17905836078244822,0.7971074249229503,0.18262607673814865,0.0034375481383804836,0.008449357220050985,0.007994499023996201,0.0003850939564734537
148.1,0.7853457870348928,0.18389562516096425,0.018474341688677075,0.00726177284738561,0.0043598896612812325,0.0006625836068009494,0.17903064234781443,0.7969997824907632,0.18271834898149192,0.003441767465929604,0.008454446509398706,0.008000074688085251,0.0003855798643311884
148.20000000000002,0.785236614095255,0.18398284049242272,0.018487546781279948,0.007265828414105222,0.004363794364385781,0.0006633758525531533,0.17900293215000931,0.7968921734125612,0.18281058610869588,0.0034459888484471195,0.008459535316190387,0.008005650278835054,0.00038606603527042814
148.3,0.7851274742447133,0.18407002187643762,0.018500751922211112,0.0072698836563602496,0.0043676998053747565,0.0006641684949048192,0.17897523018580633,0.7967845976769782,0.1829027881320104,0.0034502122850385802,0.00846462364086941,0.00801122579588737,0.0003865524692162629
148.4,0.7850183674721248,0.18415716932489112,0.018513957111110164,0.007273938574713824,0.004371605983429193,0.0006649615337327303,0.1789475364519824,0.7966770552726524,0.18299495506368074,0.0034544377748098485,0.008469711483878664,0.00801680123888446,0.00038703916609380656
148.5,0.7849092937663502,0.184244282849662,0.018527162347616682,0.007277993169728366,0.00437551289773093,0.0006657549689137119,0.17891985094531987,0.7965695461882271,0.18308708691594816,0.003458665316867111,0.00847479884566052,0.00802237660746906,0.0003875261258281969
148.6,0.7848002531162532,0.18433136246262563,0.018540367631370205,0.007282047441965591,0.004379420547462612,0.0006665488003246313,0.17889217366260873,0.7964620704123477,0.18317918370104966,0.0034628949103168655,0.00847988572665683,0.0080279519012844,0.0003880133483445946
148.70000000000002,0.7846912455107008,0.18441840817565422,0.018553572962010254,0.007286101391986512,0.004383328931807683,0.0006673430278423979,0.1788645046006496,0.7963546279336648,0.18327124543121798,0.0034671265542659253,0.008484972127308955,0.0080335271199742,0.0003885008335681844
148.8,0.7845822709385628,0.18450542000061687,0.01856677833917632,0.007290155020351441,0.004387238049950392,0.0006681376513439621,0.17883684375625347,0.7962472187408323,0.18336327211868164,0.0034713602478214293,0.008490058048057737,0.008039102263182656,0.00038898858142417443
148.9,0.7844733293887122,0.18459239794937962,0.01857998376250791,0.007294208327619991,0.004391147901075792,0.0006689326707063166,0.1788091911262454,0.7961398428225083,0.18345526377566487,0.003475595990090822,0.008495143489343515,0.008044677330554466,0.0003894765918377965
149.0,0.7843644208500244,0.18467934203380554,0.01859318923164452,0.007298261314351082,0.004395058484369738,0.0006697280858064952,0.17878154670746418,0.796032500167355,0.1835472204143878,0.0034798337801818704,0.008500228451606116,0.0080502523217348,0.0003899648647343061
149.1,0.7842555453113781,0.1847662522657547,0.018606394746225677,0.007302313981102939,0.004398969799018886,0.000670523896521573,0.17875391049676417,0.795925190764038,0.1836391420470662,0.0034840736172026547,0.008505312935284856,0.008055827236369323,0.00039045340003898227
149.20000000000002,0.7841467027616542,0.1848531286570842,0.018619600305890955,0.007306366328433094,0.0044028818442106935,0.000671320102728666,0.17872628249101563,0.7958179146012273,0.1837310286859116,0.003488315500261575,0.008510396940818564,0.008061402074104173,0.00039094219767712713
149.3,0.784037893189737,0.18493997121964806,0.018632805910279982,0.007310418356898387,0.004406794619133417,0.00067211670430493,0.17869866268710413,0.7957106716675956,0.18382288034313138,0.003492559428467343,0.00851548046864554,0.008066976834585987,0.0003914312575740667
149.4,0.7839291165845134,0.1850267799652973,0.018646011559032474,0.0073144700670549675,0.0044107081229761156,0.0006729137011275617,0.17867105108193207,0.7956034619518213,0.1839146970309288,0.0034968054009289896,0.008520563519203597,0.00807255151746188,0.00039192057965515095
149.5,0.783820372934873,0.18511355490587966,0.018659217251788266,0.007318521459458299,0.004414622354928646,0.0006737110930737981,0.1786434476724168,0.7954962854425859,0.18400647876150292,0.003501053416755859,0.008525646092930035,0.008078126122379436,0.00039241016384575266
149.6,0.783711662229709,0.18520029605323973,0.01867242298818732,0.007322572534663155,0.004418537314181664,0.0006745088800209154,0.17861585245549066,0.7953891421285748,0.18409822554704813,0.0035053034750576143,0.008530728190261657,0.00808370064898674,0.00039290001007126864
149.70000000000002,0.7836029844579169,0.18528700341921864,0.018685628767869764,0.007326623293223622,0.004422452999926625,0.0006753070618462296,0.17858826542810022,0.7952820319984761,0.1841899373997551,0.0035095555749442273,0.008535809811634742,0.008089275096932356,0.0003933901182571188
149.8,0.783494339608396,0.18537367701565394,0.018698834590475874,0.0073306737356930935,0.004426369411355778,0.0006761056384270953,0.17856068658720445,0.7951749550409848,0.18428161433181006,0.003513809715525994,0.008540890957485102,0.008094849465865318,0.0003938804883287472
149.9,0.7833857276700487,0.1854603168543796,0.018712040455646152,0.007334723862624282,0.004430286547662169,0.0006769046096409067,0.17853311592977375,0.7950679112447965,0.18437325635539512,0.0035180658959135204,0.008545971628248009,0.008100423755435151,0.00039437112021162036
150.0,0.7832771486317807,0.18554692294722583,0.018725246363021315,0.00733877367456921,0.0044342044080396435,0.0006777039753650965,0.17850555345278862,0.7949609005986127,0.18446486348268806,0.0035223241152177293,0.008551051824358266,0.008105997965291854,0.00039486201383122946
150.1,0.7831686024825015,0.18563349530601875,0.018738452312242297,0.0073428231720792094,0.004438122991682837,0.0006785037354771359,0.1784779991532371,0.7948539230911386,0.18455643572586258,0.0035265843725498574,0.008556131546250153,0.008111572095085907,0.0003953531691130884
150.20000000000002,0.7830600892111242,0.18572003394258052,0.018751658302950294,0.007346872355704927,0.004442042297787182,0.0006793038898545347,0.17845045302811427,0.794746978711082,0.184647973097088,0.003530846667021456,0.008561210794357456,0.008117146144468276,0.000395844585982735
150.3,0.7829516088065661,0.1858065388687289,0.018764864334786746,0.007350921225996316,0.0044459623255489,0.0006801044383748401,0.17842291507441901,0.7946400674471563,0.1847394756085296,0.0035351109977443977,0.008566289569113462,0.0081227201130904,0.0003963362643657304
150.4,0.7828431612577478,0.18589301009627737,0.018778070407393373,0.007354969783502644,0.0044498830741650066,0.0006809053809156383,0.17839538528915386,0.794533189288078,0.1848309432723484,0.00353937736383086,0.008571367870950964,0.008128294000604191,0.00039682820418765875
150.5,0.7827347465535944,0.18597944763703492,0.01879127652041216,0.007359018028772485,0.004453804542833307,0.0006817067173545533,0.17836786366932167,0.7944263442225671,0.18492237610070125,0.0035436457643933388,0.008576445700302242,0.00813386780666204,0.0003973204053741287
150.6,0.7826263646830353,0.1860658515028059,0.018804482673485366,0.007363065962353725,0.004457726730752399,0.0006825084475692467,0.17834035021192515,0.7943195322393481,0.1850137741057406,0.0035479161985446494,0.008581523057599093,0.008139441530916827,0.0003978128678507711
150.70000000000002,0.7825180156350038,0.18615222170539003,0.018817688866255528,0.0073671135847935545,0.004461649637121667,0.0006833105714374189,0.17831284491396418,0.794212753327149,0.18510513729961486,0.003552188665397914,0.008586599943272806,0.008145015173021887,0.00039830559154324175
150.8,0.7824096993984379,0.18623855825658212,0.018830895098365438,0.0073711608966384725,0.004465573261141279,0.000684113088836807,0.17828534777243588,0.7941060074747023,0.18519646569446835,0.003556463164066576,0.008591676357754185,0.008150588732631052,0.00039879857637721826
150.9,0.7823014159622799,0.1863248611681722,0.01884410136945816,0.007375207898434287,0.004469497602012196,0.0006849159996451873,0.17825785878433204,0.793999294670744,0.18528775930244099,0.003560739693664389,0.008596752301473517,0.00815616220939862,0.00039929182227840294
151.0,0.7821931653154768,0.1864111304519455,0.018857307679177013,0.0073792545907261095,0.004473422658936163,0.0006857193037403736,0.17823037794663865,0.7938926149040137,0.1853790181356685,0.003565018253305421,0.008601827774860616,0.008161735602979356,0.000399785329172521
151.1,0.7820849474469799,0.18649736611968223,0.01887051402716555,0.007383300974058358,0.004477348431115706,0.0006865230010002179,0.17820290525633545,0.7937859681632551,0.18547024220628247,0.0035692988421040543,0.008606902778344782,0.008167308913028512,0.00040027909698532095
151.20000000000002,0.781976762345745,0.18658356818315788,0.018883720413067552,0.007387347048974759,0.00448127491775414,0.000687327091302611,0.1781754407103946,0.7936793544372152,0.18556143152641044,0.0035735814591749864,0.00861197731235483,0.008172882139201806,0.00040077312564257484
151.3,0.7818686100007326,0.18666973665414288,0.018896926836527016,0.007391392816018338,0.004485202118055557,0.0006881315745254816,0.17814798430578083,0.7935727737146467,0.1856525861081754,0.0035778661036332264,0.00861705137731908,0.00817845528115543,0.00040126741507007826
151.4,0.7817604904009077,0.18675587154440298,0.01891013329718813,0.00739543827573143,0.004489130031224836,0.0006889364505467973,0.17812053603945133,0.7934662259843044,0.18574370596369655,0.0035821527745940984,0.008622124973665357,0.00818402833854605,0.00040176196519365026
151.5,0.7816524035352396,0.18684197286569915,0.018923339794695265,0.007399483428655674,0.004493058656467632,0.0006897417192445645,0.17809309590835584,0.7933597112349475,0.1858347911050885,0.0035864414711732403,0.00862719810182099,0.008189601311030803,0.00040225677593913297
151.6,0.7815443493927022,0.18692804062978752,0.01893654632869295,0.007403528275332014,0.004496987992990382,0.0006905473804968284,0.17806566390943684,0.7932532294553386,0.18592584154446204,0.003590732192486605,0.008632270762212822,0.0081951741982673,0.00040275184723239223
151.70000000000002,0.7814363279622736,0.1870140748484198,0.018949752898825868,0.0074075728163007,0.004500918040000304,0.0006913534341816738,0.17803824003963004,0.7931467806342458,0.18601685729392362,0.0035950249376504543,0.008637342955267193,0.008200746999913612,0.0004032471789993169
151.8,0.7813283392329361,0.18710007553334304,0.018962959504738815,0.007411617052101287,0.0045048487967053906,0.0006921598801772241,0.17801082429586532,0.7930403647604394,0.1861078383655753,0.0035993197057813675,0.00864241468140996,0.008206319715628291,0.00040374277116581964
151.9,0.7812203831936765,0.18718604269629996,0.01897616614607671,0.007415660983272638,0.004508780262314414,0.0006929667183616426,0.17798341667506776,0.7929339818226939,0.1861987847715152,0.003603616495996235,0.008647485941066492,0.008211892345070356,0.0004042386236578363
152.0,0.7811124598334853,0.18727197634902895,0.01898937282248456,0.007419704610352922,0.00451271243603692,0.0006937739486131322,0.17795601717415807,0.7928276318097878,0.1862896965238374,0.0036079153074122607,0.008652556734661658,0.008217464887899302,0.0004047347364013257
152.1,0.7810045691413574,0.18735787650326413,0.019002579533607466,0.007423747933879615,0.004516645317083234,0.0006945815708099357,0.17792862579005442,0.7927213147105043,0.18638057363463129,0.0036122161391469614,0.008657627062619843,0.008223037343775073,0.00040523110932227035
152.20000000000002,0.7808967111062912,0.18744374317073567,0.019015786279090608,0.007427790954389508,0.004520578904664456,0.000695389584830336,0.17790124251967313,0.7926150305136296,0.18647141611598264,0.0036165189903181673,0.00866269692536494,0.0082286097123581,0.00040572774234667674
152.3,0.7807888857172891,0.18752957636316966,0.019028993058579205,0.007431833672418694,0.004524513197992456,0.0006961979905526554,0.1778738673599299,0.7925087792079529,0.18656222397997246,0.003620823860044019,0.008667766323320353,0.008234181993309277,0.00040622463540057347
152.4,0.7806810929633572,0.18761537609228834,0.01904219987171855,0.007435876088502585,0.004528448196279881,0.0006970067878552572,0.17784650030774163,0.7924025607822697,0.18665299723867826,0.003625130747442975,0.008672835256909,0.008239754186289954,0.0004067217884100133
152.5,0.780573332833505,0.1877011423698102,0.019055406718153988,0.007439918203175903,0.004532383898740153,0.0006978159766165446,0.17781914136002697,0.7922963752253773,0.18674373590417276,0.003629439651633802,0.008677903726553315,0.008245326290961967,0.0004072192013010719
152.6,0.7804656053167458,0.18778687520745,0.019068613597530905,0.007443960016972684,0.00453632030458746,0.000698625556714961,0.17779179051370797,0.7921902225260767,0.18683443998852484,0.0036337505717355767,0.008682971732675229,0.008250898306987596,0.00040771687399984854
152.70000000000002,0.7803579104020961,0.18787257461691895,0.01908182050949474,0.007448001530426281,0.004540257413036769,0.0006994355280289907,0.1777644477657113,0.7920841026731752,0.18692510950379906,0.003638063506867695,0.008688039275696207,0.008256470234029601,0.00040821480643246606
152.8,0.7802502480785759,0.18795824060992464,0.019095027453690974,0.0074520427440693615,0.004544195223303809,0.0007002458904371574,0.17773711311296853,0.7919780156554809,0.18701574446205596,0.0036423784561498596,0.008693106356037213,0.008262042071751212,0.0004087129985250698
152.9,0.7801426183352085,0.1880438731981712,0.01910823442976515,0.007456083658433916,0.004548133734605086,0.0007010566438180264,0.17770978655241815,0.7918719614618077,0.1871063448753517,0.0036466954187020875,0.00869817297411873,0.008267613819816102,0.0004092114502038286
153.0,0.7800350211610203,0.18812947239335928,0.019121441437362868,0.007460124274051254,0.004552072946157874,0.0007018677880502024,0.1776824680810055,0.7917659400809729,0.18719691075573852,0.003651014393644707,0.008703239130360758,0.008273185477888426,0.00040971016139493564
153.1,0.7799274565450414,0.18821503820718613,0.019134648476129792,0.007464164591452008,0.004556012857180215,0.0007026793230123312,0.17765515769568357,0.7916599515017972,0.18728744211526424,0.00365533538009836,0.008708304825182816,0.008278757045632796,0.0004102091320246062
153.20000000000002,0.7798199244763044,0.18830057065134553,0.019147855545711676,0.007468204611166133,0.004559953466890921,0.0007034912485830988,0.17762785539341436,0.7915539957131057,0.1873779389659726,0.003659658377183996,0.008713370059003925,0.008284328522714275,0.000410708362019079
153.3,0.779712424943846,0.1883860697375278,0.01916106264575434,0.00747224433372291,0.004563894774509567,0.0007043035646412305,0.1776005611711675,0.7914480727037281,0.18746840131990347,0.003663983384022882,0.008718434832242635,0.008289899908798417,0.0004112078513046163
153.4,0.7796049579367054,0.18847153547741982,0.019174269775903714,0.0074762837596509465,0.0045678367792565,0.0007051162710654926,0.1775732750259222,0.7913421824624955,0.18755882918909197,0.0036683103997365916,0.008723499145317011,0.008295471203551206,0.00041170759980750356
153.5,0.7794975234439253,0.18855696788270498,0.019187476935805844,0.007480322889478181,0.004571779480352832,0.0007059293677346917,0.17754599695466597,0.7912363249782456,0.1876492225855695,0.00367263942344701,0.008728562998644631,0.00830104240663912,0.00041220760745404973
153.60000000000002,0.7793901214545519,0.18864236696506317,0.019200684125106896,0.007484361723731881,0.00457572287702044,0.0007067428545276737,0.17751872695439483,0.7911305002398181,0.1877395815213631,0.0036769704542763395,0.008733626392642595,0.008306613517729053,0.00041270787417058645
153.70000000000002,0.7792827519576343,0.18872773273617052,0.01921389134345316,0.00748840026293864,0.004579666968481962,0.0007075567313233239,0.17749146502211355,0.7910247082360574,0.18782990600849583,0.0036813034913470858,0.008738689327727523,0.0083121845364884,0.00041320839988346914
153.8,0.7791754149422254,0.18881306520769964,0.019227098590491085,0.007492438507624389,0.004583611753960806,0.000708370998000568,0.17746421115483454,0.7909189489558117,0.18792019605898647,0.0036856385337820713,0.008743751804315553,0.008317755462585,0.00041370918451907635
153.9,0.7790681103973813,0.18889836439131938,0.01924030586586729,0.007496476458314395,0.004587557232681139,0.000709185654438371,0.17743696534957726,0.7908132223879331,0.1880104516848496,0.0036899755807044267,0.008748813822822336,0.008323326295687147,0.00041421022800380944
154.0,0.7789608383121617,0.1889836302986948,0.019253513169228555,0.007500514115533258,0.004591503403867894,0.0007100007005157373,0.17740972760336798,0.7907075285212758,0.18810067289809568,0.003694314631237595,0.008753875383663061,0.008328897035463596,0.00041471153026409344
154.10000000000002,0.7788535986756296,0.18906886294148703,0.019266720500221848,0.007504551479804914,0.004595450266746765,0.0007108161361117108,0.17738249791323876,0.7906018673447013,0.18819085971073105,0.003698655684505329,0.008758936487252409,0.008334467681583566,0.00041521309122637644
154.20000000000002,0.7787463914768522,0.18915406233135318,0.019279927858494316,0.007508588551652632,0.004599397820544204,0.0007116319611053738,0.17735527627622688,0.7904962388470721,0.18828101213475792,0.003702998739631692,0.008763997134004614,0.008340038233716722,0.00041571491081712975
154.3,0.7786392167048999,0.18923922847994643,0.01929313524369332,0.0075126253315990245,0.004603346064487425,0.0007124481753758482,0.17732806268937334,0.790390643017255,0.18837113018217425,0.0037073437957410617,0.008769057324333415,0.008345608691533193,0.00041621698896284766
154.4,0.778532074348847,0.18932436139891576,0.01930634265546641,0.007516661820166042,0.004607294997804404,0.000713264778802295,0.17730085714972285,0.790285079844122,0.188461213864974,0.0037116908519581196,0.00877411705865207,0.008351179054703565,0.0004167193255900482
154.5,0.7784249643977718,0.189409461099906,0.01931955009346137,0.007520698017874973,0.004611244619723871,0.0007140817712639136,0.17727365965432212,0.7901795493165478,0.18855126319514684,0.003716039907407863,0.008779176337373374,0.008356749322898881,0.000417221920625272
154.60000000000002,0.7783178868407562,0.18949452759455776,0.01933275755732618,0.00752473392524645,0.004615194929475318,0.0007148991526399426,0.17724647020021966,0.7900740514234106,0.18864127818467827,0.0037203909612155937,0.00878423516090963,0.008362319495790629,0.0004177247739950831
154.70000000000002,0.7782108416668866,0.18957956089450714,0.01934596504670903,0.007528769542800439,0.00461914592628899,0.0007157169228096583,0.1772192887844644,0.7899685861535936,0.18873125884554995,0.0037247440125069316,0.008789293529672674,0.008367889573050761,0.00041822788562606903
154.8,0.7781038288652529,0.1896645610113861,0.019359172561258325,0.0075328048710562555,0.00462309760939589,0.0007165350816523763,0.17719211540410562,0.7898631534959831,0.1888212051897388,0.003729099060407804,0.008794351444073875,0.00837345955435168,0.0004187312554448397
154.9,0.7779968484249493,0.18974952795682204,0.019372380100622692,0.007536839910532551,0.004627049978027777,0.0007173536290474507,0.1771649500561916,0.7897577534394692,0.18891111722921825,0.0037334561040444423,0.008799408904524101,0.008379029439366248,0.00041923488337802914
155.0,0.777889900335074,0.18983446174243804,0.019385587664450955,0.007540874661747323,0.004631003031417164,0.0007181725648742741,0.17713779273776908,0.7896523859729457,0.18900099497595724,0.0037378151425433953,0.008804465911433777,0.008384599227767768,0.00041973876935229374
155.10000000000002,0.7777829845847295,0.18991936237985266,0.019398795252392142,0.0075449091252179105,0.0046349567687973174,0.0007189918890122775,0.1771106434458832,0.789547051085311,0.1890908384419204,0.003742176175031515,0.008809522465212825,0.008390168919230006,0.0004202429132943133
155.20000000000002,0.7776761011630222,0.19000422988068,0.019412002864095466,0.007548943301460994,0.004638911189402255,0.0007198116013409298,0.17708350217757696,0.7894417487654665,0.1891806476390689,0.0037465392006359698,0.008814578566270723,0.008395738513427176,0.00042074731513079105
155.3,0.7775692500590627,0.19008906425652974,0.01942521049921034,0.007552977190992599,0.004642866292466749,0.0007206317017397391,0.1770563689298903,0.789336479002318,0.1892704225793589,0.003750904218484234,0.008819634215016447,0.008401308010033944,0.00042125197478845285
155.4,0.7774624312619657,0.19017386551900717,0.01943841815738636,0.007557010794328095,0.004646822077226321,0.0007214521900882516,0.1770292436998612,0.7892312417847747,0.18936016327474314,0.0037552712277040884,0.008824689411858528,0.008406877408725429,0.0004217568921940482
155.5,0.7773556447608501,0.19025863367971302,0.01945162583827328,0.007561044111982195,0.0046507785429172445,0.000722273066266052,0.17700212648452437,0.7891260371017501,0.18944986973716976,0.003759640227423629,0.008829744157204994,0.008412446709177193,0.0004222620672743491
155.60000000000002,0.7772488905448388,0.1903433687502438,0.01946483354152103,0.007565077144468956,0.004654735688776544,0.0007230943301527637,0.17697501728091192,0.7890208649421612,0.18953954197858291,0.0037640112167712557,0.00883479845146344,0.008418015911065257,0.00042276749995615124
155.70000000000002,0.7771421686030588,0.19042807074219154,0.01947804126677967,0.007569109892301778,0.004658693514041988,0.0007239159816280479,0.17694791608605379,0.7889157252949284,0.1896291800109228,0.0037683841948756855,0.008839852295040957,0.008423585014066088,0.000423273190166273
155.8,0.7770354789246413,0.19051273966714402,0.019491249013699415,0.007573142355993406,0.004662652017952097,0.0007247380205716052,0.17692082289697733,0.7888106181489769,0.18971878384612512,0.003772759160865933,0.008844905688344182,0.008429154017856598,0.00042377913783155617
155.9,0.7769288214987211,0.19059737553668482,0.019504456781930624,0.007577174536055934,0.004666611199746138,0.0007255604468631746,0.17689373771070824,0.7887055434932344,0.18980835349612188,0.00377713611387133,0.008849958631779288,0.008434722922114153,0.00042428534287886543
156.0,0.7768221963144373,0.1906819783623933,0.01951766457112376,0.007581206433000794,0.004670571058664125,0.0007263832603825333,0.1768666605242707,0.7886005013166343,0.1898978889728405,0.003781515053021514,0.008855011125751955,0.008440291726516565,0.00042479180523508883
156.10000000000002,0.7767156033609326,0.1907665481558447,0.019530872380929414,0.007585238047338769,0.004674531593946816,0.0007272064610094978,0.17683959133468805,0.788495491608112,0.18998739028820497,0.003785895977446432,0.008860063170667428,0.008445860430742094,0.00042529852482713656
156.20000000000002,0.7766090426273536,0.19085108492861017,0.01954408021099828,0.007589269379579986,0.0046784928048357165,0.0007280300486239228,0.1768125301389834,0.7883905143566079,0.1900768574541341,0.003790278886276341,0.008865114766930443,0.008451429034469441,0.0004258055015819434
156.3,0.776502514102851,0.19093558869225685,0.01955728806098116,0.007593300430233919,0.004682454690573075,0.0007288540231057022,0.17678547693418,0.7882855695510652,0.19016629048254347,0.0037946637786418044,0.008870165914945308,0.008456997537377761,0.00042631273542646607
156.4,0.7763960177765786,0.19102005945834802,0.01957049593052895,0.007597331199809386,0.004686417250401883,0.0007296783843347683,0.1767584317173019,0.7881806571804318,0.19025568938534443,0.003799050653673693,0.008875216615115847,0.008462565939146653,0.00042682022628768413
156.5,0.7762895536376946,0.19110449723844294,0.01958370381929264,0.007601361688814553,0.004690380483565876,0.0007305031321910927,0.17673139448537478,0.7880757772336593,0.19034505417444367,0.003803439510503188,0.008880266867845413,0.008468134239456155,0.0004273279740926015
156.60000000000002,0.77618312167536,0.19118890204409716,0.019596911726923318,0.007605391897756937,0.004694344389309532,0.0007313282665546858,0.17670436523542624,0.787970929699702,0.19043438486174438,0.0038078303482617774,0.008885316673536895,0.008473702437986754,0.000427835978768244
156.70000000000002,0.77607672187874,0.19127327388686233,0.01961011965307215,0.007609421827143395,0.004698308966878071,0.0007321537873055966,0.17667734396448673,0.7878661145675199,0.19052368145914528,0.0038122231660812594,0.008890366032592726,0.008479270534419393,0.0004283442402416608
156.8,0.7759703542370032,0.19135761277828642,0.019623327597390397,0.00761345147748014,0.0047022742155174505,0.0007329796943239136,0.1766503306695901,0.787761331826075,0.190612943978541,0.003816617963093735,0.008895414945414865,0.008484838528435427,0.0004288527584399239
156.9,0.7758640187393216,0.19144191872991365,0.01963653555952941,0.0076174808492727305,0.004706240134474372,0.0007338059874897641,0.17662332534777342,0.7876565814643346,0.19070217243182222,0.0038210147384316216,0.008900463412404807,0.008490406419716693,0.00042936153329012887
157.0,0.7757577153748707,0.19152619175328459,0.019649743539140632,0.007621509943026076,0.004710206722996276,0.0007346326666833143,0.17659632799607827,0.7875518634712689,0.19079136683087536,0.003825413491227636,0.008905511433963589,0.008495974207945442,0.00042987056471939375
157.10000000000002,0.7756514441328294,0.19161043185993612,0.019662951535875602,0.007625538759244436,0.004714173980331341,0.0007354597317847694,0.1765693386115506,0.7874471778358514,0.1908805271875826,0.003829814220614806,0.008910559010491776,0.008501541892804373,0.00043037985265486007
157.20000000000002,0.77554520500238,0.19169463906140138,0.019676159549385952,0.007629567298431419,0.004718141905728479,0.0007362871826743735,0.1765423571912416,0.7873425245470612,0.19096965351382258,0.0038342169257264695,0.008915606142389478,0.008507109473976647,0.0004308893970236916
157.3,0.7754389979727084,0.19177881336921002,0.019689367579323436,0.007633595561089987,0.004722110498437347,0.0007371150192324103,0.176515383732207,0.787237903593879,0.19105874582146906,0.0038386216056962674,0.00892065283005634,0.00851267695114583,0.00043139919775307586
157.4,0.7753328230330039,0.1918629547948879,0.0197025756253399,0.007637623547722455,0.004726079757708335,0.0007379432413392019,0.17648841823150763,0.7871333149652918,0.19114780412239235,0.0038430282596581466,0.008925699073891546,0.008518244323995961,0.0004319092547702231
157.5,0.775226680172459,0.19194706334995726,0.01971578368708732,0.00764165125883049,0.0047300496827925665,0.0007387718488751095,0.17646146068621008,0.7870287586502878,0.19123682842845813,0.00384743688674637,0.008930744874293817,0.008523811592211503,0.0004324195680023666
157.60000000000002,0.7751205693802697,0.19203113904593663,0.019728991764217794,0.007645678694915115,0.004734020272941905,0.0007396008417205339,0.17643451109338565,0.7869242346378605,0.19132581875152832,0.003851847486095497,0.00893579023166141,0.00852937875547736,0.0004329301373767624
157.70000000000002,0.7750144906456358,0.19211518189434082,0.019742199856383542,0.007649705856476705,0.004737991527408944,0.0007404302197559136,0.17640756945011085,0.7868197429170075,0.19141477510346078,0.003856260056840401,0.00894083514639213,0.008534945813478882,0.0004334409628206892
157.8,0.7749084439577602,0.19219919190668092,0.019755407963236927,0.007653732744014995,0.0047419634454470136,0.0007412599828617271,0.17638063575346707,0.7867152834767283,0.19150369749610882,0.003860674598116259,0.008945879618883313,0.008540512765901844,0.00043395204426145
157.9,0.7748024293058493,0.19228316909446422,0.01976861608443046,0.007657759358029075,0.0047459360263101755,0.0007420901309184915,0.17635371000054004,0.786610856306029,0.19159258594132217,0.003865091109058557,0.008950923649531848,0.008546079612432473,0.000434463381626369
158.0,0.7746964466791133,0.1923671134691942,0.019781824219616797,0.007661785699017391,0.004749909269253224,0.0007429206638067625,0.1763267921884204,0.7865064613939162,0.1916814404509462,0.0038695095888030863,0.008955967238734146,0.008551646352757424,0.0004349749748427947
158.10000000000002,0.7745904960667659,0.19245102504237047,0.019795032368448758,0.0076658117674777496,0.004753883173531684,0.000743751581407135,0.1762998823142021,0.7864020987294036,0.19177026103682218,0.003873930036485944,0.008961010386886188,0.008557212986563792,0.0004354868238380979
158.20000000000002,0.7744845774580243,0.19253490382548874,0.019808240530579318,0.007669837563907317,0.004757857738401811,0.0007445828836002423,0.176272980374983,0.7862977683015068,0.1918590477107875,0.0038783524512435337,0.008966053094383466,0.008562779513539114,0.00043599892853967234
158.3,0.7743786908421094,0.19261874983004074,0.01982144870566162,0.007673863088802621,0.004761832963120592,0.0007454145702667566,0.1762460863678639,0.786193470099245,0.19194780048467497,0.0038827768322125707,0.008971095361621039,0.008568345933371357,0.0004365112888749347
158.4,0.7742728362082458,0.19270256306751427,0.01983465689334899,0.00767788834265955,0.004765808846945741,0.0007462466412873891,0.1762192002899481,0.7860892041116422,0.19203651937031394,0.0038872031785300676,0.008976137188993493,0.008573912245748922,0.0004370239047713249
158.5,0.7741670135456618,0.1927863435493931,0.019847865093294923,0.007681913325973355,0.004769785389135703,0.0007470790965428895,0.17619232213834166,0.7859849703277259,0.19212520437952915,0.0038916314893333494,0.008981178576894969,0.008579478450360653,0.0004375367761563053
158.60000000000002,0.7740612228435894,0.192870091287157,0.019861073305153087,0.007685938039238654,0.0047737625889496494,0.0007479119359140462,0.1761654519101518,0.7858807687365261,0.19221385552414147,0.0038960617637600428,0.00898621952571915,0.008585044546895813,0.00043804990295736153
158.70000000000002,0.7739554640912645,0.19295380629228137,0.019874281528577325,0.0076899624829494225,0.0047777404456474755,0.0007487451592816857,0.17613858960248727,0.7857765993270786,0.1923024728159677,0.0039004940009480862,0.008991260035859256,0.008590610535044119,0.00043856328510200206
158.8,0.7738497372779268,0.19303748857623784,0.01988748976322167,0.007693986657599009,0.0047817189584898065,0.0007495787665266739,0.17611173521245796,0.7856724620884219,0.1923910562668206,0.0039049282000357187,0.008996300107708065,0.008596176414495706,0.00043907692251775787
158.9,0.7737440423928198,0.19312113815049364,0.019900698008740333,0.007698010563680124,0.004785698126737992,0.0007504127575299149,0.176084888737174,0.7855683570095991,0.19247960588850854,0.0039093643601614885,0.009001339741657892,0.008601742184941148,0.00043959081513218366
159.0,0.7736383794251909,0.19320475502651194,0.019913906264787694,0.0077020342016848485,0.004789677949654106,0.0007512471321723513,0.17605805017374568,0.7854642840796546,0.1925681216928362,0.003913802480464246,0.009006378938100598,0.008607307846071449,0.00044010496287285586
159.10000000000002,0.7735327483642912,0.1932883392157517,0.01992711453101832,0.00770605757210463,0.004793658426500947,0.0007520818903349644,0.17603121951928358,0.7853602432876398,0.192656603691604,0.003918242560083151,0.009011417697427594,0.008612873397578052,0.0004406193656673746
159.20000000000002,0.773427149199376,0.19337189072966765,0.019940322807086935,0.007710080675430285,0.004797639556542033,0.0007529170318987737,0.1760043967708977,0.7852562346226082,0.19274505189660826,0.003922684598157663,0.00901645602002984,0.008618438839152821,0.0004411340234433626
159.3,0.7733215819197045,0.19345540957971036,0.01995353109264845,0.007714103512152002,0.00480162133904161,0.0007537525567448375,0.17597758192569765,0.7851522580736169,0.19283346631964104,0.003927128593827554,0.009021493906297843,0.008624004170488055,0.00044164893612846543
159.4,0.7732160465145393,0.19353889577732622,0.01996673938735793,0.007718126082759339,0.004805603773264641,0.0007545884647542524,0.17595077498079242,0.7850483136297278,0.19292184697249093,0.003931574546232898,0.009026531356621657,0.008629569391276496,0.00044216410365035186
159.5,0.7731105429731475,0.1936223493339574,0.019979947690870605,0.007722148387741226,0.004809586858476811,0.0007554247558081534,0.17592397593329032,0.7849444012800058,0.19301019386694157,0.0039360224545140704,0.00903156837139088,0.008635134501211287,0.00044267952593671266
159.60000000000002,0.7730050712847998,0.1937057702610419,0.01999315600284186,0.0077261704275859685,0.004813570593944527,0.0007562614297877145,0.1758971847802995,0.784840521013519,0.1930985070147733,0.003940472317811757,0.009036604950994665,0.00864069949998603,0.0004431952029152625
159.70000000000002,0.7728996314387707,0.1937891585700136,0.02000636432292722,0.00773019220278124,0.004817554978934911,0.0007570984865741471,0.17587040151892686,0.7847366728193406,0.19318678642776202,0.003944924135266949,0.009041641095821722,0.008646264387294739,0.0004437111345137376
159.8,0.7727942234243387,0.19387251427230223,0.02001957265078236,0.007734213713814091,0.0048215400127158085,0.0007579359260487016,0.17584362614627927,0.7846328566865476,0.1932750321176796,0.003949377906020934,0.009046676806260295,0.008651829162831859,0.00044422732065989865
159.9,0.772688847230786,0.19395583737933342,0.020032780986063113,0.00773823496117095,0.004825525694555782,0.0007587737480926676,0.1758168586594635,0.7845290726042192,0.19336324409629357,0.003953833629215315,0.00905171208269819,0.008657393826292268,0.0004447437612815275
160.0,0.7725835028473987,0.1940391279025287,0.02004598932842542,0.0077422559453376154,0.004829512023724108,0.0007596119525873717,0.17579009905558612,0.7844253205614394,0.19345142237536803,0.003958291303991991,0.009056746925522769,0.008662958377371273,0.00044526045630643004
160.10000000000002,0.7724781902634668,0.19412238585330563,0.02005919767752537,0.007746276666799267,0.004833498999490785,0.0007604505394141801,0.17576334733175347,0.7843216005472962,0.1935395669666625,0.00396275092949317,0.009061781335120929,0.008668522815764591,0.0004457774056624337
160.20000000000002,0.7723729094682836,0.1942056112430777,0.020072406033019168,0.007750297126040456,0.004837486621126519,0.0007612895084544961,0.17573660348507333,0.784217912550881,0.1936276778819326,0.003967212504861366,0.009066815311879136,0.008674087141168388,0.00044629460927739033
160.3,0.7722676604511467,0.19428880408325444,0.020085614394563144,0.0077543173235451145,0.00484147488790274,0.0007621288595897628,0.17570986751265363,0.7841142565612893,0.1937157551329298,0.00397167602923939,0.009071848856183399,0.00867965135327924,0.0004468120670791735
160.4,0.7721624432013571,0.19437196438524143,0.020098822761813746,0.007758337259796553,0.0048454637990915875,0.0007629685927014605,0.17568313941160354,0.7840106325676192,0.19380379873140163,0.0039761415017703665,0.00907688196841929,0.008685215451794162,0.00044732977899567927
160.5,0.7720572577082194,0.1944550921604404,0.020112031134427538,0.0077623569352774585,0.004849453353965916,0.0007638087076711088,0.17565641917903407,0.7839070405589734,0.19389180868909153,0.003980608921597715,0.009081914648971916,0.008690779436410579,0.0004478477449548273
160.60000000000002,0.771952103961042,0.1945381874202492,0.020125239512061202,0.0077663763504699,0.0048534435517992944,0.0007646492043802654,0.17562970681205758,0.7838034805244591,0.1939797850177387,0.003985078287865166,0.009086946898225963,0.008696343306826344,0.0004483659648845595
160.70000000000002,0.7718469819491368,0.19462125017606166,0.020138447894371518,0.00777039550585532,0.0048574343918660005,0.0007654900827105253,0.17560300230778875,0.7836999524531865,0.19406772772907865,0.00398954959971675,0.00909197871656565,0.008701907062739746,0.000448884438712841
160.8,0.7717418916618193,0.19470428043926802,0.02015165628101539,0.007774414401914547,0.004861425873441027,0.0007663313425435234,0.17557630566334492,0.7835964563342692,0.19415563683484227,0.0039940228562968015,0.009097010104374772,0.008707470703849484,0.00044940316636765914
160.9,0.7716368330884086,0.19478727822125455,0.02016486467164982,0.007778433039127787,0.0048654179958000756,0.0007671729837609315,0.17554961687584575,0.7834929921568247,0.19424351234675696,0.003998498056749964,0.009102041062036666,0.008713034229854689,0.00044992214777702435
161.0,0.7715318062182273,0.19487024353340382,0.020178073065931938,0.007782451417974629,0.004869410758219561,0.0007680150062444608,0.17552293594241408,0.7833895599099746,0.1943313542765459,0.004002975200221172,0.00910707158993422,0.0087185976404549,0.0004504413828689693
161.10000000000002,0.7714268110406015,0.1949531763870947,0.020191281463518986,0.007786469538934043,0.004873404159976607,0.0007688574098758606,0.17549626286017575,0.783286159582845,0.19441916263592784,0.004007454285855677,0.0091121016884499,0.008724160935350103,0.00045096087157155026
161.20000000000002,0.771321847544861,0.1950360767937021,0.02020448986406829,0.007790487402484377,0.004877398200349042,0.0007697001945369173,0.17546959762626033,0.7831827911645638,0.194506937436618,0.004011935312799027,0.009117131357965706,0.008729724114240675,0.0004514806138128457
161.3,0.7712169157203388,0.19511894476459735,0.020217698267237336,0.007794505009103367,0.004881392878615408,0.0007705433601094568,0.17544294023780033,0.7830794546442643,0.19459467869032732,0.004016418280197074,0.009122160598863215,0.008735287176827445,0.00045200060952095664
161.4,0.7711120155563717,0.19520178031114796,0.020230906672683697,0.007798522359268128,0.004885388194054951,0.0007713869064753427,0.17541629069193243,0.7829761500110823,0.1946823864087625,0.004020903187195972,0.009127189411523549,0.008740850122811634,0.00045252085862400684
161.5,0.7710071470422996,0.19528458344471772,0.02024411508006509,0.007802539453455161,0.004889384145947627,0.0007722308335164769,0.17538964898579604,0.7828728772541587,0.19477006060362673,0.004025390032942184,0.0091322177963274,0.008746412951894907,0.0004530413610501435
161.60000000000002,0.7709023101674664,0.19536735417666665,0.020257323489039344,0.00780655629214035,0.004893380733574097,0.0007730751411147996,0.1753630151165353,0.7827696363626371,0.19485770128661853,0.0040298788165824655,0.009137245753655005,0.008751975663779329,0.0004535621167275355
161.70000000000002,0.7707975049212192,0.19545009251835097,0.020270531899264425,0.00781057287579896,0.004897377956215725,0.0007739198291522884,0.1753363890812969,0.7826664273256656,0.19494530846943273,0.004034369537263881,0.009142273283886174,0.008757538258167396,0.00045408312558437497
161.8,0.7706927312929088,0.1955327984811231,0.020283740310398427,0.007814589204905645,0.004901375813154581,0.0007747648975109596,0.17530977087723149,0.7825632501323951,0.19503288216375994,0.004038862194133803,0.009147300387400267,0.00876310073476202,0.0004546043875488765
161.9,0.7705879892718894,0.19561547207633176,0.020296948722099587,0.007818605279934441,0.004905374303673442,0.0007756103460728678,0.17528316050149287,0.7824601047719811,0.195120422381287,0.004043356786339895,0.009152327064576225,0.008768663093266528,0.0004551259025492779
162.0,0.7704832788475189,0.1956981133153218,0.020310157134026285,0.007822621101358776,0.0049093734270557856,0.0007764561747201055,0.17525655795123832,0.7823569912335825,0.19520792913369647,0.004047853313030132,0.009157353315792524,0.008774225333384672,0.00045564767051383873
162.10000000000002,0.7703786000091584,0.1957807222094342,0.020323365545837045,0.007826636669651459,0.004913373182585792,0.0007773023833348033,0.17522996322362766,0.7822539095063616,0.19529540243266677,0.0040523517733527855,0.009162379141427212,0.00877978745482061,0.00045616969137084185
162.20000000000002,0.7702739527461728,0.19586329877000613,0.02033657395719053,0.007830651985284685,0.0049173735695483434,0.0007781489717991293,0.17520337631582367,0.7821508595794856,0.19538284228987268,0.004056852166456434,0.009167404541857906,0.008785349457278928,0.00045669196504859253
162.3,0.7701693370479309,0.19594584300837084,0.02034978236774556,0.007834667048730039,0.004921374587229023,0.0007789959399952905,0.17517679722499171,0.7820478414421234,0.19547024871698454,0.004061354491489953,0.009172429517461778,0.008790911340464615,0.0004572144914754192
162.4,0.7700647529038047,0.19602835493585768,0.020362990777161114,0.007838681860458495,0.0049253762349141155,0.0007798432878055315,0.17515022594829946,0.78194485508345,0.19555762172566885,0.004065858747602529,0.00917745406861557,0.008796473104083095,0.0004577372705796718
162.5,0.76996020030317,0.1961108345637921,0.02037619918509632,0.007842696420940412,0.004929378511890603,0.0007806910151121348,0.17512366248291616,0.7818419004926427,0.19564496132758796,0.004070364933943639,0.00918247819569558,0.008802034747840182,0.00045826030228972417
162.60000000000002,0.7698556792354063,0.19619328190349564,0.020389407591210475,0.007846710730645547,0.004933381417446169,0.0007815391217974216,0.1750971068260136,0.7817389776588826,0.19573226753440048,0.004074873049663069,0.009187501899077672,0.008807596271442127,0.0004587835865339721
162.70000000000002,0.7697511896898969,0.1962756969662857,0.02040261599516301,0.007850724790043038,0.004937384950869193,0.00078238760774375,0.1750705589747643,0.7816360865713547,0.19581954035776056,0.0040793830939109075,0.009192525179137278,0.008813157674595585,0.000459307123240834
162.8,0.7696467316560285,0.19635807976347588,0.02041582439661354,0.007854738599601417,0.004941389111448752,0.0007832364728335171,0.17504401892634258,0.7815332272192482,0.19590677980931853,0.004083895065837538,0.009197548036249401,0.008818718957007622,0.00045983091233875104
162.9,0.7695423051231916,0.19644043030637576,0.020429032795221833,0.007858752159788611,0.004945393898474623,0.0007840857169491579,0.1750174866779235,0.781430399591755,0.19599398590072084,0.004088408964593654,0.009202570470788592,0.008824280118385727,0.0004603549537561869
163.0,0.7694379100807806,0.19652274860629085,0.020442241190647817,0.007862765471071937,0.004949399311237275,0.0007849353399731451,0.1749909622266832,0.7813276036780716,0.19608115864360964,0.004092924789330245,0.009207592483128985,0.008829841158437787,0.000460879247421628
163.10000000000002,0.7693335465181934,0.19660503467452267,0.020455449582551577,0.007866778533918107,0.0049534053490278744,0.0007857853417879895,0.17496444556979812,0.781224839467398,0.19616829804962324,0.0040974425391986005,0.009212614073644274,0.008835402076872117,0.00046140379326358344
163.20000000000002,0.7692292144248318,0.19668728852236866,0.020468657970593353,0.007870791348793224,0.00495741201113828,0.0007866357222762398,0.17493793670444577,0.7811221069489379,0.1962554041303958,0.0041019622133503155,0.00921763524270772,0.008840962873397439,0.0004619285912105845
163.3,0.7691249137901014,0.19676951016112232,0.020481866354433546,0.007874803916162788,0.004961419296861048,0.0007874864813204835,0.17491143562780354,0.7810194061118987,0.19634247689755766,0.004106483810937285,0.00922265599069215,0.008846523547722878,0.0004624536411911855
163.4,0.7690206446034114,0.19685169960207308,0.02049507473373271,0.007878816236491696,0.004965427205489424,0.0007883376188033452,0.17488494233704951,0.7809167369454918,0.19642951636273467,0.004111007331111706,0.009227676317969963,0.00885208409955798,0.0004629789431339628
163.5,0.7689164068541747,0.19693385685650627,0.020508283108151542,0.007882828310244238,0.004969435736317346,0.0007891891346074878,0.17485845682936202,0.7808140994389313,0.19651652253754925,0.00411553277302607,0.009232696224913128,0.008857644528612697,0.00046350449696751586
163.60000000000002,0.7688122005318082,0.19701598193570335,0.02052149147735091,0.007886840137884106,0.004973444888639448,0.0007900410286156131,0.1748319791019192,0.7807114935814361,0.19660349543361932,0.00412006013583318,0.009237715711893177,0.008863204834597386,0.0004640303026204664
163.70000000000002,0.7687080256257324,0.19709807485094158,0.020534699840991804,0.007890851719874388,0.004977454661751049,0.0007908933007104595,0.17480550915189988,0.7806089193622291,0.1966904350625594,0.00412458941868613,0.009242734779281211,0.008868765017222826,0.0004645563600214589
163.8,0.7686038821253713,0.1971801356134944,0.020547908198735372,0.00789486305667757,0.004981465054948163,0.0007917459507748045,0.17477904697648355,0.780506376770535,0.19677734143597916,0.004129120620738319,0.009247753427447918,0.00887432507620019,0.00046508266909916
163.9,0.7684997700201531,0.1972621642346311,0.020561116550242894,0.007898874148755541,0.004985476067527491,0.0007925989786914631,0.17475259257284925,0.7804038657955845,0.1968642145654849,0.004133653741143447,0.009252771656763525,0.008879885011241075,0.00046560922978225943
164.0,0.7683956892995094,0.19734416072561714,0.020574324895175793,0.007902884996569588,0.004989487698786424,0.0007934523843432889,0.17472614593817704,0.7803013864266112,0.1969510544626786,0.004138188779055514,0.009257789467597862,0.008885444822057468,0.000466136041999469
164.10000000000002,0.7682916399528754,0.197426125097714,0.02058753323319563,0.007906895600580404,0.004993499948023042,0.0007943061676131736,0.17469970706964782,0.7801989386528512,0.19703786113915828,0.004142725733628815,0.009262806860320315,0.008891004508361784,0.0004666631056795231
164.20000000000002,0.7681876219696903,0.19750805736217908,0.02060074156396409,0.007910905961248077,0.004997512814536109,0.0007951603283840458,0.17467327596444288,0.7800965224635463,0.19712463460651797,0.004147264604017955,0.00926782383529984,0.00889656406986682,0.0004671904207511788
164.3,0.7680836353393966,0.19758995753026598,0.02061394988714299,0.007914916079032105,0.005001526297625078,0.0007960148665388733,0.17464685261974475,0.7799941378479404,0.19721137487634777,0.004151805389377833,0.009272840392904972,0.008902123506285813,0.0004677179871432159
164.4,0.7679796800514407,0.1976718256132244,0.020627158202394285,0.007918925954391389,0.005005540396590092,0.0007968697819606617,0.17462043703273694,0.7798917847952821,0.1972980819602336,0.004156348088863648,0.009277856533503808,0.008907682817332369,0.00046824580478443587
164.5,0.7678757560952727,0.19775366162230015,0.02064036650938004,0.007922935587784232,0.005009555110731971,0.0007977250745324541,0.17459402920060454,0.779789463294823,0.19738475586975768,0.0041608927016308994,0.00928287225746404,0.00891324200272052,0.00046877387360366344
164.60000000000002,0.767771863460346,0.19783546556873519,0.02065357480776246,0.007926944979668346,0.005013570439352229,0.0007985807441373325,0.17456762912053392,0.7796871733358193,0.1974713966164978,0.004165439226835387,0.009287887565152914,0.00891880106216471,0.000469302193529746
164.70000000000002,0.7676680021361179,0.1979172374637675,0.02066678309720385,0.007930954130500845,0.0050175863817530555,0.0007994367906584155,0.17454123678971328,0.7795849149075301,0.19755800421202807,0.004169987663633211,0.00929290245693726,0.008924359995379766,0.0004698307644915528
164.8,0.767564172112049,0.19799897731863142,0.020679991377366664,0.007934963040738255,0.00502160293723733,0.0008002932139788611,0.17451485220533292,0.7794826879992187,0.19764457866791826,0.0041745380111807675,0.009297916933183471,0.008929918802080944,0.00047035958641797543
164.9,0.7674603733776038,0.19808068514455734,0.020693199647913465,0.007938971710836506,0.005025620105108614,0.0008011500139818644,0.17448847536458476,0.7793804926001514,0.19773111999573473,0.004179090268634761,0.009302930994257533,0.008935477481983882,0.00047088865923792893
165.0,0.7673566059222499,0.19816236095277193,0.020706407908506932,0.007942980141250939,0.005029637884671148,0.0008020071905506587,0.17446210626466332,0.7792783286995987,0.19781762820703921,0.004183644435152183,0.009307944640524998,0.008941036034804627,0.00047141798288034966
165.10000000000002,0.7672528697354589,0.198244004754498,0.020719616158809878,0.007946988332436303,0.005033656275229857,0.000802864743568515,0.1744357449027654,0.7791761962868352,0.1979041033133897,0.004188200509890329,0.009312957872350987,0.008946594460259636,0.0004719475572741973
165.20000000000002,0.7671491648067059,0.19832561656095457,0.020732824398485228,0.007950996284846754,0.005037675276090344,0.0008037226729187418,0.17440939127609048,0.7790740953511386,0.1979905453263404,0.004192758492006803,0.009317970690100218,0.008952152758065768,0.00047247738234845363
165.3,0.7670454911254692,0.19840719638335694,0.020746032627196043,0.007955003998935862,0.005041694886558895,0.0008045809784846861,0.17438304538184018,0.7789720258817899,0.1980769542574412,0.004197318380659493,0.009322983094136966,0.008957710927940276,0.00047300745803212287
165.4,0.7669418486812307,0.19848874423291657,0.0207592408446055,0.007959011475156605,0.0050457151059424745,0.0008054396601497323,0.1743567072172192,0.7788699878680754,0.19816333011823783,0.004201880175006597,0.009327995084825092,0.00896326896960082,0.0004735377842542317
165.5,0.7668382374634761,0.19857026012084117,0.0207724490503769,0.007963018713961377,0.005049735933548727,0.0008062987177973026,0.17433037677943478,0.7787679812992834,0.19824967292027273,0.004206443874206604,0.009333006662528037,0.008968826882765452,0.00047406836094382893
165.60000000000002,0.7667346574616944,0.19865174405833474,0.020785657244173687,0.007967025715801978,0.005053757368685973,0.0008071581513108572,0.17430405406569663,0.7786660061647064,0.1983359826750837,0.00421100947741831,0.009338017827608815,0.008974384667152634,0.0004745991880299868
165.70000000000002,0.7666311086653782,0.19873319605659734,0.020798865425659414,0.00797103248112962,0.005057779410663211,0.0008080179605738931,0.1742777390732177,0.7785640624536412,0.1984222593942048,0.004215576983800804,0.009343028580430032,0.00897994232248123,0.0004751302654417985
165.8,0.7665275910640235,0.19881461612682536,0.020812073594497785,0.007975039010394933,0.0050618020587901175,0.0008088781454699458,0.1742514317992133,0.7784621501553878,0.19850850308916598,0.004220146392513475,0.009348038921353852,0.008985499848470493,0.000475661593108381
165.9,0.76642410464713,0.19889600428021137,0.02082528175035263,0.00797904530404796,0.005065825312377045,0.0008097387058825882,0.1742251322409012,0.7783602692592494,0.19859471377149354,0.004224717702716006,0.00935304885074204,0.008991057244840084,0.0004761931709588726
166.0,0.7663206494042009,0.19897736052794418,0.020838489892887915,0.007983051362538154,0.005069849170735022,0.0008105996416954311,0.17419884039550246,0.7782584197545339,0.19868089145270937,0.004229290913568389,0.00935805836895593,0.00899661451131006,0.0004767249989224346
166.10000000000002,0.7662172253247428,0.19905868488120876,0.020851698021767753,0.007987057186314386,0.005073873633175751,0.0008114609527921223,0.1741725562602396,0.7781566016305521,0.19876703614433125,0.004233866024230904,0.009363067476356438,0.009002171647600872,0.0004772570769282506
166.20000000000002,0.7661138323982661,0.1991399773511862,0.02086490613665638,0.00799106277582494,0.005077898699011607,0.000812322639056347,0.17414627983233835,0.778054814876619,0.19885314785787386,0.004238443033864136,0.009368076173304068,0.009007728653433371,0.00047778940490552675
166.3,0.7660104706142846,0.19922123794905378,0.02087811423721819,0.007995068131517513,0.005081924367555642,0.0008131847003718285,0.17412001110902603,0.7779530594820528,0.19893922660484684,0.004243021941628962,0.009373084460158896,0.009013285528528812,0.00047832198278349074
166.4,0.7659071399623156,0.19930246668598503,0.02089132232311771,0.007999073253839225,0.005085950638121577,0.0008140471366223274,0.1740937500875324,0.7778513354361762,0.19902527239675666,0.00424760274668656,0.009378092337280588,0.009018842272608834,0.00047885481049139396
166.5,0.7658038404318803,0.19938366357314954,0.020904530394019624,0.008003078143236609,0.005089977510023809,0.000814909947691642,0.1740674967650893,0.777749642728314,0.19911128524510513,0.004252185448198408,0.009383099805028392,0.009024398885395477,0.0004793878879585087
166.60000000000002,0.7657005720125031,0.19946482862171305,0.020917738449588757,0.008007082800155612,0.005094004982577404,0.0008157731334636078,0.17404125113892985,0.7776479813477964,0.19919726516139072,0.0042567700453262775,0.00938810686376113,0.009029955366611185,0.00047992121511413106
166.70000000000002,0.7655973346937123,0.1995459618428374,0.020930946489490076,0.0080110872250416,0.005098033055098099,0.0008166366938220972,0.17401501320628934,0.7775463512839565,0.19928321215710745,0.00426135653723224,0.00939311351383722,0.009035511715978786,0.0004804547918875784
166.8,0.7654941284650396,0.19962706324768062,0.020944154513388703,0.00801509141833936,0.005102061726902301,0.0008175006286510212,0.17398878296440415,0.7774447525261315,0.19936912624374567,0.0042659449230786645,0.009398119755614665,0.009041067933221509,0.0004809886182081907
166.9,0.7653909533160205,0.19970813284739672,0.020957362520949905,0.008019095380493094,0.005106090997307087,0.0008183649378343276,0.17396256041051242,0.777343185063661,0.1994550074327914,0.0042705352020282195,0.009403125589451044,0.009046624018062973,0.0004815226940053305
167.0,0.765287809236194,0.19978917065313595,0.020970570511839103,0.008023099111946428,0.005110120865630203,0.0008192296212560018,0.1739363455418532,0.7772416488858899,0.19954085573572714,0.004275127373243863,0.00940813101570352,0.0090521799702272,0.00048205701920838264
167.10000000000002,0.7651846962151028,0.19987017667604454,0.02098377848572186,0.008027102613142403,0.005114151331190061,0.0008200946788000667,0.17391013835566677,0.7771401439821661,0.19962667116403088,0.00427972143588886,0.009413136034728846,0.009057735789438595,0.00048259159374675406
167.20000000000002,0.7650816142422932,0.19995115092726481,0.020996986442263884,0.008031105884523479,0.005118182393305741,0.000820960110350582,0.17388393884919448,0.7770386703418403,0.19971245372917737,0.004284317389126766,0.00941814064688337,0.00906329147542196,0.00048312641754987375
167.3,0.7649785633073152,0.20003209341793526,0.021010194381131036,0.008035108926531545,0.005122214051296991,0.0008218259157916458,0.17385774701967827,0.7769372279542691,0.1997982034426367,0.004288915232121435,0.009423144852523012,0.009068847027902492,0.0004836614905471944
167.4,0.7648755433997224,0.2001130041591904,0.02102340230198932,0.008039111739607904,0.005126246304484223,0.0008226920950073931,0.17383156286436183,0.7768358168088104,0.19988392031587524,0.004293514964037023,0.009428148652003285,0.009074402446605775,0.0004841968126681889
167.5,0.7647725545090721,0.20019388316216083,0.02103661020450489,0.008043114324193286,0.005130279152188515,0.0008235586478819963,0.17380538638048848,0.776734436894827,0.19996960436035555,0.004298116584037972,0.009433152045679289,0.009079957731257785,0.00048473238384235404
167.60000000000002,0.7646695966249252,0.20027473043797328,0.021049818088344045,0.008047116680727839,0.005134312593731612,0.0008244255742996657,0.17377921756530307,0.7766330882016852,0.20005525558753598,0.004302720091289031,0.009438155033905713,0.009085512881584896,0.0004852682039992082
167.70000000000002,0.7645666697368462,0.20035554599775052,0.021063025953173213,0.008051118809651139,0.005138346628435917,0.0008252928741446483,0.17375305641605107,0.7765317707187548,0.20014087400887107,0.004307325484955242,0.009443157617036835,0.009091067897313863,0.0004858042730682924
167.8,0.7644637738344033,0.20043632985261137,0.021076233798658972,0.008055120711402184,0.0051423812556244996,0.0008261605473012291,0.1737269029299785,0.7764304844354093,0.20022645963581137,0.00431193276420194,0.009448159795426517,0.009096622778171842,0.00048634059097916977
167.9,0.7643609089071685,0.20051708201367086,0.021089441624468044,0.008059122386419398,0.005146416474621094,0.0008270285936537307,0.17370075710433233,0.776329229341026,0.20031201247980338,0.004316541928194763,0.009453161569428216,0.00910217752388637,0.0004868771576614254
168.0,0.7642580749447169,0.20059780249204012,0.02110264943026728,0.00806312383514063,0.005150452284750093,0.000827897013086513,0.17367461893636058,0.7762280054249854,0.20039753255228981,0.0043211529760996395,0.00945816293939498,0.009107732134185377,0.00048741397304466726
168.10000000000002,0.7641552719366278,0.20067849129882637,0.021115857215723677,0.00806712505800316,0.005154488685336553,0.0008287658054839733,0.17364848842331157,0.7761268126766726,0.2004830198647092,0.0043257659070827965,0.00946316390567944,0.009113286608797174,0.00048795103705852485
168.20000000000002,0.7640524998724839,0.20075914844513285,0.021129064980504344,0.008071126055443682,0.005158525675706185,0.0008296349707305461,0.17362236556243524,0.7760256510854758,0.20056847442849637,0.00433038072031076,0.009468164468633822,0.00911884094745048,0.0004884883496326509
168.3,0.7639497587418714,0.2008397739420591,0.021142272724276545,0.008075126827898333,0.005162563255185368,0.0008305045087107037,0.17359625035098197,0.7759245206407867,0.200653896255082,0.004334997414950348,0.009473164628609943,0.00912439514987438,0.0004890259106967191
168.4,0.7638470485343802,0.20092036780070077,0.021155480446707668,0.008079127375802672,0.005166601423101135,0.000831374419308956,0.17357014278620392,0.7758234213320004,0.20073928535589286,0.004339615990168672,0.009478164385959215,0.009129949215798357,0.0004895637201804264
168.5,0.7637443692396039,0.2010009300321497,0.02116868814746524,0.008083127699591687,0.005170640178781179,0.0008322447024098504,0.17354404286535377,0.7757223531485163,0.20082464174235182,0.004344236445133145,0.009483163741032632,0.009135503144952286,0.0004901017780134917
168.60000000000002,0.7636417208471391,0.2010814606474938,0.021181895826216903,0.008087127799699797,0.005174679521553852,0.0008331153578979716,0.1735179505856861,0.7756213160797378,0.20090996542587777,0.004348858779011475,0.00948816269418079,0.009141056937066416,0.000490640084125656
168.70000000000002,0.7635391033465869,0.20116195965781722,0.02119510348263043,0.008091127676560853,0.00517871945074816,0.0008339863856579416,0.1734918659444566,0.7755203101150707,0.2009952564178856,0.004353482990971662,0.009493161245753877,0.00914661059187139,0.0004911786384466822
168.8,0.7634365167275511,0.20124242707420031,0.021208311116373724,0.00809512733060813,0.005182759965693768,0.0008348577855744199,0.1734657889389227,0.7754193352439253,0.20108051472978639,0.004358109080182006,0.009498159396101675,0.009152164109098238,0.0004917174409063565
168.9,0.7633339609796396,0.2013228629077196,0.02122151872711482,0.008099126762274348,0.0051868010657209985,0.0008357295575321038,0.17343971956634327,0.7753183914557157,0.20116574037298704,0.004362737045811096,0.009503157145573544,0.009157717488478365,0.0004922564914344858
169.0,0.7632314360924635,0.2014032671694479,0.021234726314521876,0.008103125971991651,0.005190842750160824,0.0008366017014157279,0.17341365782397908,0.7752174787398585,0.20125093335889072,0.004367366887027823,0.00950815449451847,0.009163270729743583,0.0004927957899609003
169.10000000000002,0.7631289420556375,0.20148363987045412,0.02124793387826318,0.00810712496019162,0.0051948850183448775,0.000837474217110064,0.17338760370909276,0.7751165970857754,0.20133609369889666,0.00437199860300137,0.009513151443285,0.009168823832626054,0.000493335336415452
169.20000000000002,0.7630264788587802,0.20156398102180342,0.021261141418007137,0.008111123727305264,0.0051989278696054405,0.0008383471044999212,0.17336155721894872,0.7750157464828911,0.20142122140439989,0.004376632192901212,0.009518147992221296,0.009174376796858355,0.0004938751307280152
169.3,0.7629240464915131,0.2016442906345573,0.021274348933422293,0.008115122273763039,0.0052029713032754514,0.0008392203634701465,0.17333551835081343,0.7749149269206338,0.20150631648679174,0.004381267655897127,0.00952314414167512,0.00917992962217344,0.0004944151728284861
169.4,0.7628216449434617,0.20172456871977337,0.02128755642417731,0.008119120599994827,0.005207015318688501,0.0008400939939056237,0.1733094871019553,0.7748141383884356,0.2015913789574598,0.004385904991159183,0.009528139891993814,0.009185482308304632,0.000494955462646784
169.5,0.7627192742042548,0.20180481528850552,0.02130076388994099,0.00812311870642995,0.005211059915178831,0.0008409679956912744,0.17328346346964477,0.7747133808757322,0.2016764088277871,0.004390544197857739,0.009533135243524329,0.009191034854985645,0.0004954960001128484
169.60000000000002,0.7626169342635246,0.20188503035180388,0.02131397133038226,0.008127116593497167,0.005215105092081335,0.0008418423687120573,0.17325744745115482,0.7746126543719627,0.20176140610915314,0.004395185275163455,0.0095381301966132,0.009196587261950577,0.000496036785156643
169.70000000000002,0.7625146251109072,0.2019652139207148,0.021327178745170174,0.008131114261624672,0.005219150848731557,0.0008427171128529681,0.17323143904375987,0.7745119588665703,0.20184637081293358,0.004399828222247284,0.009543124751606576,0.009202139528933907,0.0004965778177081526
169.8,0.7624123467360417,0.20204536600628079,0.021340386133973915,0.0081351117112401,0.005223197184465691,0.00084359222799904,0.17320543824473716,0.7744112943490018,0.20193130295049996,0.004404473038280472,0.009548118908850193,0.0092076916556705,0.0004971190976973842
169.9,0.7623100991285713,0.20212548661954072,0.021353593496462805,0.008139108942770527,0.005227244098620581,0.0008444677140353437,0.1731794450513654,0.7743106608087065,0.20201620253321978,0.004409119722434557,0.009553112668689391,0.009213243641895583,0.0004976606250543676
170.0,0.7622078822781422,0.20220557577152962,0.021366800832306306,0.008143105956642464,0.005231291590533721,0.0008453435708469868,0.17315345946092575,0.7742100582351387,0.2021010695724569,0.00441376827388138,0.009558106031469097,0.009218795487344781,0.0004982023997091534
170.10000000000002,0.7621056961744043,0.2022856334732788,0.021380008141174005,0.008147102753281866,0.005235339659543251,0.0008462197983191144,0.17312748147070145,0.774109486617756,0.2021859040795711,0.004418418691793066,0.009563098997533857,0.009224347191754103,0.0004987444215918158
170.20000000000002,0.762003540807011,0.20236565973581563,0.02139321542273562,0.00815109933311412,0.005239388304987957,0.0008470963963369079,0.17310151107797767,0.7740089459460197,0.20227070606591818,0.00442307097534204,0.009568091567227797,0.009229898754859921,0.0004992866906324499
170.3,0.7619014161656195,0.20244565457016386,0.021406422676661017,0.008155095696564066,0.005243437526207276,0.0008479733647855868,0.17307554828004135,0.7739084362093941,0.20235547554285005,0.004427725123701019,0.00957308374089466,0.009235450176398994,0.0004998292067611743
170.4,0.76179932223989,0.20252561798734342,0.021419629902620196,0.008159091844055982,0.005247487322541289,0.0008488507035504073,0.17304959307418166,0.7738079573973476,0.20244021252171485,0.0044323811360430145,0.009578075518877781,0.009241001456108459,0.0005003719699081278
170.5,0.7616972590194867,0.20260554999837033,0.021432837100283295,0.008163087776013586,0.005251537693330722,0.0008497284125166628,0.17302364545768892,0.7737075094993529,0.20252491701385641,0.0044370390115413315,0.009583066901520096,0.009246552593725829,0.000500914980003473
170.60000000000002,0.761595226494077,0.202685450614257,0.0214460442693206,0.008167083492860043,0.0052555886379169504,0.0008506064915696839,0.17299770542785617,0.7736070925048847,0.20260958903061502,0.00444169874936957,0.009588057889164146,0.009252103588989,0.0005014582369773936
170.70000000000002,0.7614932246533321,0.20276531984601182,0.02145925140940252,0.008171078995017955,0.005259640155641985,0.0008514849405948375,0.17297177298197713,0.773506706403423,0.20269422858332695,0.0044463603487016196,0.009593048482152061,0.009257654441636239,0.000502001740760096
170.8,0.7613912534869267,0.20284515770463948,0.02147245852019962,0.008175074282909372,0.005263692245848486,0.0008523637594775281,0.17294584811734762,0.7734063511844506,0.20277883568332436,0.004451023808711666,0.009598038680825599,0.009263205151406195,0.0005025454912818081
170.9,0.7612893129845391,0.20292496420114087,0.021485665601382598,0.00817906935695579,0.005267744907879757,0.0008532429481031974,0.17291993083126495,0.7733060268374529,0.20286341034193578,0.00445568912857419,0.009603028485526098,0.009268755718037891,0.00050308948847278
171.0,0.7611874031358508,0.203004739346513,0.0214988726526223,0.008183064217578149,0.005271798141079742,0.0008541225063573238,0.17289402112102756,0.7732057333519218,0.2029479525704856,0.004460356307463967,0.009608017896594505,0.009274306141270724,0.0005036337322632842
171.10000000000002,0.7610855239305472,0.2030844831517491,0.021512079673589705,0.008187058865196835,0.005275851944793029,0.0008550024341254228,0.17286811898393525,0.7731054707173499,0.2030324623802944,0.004465025344556056,0.009613006914371384,0.009279856420844472,0.0005041782225836153
171.20000000000002,0.7609836753583172,0.20316419562783847,0.021525286663955933,0.008191053300231677,0.0052799063183648414,0.0008558827312930464,0.17284222441728975,0.7730052389232351,0.20311693978267886,0.004469696239025819,0.009617995539196877,0.009285406556499277,0.0005047229593640891
171.3,0.7608818574088534,0.20324387678576672,0.021538493623392253,0.008195047523101956,0.005283961261141049,0.0008567633977457842,0.1728163374183929,0.7729050379590778,0.20320138478895158,0.004474368990048903,0.009622983771410758,0.009290956547975668,0.0005052679425350445
171.4,0.7607800700718517,0.20332352663651557,0.021551700551570074,0.0081990415342264,0.005288016772468159,0.0008576444333692624,0.1727904579845487,0.7728048678143836,0.20328579741042138,0.004479043596801261,0.009627971611352391,0.009296506395014541,0.0005058131720268417
171.5,0.7606783133370117,0.20340314519106287,0.021564907448160937,0.008203035334023178,0.005292072851693317,0.0008585258380491441,0.1727645861130616,0.7727047284786601,0.20337017765839321,0.004483720058459121,0.009632959059360749,0.009302056097357169,0.0005063586477698631
171.60000000000002,0.7605765871940365,0.20348273246038273,0.021578114312836537,0.008207028922909919,0.005296129498164309,0.0008594076116711302,0.1727387218012376,0.7726046199414186,0.20345452554416812,0.004488398374199018,0.009637946115774407,0.009307605654745192,0.0005069043696945134
171.70000000000002,0.7604748916326329,0.20356228845544533,0.021591321145268683,0.008211022301303687,0.005300186711229555,0.0008602897541209566,0.1727128650463835,0.7725045421921759,0.20353884107904305,0.004493078543197773,0.009642932780931554,0.009313155066920632,0.000507450337731219
171.8,0.7603732266425113,0.2036418131872171,0.02160452794512934,0.008215015469621008,0.005304244490238116,0.000861172265284398,0.17268701584580715,0.7724044952204502,0.20362312427431123,0.004497760564632499,0.009647919055169984,0.009318704333625883,0.0005079965518104283
171.9,0.7602715922133851,0.2037213066666606,0.02161773471209061,0.008219008428277852,0.0053083028345396865,0.000862055145047265,0.1726611741968175,0.7723044790157639,0.20370737514126197,0.004502444437680606,0.009652904938827093,0.009324253454603698,0.0005085430118626119
172.0,0.7601699883349722,0.20380076890473459,0.02163094144582472,0.008223001177689641,0.005312361743484597,0.0008629383932954054,0.17263534009672477,0.7722044935676443,0.20379159369118055,0.00450713016151979,0.009657890432239882,0.009329802429597214,0.0005090897178182623
172.10000000000002,0.7600684149969933,0.20388019991239406,0.021644148146004055,0.008226993718271252,0.005316421216423816,0.0008638220099147045,0.1726095135428398,0.7721045388656209,0.20387577993534836,0.004511817735328044,0.009662875535744976,0.00933535125834993,0.0005096366696078938
172.20000000000002,0.7599668721891729,0.2039595997005901,0.021657354812301095,0.008230986050437006,0.005320481252708943,0.0008647059947910832,0.17258369453247518,0.7720046148992269,0.20395993388504324,0.00451650715828365,0.009667860249678596,0.00934089994060573,0.0005101838671620434
172.3,0.759865359901239,0.20403896828027013,0.02167056144438849,0.008234978174600683,0.0053245418516922145,0.0008655903478105004,0.17255788306294403,0.771904721658,0.2040440555515384,0.004521198429565186,0.009672844574376574,0.009346448476108854,0.0005107313104112688
172.4,0.7597638781229235,0.20411830566237765,0.021683768041939003,0.008238970091175513,0.005328603012726496,0.0008664750688589514,0.17253207913156093,0.7718048591314804,0.20412814494610398,0.004525891548351516,0.009677828510174352,0.00935199686460392,0.0005112789992861508
172.5,0.7596624268439611,0.20419761185785243,0.021696974604625534,0.008242961800574183,0.005332664735165291,0.0008673601578224685,0.1725062827356418,0.7717050273092128,0.20421220208000554,0.0045305865138218,0.009682812057406981,0.009357545105835904,0.0005118269337172916
172.60000000000002,0.7595610060540907,0.2042768868776305,0.021710181132121118,0.008246953303208836,0.005336727018362733,0.0008682456145871214,0.17248049387250344,0.7716052261807445,0.2042962269645053,0.0045352833251554895,0.00968779521640913,0.00936309319955017,0.0005123751136353156
172.70000000000002,0.7594596157430544,0.204356130732644,0.02172338762409891,0.008250944599491062,0.005340789861673582,0.0008691314390390157,0.17245471253946437,0.7715054557356283,0.20438021961086117,0.004539981981532324,0.009692777987515066,0.00936864114549243,0.0005129235389708687
172.8,0.7593582559005979,0.20443534343382141,0.021736594080232204,0.008254935689831912,0.005344853264453235,0.0008700176310642946,0.17242893873384413,0.771405715963418,0.20446418003032724,0.004544682482132341,0.009697760371058675,0.009374188943408777,0.0005134722096546196
172.9,0.7592569265164705,0.20451452499208742,0.02174980050019442,0.008258926574641893,0.005348917226057716,0.0008709041905491378,0.17240317245296402,0.771306006853674,0.204548108234154,0.004549384826135863,0.009702742367373457,0.009379736593045668,0.0005140211256172581
173.0,0.7591556275804245,0.20459367541836293,0.021763006883659106,0.00826291725433097,0.00535298174584368,0.0008717911173797623,0.17237741369414672,0.7712063283959569,0.20463200423358766,0.004554089012723505,0.009707723976792515,0.00938528409414993,0.000514570286789496
173.10000000000002,0.7590543590822165,0.20467279472356514,0.021776213230299945,0.008266907729308564,0.00535704682316841,0.0008726784114424218,0.17235166245471611,0.7711066805798338,0.2047158680398707,0.0045587950410761755,0.009712705199648576,0.009390831446468744,0.0005151196931020677
173.20000000000002,0.7589531210116061,0.20475188291860744,0.021789419539790737,0.008270897999983554,0.005361112457389816,0.0008735660726234066,0.1723259187319983,0.7710070633948737,0.2047996996642419,0.004563502910375072,0.009717686036273966,0.009396378649749678,0.0005156693444857285
173.3,0.7588519133583563,0.20483094001439953,0.021802625811805428,0.00827488806676428,0.005365178647866437,0.0008744541008090442,0.1723001825233203,0.7709074768306501,0.2048834991179357,0.004568212619801685,0.00972266648700064,0.009401925703740653,0.000516219240871257
173.4,0.758750736112234,0.2049099660218473,0.021815832046018075,0.008278877930058538,0.005369245393957439,0.0008753424958856986,0.1722744538260112,0.7708079208767393,0.2049672664121832,0.00457292416853779,0.009727646552160159,0.009407472608189955,0.0005167693821894519
173.5,0.7586495892630092,0.20498896095185298,0.021829038242102878,0.008282867590273586,0.005373312695022613,0.0008762312577397708,0.17224873263740173,0.7707083955227223,0.20505100155821132,0.004577637555765467,0.009732626232083695,0.009413019362846236,0.0005173197683711353
173.60000000000002,0.7585484728004556,0.20506792481531505,0.021842244399734166,0.008286857047816149,0.00537738055042238,0.0008771203862576991,0.17222301895482417,0.7706089007581824,0.20513470456724275,0.004582352780667068,0.00973760552710204,0.009418565967458515,0.0005178703993471502
173.70000000000002,0.7584473867143503,0.20514685762312818,0.021855450518586388,0.008290846303092401,0.005381448959517779,0.0008780098813259575,0.1721973127756125,0.7705094365727073,0.2052183754504972,0.0045870698424252485,0.009742584437545602,0.009424112421776175,0.0005184212750483625
173.8,0.758346330994474,0.20522575938618337,0.02186865659833413,0.008294835356507987,0.005385517921670477,0.0008788997428310575,0.1721716140971028,0.7704100029558884,0.20530201421918973,0.00459178874022295,0.009747562963744398,0.009429658725548962,0.0005189723954056591
173.9,0.7582453056306108,0.2053046301153679,0.021881862638652116,0.008298824208468013,0.005389587436242768,0.0008797899706595475,0.1721459229166325,0.7703105998973201,0.2053856208845316,0.0045965094732434075,0.009752541106028063,0.009435204878526983,0.0005195237603499485
174.0,0.7581443106125481,0.20538346982156527,0.02189506863921519,0.008302812859377047,0.005393657502597565,0.0008806805646980122,0.17212023923154077,0.7702112273866007,0.20546919545773054,0.004601232040670144,0.009757518864725857,0.009440750880460718,0.0005200753698121626
174.10000000000002,0.7580433459300769,0.20546227851565527,0.02190827459969834,0.008306801309639122,0.005397728120098404,0.0008815715248330735,0.1720945630391686,0.7701118854133323,0.20555273794999013,0.004605956441686966,0.009762496240166644,0.009446296731100987,0.0005206272237232531
174.20000000000002,0.757942411572992,0.2055410562085139,0.02192148051977668,0.008310789559657734,0.005401799288109444,0.0008824628509513894,0.17206889433685865,0.7700125739671196,0.20563624837251032,0.004610682675477983,0.00976747323267892,0.009451842430198995,0.0005211793220141953
174.3,0.7578415075310914,0.20561980291101348,0.021934686399125453,0.008314777609835847,0.005405871005995464,0.000883354542939655,0.1720432331219553,0.7699132930375728,0.20571972673648675,0.004615410741227588,0.009772449842590784,0.009457387977506304,0.0005217316646159854
174.4,0.7577406337941763,0.20569851863402253,0.021947892237420046,0.008318765460575889,0.005409943273121866,0.000884246600684602,0.1720175793918046,0.7698140426143036,0.2058031730531118,0.00462014063812046,0.009777426070229958,0.009462933372774825,0.0005222842514596417
174.5,0.757639790352052,0.20577720338840585,0.02196109803433598,0.008322753112279752,0.005414016088854669,0.000885139024072999,0.1719919331437539,0.7697148226869287,0.20588658733357318,0.004624872365341574,0.00978240191592379,0.009468478615756845,0.000522837082476204
174.60000000000002,0.7575389771945268,0.20585585718502458,0.02197430378954891,0.008326740565348802,0.005418089452560517,0.0008860318129916511,0.1719662943751524,0.7696156332450674,0.20596996958905567,0.004629605922076192,0.009787377379999237,0.009474023706204997,0.0005233901575967344
174.70000000000002,0.7574381943114128,0.2059344800347359,0.021987509502734617,0.008330727820183863,0.005422163363606664,0.0008869249673273994,0.1719406630833509,0.7695164742783432,0.20605331983073952,0.004634341307509864,0.00979235246278288,0.009479568643872288,0.0005239434767523166
174.8,0.7573374416925254,0.20601307194839347,0.022000715173569028,0.008334714877185234,0.005426237821360989,0.0008878184869671224,0.17191503926570165,0.7694173457763833,0.20613663806980118,0.004639078520828435,0.009797327164600923,0.009485113428512075,0.0005244970398740561
174.9,0.7572367193276837,0.20609163293684699,0.022013920801728204,0.008338701736752684,0.005430312825191988,0.000888712371797735,0.17188942291955803,0.7693182477288181,0.20621992431741343,0.00464381756121803,0.009802301485779177,0.009490658059878069,0.00052505084689308
175.0,0.7571360272067099,0.20617016301094254,0.02202712638688835,0.008342688399285446,0.005434388374468773,0.000889606621706189,0.17186381404227527,0.7692191801252818,0.20630317858474514,0.004648558427865072,0.009807275426643095,0.009496202537724359,0.0005256048977405374
175.10000000000002,0.7570353653194302,0.20624866218152244,0.022040331928725794,0.008346674865182226,0.0054384644685610715,0.000890501236579472,0.17183821263120955,0.7691201429554119,0.20638640088296126,0.004653301119956271,0.009812248987517733,0.009501746861805375,0.0005261591923475995
175.20000000000002,0.756934733655674,0.20632713045942513,0.022053537426917003,0.008350661134841198,0.005442541106839226,0.0008913962163046082,0.17181261868371894,0.7690211362088494,0.20646959122322295,0.004658045636678623,0.00981722216872778,0.00950729103187591,0.0005267137306454589
175.3,0.7568341322052743,0.20640556785548542,0.02206674288113859,0.008354647208660011,0.0054466182886741986,0.0008922915607686592,0.17178703219716207,0.7689221598752392,0.2065527496166873,0.004662791977219414,0.009822194970597534,0.009512835047691116,0.0005272685125653297
175.4,0.7567335609580675,0.20648397438053426,0.022079948291067294,0.00835863308703578,0.005450696013437559,0.0008931872698587221,0.17176145316889965,0.7688232139442303,0.2066358760745079,0.004667540140766223,0.00982716739345093,0.009518378909006501,0.0005278235380384483
175.5,0.7566330199038938,0.20656235004539894,0.02209315365638,0.0083626187703651,0.005454774280501496,0.0008940833434619314,0.17173588159629308,0.7687242984054738,0.20671897060783417,0.0046722901265069125,0.009832139437611517,0.009523922615577928,0.0005283788069960724
175.60000000000002,0.7565325090325963,0.2066406948609029,0.02210635897675372,0.008366604259044034,0.005458853089238811,0.0008949797814654575,0.1717103174767053,0.7686254132486251,0.20680203322781177,0.004677041933629632,0.009837111103402468,0.009529466167161615,0.0005289343193694819
175.70000000000002,0.7564320283340222,0.20671900883786584,0.0221195642518656,0.008370589553468116,0.0054629324390229154,0.0008958765837565074,0.1716847608075,0.7685265584633441,0.2068850639455825,0.004681795561322829,0.009842082391146586,0.009535009563514142,0.000529490075089978
175.8,0.756331577798022,0.20679729198710373,0.022132769481392922,0.008374574654032357,0.0054670123292278345,0.0008967737502223244,0.17165921158604266,0.768427734039293,0.20696806277228433,0.00468655100877523,0.009847053301166288,0.009540552804392439,0.0005300460740888844
175.9,0.7562311574144496,0.20687554431942878,0.02214597466501311,0.008378559561131245,0.005471092759228206,0.0008976712807501887,0.1716336698096994,0.7683289399661378,0.20705102971905165,0.004691308275175853,0.009852023833783623,0.009546095889553793,0.0005306023162975455
176.0,0.7561307671731625,0.20695376584564945,0.022159179802403717,0.008382544275158738,0.005475173728399276,0.0008985691752274167,0.17160813547583806,0.7682301762335483,0.20713396479701435,0.004696067359714007,0.009856993989320263,0.009551638818755839,0.000531158801647328
176.10000000000002,0.7560304070640217,0.20703195657657042,0.02217238489324243,0.008386528796508273,0.005479255236116903,0.0008994674335413613,0.17158260858182725,0.7681314428311983,0.20721686801729888,0.004700828261579285,0.009861963768097502,0.00955718159175657,0.00053171553006962
176.20000000000002,0.7559300770768917,0.20711011652299263,0.02218558993720706,0.00839051312557276,0.005483337281757551,0.0009003660555794111,0.17155708912503695,0.7680327397487637,0.207299739391028,0.00470559097996157,0.009866933170436269,0.009562724208314348,0.0005322725014958321
176.3,0.7558297772016405,0.2071882456957133,0.022198794933975564,0.008394497262744586,0.005487419864698298,0.0009012650412289923,0.17153157710283848,0.7679340669759267,0.20738257892932035,0.004710355514051035,0.00987190219665711,0.009568266668187865,0.0005328297158573954
176.4,0.7557295074281393,0.20726634410552594,0.022211999883226023,0.00839848120841562,0.005491502984316827,0.0009021643903775669,0.17150607251260394,0.7678354245023691,0.20746538664329076,0.004715121863038136,0.009876870847080199,0.009573808971136175,0.000533387173085764
176.5,0.755629267746263,0.2073444117632203,0.022225204784636653,0.008402464962977203,0.005495586639991432,0.0009030641029126334,0.17148057535170713,0.7677368123177796,0.20754816254405023,0.004719890026113618,0.00988183912202534,0.00957935111691868,0.0005339448731124125
176.60000000000002,0.7555290581458902,0.20742244867958237,0.022238409637885804,0.008406448526820163,0.005499670831101011,0.0009039641787217269,0.17145508561752293,0.7676382304118496,0.20763090664270603,0.004724660002468518,0.009886807021811961,0.009584893105295143,0.0005345028158688382
176.70000000000002,0.7554288786169028,0.20750045486539437,0.02225161444265194,0.008410431900334794,0.005503755557025067,0.0009048646176924178,0.1714296033074276,0.7675396787742732,0.20771361895036147,0.004729431791294155,0.00989177454675912,0.00959043493602568,0.0005350610012865589
176.8,0.7553287291491859,0.20757843033143494,0.02226481919861367,0.008414415083910878,0.005507840817143713,0.0009057654197123144,0.17140412841879848,0.7674411573947487,0.207796299478116,0.004734205391782141,0.009896741697185508,0.009595976608870741,0.0005356194292971153
176.9,0.7552286097326285,0.2076563750884789,0.022278023905449727,0.008418398077937676,0.0055119266108376655,0.0009066665846690603,0.17137866094901444,0.7673426662629774,0.2078789482370653,0.00473898080312437,0.009901708473409434,0.009601518123591144,0.0005361780998320696
177.0,0.7551285203571227,0.20773428914729736,0.022291228562838983,0.008422380882803929,0.005516012937488246,0.0009075681124503361,0.17135320089545578,0.7672442053686658,0.2079615652383013,0.004743758024513026,0.00990667487574885,0.00960705947994805,0.0005367370128230043
177.10000000000002,0.7550284610125643,0.20781217251865777,0.022304433170460432,0.008426363498897861,0.005520099796477379,0.0009084700029438584,0.17132774825550384,0.767145774701522,0.20804415049291172,0.004748537055140581,0.00991164090452132,0.00961260067770297,0.0005372961682015248
177.20000000000002,0.7549284316888525,0.2078900252133238,0.022317637727993195,0.008430345926607175,0.005524187187187594,0.0009093722560373799,0.1713023030265418,0.7670473742512585,0.20812670401198108,0.00475331789419979,0.009916606560044054,0.009618141716617767,0.0005378555658992583
177.3,0.7548284323758898,0.2079678472420555,0.02233084223511652,0.008434328166319055,0.00552827510900202,0.0009102748716186897,0.17127686520595392,0.7669490040075904,0.2082092258065894,0.0047581005408837,0.009921571842633878,0.009623682596454651,0.000538415205847853
177.4,0.7547284630635825,0.2080456386156091,0.022344046691509793,0.008438310218420172,0.005532363561304392,0.0009111778495756138,0.17125143479112637,0.7668506639602386,0.20829171588781323,0.004762884994385641,0.009926536752607271,0.009629223316976177,0.0005389750879789786
177.5,0.7546285237418401,0.20812339934473725,0.022357251096852528,0.00844229208329668,0.005536452543479046,0.000912081189796014,0.17122601177944594,0.7667523540989257,0.20837417426672536,0.0047676712538992335,0.009931501290280316,0.00963476387794526,0.0005395352122243275
177.60000000000002,0.7545286144005754,0.20820112944018887,0.022370455450824365,0.008446273761334217,0.0055405420549109186,0.0009129848921677887,0.1712005961683019,0.7666540744133777,0.20845660095439444,0.00477245931861838,0.009936465455968744,0.009640304279125147,0.0005400955785156126
177.70000000000002,0.7544287350297051,0.20827882891270913,0.02238365975310507,0.0084502552529179,0.005544632094985545,0.0009138889565788721,0.17117518795508432,0.7665558248933256,0.2085389959618856,0.0047772491877372735,0.009941429249987917,0.009645844520279445,0.0005406561867845683
177.8,0.7543288856191489,0.20835649777303952,0.02239686400337455,0.00845423655843234,0.0055487226630890635,0.0009147933829172349,0.17114978713718496,0.7664576055285018,0.20862135930025974,0.004782040860450391,0.00994639267265282,0.009651384601172104,0.0005412170369629521
177.9,0.7542290661588302,0.20843413603191788,0.022410068201312833,0.008458217678261628,0.0055528137586082086,0.0009156981710708842,0.17112439371199714,0.766359416308645,0.20870369098057467,0.004786834335952499,0.009951355724278087,0.00965692452156742,0.0005417781289825413
178.0,0.7541292766386758,0.20851174370007833,0.022423272346600083,0.008462198612789344,0.005556905380930316,0.0009166033209278633,0.17109900767691544,0.7662612572234946,0.2087859910138835,0.004791629613438645,0.00995631840517797,0.009662464281230033,0.0005423394627751356
178.10000000000002,0.7540295170486158,0.2085893207882513,0.022436476438916598,0.008466179362398556,0.005560997529443319,0.0009175088323762518,0.1710736290293364,0.766163128262796,0.20886825941123605,0.004796426692104169,0.009961280715666359,0.009668003879924928,0.0005429010382725566
178.20000000000002,0.7539297873785837,0.20866686730716347,0.022449680477942786,0.008470159927471813,0.005565090203535744,0.0009184147053041648,0.17104825776665755,0.7660650294162966,0.20895049618367825,0.004801225571144692,0.009966242656056787,0.009673543317417451,0.0005434628554066471
178.3,0.753830087618517,0.20874438326753791,0.02246288446335921,0.00847414030839116,0.00556918340259672,0.0009193209395997547,0.17102289388627812,0.7659669606737469,0.209032701342252,0.004806026249756123,0.009971204226662408,0.009679082593473266,0.0005440249141092714
178.4,0.7537304177583559,0.20882186868009392,0.022476088394846556,0.008478120505538122,0.005573277126015969,0.0009202275351512091,0.1709975373855988,0.7658689220249032,0.20911487489799577,0.004810828727134657,0.00997616542779602,0.009684621707858405,0.0005445872143123155
178.5,0.7536307777880445,0.2088993235555472,0.022489292272085647,0.008482100519293725,0.005577371373183811,0.0009211344918467528,0.1709721882620216,0.7657709134595225,0.20919701686194378,0.004815633002476775,0.009981126259770047,0.009690160660339233,0.000545149755947687
178.60000000000002,0.7535311676975304,0.20897674790460966,0.022502496094757428,0.008486080350038477,0.00558146614349116,0.000922041809574646,0.17094684651295,0.7656729349673679,0.20927912724512662,0.004820439074979241,0.00998608672289656,0.009695699450682464,0.0005457125389473149
178.70000000000002,0.7534315874767641,0.20905414173798953,0.02251569986254298,0.008490059998152378,0.005585561436329522,0.0009229494882231851,0.1709215121357892,0.7655749865382043,0.20936120605857114,0.004825246943839107,0.00999104681748726,0.009701238078655142,0.0005462755632431501
178.8,0.7533320371157002,0.20913150506639136,0.022528903575123525,0.008494039464014917,0.005589657251091,0.0009238575276807031,0.17089618512794516,0.7654770681618006,0.20944325331330035,0.004830056608253712,0.00999600654385349,0.009706776544024678,0.0005468388287671644
178.9,0.7532325166042964,0.20920883790051598,0.022542107232180406,0.008498018748005078,0.00559375358716829,0.0009247659278355686,0.17087086548682573,0.7653791798279296,0.20952526902033328,0.004834868067420679,0.01000096590230622,0.009712314846558798,0.0005474023354513512
179.0,0.7531330259325137,0.20928614025106054,0.022555310833395105,0.008501997850501337,0.005597850443954677,0.0009256746885761868,0.17084555320983988,0.7652813215263672,0.20960725319068543,0.004839681320537914,0.010005924893156066,0.009717852986025597,0.0005479660832277268
179.10000000000002,0.753033565090317,0.2093634121287185,0.02256851437844924,0.008505976771881661,0.005601947820844045,0.0009265838097909987,0.1708202482943979,0.765183493246893,0.20968920583536815,0.004844496366803611,0.010010883516713278,0.009723390962193495,0.0005485300720283269
179.20000000000002,0.7529341340676745,0.20944065354417962,0.022581717867024554,0.008509955512523511,0.005606045717230862,0.0009274932913684814,0.1707949507379114,0.7650856949792906,0.20977112696538927,0.0048493132054162474,0.010015841773287737,0.009728928774831254,0.0005490943017852105
179.3,0.7528347328545575,0.2095178645081299,0.022594921298802927,0.008513934072803842,0.005610144132510191,0.000928403133197148,0.1707696605377934,0.7649879267133453,0.20985301659175268,0.004854131835574587,0.010020799663188985,0.009734466423707976,0.0005496587724304566
179.4,0.7527353614409411,0.2095950450312517,0.022608124673466377,0.0085179124530991,0.0056142430660776855,0.0009293133351655482,0.170744377691458,0.7648901884388483,0.20993487472545858,0.004858952256477678,0.010025757186726172,0.009740003908593116,0.0005502234838961671
179.5,0.7526360198168037,0.20967219512422366,0.022621327990697042,0.008521890653785235,0.0056183425173295855,0.0009302238971622669,0.17071910219632064,0.7647924801455932,0.21001670137750306,0.004863774467324853,0.010030714344208125,0.009745541229256461,0.0005507884361144645
179.60000000000002,0.7525367079721272,0.20974931479772077,0.02263453125017721,0.008525868675237684,0.005622442485662725,0.0009311348190759261,0.17069383404979788,0.7646948018233765,0.21009849655887886,0.004868598467315727,0.010035671135943263,0.009751078385468128,0.0005513536290174929
179.70000000000002,0.7524374258968969,0.2098264040624142,0.022647734451589286,0.008529846517831384,0.005626542970474521,0.0009320461007951826,0.17066857324930762,0.7645971534619995,0.21018026028057446,0.0048734242556502045,0.01004062756223969,0.009756615376998592,0.0005519190625374183
179.8,0.7523381735811017,0.20990346292897152,0.02266093759461581,0.008533824181940767,0.005630643971162981,0.0009329577422087299,0.17064331979226918,0.7644995350512662,0.21026199255357503,0.004878251831528473,0.010045583623405125,0.009762152203618655,0.0005524847366064277
179.9,0.7522389510147337,0.2099804914080566,0.022674140678939463,0.008537801667939764,0.005634745487126702,0.0009338697432052978,0.17061807367610254,0.7644019465809843,0.21034369338886133,0.004883081194151002,0.010050539319746936,0.009767688865099464,0.0005530506511567296
180.0,0.7521397581877886,0.2100574895103296,0.022687343704243048,0.008541778976201802,0.005638847517764865,0.0009347821036736515,0.17059283489822957,0.7643043880409656,0.21042536279741103,0.004887912342718547,0.010055494651572136,0.009773225361212492,0.0005536168061205545
180.10000000000002,0.7520405950902653,0.210134457246447,0.022700546670209508,0.008545756107099808,0.005642950062477238,0.0009356948235025928,0.17056760345607277,0.7642068594210235,0.21050700079019719,0.004892745276432147,0.010060449619187367,0.00977876169172956,0.0005541832014301535
180.20000000000002,0.7519414617121667,0.21021139462706154,0.022713749576521905,0.008549733061006207,0.005647053120664172,0.0009366079025809588,0.17054237934705624,0.7641093607109776,0.21058860737818996,0.004897579994493126,0.01006540422289893,0.009784297856422828,0.0005547498370178
180.3,0.7518423580434985,0.21028830166282236,0.02272695242286344,0.008553709838292926,0.0056511566917266075,0.0009375213407976228,0.170517162568605,0.7640118919006486,0.210670182572355,0.00490241649610309,0.010070358463012756,0.009789833855064791,0.0005553167128157883
180.4,0.7517432840742704,0.21036517836437482,0.022740155208917444,0.008557686439331387,0.005655260775066065,0.000938435138041494,0.17049195311814538,0.7639144529798626,0.21075172638365447,0.004907254780463933,0.010075312339834415,0.009795369687428276,0.0005558838287564341
180.5,0.7516442397944949,0.21044202474236068,0.02275335793436738,0.00856166286449252,0.005659365370084652,0.0009393492942015179,0.17046675099310524,0.7638170439384477,0.21083323882304672,0.004912094846777829,0.010080265853669142,0.00980090535328645,0.000556451184772075
180.60000000000002,0.7515452251941884,0.21051884080741798,0.02276656059889684,0.008565639114146751,0.005663470476185059,0.0009402638091666757,0.1704415561909134,0.7637196647662369,0.21091471990148622,0.0049169366942472354,0.010085219004821793,0.009806440852412814,0.0005570187807950693
180.70000000000002,0.7514462402633706,0.21059562657018105,0.022779763202189534,0.008569615188664005,0.005667576092770556,0.0009411786828259841,0.17041636870899973,0.7636223154530651,0.21099616962992387,0.004921780322074897,0.010090171793596885,0.009811976184581205,0.0005575866167577973
180.8,0.7513472849920646,0.2106723820412806,0.02279296574392932,0.008573591088413716,0.005671682219244997,0.0009420939150684963,0.1703911885447959,0.7635249959887725,0.21107758801930657,0.004926625729463842,0.010095124220298565,0.009817511349565794,0.000558154692592661
180.9,0.7512483593702969,0.2107491072313437,0.02280616822380017,0.008577566813764818,0.005675788855012819,0.0009430095057833013,0.17036601569573454,0.7634277063632015,0.21115897508057738,0.004931472915617375,0.010100076285230634,0.009823046347141092,0.0005587230082320828
181.0,0.7511494633880975,0.2108258021509937,0.0228193706414862,0.008581542365085747,0.005679895999479039,0.0009439254548595237,0.17034085015924924,0.7633304465661982,0.21124033082467575,0.00493632187973909,0.010105027988696528,0.009828581177081937,0.000559291563608507
181.10000000000002,0.7510505970354997,0.21090246681085026,0.02283257299667164,0.008585517742744445,0.005684003652049254,0.0009448417621863242,0.17031569193277543,0.7632332165876125,0.21132165526253735,0.004941172621032865,0.010109979330999351,0.009834115839163509,0.0005598603586543996
181.20000000000002,0.7509517603025404,0.2109791012215294,0.022845775289040852,0.008589492947108356,0.005688111812129638,0.0009457584276528991,0.17029054101374982,0.7631360164172977,0.21140294840509402,0.004946025138702856,0.01011493031244183,0.009839650333161308,0.0005604293933022475
181.3,0.7508529531792598,0.21105570539364354,0.022858977518278333,0.008593467978544433,0.005692220479126947,0.0009466754511484806,0.17026539739961016,0.7630388460451107,0.21148421026327363,0.004950879431953512,0.010119880933326355,0.009845184658851178,0.0005609986674845594
181.4,0.7507541756557015,0.21113227933780138,0.022872179684068704,0.00859744283741913,0.005696329652448516,0.000947592832562337,0.1702402610877956,0.7629417054609116,0.21156544084800055,0.0049557354999895525,0.010124831193954955,0.009850718816009298,0.0005615681811338647
181.5,0.7506554277219124,0.21120882306460798,0.022885381786096722,0.008601417524098412,0.005700439331502258,0.0009485105717837724,0.1702151320757467,0.7628445946545643,0.2116466401701953,0.004960593342015984,0.0101297810946293,0.009856252804412165,0.0005621379341827151
181.60000000000002,0.750556709367943,0.21128533658466472,0.022898583824047265,0.008605392038947748,0.005704549515696661,0.0009494286687021266,0.17019001036090547,0.7627475136159363,0.21172780824077453,0.0049654529572381,0.010134730635650712,0.009861786623836626,0.0005627079265636828
181.70000000000002,0.7504580205838473,0.2113618199085693,0.022911785797605333,0.00860936638233211,0.005708660204440791,0.0009503471232067746,0.17016489594071518,0.7626504623348977,0.21180894507065123,0.004970314344861476,0.01013967981732017,0.009867320274059836,0.0005632781582093617
181.8,0.7503593613596823,0.2114382730469159,0.022924987706456068,0.008613340554615986,0.00571277139714429,0.0009512659351871279,0.1701397888126202,0.7625534408013236,0.2118900506707345,0.004975177504091963,0.0101446286399383,0.009872853754859318,0.0005638486290523671
181.9,0.7502607316855086,0.21151469601029493,0.02293818955028474,0.008617314556163365,0.005716883093217376,0.0009521851045326337,0.17011468897406665,0.762456449005091,0.21197112505192972,0.004980042434135706,0.010149577103805367,0.00987838706601288,0.0005644193390253354
182.0,0.7501621315513903,0.21159108880929317,0.022951391328776733,0.008621288387337748,0.005720995292070843,0.0009531046311327748,0.1700895964225018,0.7623594869360817,0.2120521682251385,0.00498490913419912,0.010154525209221289,0.009883920207298707,0.000564990288060925
182.10000000000002,0.7500635609473949,0.21166745145449378,0.022964593041617586,0.008625262048502148,0.00572510799311606,0.0009540245148770702,0.17006451115537435,0.7622625545841797,0.21213318020125865,0.004989777603488908,0.01015947295648564,0.009889453178495263,0.0005655614760918147
182.20000000000002,0.7499650198635933,0.21174378395647622,0.022977794688492943,0.008629235540019082,0.0057292211957649655,0.0009549447556550733,0.17003943317013423,0.7621656519392738,0.21221416099118437,0.004994647841212055,0.010164420345897634,0.009894985979381389,0.0005661329030507053
182.3,0.7498665082900596,0.21182008632581636,0.022990996269088584,0.008633208862250582,0.005733334899430075,0.0009558653533563748,0.1700143624642329,0.7620687789912557,0.21229511060580586,0.004999519846575834,0.01016936737775615,0.009900518609736222,0.0005667045688703179
182.4,0.7497680262168716,0.2118963585730864,0.023004197783090426,0.008637182015558187,0.005737449103524477,0.0009567863078706,0.16998929903512308,0.76197193573002,0.2123760290560096,0.005004393618787786,0.010174314052359695,0.009906051069339254,0.0005672764734833963
182.5,0.74966957363411,0.21197260070885487,0.02301739923018451,0.008641155000302953,0.005741563807461831,0.0009577076190874108,0.16996424288025866,0.7618751221454664,0.21245691635267844,0.005009269157055748,0.010179260370006453,0.009911583357970275,0.0005678486168227049
182.60000000000002,0.7495711505318595,0.21204881274368673,0.023030600610057017,0.008645127816845446,0.005745679010656369,0.0009586292868965043,0.16993919399709514,0.7617783382274962,0.21253777250669137,0.005014146460587831,0.010184206330994244,0.009917115475409438,0.0005684209988210293
182.70000000000002,0.749472756900208,0.21212499468814314,0.023043801922394233,0.008649100465545739,0.005749794712522892,0.0009595513111876126,0.1699141523830891,0.7616815839660152,0.21261859752892345,0.005019025528592426,0.010189151935620545,0.009922647421437187,0.0005689936194111763
182.8,0.7493743927292466,0.2122011465527818,0.0230570031668826,0.008653072946763424,0.005753910912476774,0.0009604736918505048,0.16988911803569842,0.7615848593509326,0.2126993914302466,0.005023906360278214,0.010194097184182481,0.00992817919583432,0.0005695664785259747
182.9,0.7492760580090698,0.21227726834815663,0.023070204343208677,0.008657045260857607,0.005758027609933956,0.0009613964287749848,0.1698640909523825,0.7614881643721607,0.21278015422152818,0.005028788954854152,0.010199042076976838,0.009933710798381965,0.0005701395760982734
183.0,0.7491777527297759,0.21235336008481795,0.023083405451059157,0.008661017408186903,0.0057621448043109515,0.0009623195218508921,0.1698390711306015,0.761391499019616,0.21286088591363214,0.005033673311529473,0.010203986614300047,0.009939242228861543,0.0005707129120609434
183.10000000000002,0.7490794768814661,0.21242942177331242,0.023096606490120866,0.008664989389109447,0.005766262495024843,0.0009632429709681026,0.16981405856781756,0.7612948632832175,0.21294158651741885,0.0050385594295137,0.010208930796448197,0.009944773487054828,0.0005712864863468768
183.20000000000002,0.7489812304542453,0.2125054534241831,0.02310980746008075,0.008668961203982889,0.005770380681493275,0.0009641667760165268,0.16978905326149332,0.7611982571528888,0.2130222560437446,0.005043447308016639,0.010213874623717029,0.00995030457274392,0.000571860298888987
183.3,0.7488830134382216,0.21258145504796933,0.023123008360625898,0.008672932853164393,0.0057744993631344685,0.0009650909368861114,0.16976405520909332,0.7611016806185562,0.2131028945034624,0.005048336946248369,0.010218818096401946,0.009955835485711245,0.0005724343496202087
183.4,0.7487848258235068,0.21265742665520682,0.023136209191443522,0.008676904337010637,0.005778618539367206,0.0009660154534668386,0.16973906440808284,0.761005133670149,0.21318350190742075,0.005053228343419251,0.010223761214797983,0.009961366225739534,0.0005730086384734972
183.5,0.7486866676002157,0.21273336825642772,0.023149409952220968,0.00868087565587782,0.005782738209610837,0.0009669403256487261,0.16971408085592862,0.7609086162976016,0.2132640782664651,0.00505812149873993,0.01022870397919987,0.009966896792611856,0.0005735831653818297
183.60000000000002,0.7485885387584669,0.21280927986216044,0.023162610642645708,0.008684846810121659,0.005786858373285278,0.0009678655533218274,0.1696891045500984,0.76081212849085,0.21334462359143674,0.005063016411421338,0.010233646389901948,0.009972427186111615,0.0005741579302782046
183.70000000000002,0.748490439288382,0.21288516148292977,0.02317581126240534,0.008688817800097382,0.005790979029811009,0.000968791136376231,0.1696641354880615,0.7607156702398356,0.2134251378931735,0.005067913080674668,0.010238588447198249,0.009977957406022513,0.0005747329330956412
183.8,0.7483923691800863,0.21296101312925692,0.023189011811187613,0.008692788626159745,0.005795100178609078,0.0009697170747020619,0.1696391736672879,0.7606192415345014,0.21350562118250924,0.00507281150571142,0.010243530151382444,0.009983487452128605,0.0005753081737671802
183.9,0.7482943284237084,0.21303683481165936,0.023202212288680375,0.008696759288663017,0.0057992218191010945,0.0009706433681894794,0.16961421908524932,0.7605228423647946,0.2135860734702741,0.005077711685743349,0.010248471502747852,0.00998901732421424,0.0005758836522258833
184.0,0.7481963170093802,0.213112626540651,0.023215412694571624,0.008700729787960989,0.0058033439507092326,0.0009715700167286796,0.16958927173941823,0.7604264727206667,0.21366649476729466,0.00508261361998251,0.010253412501587482,0.009994547022064119,0.0005764593684048337
184.10000000000002,0.748098334927237,0.21318838832674208,0.023228613028549484,0.00870470012440697,0.005807466572856229,0.0009724970202098932,0.16956433162726856,0.7603301325920709,0.21374688508439338,0.005087517307641229,0.010258353148193964,0.010000076545463229,0.0005770353222371357
184.20000000000002,0.7480003821674177,0.2132641201804392,0.023241813290302202,0.008708670298353791,0.005811589684965383,0.0009734243785233866,0.16953939874627513,0.7602338219689658,0.2138272444323895,0.0050924227479321104,0.010263293442859608,0.010005605894196915,0.0005776115136559147
184.3,0.7479024587200643,0.2133398221122453,0.023255013479518163,0.008712640310153806,0.005815713286460556,0.000974352091559462,0.16951447309391426,0.7601375408413124,0.213907572822098,0.005097329940068047,0.010268233385876374,0.010011135068050823,0.0005781879425943169
184.4,0.7478045645753224,0.2134154941326598,0.02326821359588587,0.00871661016015889,0.005819837376766171,0.0009752801592084568,0.16948955466766352,0.7600412891990751,0.2139878702643305,0.005102238883262202,0.01027317297753588,0.010016664066810923,0.0005787646089855108
184.5,0.7477066997233408,0.2134911362521784,0.023281413639093973,0.008720579848720435,0.005823961955307212,0.000976208581360744,0.16946464346500123,0.759945067032222,0.21406813676989464,0.005107149576728022,0.010278112218129413,0.010022192890263504,0.0005793415127626846
184.60000000000002,0.7476088641542719,0.21356674848129317,0.02329461360883123,0.008724549376189366,0.005828087021509223,0.0009771373579067323,0.16943973948340724,0.7598488743307241,0.21414837234959438,0.005112062019679243,0.010283051107947899,0.01002772153819519,0.0005799186538590488
184.70000000000002,0.7475110578582712,0.21364233083049258,0.023307813504786532,0.008728518742916122,0.005832212574798306,0.000978066488736865,0.16941484272036247,0.7597527110845577,0.21422857701423006,0.005116976211329866,0.010287989647281953,0.010033250010392911,0.0005804960322078345
184.8,0.7474132808254978,0.21371788331026143,0.023321013326648907,0.00873248794925067,0.005836338614601124,0.000978995973741622,0.169389953173349,0.7596565772837,0.21430875077459816,0.00512189215089418,0.010292927836421816,0.010038778306643905,0.0005810736477422942
184.9,0.7473155330461141,0.21379340593108098,0.023334213074107508,0.008736456995542504,0.0058404651403449,0.000979925812811518,0.16936507083985058,0.7595604729181334,0.21438889364149144,0.005126809837586748,0.010297865675657426,0.01004430642673576,0.0005816515003957014
185.0,0.7472178145102859,0.21386889870342882,0.023347412746851606,0.00874042588214064,0.005844592151457411,0.0009808560058371025,0.16934019571735165,0.7594643979778425,0.2144690056256991,0.005131729270622422,0.010302803165278351,0.010049834370456357,0.0005822295901013508
185.10000000000002,0.7471201252081824,0.21394436163777894,0.023360612344570614,0.008744394609393618,0.005848719647366996,0.000981786552708962,0.1693153278033378,0.7593683524528174,0.21454908673800627,0.0051366504492163225,0.010307740305573833,0.01005536213759391,0.0005828079167925577
185.20000000000002,0.7470224651299759,0.2140197947446017,0.023373811866954062,0.008748363177649507,0.005852847627502546,0.0009827174533177168,0.16929046709529652,0.7592723363330491,0.21462913698919445,0.005141573372583854,0.01031267709683278,0.010060889727936936,0.0005833864804026596
185.3,0.7469248342658426,0.2140951980343638,0.023387011313691614,0.008752331587255899,0.005856976091293512,0.0009836487075540236,0.1692656135907158,0.7591763496085346,0.2147091563900418,0.0051464980399407055,0.010317613539343759,0.01006641714127429,0.0005839652808650144
185.4,0.7468272326059615,0.21417057151752844,0.02340021068447306,0.00875629983855992,0.0058611050381699,0.0009845803153085736,0.1692407672870854,0.7590803922692714,0.21478914495132234,0.0051514244505028355,0.010322549633394993,0.01007194437739512,0.0005845443181130008
185.5,0.7467296601405154,0.2142459152045551,0.023413409978988314,0.008760267931908216,0.00586523446756227,0.0009855122764720944,0.16921592818189593,0.7589844643052639,0.2148691026838064,0.0051563526034864885,0.010327485379274371,0.010077471436088923,0.0005851235920800197
185.60000000000002,0.7466321168596902,0.2143212291058998,0.023426609196927423,0.008764235867646967,0.005869364378901738,0.0009864445909353486,0.1691910962726397,0.7588885657065169,0.2149490295982607,0.005161282498108182,0.010332420777269456,0.01008299831714548,0.0005857031026994915
185.70000000000002,0.7465346027536752,0.2143965132320147,0.023439808337980553,0.008768203646121877,0.005873494771619974,0.0009873772585891332,0.16916627155680974,0.7587926964630398,0.21502892570544815,0.005166214133584718,0.010337355827667448,0.0100885250203549,0.0005862828499048593
185.8,0.7464371178126632,0.2144717675933486,0.02345300740183801,0.008772171267678184,0.005877625645149201,0.0009883102793242816,0.16914145403190103,0.7586968565648464,0.215108791016128,0.0051711475091331715,0.01034229053075525,0.010094051545507616,0.0005868628336295863
185.9,0.7463396620268502,0.2145469922003466,0.023466206388190212,0.00877613873266065,0.005881756998922193,0.000989243653031662,0.16911664369540905,0.7586010460019523,0.21518862554105586,0.0051760826239709,0.010347224886819394,0.010099577892394374,0.0005874430538071571
186.0,0.7462422353864356,0.21462218706345018,0.023479405296727717,0.008780106041413573,0.005885888832372282,0.0009901773796021783,0.16909184054483092,0.7585052647643775,0.2152684292909834,0.005181019477315542,0.010352158896146092,0.010105104060806225,0.0005880235103710773
186.10000000000002,0.7461448378816222,0.21469735219309727,0.023492604127141208,0.00878407319428078,0.005890021144933348,0.0009911114589267697,0.16906704457766522,0.7584095128421457,0.2153482022766588,0.005185958068385009,0.010357092559021222,0.010110630050534537,0.0005886042032548733
186.20000000000002,0.7460474695026161,0.21477248759972212,0.023505802879121487,0.008788040191605628,0.00589415393603982,0.0009920458908964098,0.16904225579141138,0.7583137902252831,0.2154279445088262,0.005190898396397491,0.010362025875730329,0.01011615586137101,0.0005891851323920929
186.3,0.7459501302396269,0.2148475932937554,0.023519001552359496,0.008792007033731003,0.005898287205126682,0.000992980675402108,0.16901747418357035,0.7582180969038195,0.2155076559982264,0.005195840460571461,0.010366958846558612,0.010121681493107626,0.0005897662977163052
186.4,0.7458528200828672,0.21492266928562428,0.0235322001465463,0.00879597372099933,0.005902420951629466,0.0009939158123349094,0.16899269975164422,0.758122432867789,0.2155873367555965,0.005200784260125664,0.010371891471790955,0.010127206945536704,0.0005903476991610999
186.5,0.7457555390225535,0.21499771558575223,0.023545398661373087,0.008799940253752563,0.005906555174984256,0.0009948513015858938,0.16896793249313624,0.7580267981072288,0.21566698679166937,0.005205729794279131,0.01037682375171188,0.010132732218450874,0.0005909293366600874
186.60000000000002,0.7456582870489052,0.21507273220455914,0.023558597096531186,0.008803906632332192,0.005910689874627685,0.0009957871430461764,0.1689431724055512,0.7579311926121786,0.21574660611717467,0.005210677062251158,0.010381755686605605,0.010138257311643084,0.0005915112101469001
186.70000000000002,0.7455610641521453,0.2151477191524613,0.023571795451712035,0.008807872857079235,0.00591482504999693,0.0009967233366069074,0.1689184194863947,0.757835616372683,0.21582619474283815,0.005215626063261337,0.010386687276756006,0.010143782224906571,0.0005920933195551904
186.8,0.7454638703224998,0.21522267643987142,0.02358499372660721,0.00881183892833425,0.005918960700529719,0.0009976598821592722,0.16889367373317413,0.7577400693787882,0.215905752679382,0.005220576796529517,0.010391618522446624,0.010149306958034903,0.0005926756648186325
186.9,0.7453667055501985,0.2152976040771986,0.02359819192090842,0.00881580484643733,0.00592309682566433,0.0009985967795944919,0.1688689351433974,0.7576445516205464,0.2159852799375243,0.005225529261275845,0.010396549423960663,0.010154831510821966,0.0005932582458709212
187.0,0.7452695698254742,0.21537250207484837,0.023611390034307494,0.0088197706117281,0.005927233424839585,0.000999534028803822,0.16884420371457426,0.7575490630880106,0.2160647765279801,0.005230483456720729,0.010401479981581004,0.010160355883061925,0.0005938410626457726
187.10000000000002,0.7451724631385634,0.21544737044322265,0.023624588066496394,0.008823736224545723,0.0059313704974948535,0.001000471629678554,0.16881947944421521,0.7574536037712389,0.21614424246145988,0.005235439382084864,0.010406410195590196,0.0101658800745493,0.0005944241150769233
187.20000000000002,0.7450753854797056,0.21552220919271975,0.023637786017167206,0.008827701685228896,0.005935508043070049,0.0010014095821100136,0.16879476232983223,0.757358173660292,0.21622367774867138,0.00524039703658922,0.010411340066270463,0.010171404085078885,0.0005950074030981312
187.3,0.744978336839144,0.21559701833373437,0.023650983886012146,0.008831666994115858,0.005939646061005632,0.001002347885989562,0.16877005236893833,0.7572627727452346,0.21630308240031776,0.005245356419455041,0.01041626959390367,0.010176927914445803,0.0005955909266431754
187.4,0.7448813172071248,0.2156717978766577,0.023664181672723557,0.00883563215154438,0.005943784550742607,0.0010032865412085963,0.16874534955904777,0.757167401016134,0.21638245642709905,0.0052503175299038534,0.010421198778771394,0.010182451562445485,0.0005961746856458553
187.5,0.7447843265738976,0.21574654783187724,0.023677379376993914,0.008839597157851776,0.005947923511722523,0.0010042255476585477,0.16872065389767607,0.7570720584630629,0.2164617998397114,0.0052552803671574565,0.010426127621154845,0.010187975028873674,0.0005967586800399921
187.60000000000002,0.7446873649297155,0.21582126820977698,0.023690576998515813,0.008843562013374896,0.005952062943387474,0.001005164905230883,0.16869596538233966,0.7569767450760942,0.21654111264884715,0.005260244930437927,0.010431056121334928,0.0101934983135264,0.0005973429097594272
187.70000000000002,0.744590432264835,0.21589595902073727,0.02370377453698198,0.008847526718450124,0.005956202845180093,0.0010061046138171038,0.16867128401055634,0.7568814608453072,0.21662039486519513,0.005265211218967623,0.010435984279592208,0.01019902141620003,0.0005979273747380238
187.8,0.7444935285695158,0.2159706202751349,0.023716971992085275,0.008851491273413392,0.005960343216543561,0.001007044673308747,0.16864660977984505,0.7567862057607827,0.21669964649944037,0.005270179231969176,0.01044091209620693,0.010204544336691233,0.0005985120749096652
187.9,0.7443966538340209,0.216045251983343,0.023730169363518676,0.008855455678600169,0.005964484056921597,0.0010079850835973843,0.16862194268772568,0.756690979812606,0.2167788675622641,0.005275148968665487,0.010445839571459004,0.010210067074796969,0.0005990970102082563
188.0,0.7442998080486166,0.21611985415573123,0.023743366650975296,0.008859419934345464,0.005968625365758462,0.0010089258445746228,0.16859728273171978,0.7565957829908658,0.2168580580643443,0.005280120428279751,0.010450766705628006,0.01021558963031453,0.0005996821805677226
188.10000000000002,0.7442029912035728,0.2161944268026656,0.02375656385414838,0.008863384040983828,0.005972767142498961,0.0010098669561321048,0.16857262990934932,0.7565006152856535,0.21693721801635454,0.005285093610035423,0.010455693498993196,0.010221112003041493,0.00060026758592201
188.20000000000002,0.7441062032891625,0.21626896993450848,0.02376976097273128,0.00886734799884935,0.005976909386588434,0.0010108084181615067,0.16854798421813802,0.7564054766870641,0.21701634742896533,0.005290068513156241,0.010460619951833507,0.010226634192775766,0.0006008532262050869
188.3,0.7440094442956623,0.21634348356161878,0.02378295800641749,0.008871311808275668,0.005981052097472766,0.001011750230554541,0.16852334565561045,0.7563103671851967,0.21709544631284305,0.00529504513686622,0.010465546064427522,0.010232156199315527,0.0006014391013509404
188.4,0.7439127142133518,0.21641796769435176,0.02379615495490064,0.008875275469595956,0.005985195274598378,0.001012692393202955,0.16849871421929258,0.7562152867701534,0.2171745146786508,0.005300023480389649,0.010470471837053553,0.010237678022459305,0.0006020252112935808
188.5,0.7438160130325142,0.21649242234305913,0.023809351817874472,0.008879238983142934,0.005989338917412232,0.0010136349059985303,0.168474089906711,0.7561202354320389,0.21725355253704767,0.005305003542951097,0.010475397269989516,0.010243199662005901,0.0006026115559670377
188.60000000000002,0.7437193407434359,0.216566847518089,0.023822548595032862,0.00888320234924887,0.005993483025361828,0.0010145777688330847,0.16844947271539423,0.7560252131609627,0.21733255989868905,0.005309985323775403,0.010480322363513046,0.010248721117754435,0.0006031981353053623
188.70000000000002,0.7436226973364067,0.21664124322978587,0.0238357452860698,0.008887165568245562,0.0059976275978952,0.0010155209815984694,0.16842486264287115,0.7559302199470367,0.21741153677422714,0.005314968822087687,0.010485247117901442,0.010254242389504335,0.0006037849492426265
188.8,0.7435260828017196,0.21671560948849072,0.023848941890679418,0.00889112864046437,0.006001772634460923,0.001016464544186572,0.16840025968667244,0.7558352557803768,0.21749048317430983,0.00531995403711334,0.010490171533431685,0.010259763477055322,0.0006043719977129228
188.9,0.743429497129671,0.216789946304541,0.02386213840855597,0.008895091566236189,0.006005918134508108,0.0010174084564893143,0.16837566384432942,0.755740320651102,0.21756939910958148,0.005324940968078032,0.010495095610380407,0.010265284380207435,0.0006049592806503652
189.0,0.7433329403105607,0.21686425368827045,0.02387533483939383,0.008899054345891461,0.006010064097486402,0.0010183527183986532,0.16835107511337483,0.7556454145493354,0.21764828459068317,0.005329929614207714,0.01050001934902395,0.010270805098761007,0.0006055467979890884
189.10000000000002,0.743236412334692,0.2169385316500094,0.02388853118288752,0.00890301697976018,0.006014210522845987,0.001019297329806581,0.16832649349134268,0.7555505374652012,0.21772713962825166,0.005334919974728598,0.010504942749638306,0.01027632563251668,0.0006061345496632474
189.20000000000002,0.7431399131923709,0.21701278020008447,0.023901727438731656,0.008906979468171877,0.006018357410037578,0.0010202422906051241,0.1683019189757679,0.7554556893888308,0.2178059642329206,0.005339912048867185,0.010509865812499162,0.010281845981275399,0.0006067225356070188
189.3,0.7430434428739073,0.2170869993488188,0.023914923606621,0.008910941811455637,0.006022504758512428,0.0010211876006863442,0.1682773515641868,0.7553608703103553,0.2178847584153196,0.0053449058358502445,0.010514788537881856,0.010287366144838396,0.0006073107557545995
189.4,0.7429470013696144,0.217161189106532,0.02392811968625044,0.008914904009940092,0.0060266525677223235,0.0010221332599423382,0.16825279125413659,0.7552660802199116,0.21796352218607498,0.005349901334904831,0.010519710926061441,0.010292886123007246,0.0006078992100402073
189.5,0.7428505886698084,0.21723534948354,0.023941315677314983,0.00891886606395342,0.006030800837119582,0.0010230792682652376,0.16822823804315595,0.7551713191076386,0.21804225555580872,0.005354898545258254,0.010524632977312612,0.010298405915583774,0.0006084878983980813
189.60000000000002,0.742754204764809,0.21730948049015528,0.023954511579509768,0.008922827973823351,0.0060349495661570565,0.0010240256255472089,0.16820369192878434,0.7550765869636797,0.21812095853513988,0.005359897466138117,0.010529554691909752,0.010303925522370147,0.0006090768207624814
189.70000000000002,0.7426578496449392,0.21738358213668665,0.023967707392530055,0.00892678973987716,0.006039098754288129,0.0010249723316804531,0.16817915290856303,0.7549818837781812,0.21819963113468333,0.005364898096772294,0.010534476070126943,0.010309444943168829,0.0006096659770676878
189.8,0.7425615233005254,0.21745765443343948,0.02398090311607123,0.008930751362441676,0.006043248400966716,0.0010259193865572065,0.16815462098003406,0.7548872095412922,0.2182782733650505,0.005369900436388924,0.01053939711223792,0.010314964177782552,0.0006102553672480016
189.9,0.742465225721897,0.2175316973907155,0.023994098749828816,0.008934712841843278,0.006047398505647264,0.0010268667900697403,0.16813009614074045,0.7547925642431663,0.2183568852368491,0.005374904484216436,0.010544317818516103,0.010320483226014393,0.0006108449912377448
190.0,0.7423689568993872,0.21760571101881293,0.024007294293498443,0.008938674178407892,0.0060515490677847525,0.00102781454211036,0.16810557838822673,0.7546979478739599,0.21843546676068298,0.005379910239483522,0.010549238189234611,0.010326002087667695,0.0006114348489712607
190.10000000000002,0.7422727168233322,0.21767969532802642,0.024020489746775887,0.008942635372460997,0.0060557000868346885,0.0010287626425714066,0.16808106772003858,0.7546033604238329,0.21851401794715272,0.005384917701419155,0.010554158224666208,0.010331520762546125,0.0006120249403829129
190.20000000000002,0.7421765054840715,0.217753650328647,0.024033685109357033,0.008946596424327626,0.0060598515622531084,0.0010297110913452551,0.16805656413372283,0.7545088018829484,0.21859253880685506,0.0053899268692525785,0.010559077925083368,0.010337039250453638,0.0006126152654070856
190.3,0.7420803228719481,0.21782757603096226,0.0240468803809379,0.008950557334332362,0.006064003493496579,0.0010306598883243162,0.16803206762682726,0.7544142722414731,0.21867102935038282,0.0053949377422133115,0.010563997290758237,0.01034255755119449,0.0006132058239781849
190.4,0.7419841689773081,0.21790147244525618,0.02406007556121463,0.008954518102799342,0.006068155880022195,0.0010316090334010347,0.16800757819690132,0.7543197714895771,0.21874948958832555,0.0053999503195311495,0.010568916321962633,0.01034807566457323,0.0006137966160306358
190.5,0.7418880437905011,0.2179753395818092,0.0240732706498835,0.008958478730052255,0.006072308721287583,0.0010325585264678906,0.167983095841495,0.7542252996174336,0.21882791953126882,0.005404964600436162,0.010573835018968058,0.010353593590394726,0.0006143876414988861
190.60000000000002,0.7417919473018797,0.21804917745089825,0.024086465646640905,0.008962439216414347,0.006076462016750892,0.0010335083674173988,0.1679586205581602,0.7541308566152194,0.21890631918979458,0.005409980584158691,0.01057875338204571,0.01035911132846411,0.0006149789003174024
190.70000000000002,0.7416958795018003,0.21812298606279662,0.02409966055118336,0.008966399562208413,0.006080615765870799,0.001034458556142108,0.16793415234444906,0.7540364424731149,0.21898468857448164,0.00541499826992935,0.010583671411466456,0.010364628878586855,0.0006155703924206736
190.8,0.7415998403806221,0.21819676542777414,0.024112855363207522,0.008970359767756807,0.006084769968106509,0.001035409092534603,0.16790969119791596,0.7539420571813039,0.21906302769590422,0.005420017656979028,0.010588589107500842,0.01037014624056869,0.0006161621177432093
190.9,0.7415038299287078,0.218270515556097,0.024126050082410158,0.008974319833381436,0.006088924622917753,0.001036359976487502,0.1678852371161154,0.7538477007299732,0.21914133656463378,0.005425038744538892,0.010593506470419109,0.010375663414215672,0.0006167540762195388
191.0,0.7414078481364236,0.21834423645802795,0.024139244708488168,0.008978279759403766,0.0060930797297647854,0.0010373112078934585,0.16786079009660376,0.7537533731093127,0.21921961519123737,0.005430061531840376,0.010598423500491165,0.01038118039933414,0.0006173462677842127
191.10000000000002,0.7413118949941386,0.2184179281438261,0.024152439241138586,0.008982239546144816,0.006097235288108389,0.0010382627866451612,0.1678363501369384,0.7536590743095168,0.219297863586279,0.005435086018115197,0.01060334019798662,0.010386697195730732,0.0006179386923718026
191.20000000000002,0.7412159704922257,0.2184915906237471,0.024165633680058557,0.008986199193925161,0.006101391297409866,0.0010392147126353326,0.16781191723467753,0.7535648043207819,0.21937608176031875,0.005440112202595335,0.01060825656317475,0.01039221380321238,0.0006185313499169003
191.3,0.7411200746210607,0.218565223908043,0.02417882802494536,0.008990158703064938,0.0061055477571310465,0.0010401669857567305,0.1677874913873808,0.7534705631333092,0.21945426972391296,0.005445140084513053,0.010613172596324535,0.010397730221586316,0.0006191242403541189
191.4,0.7410242073710227,0.21863882800696233,0.024192022275496404,0.008994118073883834,0.006109704666734283,0.001041119605902147,0.16776307259260903,0.7533763507373019,0.21953242748761445,0.005450169663100877,0.01061808829770462,0.010403246450660078,0.0006197173636180916
191.5,0.7409283687324945,0.21871240293075003,0.024205216431409212,0.008998077306701102,0.006113862025682449,0.0010420725729644092,0.16773866084792383,0.7532821671229679,0.21961055506197244,0.005455200937591615,0.010623003667583338,0.010408762490241473,0.0006203107196434729
191.60000000000002,0.7408325586958617,0.21878594868964762,0.024218410492381447,0.009002036401835554,0.006118019833438944,0.001043025886836379,0.1677142561508883,0.753188012280517,0.21968865245753233,0.005460233907218344,0.01062791870622873,0.010414278340138614,0.0006209043083649378
191.70000000000002,0.7407367772515137,0.21885946529389297,0.024231604458110883,0.009005995359605553,0.006122178089467685,0.0010439795474109516,0.16768985849906648,0.7530938862001639,0.2197667196848361,0.005465268571214418,0.010632833413908482,0.010419794000159924,0.0006214981297171815
191.8,0.7406410243898426,0.2189329527537204,0.02424479832829543,0.009009954180329028,0.0061263367932331125,0.0010449335545810587,0.16766546789002357,0.7529997888721257,0.2198447567544219,0.0054703049288134555,0.010637747790890004,0.010425309470114105,0.0006220921836349207
191.9,0.7405453001012443,0.21900641107936084,0.024257992102633123,0.009013912864323468,0.006130495944200189,0.0010458879082396652,0.16764108432132596,0.752905720286623,0.21992276367682415,0.005475342979249359,0.010642661837440372,0.010430824749810155,0.0006226864700528925
192.0,0.7404496043761178,0.21907984028104152,0.024271185780822123,0.009017871411905921,0.006134655541834394,0.0010468426082797717,0.16761670779054083,0.7528116804338802,0.2200007404625739,0.005480382721756293,0.01064757555382635,0.010436339839057365,0.0006232809889058543
192.10000000000002,0.7403539372048655,0.21915324036898623,0.024284379362560716,0.009021829823392996,0.00613881558560173,0.0010477976545944126,0.16759233829523695,0.7527176693041243,0.22007868712219847,0.005485424155568703,0.010652488940314397,0.010441854737665306,0.0006238757401285844
192.20000000000002,0.7402582985778929,0.21922661135341515,0.024297572847547307,0.009025788099100865,0.006142976074968714,0.0010487530470766567,0.16756797583298397,0.7526236868875867,0.22015660366622136,0.005490467279921307,0.010657401997170655,0.010447369445443888,0.0006244707236558823
192.3,0.740162688485609,0.219299953244545,0.024310766235480428,0.00902974623934526,0.0061471370094023856,0.001049708785619608,0.16754362040135243,0.7525297331745017,0.22023449010516258,0.005495512094049086,0.010662314724660936,0.01045288396220326,0.0006250659394225669
192.4,0.7400671069184257,0.21937326605258892,0.024323959526058744,0.009033704244441481,0.006151298388370302,0.001050664870116405,0.16751927199791447,0.7524358081551059,0.22031234644953848,0.005500558597187303,0.010667227123050788,0.010458398287753877,0.0006256613873634795
192.5,0.7399715538667588,0.21944654978775657,0.024337152718981042,0.009037662114704383,0.006155460211340538,0.0010516213004602203,0.16749493062024295,0.7523419118196413,0.220390172709862,0.005505606788571491,0.010672139192605385,0.010463912421906502,0.0006262570674134806
192.60000000000002,0.7398760293210269,0.2195198044602541,0.02435034581394624,0.009041619850448395,0.006159622477781685,0.0010525780765442618,0.16747059626591168,0.7522480441583514,0.22046796889664197,0.005510656667437456,0.010677050933589647,0.010469426364472187,0.0006268529795074512
192.70000000000002,0.7397805332716522,0.219593030080284,0.024363538810653357,0.009045577451987499,0.0061637851871628475,0.0010535351982617707,0.1674462689324962,0.7521542051614842,0.2205457350203838,0.005515708233021266,0.010681962346268127,0.010474940115262255,0.0006274491235802947
192.8,0.7396850657090598,0.21966622665804536,0.024376731708801568,0.009049534919635248,0.006167948338953652,0.0010544926655060235,0.16742194861757262,0.7520603948192908,0.22062347109158936,0.005520761484559279,0.010686873430905137,0.010480453674088345,0.0006280454995669331
192.9,0.7395896266236784,0.21973939420373376,0.024389924508090157,0.009053492253704757,0.0061721119326242375,0.0010554504781703318,0.1673976353187184,0.7519666131220254,0.220701177120757,0.00552581642128811,0.010691784187764602,0.010485967040762366,0.0006286421074023105
193.0,0.73949421600594,0.21981253272754117,0.02440311720821853,0.009057449454508712,0.006176275967645258,0.0010564086361480403,0.16737332903351176,0.7518728600599462,0.22077885311838108,0.005530873042444662,0.010696694617110189,0.010491480215096532,0.0006292389470213906
193.10000000000002,0.7393988338462797,0.2198856422396561,0.024416309808886233,0.009061406522359362,0.006180440443487884,0.0010573671393325297,0.1673490297595327,0.7517791356233136,0.22085649909495253,0.005535931347266084,0.010701604719205246,0.010496993196903325,0.000629836018359158
193.20000000000002,0.7393034801351359,0.21995872275026349,0.024429502309792916,0.009065363457568516,0.006184605359623794,0.0010583259876172134,0.16732473749436172,0.7516854398023929,0.22093411506095859,0.005540991334989821,0.010706514494312792,0.010502505985995551,0.0006304333213506189
193.3,0.7392081548629503,0.22003177426954482,0.02444269471063837,0.009069320260447562,0.006188770715525188,0.001059285180895541,0.16730045223558065,0.751591772587451,0.22101170102688317,0.0055460530048535754,0.01071142394269557,0.010508018582186265,0.0006310308559307981
193.4,0.739112858020168,0.22010479680767803,0.024455887011122498,0.009073276931307446,0.006192936510664774,0.0010602447190609953,0.16727617398077235,0.7514981339687596,0.22108925700320595,0.005551116356095332,0.010716333064615979,0.010513530985288844,0.0006316286220347429
193.5,0.7390175895972374,0.22017779037483753,0.024469079210945342,0.009077233470458688,0.006197102744515772,0.0010612046020070942,0.16725190272752113,0.7514045239365926,0.22116678300040357,0.005556181387953332,0.010721241860336135,0.010519043195116935,0.0006322266195975198
193.60000000000002,0.7389223495846099,0.22025075498119426,0.02448227130980706,0.009081189878211375,0.0062012694165519185,0.00106216482962739,0.16722763847341182,0.7513109424812285,0.22124427902894872,0.005561248099666107,0.010726150330117836,0.010524555211484477,0.0006328248485542166
193.70000000000002,0.7388271379727404,0.22032369063691556,0.024495463307407928,0.00908514615487516,0.006205436526247456,0.0010631254018154688,0.1672033812160308,0.7512173895929488,0.2213217450993106,0.005566316490472443,0.010731058474222576,0.010530067034205696,0.0006334233088399423
193.8,0.7387319547520868,0.22039659735216538,0.024508655203448356,0.009089102300759268,0.00620960407307714,0.0010640863184649516,0.16717913095296558,0.7511238652620373,0.22139918122195484,0.005571386559611411,0.010735966292911531,0.010535578663095109,0.0006340220003898246
193.9,0.7386367999131107,0.22046947513710405,0.02452184699762888,0.009093058316172496,0.006213772056516238,0.001065047579469494,0.16715488768180453,0.7510303694787823,0.2214765874073432,0.005576458306322333,0.010740873786445589,0.010541090097967514,0.0006346209231390132
194.0,0.7385416734462767,0.22054232400188847,0.02453503868965015,0.009097014201423205,0.0062179404760405255,0.0010660091847227858,0.16713065140013725,0.7509369022334754,0.22155396366593413,0.0055815317298448285,0.010745780955085325,0.010546601338638002,0.0006352200770226787
194.10000000000002,0.7384465753420527,0.22061514395667203,0.024548230279212956,0.009100969956819334,0.006222109331126288,0.001066971134118551,0.16710642210555446,0.7508434635164101,0.22163131000818206,0.005586606829418765,0.010750687799090995,0.010552112384921944,0.0006358194619760105
194.20000000000002,0.7383515055909099,0.22068793501160452,0.024561421766018193,0.009104925582668389,0.006226278621250317,0.0010679334275505476,0.16708219979564823,0.7507500533178856,0.22170862644453848,0.0055916836042842945,0.010755594318722562,0.010557623236634998,0.0006364190779342206
194.3,0.7382564641833227,0.22076069717683233,0.024574613149766892,0.009108881079277448,0.006230448345889916,0.0010688960649125685,0.16705798446801104,0.7506566716282022,0.22178591298545033,0.005596762053681831,0.010760500514239683,0.010563133893593106,0.0006370189248325396
194.4,0.7381614511097688,0.2208334304624983,0.024587804430160207,0.009112836446953166,0.006234618504522897,0.0010698590460984409,0.16703377612023743,0.7505633184376657,0.22186316964136193,0.005601842176852067,0.0107654063859017,0.010568644355612517,0.0006376190026062197
194.5,0.7380664663607294,0.22090613487874175,0.024600995606899417,0.009116791686001767,0.006238789096627577,0.0010708223710020265,0.16700957474992223,0.7504699937365833,0.22194039642271324,0.005606923973035955,0.010770311933967668,0.010574154622509721,0.000638219311190534
194.60000000000002,0.7379715099266884,0.22097881043569859,0.02461418667968593,0.009120746796729048,0.0062429601216827816,0.0010717860395172212,0.166985380354662,0.7503766975152658,0.22201759333994084,0.005612007441474734,0.01077521715869632,0.010579664694101536,0.0006388198505207753
194.70000000000002,0.7378765817981334,0.2210514571435011,0.024627377648221257,0.00912470177944038,0.006247131579167838,0.0010727500515379544,0.16696119293205386,0.750283429764029,0.2220947604034779,0.005617092581409892,0.010780122060346098,0.010585174570205034,0.0006394206205322569
194.8,0.7377816819655553,0.22112407501227813,0.024640568512207056,0.009128656634440705,0.006251303468562584,0.0010737144069581904,0.16693701247969653,0.7501901904731901,0.22217189762375372,0.005622179392083209,0.010785026639175133,0.010590684250637595,0.000640021621160313
194.9,0.737686810419448,0.22119666405215505,0.024653759271345107,0.009132611362034552,0.006255475789347363,0.0010746791056719283,0.16691283899518947,0.7500969796330706,0.2222490050111941,0.005627267872736718,0.010789930895441242,0.010596193735216851,0.0006406228523402985
195.0,0.7375919671503087,0.22126922427325368,0.024666949925337304,0.009136565962526011,0.00625964854100302,0.0010756441475732008,0.1668886724761334,0.7500037972339958,0.2223260825762213,0.005632358022612732,0.01079483482940197,0.010601703023760758,0.0006412243140075879
195.10000000000002,0.7374971521486381,0.22134175568569245,0.02468014047388567,0.009140520436218758,0.006263821723010907,0.0010766095325560753,0.16686451292013013,0.749910643266293,0.2224031303292537,0.0056374498409538275,0.010799738441314533,0.010607212116087512,0.0006418260060975772
195.20000000000002,0.7374023654049399,0.22141425829958614,0.024693330916692346,0.009144474783416038,0.006267995334852877,0.0010775752605146523,0.16684036032478253,0.7498175177202937,0.22248014828070659,0.005642543327002858,0.010804641731435843,0.010612721012015628,0.0006424279285456823
195.3,0.7373076069097212,0.22148673212504613,0.02470652125345961,0.009148429004420677,0.006272169376011289,0.0010785413313430681,0.16681621468769453,0.7497244205863323,0.22255713644099093,0.005647638480002939,0.010809544700022532,0.010618229711363883,0.0006430300812873397
195.4,0.7372128766534922,0.22155917717218027,0.02471971148388985,0.009152383099535073,0.006276343845969001,0.0010795077449354921,0.16679207600647122,0.7496313518547473,0.2226340948205149,0.0056527352991974575,0.010814447347330901,0.010623738213951338,0.0006436324642580062
195.5,0.7371181746267665,0.22163159345109298,0.024732901607685594,0.009156337069061209,0.006280518744209379,0.001080474501186129,0.16676794427871874,0.7495383115158801,0.2227110234296825,0.005657833783830077,0.010819349673616986,0.01062924651959734,0.0006442350773931591
195.60000000000002,0.7370235008200611,0.22170398097188518,0.024746091624549483,0.009160290913300643,0.006284694070216287,0.0010814415999892166,0.16674381950204428,0.7494452995600747,0.22278792227889432,0.005662933933144723,0.010824251679136488,0.01063475462812151,0.0006448379206282964
195.70000000000002,0.7369288552238958,0.22177633974465416,0.024759281534184278,0.009164244632554509,0.006288869823474089,0.0010824090412390266,0.16671970167405611,0.7493523159776795,0.22286479137854714,0.005668035746385591,0.010829153364144821,0.010640262539343765,0.0006454409938989365
195.8,0.7368342378287941,0.2218486697794939,0.024772471336292873,0.009168198227123522,0.0062930460034676524,0.0010833768248298663,0.1666955907923638,0.7492593607590463,0.22294163073903464,0.005673139222797147,0.010834054728897114,0.010645770253084273,0.0006460442971406177
195.9,0.7367396486252824,0.22192097108649483,0.024785661030578287,0.009172151697307977,0.006297222609682344,0.0010843449506560765,0.16667148685457753,0.7491664338945289,0.22301844037074653,0.005678244361624128,0.010838955773648167,0.010651277769163523,0.000646647830288899
196.0,0.7366450876038906,0.22199324367574386,0.02479885061674366,0.009176105043407748,0.006301399641604032,0.0010853134186120318,0.16664738985830907,0.7490735353744857,0.22309522028406875,0.005683351162111538,0.010843856498652493,0.010656785087402249,0.0006472515932793613
196.10000000000002,0.7365505547551516,0.22206548755732444,0.02481204009449225,0.009180058265722293,0.006305577098719081,0.0010862822285921416,0.16662329980117105,0.7489806651892776,0.22317197048938422,0.005688459623504648,0.010848756904164312,0.010662292207621485,0.0006478555860476033
196.20000000000002,0.7364560500696019,0.22213770274131656,0.024825229463527446,0.009184011364550645,0.0063097549805143545,0.0010872513804908485,0.1665992166807768,0.7488878233292697,0.22324869099707184,0.005693569745049003,0.010853656990437544,0.010667799129642533,0.0006484598085292453
196.3,0.7363615735377811,0.2222098892377966,0.024838418723552753,0.009187964340191422,0.006313933286477216,0.0010882208742026295,0.1665751404947414,0.7487950097848302,0.223325381817507,0.005698681525990415,0.010858556757725799,0.010673305853286968,0.0006490642606599288
196.4,0.736267125150232,0.22228204705683768,0.024851607874271806,0.009191917192942822,0.006318112016095525,0.0010891907096219964,0.1665510712406804,0.7487022245463292,0.22340204296106153,0.005703794965574961,0.01086345620628239,0.010678812378376668,0.0006496689423753148
196.5,0.7361727048975003,0.22235417620850928,0.024864796915388364,0.009195869923102628,0.006322291168857641,0.0010901608866434947,0.16652700891621078,0.7486094676041425,0.2234786744381036,0.005708910063048988,0.010868355336360356,0.010684318704733771,0.0006502738536110849
196.60000000000002,0.7360783127701356,0.22242627670287748,0.02487798584660631,0.009199822530968205,0.006326470744252421,0.001091131405161704,0.16650295351895053,0.7485167389486471,0.223555276258998,0.005714026817659113,0.010873254148212413,0.010689824832180691,0.0006508789943029408
196.70000000000002,0.7359839487586903,0.22249834855000478,0.024891174667629645,0.009203775016836498,0.0063306507417692105,0.0010921022650712377,0.16647890504651852,0.7484240385702247,0.2236318484341057,0.005719145228652224,0.010878152642090981,0.010695330760540122,0.000651484364386605
196.8,0.7358896128537202,0.2225703917599503,0.024904363378162497,0.00920772738100404,0.006334831160897858,0.0010930734662667435,0.1664548634965348,0.7483313664592594,0.22370839097378428,0.005724265295275472,0.010883050818248197,0.010700836489635036,0.0006520899637978203
196.9,0.7357953050457844,0.22264240634276966,0.024917551977909114,0.009211679623766946,0.006339012001128705,0.001094045008642903,0.1664308288666207,0.7482387226061393,0.22378490388838754,0.005729387016776279,0.010887948676935886,0.010706342019288695,0.0006526957924723496
197.0,0.735701025325445,0.22271439230851497,0.02493074046657387,0.009215631745420914,0.0063431932619525885,0.001095016892094432,0.1664068011543981,0.748146107001256,0.22386138718826581,0.005734510392402335,0.010892846218405586,0.010711847349324614,0.0006533018503459766
197.10000000000002,0.7356067736832674,0.22278634966723496,0.024943928843861266,0.009219583746261235,0.006347374942860841,0.0010959891165160805,0.16638278035749052,0.7480535196350027,0.22393784088376598,0.005739635421401598,0.010897743442908545,0.010717352479566596,0.0006539081373545051
197.20000000000002,0.7355125501098205,0.22285827842897477,0.024957117109475922,0.009223535626582775,0.006351557043345285,0.0010969616818026324,0.16635876647352205,0.7479609604977784,0.22401426498523105,0.005744762103022292,0.010902640350695702,0.01072285740983873,0.0006545146534337588
197.3,0.7354183545956762,0.22293017860377612,0.024970305263122574,0.009227487386679991,0.006355739562898238,0.0010979345878489048,0.16633475950011822,0.747868429579984,0.22409065950300072,0.005749890436512914,0.010907536942017704,0.01072836213996537,0.0006551213985195826
197.4,0.7353241871314093,0.22300205020167732,0.024983493304506093,0.009231439026846928,0.006359922501012512,0.0010989078345497501,0.16631075943490528,0.7477759268720233,0.22416702444741085,0.005755020421122223,0.0109124332171249,0.010733866669771127,0.0006557283725478408
197.5,0.7352300477075987,0.22307389323271312,0.024996681233331465,0.009235390547377216,0.00636410585718141,0.001099881421800054,0.1662867662755109,0.7476834523643042,0.2242433598287939,0.005760152056099244,0.010917329176267365,0.010739370999080919,0.0006563355754544192
197.60000000000002,0.7351359363148258,0.22314570770691486,0.025009869049303805,0.009239341948564074,0.006368289630898727,0.0011008553494947359,0.1662627800195634,0.7475910060472378,0.2243196656574789,0.005765285340693283,0.01092222481969486,0.010744875127719931,0.0006569430071752235
197.70000000000002,0.7350418529436754,0.2232174936343104,0.02502305675212834,0.009243293230700306,0.006372473821658748,0.0011018296175287494,0.1662388006646926,0.7474985879112385,0.2243959419437909,0.005770420274153893,0.010927120147656845,0.010750379055513598,0.0006575506676461782
197.8,0.7349477975847357,0.2232892510249241,0.025036244341510434,0.009247244394078306,0.006376658428956249,0.0011028042257970824,0.16621482820852915,0.7474061979467237,0.22447218869805188,0.0057755568557309135,0.01093201516040251,0.01075588278228766,0.0006581585568032307
197.9,0.734853770228598,0.22336097988877698,0.025049431817155566,0.009251195438990058,0.006380843452286499,0.0011037791741947568,0.16619086264870467,0.7473138361441144,0.22454840593057981,0.005780695084674441,0.010936909858180731,0.010761386307868114,0.0006587666745823466
198.0,0.7347597708658569,0.22343268023588644,0.02506261917876934,0.009255146365727135,0.006385028891145254,0.0011047544626168273,0.1661669039828521,0.7472215024938347,0.22462459365168921,0.005785834960234841,0.010941804241240109,0.010766889632081228,0.0006593750209195128
198.10000000000002,0.7346657994871101,0.22350435207626654,0.025075806426057484,0.009259097174580698,0.006389214745028762,0.0011057300909583844,0.1661429522086052,0.7471291969863125,0.2247007518716913,0.005790976481662744,0.010946698309828938,0.010772392754753547,0.0006599835957507367
198.20000000000002,0.7345718560829585,0.2235759954199278,0.025088993558725837,0.0092630478658415,0.006393401013433756,0.0011067060591145505,0.16611900732359888,0.7470369196119784,0.22477688060089332,0.005796119648209055,0.010951592064195215,0.010777895675711899,0.0006605923990120448
198.3,0.7344779406440064,0.22364761027687732,0.025102180576480376,0.009266998439799884,0.006397587695857462,0.0011076823669804836,0.16609506932546905,0.7469446703612663,0.22485297984959923,0.005801264459124936,0.010956485504586671,0.010783398394783376,0.0006612014306394854
198.4,0.7343840531608612,0.22371919665711879,0.025115367479027192,0.009270948896745785,0.006401774791797589,0.0011086590144513742,0.16607113821185288,0.7468524492246135,0.22492904962810928,0.005806410913661826,0.010961378631250717,0.010788900911795329,0.0006618106905691252
198.5,0.7342901936241335,0.22379075457065234,0.0251285542660725,0.009274899236968727,0.006405962300752337,0.0011096360014224474,0.1660472139803885,0.7467602561924612,0.22500508994672044,0.005811559011071417,0.010966271444434492,0.010794403226575395,0.0006624201787370536
198.60000000000002,0.7341963620244373,0.2238622840274748,0.025141740937322646,0.00927884946075783,0.006410150222220394,0.0011106133277889623,0.16602329662871498,0.746668091255253,0.22508110081572566,0.005816708750605684,0.010971163944384828,0.010799905338951487,0.000663029895079378
198.70000000000002,0.7341025583523896,0.22393378503757932,0.02515492749248408,0.0092827995684018,0.0064143385557009274,0.0011115909934462111,0.16599938615447235,0.7465759544034363,0.22515708224541459,0.005821860131516861,0.010976056131348284,0.010805407248751786,0.0006636398395322273
198.8,0.7340087825986106,0.22400525761095583,0.025168113931263388,0.009286749560188944,0.0064185273006936,0.0011125689982895207,0.16597548255530215,0.7464838456274616,0.22523303424607347,0.00582701315305744,0.010980948005571114,0.010810908955804726,0.0006642500120317507
198.9,0.7339150347537239,0.22407670175759067,0.02518130025336728,0.009290699436407158,0.0064227164566985516,0.0011135473422142514,0.1659515858288465,0.7463917649177829,0.22530895682798457,0.005832167814480197,0.010985839567299288,0.01081641045993903,0.0006648604125141165
199.0,0.7338213148083562,0.22414811748746677,0.025194486458502575,0.009294649197343931,0.006426906023216412,0.001114526025115797,0.16592769597274878,0.746299712264857,0.22538485000142705,0.005837324115038159,0.010990730816778487,0.010821911760983677,0.0006654710409155146
199.10000000000002,0.7337276227531376,0.22421950481056366,0.025207672546376236,0.009298598843286352,0.006431095999748297,0.0011155050468895863,0.16590381298465345,0.746207687659145,0.22546071377667615,0.005842482053984623,0.010995621754254097,0.010827412858767944,0.0006660818971721541
199.20000000000002,0.7336339585787012,0.22429086373685728,0.025220858516695324,0.009302548374521099,0.006435286385795798,0.0011164844074310802,0.1658799368622058,0.7461156910911099,0.22553654816400387,0.005847641630573164,0.011000512379971229,0.01083291375312134,0.0006666929812202651
199.3,0.7335403222756832,0.2243621942763203,0.025234044369167038,0.009306497791334445,0.006439477180861,0.0011174641066357745,0.16585606760305244,0.7460237225512197,0.22561235317367848,0.005852802844057601,0.011005402694174682,0.01083841444387366,0.0006673042929960976
199.4,0.7334467138347233,0.22443349643892183,0.025247230103498698,0.009310447094012261,0.006443668384446464,0.0011184441443991987,0.16583220520484093,0.7459317820299434,0.2256881288159645,0.0058579656936920375,0.011010292697108995,0.010843914930854983,0.0006679158324359212
199.5,0.7333531332464642,0.2245047702346276,0.025260415719397744,0.009314396282840018,0.0064478599960552385,0.0011194245206169156,0.1658083496652198,0.7458398695177555,0.22576387510112342,0.005863130178730836,0.01101518238901839,0.01084941521389563,0.000668527599476027
199.60000000000002,0.733259580501552,0.22457601567339983,0.02527360121657174,0.009318345358102777,0.006452052015190851,0.0011204052351845226,0.16578450098183864,0.7457479850051326,0.22583959203941267,0.005868296298428624,0.011020071770146819,0.0108549152928262,0.0006691395940527247
199.70000000000002,0.7331660555906359,0.22464723276519735,0.025286786594728366,0.0093222943200852,0.006456244441357308,0.0011213862879976494,0.16576065915234808,0.7456561284825556,0.22591527964108646,0.005873464052040298,0.011024960840737948,0.010860415167477568,0.0006697518161023458
199.8,0.7330725585043683,0.22471842151997554,0.025299971853575427,0.009326243169071543,0.006460437274059103,0.0011223676789519608,0.1657368241743999,0.7455642999405061,0.2259909379163953,0.005878633438821013,0.01102984960103515,0.01086591483768086,0.0006703642655612416
199.9,0.7329790892334046,0.22478958194768636,0.025313156992820853,0.009330191905345663,0.006464630512801207,0.0011233494079431548,0.16571299604564663,0.7454724993694725,0.22606656687558618,0.005883804458026198,0.011034738051281518,0.010871414303267503,0.0006709769423657815
200.0,0.7328856477684038,0.22486071405827826,0.0253263420121727,0.009334140529191015,0.006468824157089071,0.0011243314748669631,0.165689174763742,0.7453807267599444,0.2261421665289026,0.005888977108911541,0.01103962619171983,0.01087691356406913,0.0006715898464523586
