time_fs,ground_population,"electron_(0, 0)","electron_(0, 1)","electron_(0, 2)","electron_(1, 0)","electron_(1, 1)","electron_(1, 2)","hole_(0, 0)","hole_(0, 1)","hole_(0, 2)","hole_(1, 0)","hole_(1, 1)","hole_(1, 2)","exciton_(0, 0)","exciton_(0, 1)","exciton_(0, 2)","exciton_(1, 0)","exciton_(1, 1)","exciton_(1, 2)"
0.0,0.0,1.0,0.0,0.0,0.0,0.0,0.0,1.0,0.0,0.0,0.0,0.0,0.0,1.0,0.0,0.0,0.0,0.0,0.0
6.012024048096192,0.016736054288237403,0.8604931216586718,0.10525121841527647,0.0005744907787744757,0.013083954756105937,0.0038333165011069964,2.7843601826948378e-05,0.9711647286016043,0.011699556066137456,4.642933385930142e-06,0.0003249137824731914,6.953882288933471e-05,5.655052724058428e-07,0.8499047510942095,0.0012527035304038584,2.6874182228470086e-09,4.3202565023434565e-06,2.6832220817340646e-07,1.5634044414663577e-11
12.024048096192384,0.031208932348315014,0.8211380819920086,0.1083584223258015,0.004095232446252697,0.0074568662048181775,0.02694174416889881,0.0008007205139053895,0.9356881504076077,0.03207383508304859,3.32225133658646e-05,0.000844872226153639,0.0001481875804892065,2.799841020157565e-06,0.7930516611498281,0.00356716664087381,1.3771009788306715e-07,6.461245940130182e-06,4.039711304703142e-06,2.23315376493895e-09
18.03607214428858,0.04659710189035406,0.9015249880365623,0.0003501137836134639,0.005571832928452884,0.003167102002796206,0.04040970692715312,0.0023791544310678477,0.9164803467953204,0.035866997261455216,0.00010763145132715756,0.0008146956551406361,0.00012664655389328799,6.580392509267385e-06,0.8665853033236259,1.0627097995836453e-05,6.096068607741147e-07,2.6644702579907165e-06,5.189035250831772e-06,1.558784166286788e-08
24.04809619238477,0.06148767507795971,0.7551024131756147,0.08854165605441366,0.008920252021446461,0.02096281724845342,0.0642157677959323,0.0007694186261794939,0.9193087396809493,0.018558469568966042,0.00022955465708997282,0.0002608176931528187,0.00014403734196361483,1.0705979918306793e-05,0.7395923972816834,0.0017207941222905526,2.0918330393469766e-06,5.500527859499939e-06,9.433854339901088e-06,7.978403595156292e-09
30.06012024048096,0.07379885909433226,0.6748840288557638,0.0974769780053125,0.019540513331729,0.0041086539040131155,0.12844986819454754,0.0017410986143015109,0.9240164059241882,0.001460055951478548,0.0003864727978346867,6.45973007920617e-05,0.0002574608862903399,1.6148045083723845e-05,0.6732520677345113,0.000128400519446619,7.767464996829851e-06,3.3413655924674886e-07,3.420429501376464e-05,2.7462677737622154e-08
36.07214428857716,0.08630581978074468,0.7232258111707405,0.0011185334001575645,0.022583395658629584,0.011667071024567207,0.14650638860672988,0.008592980358430069,0.9069703359477235,0.005124204655892111,0.000557814302713711,0.0007516915982254805,0.0002648570706991817,2.5276644000901868e-05,0.7178900537395507,1.4356322323484814e-05,1.3032008692637942e-05,8.571017177286442e-06,4.051383009940753e-05,2.153435482004253e-07
42.08416833667335,0.09812443444687839,0.5874973058348666,0.06714900592752232,0.029494423065101597,0.031089481799965558,0.18249297597838934,0.004152372947275753,0.875146715167978,0.024301721747391616,0.0006983334940114076,0.0015744235555355212,0.00011801788623050377,3.635370197421982e-05,0.569795387436666,0.001673606485353263,2.1415860189402683e-05,5.1080017011991e-05,2.2534785790254532e-05,1.474148928905005e-07
48.09619238476954,0.10730950410040191,0.4870928191430077,0.076722749694794,0.04753299003073164,0.002387664476118558,0.2769432197351211,0.002011052819824682,0.8554247670334494,0.03494752631009539,0.0007459472792923144,0.0014383981938764728,8.911678320166665e-05,4.474029968255175e-05,0.4662784207000317,0.002853109573163404,3.7238151918438365e-05,3.6821969029111983e-06,2.5455692034362062e-05,8.453986927942906e-08
54.10821643286573,0.11611249668242939,0.5066197099753234,0.0017426412626436675,0.05192549435281013,0.023079308233940624,0.2841250584152886,0.016395291077563816,0.8582908723890587,0.0240304483437697,0.0006759836963420668,0.000568007318086857,0.0002709315720640421,5.12599982489292e-05,0.49164003065103107,2.2596447053534686e-05,3.715581203968411e-05,1.3536913104680031e-05,8.099421801197172e-05,8.272642242942999e-07
60.12024048096192,0.12428739152625443,0.3960474555871761,0.04596864559898321,0.06268803646579377,0.0422708790416012,0.3182972640326285,0.010440327747562372,0.869236164544568,0.00514012702276948,0.0005306661161111935,0.00037467976611150507,0.00036889256769092915,6.207845649402793e-05,0.39304895684014074,0.00029715673487743134,3.547656197907949e-05,1.4877369690781516e-05,0.00012414210664882396,6.291807551724527e-07
66.13226452905812,0.13024066508882107,0.2986651002678698,0.05099790349839528,0.08800689397494336,0.0015302433497983285,0.4290119986397248,0.0015471951804469156,0.8663988234045097,0.001202659420121702,0.0003761453804234864,0.0014637036511206511,0.0002399435791908845,7.80594758119746e-05,0.29742809932321573,7.943739213346913e-05,3.5909670128442996e-05,3.5331745669459966e-06,0.00010879848632572444,9.609204334189762e-08
72.14428857715431,0.135530251836964,0.29902101443690354,0.0019701811248952774,0.0932456485939062,0.034503080880378914,0.412634527007781,0.02309529611917053,0.8450713740641446,0.016245529787447047,0.0002492986919376945,0.0026628620123431697,0.0001480503780477287,9.263322911526671e-05,0.2919969828567495,3.710143427932393e-05,2.551997051945409e-05,9.274667372120172e-05,6.406937324586351e-05,2.096088382707753e-06
78.1563126252505,0.14026190341687814,0.22295141267307286,0.028597638808638526,0.10685241015652129,0.05264545727848723,0.4299686291980589,0.01872254846834241,0.8255893520732899,0.031078493849582445,0.0001573284602817139,0.002577225376927792,0.00023233626295973489,0.00010336056007961347,0.21348176176621078,0.0009125004074130492,1.8481073840263458e-05,0.0001396975359610848,0.00010655823398002397,1.8765408786812061e-06
84.1683366733467,0.1434037573390895,0.1476855790832732,0.02646569003190751,0.13795598602463652,0.0011270049072574359,0.5424406731112983,0.0009213095025372084,0.827265884312805,0.02737203857175182,0.00010029075173246167,0.0014948528022415927,0.00024703025403381365,0.00011614596834559831,0.1421175169032503,0.0007700574964113297,1.5146825060121733e-05,1.835972524912301e-06,0.0001457780230929525,4.889044819852629e-08
90.18036072144288,0.14593459202926265,0.14227545155428858,0.002348472146969922,0.1427979428236583,0.043517216424931386,0.49662677907301905,0.02649954594786998,0.8428463469318653,0.009922105908589964,6.94052608004846e-05,0.001010281761437571,8.351596267478927e-05,0.00013375214536904146,0.14023690995207586,1.7568973482034853e-05,1.0532163127878007e-05,3.8473162719314574e-05,4.555295791346371e-05,3.4251072107782413e-06
96.19238476953907,0.14819766241278387,0.10479329120103448,0.016549616413232517,0.15662914345313664,0.06015389567378877,0.48662582592332776,0.02705056492269592,0.8495352771493634,5.414686959663393e-05,4.482392292838205e-05,0.0020117868079890943,5.9442725192216185e-06,0.00015035856481932349,0.10443654674686889,9.737353511290795e-06,7.209484214068455e-06,0.00012134497839175323,3.645910865246759e-06,3.928208247150302e-06
102.20440881763527,0.14960795814106384,0.061266893855699375,0.008627907419587617,0.1901765296093009,0.0011074115545767116,0.588311578881275,0.0009017205384967185,0.8373320581609984,0.009143767905331685,2.0255493419090727e-05,0.003613803496501279,0.00011953287631247893,0.00016262392637337374,0.060031127133050866,8.695657650327746e-05,4.105512145388344e-06,4.964033470578694e-06,7.995839847565876e-05,4.0814451773933844e-08
108.21643286573146,0.15065526375624808,0.06262731532872802,0.004272356792716752,0.1925801596503759,0.04886325165726992,0.5153636397366039,0.025638013078057686,0.8196852233267147,0.0251266957359482,1.7399999102170225e-05,0.0041779367338005595,0.0001619212217715195,0.0001755592264150022,0.060057234373849216,8.144259232685298e-05,4.394809489805811e-06,0.00020430234558269236,9.657523340542802e-05,4.29255035357813e-06
114.22845691382766,0.1518059824555245,0.06374130311603152,0.009464225333694922,0.20290550770840185,0.06314855661299638,0.47590365601219825,0.033030768761152435,0.8166752539774239,0.02800616414079156,6.228475807198649e-05,0.0032035753343580826,5.4916753878540825e-05,0.000191822579951337,0.06128155944579008,0.00026250942647665745,1.6058964212367712e-05,0.00019749834720389297,3.0123463731685413e-05,6.059689637220291e-06
120.24048096192384,0.15281123440721725,0.050680979333013854,0.0006972719341227236,0.2340316574325409,0.001560400239225301,0.5582814103392131,0.0019370463146664825,0.8301969445830307,0.014481450661826533,0.0001608942967406601,0.002068850855701333,7.485026928257179e-05,0.00020577492620049614,0.0497775242881176,1.1459830165855369e-05,4.569026531849677e-05,1.5743555879274905e-06,5.0687015712209634e-05,2.452768357378138e-07
126.25250501002003,0.15378406268634762,0.06621296132980875,0.009485201562970108,0.2315597568617474,0.050612817501513994,0.4673285809526587,0.021016619104953,0.8415586201904502,0.0013125857152788802,0.0003010438668774021,0.002572741546814202,0.0002558931052782074,0.0002150528889530275,0.06587748377998258,2.7021176402560485e-05,8.337355350965746e-05,0.00011000615512860326,0.00014811845515721897,4.220905418766645e-06
132.26452905811624,0.15530850977210253,0.10299229078620556,0.005894736163324107,0.23476496974137084,0.0609346764601119,0.40542132804293624,0.034683489033948446,0.834996214318182,0.004116957951818262,0.00045379397223293904,0.004638626463854537,0.00025831983832633193,0.0002275776834830482,0.10165975821765552,2.3318073014251023e-05,0.00012652463338517594,0.000279588459249767,0.00013057366082145649,7.43071038178812e-06
138.27655310621242,0.15723347051115563,0.11015244760747253,0.002879376134404434,0.2583063565190465,0.0025306368647194516,0.46507793887562227,0.0038197734875791366,0.8174569750834831,0.018385500274381985,0.0005674042743359902,0.006052097815489727,5.6890287189040967e-05,0.0002476617539643024,0.1067190257706748,6.469849979701257e-05,0.00017349268544630583,6.593741824033819e-06,3.299993653294587e-05,7.601047045812752e-07
144.28857715430863,0.15934497853136223,0.13952682754398066,0.019245394950596333,0.24888678489573518,0.04980865457155451,0.3688735198480389,0.014313839658731968,0.8086802078638299,0.025879859363604766,0.0005942324628848101,0.005156433319409622,7.899052611210198e-05,0.00026529793279631095,0.13428625141718672,0.0005361298498693175,0.00017555630188955106,0.00024382954943376128,3.7660509576840524e-05,3.474645164429532e-06
150.30060120240483,0.16243106882397668,0.2069647121184767,0.004253616571779852,0.24292473112581367,0.05400067930328556,0.2981774258218044,0.031247766234862792,0.8155624667876796,0.01750926379434768,0.0005377786759574142,0.0032872457785027656,0.0004006734662132888,0.0002715026733222183,0.20187448868021735,6.993278754924802e-05,0.0001552027980954899,0.00015417532517430444,0.00015216159735324344,7.847517812457307e-06
156.312625250501,0.16628750205827508,0.21960475975631408,0.012698869400017746,0.25522612344405576,0.003910994677955789,0.3365577443934381,0.005714006269942986,0.8252168704998815,0.00396099245385071,0.0004487416969960378,0.0032845226123000724,0.0005269652765710659,0.0002744054021249714,0.21754737611389002,6.345065810923576e-05,0.000136398671878705,2.9407127449936456e-06,0.00022210486804624007,1.326414761505182e-06
162.3246492985972,0.17035320667385404,0.2548169919504476,0.033545451182485246,0.2380576960755399,0.04779179519145697,0.24778069797074245,0.0076541609554732605,0.8215017589543855,0.0015741448353416819,0.0003690974795451274,0.005648362679188283,0.0002675801740914384,0.00028584920359345483,0.252202390994257,6.807080286686272e-05,0.00010502485221145115,0.00022570935235758743,8.395460998868653e-05,1.940519215773445e-06
168.3366733466934,0.1757083033358525,0.34596681809613855,0.0034665910571299143,0.22342582432087169,0.04386008260000407,0.183977947212875,0.023594433377127747,0.8037920423200647,0.012098483369562565,0.00030436831043510726,0.007706929513850399,8.857764942531978e-05,0.00030129550080892236,0.3371985054948224,5.1484652613334416e-05,8.11991860926618e-05,0.0003152027074268514,2.011186116864795e-05,6.371376327722815e-06
174.34869739478958,0.1819749865817554,0.3499579879418625,0.02615773809363749,0.2239955757772993,0.005476126634754991,0.2058712379785866,0.006566346992103461,0.7885662795885139,0.02150548942431152,0.00025291293632986975,0.007140385845050278,0.0002515100447812931,0.00030843557925750776,0.3372620208324798,0.0006779895671391552,6.76653763994431e-05,1.778602004104078e-05,6.49431467757322e-05,1.7310851123965756e-06
180.36072144288576,0.18820595665627837,0.3781902709357524,0.05078349654970772,0.2003314150822943,0.04553293496864298,0.13419194968184223,0.0027639761254816967,0.787764221297936,0.01812670748127849,0.00022175112312944432,0.005010146360121492,0.00036266547264366056,0.00030855160861219055,0.36695369785242327,0.00106767958062629,5.3041114335406996e-05,0.00018903572030071406,6.255692765998816e-05,7.882503897628387e-07
186.37274549098197,0.19586982021985638,0.4842736061716314,0.0031341155819663963,0.18008218919134636,0.03254124879354643,0.09006515157977463,0.014033868461877964,0.792525374013668,0.006646966298029975,0.00020063120026249162,0.004281600649258973,0.00016228229659402522,0.0003133253223298801,0.47738018151640516,1.6729303516498273e-05,4.290169868853047e-05,0.00010390068525077048,1.6986188676925368e-05,3.7263080936591977e-06
192.38476953907815,0.20449364840136988,0.47000564074893814,0.03917137470273445,0.17227361127130073,0.007012940346525059,0.10131829540848701,0.005724489120644325,0.7877844957037583,0.0011757994786056858,0.00016058236303785844,0.006051357579446639,9.873984324105648e-06,0.0003242424894572305,0.4652891336161915,6.236519227257457e-05,3.276968681467378e-05,1.8632468375610056e-05,1.7326746377217699e-06,1.5272953708370309e-06
198.39679358717436,0.2126355190245539,0.4779139240068085,0.06806874753697485,0.14582248773679043,0.04327254277030392,0.051918753911236626,0.000368025013331373,0.771035065000743,0.007360172657698617,9.757933595798623e-05,0.008385271840806556,0.00015502680429496033,0.00033136533594456814,0.46764288864612513,0.0006351414561207164,1.6725515129635854e-05,0.0003057510403297558,1.2640347025976605e-05,2.243782142979788e-07
204.40881763527054,0.22209382961736884,0.588649318818127,0.003291321399693328,0.12458439036742452,0.021950635943975734,0.03389126292154668,0.0055392409318633104,0.7522311587809342,0.01623358806668869,4.7169528812609284e-05,0.008802969795635345,0.0002595153921165192,0.00033176881844330903,0.5689722146762269,7.193037906050812e-05,7.0595415875168825e-06,0.00015329116548423572,9.06062945872296e-06,1.423041243491641e-06
210.42084168336672,0.2323854992307124,0.5530266742047786,0.048746862362187934,0.11475075766625353,0.008448384195939287,0.03918662668919842,0.003455195650929286,0.7435934443467933,0.016437021666299286,4.291645684571604e-05,0.007110338131173373,9.785413203498771e-05,0.00033292603614024985,0.5354349993291544,0.0010229393807499579,6.723887904056618e-06,4.523121482466163e-05,2.515721937878149e-06,8.252237274102077e-07
216.43286573146293,0.24168264209827447,0.5314010823143326,0.08201787663981673,0.09140733523669635,0.04057955811680755,0.012832327420025495,7.917817404644298e-05,0.74410944327405,0.008240796778552821,8.928403926367198e-05,0.005534079885511954,7.264299047271901e-06,0.00033648962529948687,0.5211106800373696,0.0008440340524193428,1.1519783494983065e-05,0.00016704620356296888,7.690736676530847e-07,2.100443454051595e-07
222.4448897795591,0.2520249406608297,0.6360900062148384,0.004011478523664072,0.07385158846958323,0.01336193249601907,0.019998783218801153,0.0006612704162638556,0.7389569915828662,0.0020735870587614575,0.00017845510684404527,0.006250109472616158,0.00018081075579801952,0.0003351053622838728,0.628320535991191,1.3456756743593859e-05,1.8649515824590788e-05,5.366375337791249e-05,2.4045212516928735e-06,1.603599536490883e-07
228.4569138276553,0.2630501001043577,0.5818984215138487,0.053539523713830195,0.06905681176858929,0.009891380566121084,0.021503868264448077,0.0010598940688048145,0.7224610823431685,0.004822093074395052,0.0002921051412786134,0.00879409633259567,0.00025199549822334087,0.0003285275059809478,0.5700771248523859,0.000317138033290789,2.827097152936682e-05,7.444210585350873e-05,2.640613946319058e-06,1.4230052867025593e-07
234.4689378757515,0.27255554517455693,0.5285551552118315,0.08979953133287386,0.05578300921197322,0.03676713647974908,0.01573254982224992,0.0008070727667654097,0.704573129010797,0.011778478182983502,0.00038119949128725034,0.010325714398593314,5.88662944705952e-05,0.0003270674473113817,0.511328387113181,0.001386878386483382,2.98289257218596e-05,0.00033961688651314327,3.116033122973005e-07,3.7945033839859346e-07
240.48096192384767,0.28264805987539443,0.6178694019883938,0.005136115843599589,0.04521636843917869,0.007239821642454582,0.041320459147033535,0.0005697730639453805,0.6939675678448489,0.01361037702946084,0.00039523342830898663,0.008991336246725466,5.391441255121551e-05,0.0003335111627100562,0.5973774003736532,7.794802345299036e-05,2.5263472639351622e-05,3.8355605755290595e-05,2.3333333132682627e-06,4.1378987313058486e-07
246.49298597194388,0.2932370741215205,0.5520698702768373,0.05372914195949475,0.05031847545281831,0.011560794199761934,0.03863371047350472,0.0004509335160622874,0.6907149767187268,0.00840200849848464,0.0003488845381627098,0.006525655839236387,0.00043502223220734967,0.00033637805166140375,0.5391569922749739,0.0006712169069897528,2.460997385243999e-05,8.619147918304684e-05,1.6483596070451032e-05,1.6301811972428794e-07
252.50501002004006,0.30200944682864617,0.4725643642111166,0.0898873916310244,0.05325255834186874,0.03140582188251252,0.04941848025863558,0.0014619368461955393,0.6871843833550579,0.0032060409047427667,0.0003132879721082724,0.00630554313292437,0.0006525038758279575,0.0003287939306920815,0.46485270189103306,0.0004570946446321333,2.3310745479089543e-05,0.00015991519033370445,3.725035594639155e-05,4.1756777495076497e-07
258.51703406813624,0.3109135309031202,0.5401521066352427,0.006255304371737614,0.05087003143000771,0.0034347530124809265,0.08374102746471106,0.004633246182699115,0.6749885340920055,0.004190813051260752,0.0003233785869821488,0.008906450128860972,0.0003566835589003391,0.00032060967886947113,0.5290417889197275,5.801476759763282e-05,2.3335050267027265e-05,3.116308670593483e-05,3.512874695228259e-05,1.7591883729466485e-06
264.5290581162325,0.32009108166974476,0.47123585832681847,0.05049303649165097,0.06621709429491215,0.013657432365218164,0.07499204073235968,0.0033134561192950966,0.659006424853985,0.009024741947815947,0.00034329492466268774,0.011158474294562263,5.412844809856708e-05,0.00032185386113007554,0.45626810235163373,0.0005935279142318243,3.2508211121592865e-05,0.0001910440393958752,4.333240622762836e-06,1.3085321476358809e-06
270.54108216432866,0.32732496090301916,0.3772359404084656,0.0824438016498622,0.08846136000735608,0.02467762811746563,0.09827386565989302,0.0015824432539373514,0.6506703111314518,0.010818239955526115,0.00033957763214395207,0.01032171645891404,0.0001993030965467755,0.00032589082239732565,0.36406050431155423,0.0012367136639893173,4.2852137522357396e-05,0.0002500121026317743,2.5879024266931303e-05,2.6292363303072916e-07
276.55310621242484,0.3342997321752926,0.4211827736390342,0.006916347874228358,0.09340211537269051,0.0016127894923065413,0.1318555381599561,0.010730703286490523,0.6495229210137046,0.007439562643261444,0.0003278099544079298,0.007683901241811768,0.000404957017808016,0.000321115953712576,0.4104754476807514,5.9887763057478726e-05,4.357207987305589e-05,2.2773633676695166e-05,7.409432684948412e-05,3.521945613630891e-06
282.5651302605211,0.3413983445818209,0.35724006305091766,0.04531657558523168,0.11425647877277037,0.016261650179629522,0.11531396119242453,0.010212926637204215,0.6472701387424471,0.0037779405912401727,0.00031784942736059736,0.006694028776643003,0.00023103085331617398,0.000310667027170976,0.35075330572820484,0.0003110598806310984,5.165823492835885e-05,0.00014015464511825902,4.013655034315545e-05,3.480539010614699e-06
288.57715430861725,0.3466888559592268,0.26311480916351965,0.06910794287021865,0.15414744457300292,0.017397099857261747,0.1479897680501658,0.0015540795266031128,0.6396531381902204,0.004595820052154493,0.00027507602192869125,0.008471770109918801,8.719776263717693e-06,0.00030661989028570724,0.25721115517079746,0.0005090031830404649,6.1016259070936646e-05,0.00015369598071188285,2.0579286366458985e-06,1.0459968313524697e-07
294.58917835671343,0.3514640316651418,0.28593632013057546,0.006902641712464955,0.16410212287432144,0.0016694409329993318,0.17375837798648353,0.01616706469801212,0.6290333939538114,0.008150547757902927,0.00018044871253818998,0.010706713096498531,0.0001547958615987035,0.0003100689525071231,0.27706474128144837,8.033264350283766e-05,4.447341833032876e-05,5.028037564391164e-05,3.986874220840428e-05,4.70720266707203e-06
300.60120240480967,0.35621648366857955,0.2335349549409437,0.039502904026049966,0.18219952585307206,0.019327246975310897,0.14913168625864606,0.020087198277396356,0.6231467926045884,0.009109428562069316,7.936818599159383e-05,0.010774259709910364,0.00036202048575078276,0.0003116467831085111,0.22541817281202856,0.0005270767711255821,2.392021312209621e-05,0.0002842211332787857,8.88617869080416e-05,6.4487048923441615e-06
306.6132264529058,0.3594920458164119,0.15279177891129117,0.05245887206387232,0.23292282713339268,0.010703319485072684,0.18933122435866778,0.002299932231289861,0.6250475005767878,0.006143870176778859,2.8093083221788185e-05,0.008756212540855688,0.00022324624872068768,0.00030903155722160157,0.14838800766534488,0.0005104179621314235,1.2298483125340144e-05,0.0001055747982469435,7.010291651878314e-05,2.685576883263471e-07
312.625250501002,0.3621930116836094,0.1604600726053947,0.006419735354349986,0.24486744507059283,0.003887940588174967,0.2033850863533123,0.018786708344564213,0.6267813172608024,0.0036124295804479474,3.2291212088402247e-05,0.007060839392526852,1.10108765845461e-05,0.0003090999939388162,0.15735348961747173,5.2911840036783686e-05,1.1732701696270286e-05,5.728392938150495e-05,3.699610090859565e-06,5.155567640592084e-06
318.6372745490982,0.3648249013290554,0.12430411776786093,0.03392060266544156,0.2515440787779864,0.022763864319472995,0.1722184106179772,0.030424024522203795,0.6217687559634884,0.005274503978536997,7.125799016993285e-05,0.007649724468831191,9.763424056862453e-05,0.00031322202934778244,0.12134589499286037,0.00026045420397939563,2.3732169794674925e-05,0.00021928435099892872,2.828897697974445e-05,9.353625584764477e-06
324.6492985971944,0.3664298039984069,0.0664874082116917,0.03533540805763858,0.30259301830095126,0.00560648063915751,0.21893478061255658,0.004613100179595821,0.6141553411257421,0.008861811537171521,0.00013555992114879864,0.009878845764582539,0.00022440441507665302,0.0003142332378697318,0.06390256963181591,0.00043958794064116963,5.456461054248824e-05,7.790962858765677e-05,8.085563339199277e-05,9.175576405473272e-07
330.66132264529057,0.36754973564386734,0.06638258534709796,0.006100249706586178,0.3133609150545311,0.008745788688674098,0.22007257949554315,0.01778814606369842,0.6116116201660882,0.009150559311909267,0.00020278715318876428,0.01108836294050891,8.647097522813939e-05,0.0003104638092076433,0.06367302594190778,6.817276087524201e-05,8.562643827251342e-05,0.00013631315529604913,3.0841788274107574e-05,4.6863942492176785e-06
336.6733466933868,0.36863496967212217,0.04961064005892605,0.029005383854051246,0.30294195239827243,0.026529959498766072,0.1851590518258226,0.038118042692037384,0.6157662664764753,0.005427318119004599,0.0002289251325528358,0.009611437586721318,2.0251643329048927e-05,0.0003108313697927147,0.04796399513516073,0.0002867388251648592,9.552318089361458e-05,0.00031775370272624513,6.619986021296556e-06,1.1190225101878111e-05
342.685370741483,0.36921057518611616,0.018774571372557308,0.020227938902421066,0.3432023688372639,0.002608737367089,0.23746783324451617,0.008507975090034476,0.6199930773821858,0.002875316909016454,0.00021163874250243952,0.007041183261709664,0.0003480384139586632,0.0003201701045089398,0.018155342192241877,0.0001264765600463104,0.00010361515584854857,2.400002851509806e-05,0.00013999127195156452,2.0735648834640704e-06
348.69739478957916,0.3694940439111396,0.017319415923870107,0.0068292484110070205,0.3499014136645428,0.016465766109091187,0.22609931343573483,0.01389079854461203,0.6172614732671304,0.0055372697286259565,0.0002171460629756882,0.006518905022973971,0.0006415070880304885,0.000329654919121489,0.01670681850724577,5.366323057889431e-05,0.00011360423404981693,0.00010810426885844322,0.00024953965494001754,3.7447683481651516e-06
354.70941883767534,0.369856585678662,0.021705529277457013,0.024893515531699884,0.3218990298946436,0.030646462560788082,0.1903284919158041,0.04067038514094319,0.6100569337470715,0.01035064698756904,0.00029238451650579763,0.008683107289193802,0.000429095638411872,0.00033124614258381893,0.020665073014859467,0.00032394887971853067,0.0001449479929392793,0.00030937319952991987,0.0001422989233593133,1.2497668424026987e-05
360.7214428857715,0.3702084740039311,0.01643819102957841,0.008895433111298283,0.3433287408205748,0.0015851480854429914,0.24656727778815293,0.012976735161019376,0.6075636925151768,0.010797571522575008,0.0003910484669612139,0.010639160594962227,6.76109549946266e-05,0.0003324419413968071,0.015602652967739036,0.00011832317836073749,0.00020856648404118876,1.6182473012680438e-05,2.750856170068181e-05,3.415255938449621e-06
366.7334669338677,0.3704756558284062,0.017160542655816232,0.00947120425935278,0.3437842246228564,0.02656253599830038,0.22372552757672923,0.00882030905853667,0.6130848126319024,0.005830999626007929,0.00043892088035951156,0.00971329683757484,0.00011215190756677224,0.0003441622881802306,0.016508734073711097,0.00010376085932671226,0.00023613899831075708,0.0002712972633996116,4.4927082108566384e-05,2.3022022812640446e-06
372.74549098196394,0.3709905216166857,0.043107720999591474,0.021560534537857848,0.30299831239810693,0.03507151444862315,0.18906495681171845,0.037206439187414356,0.6189236686999209,0.0019412865032808393,0.0004306728655367246,0.007006406811317523,0.0003456514376303565,0.0003617920656258746,0.04229470462964499,0.00011175205580535491,0.00020694204240326642,0.00025146953381578285,0.00010928926695139097,1.2380065024196109e-05
378.7575150300601,0.37193557329645865,0.057806441066536665,0.002193690335445635,0.30343298732472374,0.0019456793735759268,0.24635216791640108,0.01633346068685627,0.6163285530538636,0.004864109781577695,0.00040223083499635754,0.005836104823893402,0.00026109476725122134,0.0003723334419569296,0.05645207141536048,1.8870234149718905e-05,0.00019572055085197114,2.4807975817990105e-06,9.749714731324195e-05,4.959976253925698e-06
384.7695390781563,0.37293903223094227,0.06033567803179027,0.014592167386018332,0.29680894469740904,0.03766116912156439,0.21325613418073797,0.004406874351535674,0.6074642294355508,0.011534309316007976,0.0003506300368146749,0.0073153301607398425,2.1283899000344202e-05,0.0003751849209420048,0.05798185224603832,0.00022088925519243957,0.00016927260633111248,0.000232792372015383,5.002896098610765e-06,1.1218932349766684e-06
390.7815631262525,0.3743602593603968,0.10652054039751907,0.018925194122482444,0.25141812907287725,0.03950431605179874,0.1804231558988258,0.028848405096097984,0.6023200293826383,0.01342420777856967,0.00025080152675202697,0.009170425559431107,9.230114523244977e-05,0.00038197524697772636,0.10225101339007761,0.0003211252651383481,0.00010454898731576573,0.00038191296868236147,2.7656997324638823e-05,9.957224909533797e-06
396.7935871743487,0.37656067502513,0.1333443506011507,9.135941888466716e-05,0.23524536021832568,0.002964467302915048,0.23478195635810178,0.017011831075490074,0.60598414093089,0.007679527567391223,0.0001264442135789827,0.008917448816520521,0.00033452433189064637,0.00039723911459659233,0.1296279557997284,6.74141830122702e-06,4.9385931005514844e-05,3.7725337533199945e-06,0.00011107554855171665,5.521970455892852e-06
402.8056112224449,0.3788591317021745,0.13367175861335812,0.022245195644224704,0.2226871617019178,0.04773318519779535,0.19304183875500605,0.0017617283855213485,0.6120746808840455,0.001509047006350829,3.843918093602948e-05,0.006811082558994227,0.0002948781440220644,0.00041274052347460994,0.13156116321206868,7.642368725009872e-05,1.3172908669959215e-05,0.00029341613627030993,7.65867361086119e-05,2.994857527315589e-07
408.8176352705411,0.381703538776266,0.1965908218824065,0.016885457119838868,0.18127518511454582,0.043229028385807194,0.16204778919585508,0.018268179525278174,0.609272535261284,0.003339534330625949,9.75925942433867e-06,0.0051906911893876,6.024124975398467e-05,0.0004236999332557107,0.19342615614107436,0.00011083621504965135,1.1604212208228106e-06,0.00018616707639414418,1.0006580511721584e-05,6.863367172239592e-06
414.82965931863725,0.38556943463733506,0.22737292800975714,0.001817346824834399,0.15755174821093326,0.004087743170149639,0.2091783044881877,0.014422494658800666,0.5966679225593642,0.011642906862472867,1.5255165226801595e-05,0.005640469050633654,2.7139326662499705e-05,0.0004368723983028285,0.22016727710269418,3.736612688840512e-05,2.0431694672123445e-06,1.6256374860433147e-06,1.1459021088635089e-05,5.0764104308607466e-06
420.84168336673343,0.3894157364040555,0.2192736871499575,0.03187531519042731,0.1424362055934601,0.05470632747633721,0.16136597687537446,0.000926751310385854,0.5864326456158638,0.016203703225610606,3.499660581208803e-05,0.007322583416569431,0.00013453105945218126,0.0004558036726342597,0.20971457695986523,0.000776500244858366,5.833595869715719e-06,0.0003523447420346311,3.47050747519821e-05,1.1207050811299204e-07
426.8537074148296,0.39382725766923016,0.2931542840624867,0.015322092464025034,0.11130829518674397,0.04517311058944415,0.13259090251604458,0.008624057512023305,0.5865699059740034,0.010966785464911555,6.654129536534408e-05,0.008016478959743533,8.085306670455848e-05,0.00047217757003931334,0.28320733255185515,0.00021069088104608852,9.854365696523228e-06,0.0003464733931770612,1.3118050607165669e-05,3.4270964481252978e-06
432.86573146292585,0.3994006032826897,0.32092465723492136,0.006101913228011223,0.09006080296459586,0.00507367332237608,0.16902132169259282,0.00941702827481101,0.5910749353931951,0.002318628322666512,9.719147671131891e-05,0.006622227748087433,5.226024567672633e-06,0.00048118775208026655,0.3157261142818613,4.218612559171309e-05,1.2761981999475803e-05,1.0402250577314469e-05,2.5027283047512902e-06,3.441334845107862e-06
438.87775551102203,0.4047591150878321,0.29801707379067066,0.042348685958246264,0.07742767877403281,0.057169731966696904,0.11915550183586174,0.0011222125866574748,0.5883937394435782,0.001535931193488781,0.00011838284916100229,0.004493931105344472,0.00020699495436640505,0.0004919053662270451,0.2941474030453712,0.00010810596878063693,1.3916841435789128e-05,0.00020187785124562655,3.952416061465884e-05,3.5848248818518315e-07
444.8897795591182,0.4105826012072573,0.3751832479434955,0.014093158701178523,0.059244202325636694,0.044216376336569045,0.09431880848320003,0.002361605002660863,0.5739922236995677,0.010337508732486737,0.00016042518168410096,0.003952007928665443,0.0004641849441546899,0.0005110483061819325,0.36480407036455337,0.0002732525566361983,1.5639124671080172e-05,0.00012880043500764494,5.41196946173342e-05,8.111990367602591e-07
450.90180360721445,0.4175464041663594,0.39498331805862685,0.011481228585299609,0.04750312356341005,0.005934675442103104,0.11846585100391945,0.004085399180279503,0.5578154619935997,0.018096718671560895,0.00025909282089644294,0.005386402005239882,0.0003669578814557679,0.0005289624608857416,0.3772666774552285,0.0003366743901212804,2.2791932627972936e-05,6.343970312016492e-06,4.900139808050791e-05,1.3148277995941488e-06
456.9138276553106,0.4239902022757444,0.3530365394211811,0.052127001362850166,0.04254164190880183,0.05487930001875765,0.07202669245134967,0.001398622561313136,0.5533821409684412,0.014982812369322987,0.0003886079729014396,0.006638847074468904,8.189596254320163e-05,0.0005354933765757974,0.3378339120942319,0.0012056426644886523,3.244812553514285e-05,0.00034402785778529457,5.6870822840199415e-06,6.104385455253834e-07
462.9258517034068,0.4306957327836706,0.42521420450646824,0.013022281146780843,0.03653492232216107,0.03968420208631874,0.05444854245595287,0.0004001146986453084,0.5577334632930774,0.004692089605712103,0.00047627421878406834,0.005796557993111493,6.644145985932566e-05,0.0005394406457828177,0.4159179232014699,5.1486082614086404e-05,3.466263560702086e-05,0.0001890617887855088,3.5538676696865663e-06,1.4200723313675824e-07
468.937875751503,0.4384859653173597,0.4343051107049972,0.016610157456497562,0.03580663564810775,0.006771912150834987,0.06707931898944146,0.0009408997327587624,0.5561795099648306,0.00031090463570297407,0.00048473511200656513,0.0037300405943891685,0.00025355813912561037,0.0005552862365829038,0.4299763000809316,7.744541503249034e-06,3.4386619623547775e-05,1.1581215426969149e-05,1.6648904911614073e-05,2.994325167754524e-08
474.94989979959917,0.44547098837316396,0.3726501138132445,0.059582849313944745,0.041852155637100374,0.04879589081695039,0.030348729281013575,0.0012992727645798048,0.542555007998956,0.007891574402492494,0.00043632344813791563,0.002831897259445189,0.00023615643246491797,0.0005780520853368988,0.36401054676697875,0.0007435631710862556,3.496747985984323e-05,9.369319799930142e-05,5.92498715586517e-06,5.674789068065452e-07
480.96192384769535,0.45240420063047876,0.43248556711373326,0.011932960535062867,0.045145488301530465,0.031801450195621306,0.024210215755701914,0.002020117467868666,0.5243851616501245,0.01840837787255599,0.00035849687377929515,0.003799455325605251,5.383401735894734e-05,0.000590473630094652,0.41356848457714335,0.00042941794563777135,3.091139457542702e-05,9.775573428216636e-05,1.7394910439803496e-06,1.3974177732889854e-06
486.9739478957916,0.4601890675321099,0.4304214794316917,0.02052973296977119,0.05135791714960595,0.007644571832994524,0.028002855490943074,0.0018543755928809547,0.5151877952330569,0.018790102555738254,0.0002551334606216858,0.004907781259238613,7.911446454715258e-05,0.0005910054946847754,0.40974886001527394,0.0006454017699131951,2.6554973104263717e-05,1.8398013194090876e-05,1.6278119869034436e-06,1.082744526624656e-06
492.98597194388776,0.46695017576726844,0.35279467342271253,0.06333737425705735,0.06826916916712698,0.04066220786052473,0.006825636876501545,0.0011607626488056516,0.5190974772899984,0.00845530806879505,0.00014004709191942695,0.004481970863440762,0.00028069642250102406,0.0005943244960740251,0.3422827052682621,0.0008073320498340279,2.1526963224850708e-05,0.0001812952970475644,2.0251774855553915e-06,2.8007529161250246e-07
498.99799599198394,0.4733911650526471,0.39557984328197576,0.010691936222795273,0.07742227843713488,0.021854397981940464,0.015635417154058827,0.005424961869444855,0.522344733192804,0.00037806541532434725,5.164300203214876e-05,0.0029386696600021346,0.0002907130370227784,0.0006050106401648077,0.3920775818179744,8.469351403791797e-06,1.2009233225706974e-05,3.4750658079522575e-05,9.883250421022274e-06,3.5631462082187722e-06
505.0100200400801,0.4804753699694562,0.3837567373589512,0.02282765272388458,0.08321999171343247,0.008569053434397764,0.013924267598688795,0.007226927201186369,0.5118574988885413,0.005014026756948998,1.2957863915642154e-05,0.0019359802853547705,9.243349550163221e-05,0.000611732740278865,0.37817352578486924,7.265882050322444e-05,5.8052816563689494e-06,8.603875353676409e-06,3.2721555343986425e-06,5.0036737554145166e-06
511.0220440881763,0.486363782543493,0.2975224779025397,0.06266393109446845,0.10701174614297522,0.03230612106754502,0.012234141910044235,0.0018977993389315143,0.49371159194824016,0.017046876571155143,7.009029556880521e-06,0.002259243245953839,1.4099251716158304e-06,0.0006100867364265146,0.2852660003848377,0.0016462797487338213,3.672297868579235e-06,6.0103875255554615e-05,5.08606717222801e-08,4.335850960418913e-07
517.0340681362725,0.49165745300859637,0.32229614912443444,0.009310164166390614,0.11906307472930493,0.011929695093967053,0.0370961483658875,0.008647315511415943,0.48281870886617134,0.02171787256510395,7.03330449396354e-06,0.003125644306293671,6.320566467609818e-05,0.0006100822846614554,0.30523944984400436,0.0003308407514615666,1.8751796433290685e-06,3.052156612331942e-05,5.510401793573088e-06,5.238863124067069e-06
523.0460921843687,0.49733141656797136,0.30408006346639266,0.023638670927450024,0.11727517103695557,0.0096340225046783,0.032264842200148046,0.015775813296400876,0.48552310915193425,0.01319236731284389,7.963916207892423e-06,0.0032693062330600665,6.007536363370126e-05,0.0006157614543456584,0.29270583197658273,0.0005718011832587753,3.2143713830110056e-07,3.084580566240404e-05,5.407937231762624e-06,1.0805702692671253e-05
529.058116232465,0.5018548425098781,0.21887264335078713,0.05762765536347627,0.14137014691983357,0.025001729282840765,0.05086345695721335,0.004409525615967604,0.49305806594832535,0.0020941451108744203,1.959172332808491e-05,0.0023430618925338624,1.3103015359219027e-05,0.0006171897996977254,0.21589807682208456,0.00014618418816005424,1.6953891135718528e-06,6.016494010498269e-05,1.6652480483427118e-06,1.7226075966302887e-06
535.0701402805611,0.505671500591953,0.22825408229568644,0.008019298649275943,0.15414080051356105,0.0042625589775715155,0.08929587866242109,0.01035588030952793,0.4898220597697582,0.0024893090474532387,5.187791310956346e-05,0.001239063755765223,0.00011638015976308212,0.0006098087621947032,0.22641294602773224,0.00011778990505649881,1.016513915329778e-05,1.5111792678104861e-06,2.344596739241359e-05,5.560914014608191e-06
541.0821643286573,0.5096575920476443,0.20836084606449493,0.023543121444432633,0.14080442336546461,0.01112014212787771,0.08149773071039007,0.02501614423969231,0.4739836263341306,0.014320179092324562,0.00011541335729887075,0.001044568362198067,0.00027492535915051106,0.0006036954472496587,0.2014048525596275,0.00029094658831537216,2.504911848319051e-05,7.91166765526591e-06,5.267758135048734e-05,1.6315344343418666e-05
547.0941883767536,0.5125992255216824,0.13411375505692572,0.04913341550371279,0.15848493778947123,0.019175905451300455,0.11754701430532269,0.008945746371581428,0.46143689714613134,0.023186254860448473,0.00021481380143364512,0.0017233450435047684,0.00023535747248654975,0.000604106154309564,0.12579781732549855,0.0016304349599038086,5.8502222103112726e-05,3.90251426904454e-05,6.0237838083140436e-05,4.338012036192103e-06
553.1062124248497,0.5148376754852747,0.13334946146970544,0.007295894967122957,0.17039710587264892,0.0004631168712293771,0.16343097410644558,0.01022577122756964,0.46389390959699134,0.01812177665531345,0.000330317938548834,0.0021438315280046445,7.333129385861915e-05,0.0005991575020050507,0.12625757299616394,9.434057412085223e-05,0.00010034858317054818,3.2816407322344846e-06,2.409767783402437e-05,4.454887927737721e-06
559.1182364729459,0.5171383903401217,0.11751500601019509,0.023336901061459057,0.1460739517709,0.013488562178043818,0.15024204259920057,0.03220514604007611,0.47483890382189486,0.0053971720161499195,0.0004208159313797177,0.0015631418133700652,6.114556096102253e-05,0.0005804305161190568,0.11490537902163991,0.00025937959464290426,0.00011446634952009882,3.344752213997362e-05,1.9183928689142263e-05,1.9408702252141815e-05
565.1302605210421,0.5186923372792989,0.06253814184328577,0.03863455455176931,0.15306521842662196,0.014552980392208793,0.19773285634227597,0.014783911164535549,0.47850215989728967,0.001003582494870959,0.0004519519945374689,0.0006199422387279062,0.00016951716617273169,0.0005605089290986464,0.0619199935018009,3.2063325446947204e-05,0.00013621484711501036,8.672584782018336e-06,6.592539285608793e-05,7.227895895380617e-06
571.1422845691383,0.5196750430660815,0.05731758123304839,0.007774739465684101,0.16293070642396254,0.0009512554839892958,0.24256076586695413,0.00878990846027624,0.4680350532735173,0.010752343889347721,0.000416716930336439,0.00039950001410011046,0.00016850048589941714,0.0005528423407136774,0.055863730990122026,0.00014907396473077015,0.00013680137257149759,3.0609338271778513e-06,7.72527476345501e-05,2.369592536442277e-06
577.1543086172345,0.5206781489024662,0.05118551844526025,0.02382636824733832,0.1319789551334542,0.017182044784356722,0.2198201854876771,0.035328778999443346,0.4545808170861908,0.022845380697255425,0.00033351795130622826,0.0009231784489039087,9.013278258995791e-05,0.0005488241312836089,0.04799336902375468,0.0005318068620184639,9.377966397845826e-05,1.9877365681867087e-05,3.48260933030013e-05,1.920890819911348e-05
583.1663326653307,0.5213016158997114,0.02097342719052145,0.027773792430099916,0.12798241850578046,0.010614342435229593,0.27095886610663855,0.020395537432015113,0.4541918841574997,0.02236936990739703,0.00023310624820593534,0.001236372607735716,0.00013427986463862318,0.0005333713148079659,0.019070133743862537,0.0007436571507431172,6.818540125588456e-05,2.0636983662284486e-05,6.323455812449628e-05,9.902403450497853e-06
589.1783567134269,0.5215726178248327,0.01548505387967014,0.010030202423535852,0.13503629196910055,0.004873039579707745,0.30605752775932404,0.0069452665638252645,0.466786737369613,0.009914389055092608,0.00014674986320678592,0.0008247507484248382,0.0002450217349494987,0.000509733403876908,0.014515963701662879,8.066316407830744e-05,4.897519554209646e-05,1.0780366383079686e-05,0.0001354715551818048,8.203214273128957e-07
595.1903807615231,0.5219181263002942,0.023310074235780402,0.025588952179374277,0.10345549469105697,0.02230891350114461,0.2696878894476155,0.03373054964473051,0.4760806438394054,0.0009837988445546252,9.158681257084418e-05,0.00022297215500331264,0.0002118521184134123,0.0004910199297546179,0.023028411181788895,4.131538289007416e-05,2.813519802338143e-05,7.843797767282618e-06,0.00010252966359589259,1.5064317224961484e-05
601.2024048096193,0.5223175446211219,0.019829212811193802,0.01798874010496456,0.09192330817700656,0.007091427648519525,0.31682338921167535,0.024026377425514597,0.4701158590876269,0.0068301280925756516,6.274680255539458e-05,0.0001266988838648937,6.973622485068194e-05,0.00047728628740085593,0.019040318150710774,0.0001390428000271857,2.0298681953981083e-05,1.6167065403192244e-06,3.678590049098552e-05,1.0398074067670772e-05
607.2144288577153,0.5225971991747491,0.015230142665915086,0.01431045246334672,0.09603979931899928,0.010546823377732462,0.3358558303355495,0.005419752663704075,0.4560155907615299,0.020402009205565418,4.517969209377952e-05,0.0004700272240225002,1.2021401994252314e-05,0.000457972540041256,0.01382832008092669,0.00027658449166664486,1.7691707688492237e-05,7.393181933741551e-06,5.083310146660715e-06,7.377745421234874e-08
613.2264529058116,0.5230219414342382,0.03849758108553681,0.028813290957898433,0.06906609754941453,0.02838892226254121,0.2840324772247073,0.02817968948565982,0.4508178198139751,0.025000316286771893,2.912814968698603e-05,0.0006622312983669518,3.659792749603651e-05,0.0004319650894611161,0.03579345210820726,0.0007914540057069191,1.1047222170823782e-05,2.925157276413333e-05,1.6816324924799668e-05,9.807306367251463e-06
619.2384769539078,0.523934208505075,0.06028466952037609,0.010225434599759947,0.05540670975726424,0.004217701638157334,0.321516322058168,0.024414953921195616,0.46023784963323344,0.014957663005997624,1.3631115305027078e-05,0.0004218343273149286,2.613735206864388e-05,0.00040867606100154714,0.058439131482046054,0.00011816283570326149,4.7523913284930845e-06,2.5638991509863807e-06,1.1638291393003427e-05,8.547304227048807e-06
625.250501002004,0.5249356743268483,0.054452593510779045,0.020314721104233394,0.05720968527219959,0.01623490767937524,0.32238714768310284,0.004465270423458396,0.4718546421431848,0.0027040703639821073,7.136359941894483e-06,8.38794750132102e-05,2.4545348011436264e-05,0.0003900519830150706,0.054053834470041584,0.00010031185763128546,5.973403712295292e-07,3.413567080642585e-06,1.4379608598093151e-05,1.2660751258809288e-07
631.2625250501002,0.5261254215540553,0.0909559245871779,0.03317807145848236,0.03773305211060837,0.034336231492053046,0.25723806321529247,0.02043323558232745,0.4698595493875496,0.0033879057247236354,2.8315818605006307e-05,0.00012087625839406457,0.0001095382994105519,0.0003683929572586487,0.08983294054435711,0.00015395822679900708,7.400222878549725e-07,4.16977586344203e-06,5.5260707080267685e-05,4.945709704026685e-06
637.2745490981964,0.5281780891049809,0.1335436638738834,0.004857060246028031,0.02687401967259896,0.0026141843886104163,0.2826085251729131,0.02132445754098226,0.4545818403747406,0.016127758106111414,9.12718026135488e-05,0.000510328368060534,0.000167792872303442,0.00034291937118659043,0.1278135697351067,6.227815557248082e-05,6.855474049962172e-06,3.666623339413948e-06,8.675877609619433e-05,5.5791998425482945e-06
643.2865731462925,0.5304200410260039,0.1220799525574819,0.02716720030835268,0.02748039722750053,0.02087756174979926,0.2680947648259171,0.0038800823049414844,0.4431100066906704,0.025142710035667586,0.0001832498595414099,0.000725528666491014,9.685649708280006e-05,0.00032160722453975876,0.11409260445251657,0.0009467935780040867,1.842761766708765e-05,2.3082401259726126e-05,4.647358136971416e-05,4.855701772510543e-07
649.2985971943888,0.5328023577979549,0.16605910951054745,0.03783999486054356,0.015745110717010277,0.038757211547587385,0.19625820899093407,0.012538006575419133,0.44683569134978457,0.019302238032036637,0.00027068525876010986,0.00045264184240763545,3.151962663292954e-05,0.0003048660924199671,0.1582863916999935,0.0008803146278244102,2.0692898962548056e-05,1.9879054044132278e-05,1.2201276848224564e-05,1.7676350932444975e-06
655.310621242485,0.5363131813799042,0.22275691130587888,0.0017417862246486468,0.010244100793743686,0.002893342601880075,0.21038257598113874,0.015668101712802533,0.45698704986617517,0.0058636668851210615,0.00033027622193221073,0.00012957161766933951,9.290883567726725e-05,0.00028334519351754867,0.21994984734611167,3.249200561966694e-05,2.0626332329481454e-05,9.702558379503422e-07,3.9196787873465256e-05,2.6835564075270675e-06
661.3226452905811,0.5400635441442544,0.2007326229776791,0.03360345996736617,0.010684156965375407,0.024438572320218344,0.18719614848993257,0.0032814951351708217,0.4574364557715891,0.0013366244875090856,0.00035739690648375216,0.0003999458857784857,0.00015131036010691565,0.00025472244427509575,0.19926229013464053,1.7690220741027652e-07,2.1788356088853335e-05,5.119979704805764e-06,5.6292170193864274e-05,6.443581815783494e-07
667.3346693386774,0.5437961369126021,0.24402945168382034,0.041585185894278384,0.0050629394840719,0.040461213202163504,0.11889403082899988,0.006171041994060918,0.44340838917636644,0.01101227781735048,0.00034662547452368053,0.0011060687141304121,0.00010175674910580547,0.00022874515591809281,0.23627775097953405,0.0007797743917127244,1.2425104167584403e-05,5.3504638764362945e-05,2.3562089365545145e-05,3.996206697557328e-07
673.3466933867736,0.5487357084863665,0.3068177808494983,0.00039336201915563787,0.004587498939074163,0.0052189878114782305,0.1250468465027912,0.009199815391633153,0.42667690958302223,0.022604693004598015,0.00029185336805011226,0.0013813184023620658,9.825085918411562e-05,0.00021126629641407337,0.289081337442421,4.140293520851215e-05,5.903040654627248e-06,2.1745349307643744e-06,2.173685933926149e-05,6.119496364898878e-07
679.3587174348697,0.5538110920426926,0.2708566007241709,0.038352719667272016,0.0052460022461628215,0.027708452382904796,0.10158351233219101,0.0024416206046031503,0.4229089519765711,0.021724974592825075,0.00021428855553659587,0.0009067075444686767,0.0002385937676541753,0.0001953915202490496,0.25550544703013156,0.0014991761371769892,2.638154422559315e-06,2.876228037910352e-05,4.504918440813986e-05,6.069988886727239e-07
685.370741482966,0.5586447931050946,0.30522872871247414,0.04309619187797995,0.003443131755232382,0.03895358312616707,0.048396582401896086,0.002236989021153124,0.43065682723702337,0.009570277000729197,0.00015890670633469657,0.00047701380336570825,0.00031793316323298123,0.0001742489842168107,0.2971781161679044,0.0004859453767760183,1.301386148812112e-07,5.007502164150373e-06,2.905239488895622e-05,2.847705611389457e-07
691.3827655310622,0.5646639549031639,0.36584256406120386,0.00016819020551339133,0.005664469785108997,0.009077511890441151,0.0506646301188028,0.003918679035763019,0.43288162495315397,0.0010562857760711432,0.00014515230867726328,0.0009162246437799239,0.00018472049790644213,0.00015203691724452993,0.3639024299676176,6.458304739562391e-05,1.9179558059622606e-07,3.0665820800056482e-06,1.631999802404234e-05,9.2281665771011e-09
697.3947895791583,0.5706953370367192,0.3152306295325886,0.04054502061875979,0.006157265035173551,0.03167860370327636,0.03419076218521586,0.001502381888263682,0.4209445360549176,0.00616161849367058,0.00014530659238282099,0.0018860227353490703,3.178649120119861e-05,0.00013539259575657325,0.30805604980180795,0.00026863039443956316,7.415194071275173e-07,4.810186457461939e-05,1.6670902107172535e-06,4.48088326262974e-07
703.4068136272546,0.5761635351520034,0.3346019667918669,0.04141847685091194,0.006215042694382408,0.03466355611440648,0.006142126664972488,0.0007952957314536263,0.4032783971905964,0.01792826829765809,0.0001261702367645199,0.0023361003334069247,4.520872617841271e-05,0.00012232006338948142,0.3169678481331567,0.0014057896400289029,2.1297784157807065e-06,7.109816754525015e-05,6.155279323620713e-07,5.196824229545031e-07
709.4188376753507,0.5825694797605476,0.38598271444598803,0.00044714846723526515,0.00844204888273249,0.013394054942294491,0.007740840176439814,0.001423713324759581,0.3936888587308942,0.021547122110360348,8.82459615167892e-05,0.0019098012809818294,8.9330960195977e-05,0.0001071611955005139,0.3630536452324416,0.00013124208713869863,3.145442316532581e-06,7.777360711953303e-06,4.893811263841364e-07,3.0341679282971584e-07
715.4308617234468,0.5888201906093578,0.32335913018573414,0.039950531279602595,0.008096618198235327,0.03681598399966621,0.0019825230292238555,0.0009750226981774367,0.3969581800094055,0.012682353869856692,4.998392587143819e-05,0.0013684306547807725,3.0417658907915765e-05,9.044327181716245e-05,0.3111654538608625,0.0010831807974390117,3.652849753845449e-06,2.360902806240154e-05,2.1544237459670402e-07,3.861201282671767e-07
721.442885771543,0.5942920987897928,0.32566198431235227,0.03631556418113622,0.008896471599659648,0.02876997641503277,0.004806884750234766,0.0012570199517887995,0.40170261005610225,0.0022738002042895456,2.228267300823396e-05,0.001615691507867053,1.69733311476477e-05,7.654343778969602e-05,0.3219869026275466,4.394368433493531e-05,3.826880002385545e-06,2.2524907158033855e-05,1.575190534622206e-07,5.627561852551594e-07
727.4549098196393,0.6004488792586508,0.3629918052413694,0.0008041272687206744,0.00948177287738551,0.016935991128326167,0.006900589346102326,0.002436834879442612,0.3940645429442952,0.0026225891361242493,1.6992030453129482e-05,0.0026404602362639566,0.0001407979609193406,6.573843329076972e-05,0.3580720471318582,5.5111139635233465e-05,2.917183781467734e-06,1.2052145887865223e-05,1.3283791046844806e-06,7.309375989832105e-07
733.4669338677354,0.6062466852127898,0.29348989807469983,0.0370285744218628,0.008165087431070093,0.04261758224013608,0.010911148689631165,0.0015410239298078493,0.37747431091863465,0.012465043149544162,5.1051308083295864e-05,0.003513523742216966,0.00019427256347621537,5.5113105252559244e-05,0.27997988298607485,0.0007552638483250159,1.2054493789903254e-06,0.00013198111081401948,5.545927240565561e-06,4.695520581606788e-07
739.4789579158316,0.6110537653598965,0.2811318587683056,0.028547622390981426,0.009472410664547369,0.02270104183440539,0.04437160584878761,0.0027216951330738147,0.36617617098675265,0.01912961685800974,0.00011868372191480147,0.0034071217706119327,6.993914000600169e-05,4.470216280598389e-05,0.26288817811019743,0.0011122797925809409,9.45298855537151e-08,3.932579774921312e-05,5.4367378268309365e-06,3.696157383820855e-07
745.4909819639279,0.6162272741568153,0.30315193038902094,0.0011557278071041707,0.008289548988195962,0.01879432439722617,0.04575827041337812,0.0066229238482573005,0.3665305722350203,0.014386557681983846,0.0001831941540727272,0.0026289536589326253,6.347530325569327e-06,3.7100582847687656e-05,0.2884101774242384,0.00014378971296537084,1.5404067334449516e-07,2.3922170491138774e-05,8.080843895171106e-07,7.786294316712757e-07
751.503006012024,0.6209635242168517,0.23346923286011093,0.032646480218390596,0.007024040803802158,0.047672452642624805,0.0544736322685428,0.0037506369896745874,0.3720088257324432,0.004192076685178917,0.00021727910837236476,0.0024530924237672015,0.00013277690620436963,3.2424927179748485e-05,0.22830944716437312,0.00033167632209160023,1.528366124859503e-06,5.957156528837689e-05,1.5680784360534844e-05,5.496218464733952e-07
757.5150300601202,0.6246943411709747,0.21211219813952498,0.01973589769524668,0.009303158467171358,0.01754307304292812,0.11229084641954117,0.004320485064610868,0.3704860498757921,0.0007762264324794688,0.000228516297585258,0.0035867493537919634,0.00020006776073993137,2.804910863441192e-05,0.20912262421473832,4.8092018778774576e-05,3.0910085134141525e-06,4.807623079783593e-05,4.424981551445004e-05,1.4683409379446198e-07
763.5270541082164,0.6285492859407531,0.22096322363556592,0.0018613017972809395,0.007213114875899423,0.018707293707142972,0.10997753188751863,0.012728248155836803,0.35854792505669864,0.007530143028944853,0.00022906867795491868,0.00503965757836719,8.107779271760094e-05,2.2841924561519643e-05,0.21306953219233352,1.6033798371013563e-05,3.6374167470787054e-06,5.9714679519719096e-05,1.5139961710033502e-05,4.2540701465716883e-07
769.5390781563126,0.6318767075512852,0.15805888007193045,0.02779406156936523,0.008068218772189217,0.05021220183489552,0.11625031683168838,0.007739613368643828,0.34723474635943613,0.015384930769264307,0.0002122558428661285,0.005209471593881849,6.336778649635098e-05,1.852009676785234e-05,0.1473940383791413,0.0007968016793494332,6.40870956268458e-06,0.0002520860459962474,1.283618037430485e-05,4.141605610247591e-07
775.5511022044088,0.6342828617298694,0.1347004619689242,0.011939181295660935,0.01223285964942109,0.013656416260644566,0.18772124889904965,0.00546697019642846,0.3466718959247081,0.014458202663204668,0.0001817792263413845,0.004095153876683106,0.0002933276746818889,1.6778904509690886e-05,0.1257995652674796,0.0003193479428573045,8.663970327417758e-06,2.2814558535059046e-05,0.0001148483104692523,5.033188010619916e-08
781.563126252505,0.6366802830152106,0.13541920568226307,0.0036899532566026035,0.010039434383024456,0.01707743839891345,0.17812145384594402,0.018972231418039862,0.35318909203849436,0.006044163671264006,0.0001699376335443364,0.0034721714410081957,0.00042725556358262135,1.709663689395292e-05,0.13062261324623198,0.00011697360015905272,8.990189422480379e-06,4.1830440959900035e-05,0.000167746269264958,1.1888848740296591e-07
787.5751503006012,0.6386294047173111,0.08551232862152809,0.023251884277178645,0.015192277617911271,0.048885673208929274,0.17546262965984524,0.013065801897294423,0.3559960022507142,0.0004009035645891239,0.00019427064643250222,0.004532818538176894,0.00022891888440617557,1.768139836800107e-05,0.08357096554326598,3.332269784028007e-05,1.584671836862732e-05,0.00018670790095841065,9.677351464054603e-05,2.149973113153169e-07
793.5871743486974,0.6398537308930573,0.0658968422706802,0.007000116506723218,0.022295251630009085,0.010688856368167932,0.2483031815261688,0.005962020805191598,0.349867381506037,0.0037828322152073106,0.0002219355316907672,0.006243736105797324,1.2682636799250197e-05,1.7701111409151468e-05,0.06351515875877983,0.00010440319831156497,2.5450393994694104e-05,8.230804172639147e-05,7.533266484655459e-06,8.199779949264068e-08
799.5991983967936,0.6410150807597118,0.06454632053743141,0.007614723058149478,0.019908791932351764,0.014713673556533413,0.2286279092852655,0.023573500870555077,0.34078397069891714,0.011146060578565726,0.00020930947235911555,0.0067513831516449385,7.594241320051788e-05,1.8252925599196055e-05,0.06046654220260424,7.304740293605793e-05,2.1568613943175094e-05,0.000127096484090264,3.980936541748147e-05,1.2597183422116564e-07
805.6112224448898,0.6418654107904112,0.032596227453336395,0.0194957873902956,0.03030766286094007,0.04338018926111432,0.21362687496817806,0.01872784727572292,0.3389566597191234,0.013010055353856182,0.00015620570239560376,0.005802057474822077,0.0001887343760862627,2.0876583303823653e-05,0.02955457536301708,0.0004595914420241001,1.7662699606643757e-05,0.00024629244464049977,9.941436275215574e-05,9.913200053624273e-08
811.623246492986,0.6422581011843178,0.0196568262757727,0.0059248890855240705,0.041103428726348104,0.007971224065082175,0.2771430007827855,0.005942529880168295,0.34536775619336935,0.007224333766114255,9.434118697415949e-05,0.004937131238533244,9.314620480645097e-05,2.51902258833205e-05,0.017940570517524283,4.7418138582977775e-05,1.19199398249525e-05,5.195375316491766e-05,6.307354710374954e-05,1.23343499142859e-07
817.6352705410821,0.6426177870560548,0.021292833362819057,0.014421624040886712,0.037409895510601414,0.012452943516742958,0.2465406481789935,0.02526426833389972,0.3508210397453334,0.0010152337486787919,4.553737096218404e-05,0.0054676892173166364,3.4606023738684417e-06,2.925225927842741e-05,0.02036063622033098,9.752663781032103e-05,3.141103316908799e-06,8.412129378769361e-05,9.443350406106395e-07,6.266895979832978e-07
823.6472945891784,0.6429017370170519,0.010505976249002902,0.01671926623464653,0.051803421906900564,0.034616828344562464,0.22007124317326512,0.023381527074568434,0.3483422604340496,0.001563661111543825,1.856083364708235e-05,0.007002496667180062,0.00013864609636002272,3.263784016549629e-05,0.009603850067175113,7.542961306420883e-05,8.593273542809148e-07,0.0002751221481857126,7.010136631883739e-05,3.240102788261537e-07
829.6593186372745,0.6430029919885158,0.0037873458512242496,0.008565415330185846,0.06621664864858294,0.005079239059964952,0.2676409239825568,0.0057074351389673405,0.3413280398549659,0.00732494541567363,2.4345607902386644e-05,0.008028267126645205,0.0002544156300574474,3.6994376237529364e-05,0.0028929900982449367,0.00010254070625806595,6.739012062944173e-06,8.67787206967767e-05,0.0001562547892796453,1.1299863873914046e-07
835.6713426853706,0.6431035106545616,0.010658683740334856,0.024268048593309405,0.059663847085892285,0.010869589142427865,0.22778954385758793,0.023646776925884364,0.33845895076063937,0.010617504766291828,6.121064863230328e-05,0.0075889561223262065,0.0001273115239642487,4.255552358268883e-05,0.009404711466877548,0.00041413985682493614,1.8791375543140497e-05,0.000161998653724598,7.121256470665769e-05,1.2937357261311842e-06
841.6833667334669,0.6434011891504474,0.02222699940742658,0.014948627028996003,0.07464771843600412,0.02442298760206872,0.19463560476687047,0.025716873608185146,0.3426321889227744,0.007437610532002338,0.00010168317663885149,0.006362405521869909,1.7894751137776752e-05,4.7027945127741744e-05,0.021188463611944357,0.00018999080081060174,3.513940058187772e-05,0.00016535201679868504,1.2187481922889225e-05,9.012782138015223e-07
847.6953907815631,0.6437744732377458,0.0186803475586681,0.013712344244176845,0.09137483694022269,0.002252580640412659,0.22470787370139791,0.00549754367737459,0.3478324323656677,0.0019979573550472428,0.00012194437111096772,0.006064953693150505,0.0001585346932084381,4.970428406797236e-05,0.0179390718416518,0.00011033609835420646,4.623454090415365e-05,6.188897219562269e-05,9.541988398667753e-05,5.878634209756109e-08
853.7074148296592,0.6441368031141765,0.029452928325665054,0.03636101988525048,0.08087401724312841,0.010194503535043375,0.1797028050628882,0.019277922833846703,0.3470898552755474,0.0008395589574905733,0.00012954414151336433,0.007476602688424848,0.00027424304418583405,5.3392778660104e-05,0.028160265801773745,0.00017922041531647726,4.2648529884306696e-05,0.00012854062099608917,0.00013904537025615136,1.6269679830251783e-06
859.7194388777555,0.6449553852224825,0.06222250100803676,0.014119669628382292,0.09209437675118097,0.014874454461104254,0.14683379364779894,0.024899819281012717,0.3408494759807067,0.0046331885119514716,0.00014067203383969298,0.009236503497838446,0.0001250909089712354,5.9683844208456136e-05,0.05922027156094593,0.00015617866076830596,4.690336614766912e-05,0.00020036893084342028,5.609796246761051e-05,1.4773950345573975e-06
865.7314629258517,0.6460527548443163,0.057756896249466415,0.01957324766516379,0.10866878673686069,0.00043457882142954594,0.16218017361943698,0.005333562063324647,0.33643861634969874,0.007961426243378434,0.00015322183843525112,0.009308067537653618,2.0416679551874603e-05,6.549650696415498e-05,0.05437326962036556,0.0002992803249698974,5.387197669577501e-05,5.319145923153454e-05,8.519606547369777e-06,2.348971384108511e-08
871.7434869739478,0.6470512273755491,0.06809070933808337,0.048951450710368154,0.09428065666209283,0.010430761248268956,0.11775179203441713,0.01344340263121898,0.3381646728076984,0.006625312102759636,0.0001661696697282858,0.007681150392325584,0.00024353034436327053,6.793730757424402e-05,0.06468686678562884,0.0006758220545978244,4.589639410296645e-05,0.00014642583016262643,9.51087872665121e-05,1.745254236966774e-06
877.7555110220441,0.6486961954797383,0.11844123232737101,0.014057492416539245,0.09827922236617923,0.007589403373827855,0.09200476167946293,0.02093169235687995,0.34128055010365815,0.002678004656805307,0.0001972302957699515,0.006618128117594824,0.0004602345131588487,6.965683327312872e-05,0.1151362560199653,0.0001017749382345494,4.842402716441616e-05,6.84475302477924e-05,0.00014525413066814218,1.8160115159428665e-06
883.7675350701403,0.6507741633087069,0.10951727086686167,0.02440463696592308,0.11177618490398537,0.0008922714931226492,0.09763125792088717,0.00500421454051163,0.3397611281295917,0.0011421984962922895,0.00025033159517810484,0.007702700325220444,0.00029490617095236874,7.457197405669876e-05,0.10583847282121817,0.0001268699380232775,6.46667018074919e-05,3.556564444621289e-05,9.324702596032849e-05,5.930996928086367e-08
889.7795591182364,0.6525816344438101,0.11373507783430113,0.059706505247091576,0.09485343260798995,0.011544809249477444,0.05988815284965932,0.0076903877676693586,0.33399085506731246,0.0033685738770237467,0.0002884900316569123,0.009663020430708696,2.6713077029206266e-05,8.071307245770024e-05,0.10802342143292941,0.0005858615384194934,6.04192444172798e-05,0.0001673722017920031,4.601290184404067e-06,1.3938477125717692e-06
895.7915831663327,0.6551117528634006,0.17582663546725838,0.01441325193958206,0.09065204698159741,0.0032907301707196723,0.045935974750973614,0.014769607826467003,0.32856121313358705,0.005788839115428131,0.0002718235057483342,0.010101530851569705,8.1712791099897e-05,8.312773916501163e-05,0.1668911268473228,0.00017796357780512742,4.9393842552457165e-05,5.252850888685509e-05,1.4288739598500995e-05,1.948991288300309e-06
901.8036072144289,0.6581527397764685,0.16055912538127096,0.02704814066965261,0.0988737405456291,0.004592146522401835,0.04654288895951612,0.004231218145059597,0.3274732445144047,0.005130180450031614,0.00020696938500672032,0.00868148702013175,0.00027327858833142916,8.210026562400276e-05,0.15316381516217076,0.0003811155386660932,3.945075789234317e-05,6.009578712311018e-05,4.4136215293501104e-05,1.6553197425179038e-07
907.815631262525,0.6607219084753396,0.15382529040526444,0.06634936883030895,0.08169370050238747,0.013569819523022898,0.02054996115862393,0.003289951105051432,0.3288671274398024,0.0026066750344868376,0.00013212037038190386,0.007386217458300576,0.00020357012172845653,8.238109995890541e-05,0.1479982223705931,0.0005232292285514617,1.904988931663429e-05,0.00010450982574029569,1.6453725034962003e-05,8.800255893282248e-07
913.8276553106213,0.6639806627782784,0.2203660315094563,0.01463976595282796,0.07130880806875678,0.001769100218370796,0.019826402719573494,0.00810922875273472,0.32627023779717,0.001742387939570259,7.028597568386735e-05,0.007833857946550796,1.737352154516655e-05,8.519404119998613e-05,0.21335335096061814,0.00013183509728051997,7.842687042531796e-06,1.5419568409889512e-05,3.235324323467529e-07,1.4370221135462664e-06
919.8396793587175,0.6677658030342594,0.19871252197858302,0.027166402326960805,0.07391639554242443,0.011640213586822021,0.017859662038884262,0.0029390014920650056,0.319259802599799,0.0033844118177205457,2.642547737954172e-05,0.009400129192440381,7.639201876882225e-05,8.703585963126748e-05,0.1893520331297387,0.00022662457617344612,4.094217329464925e-06,8.851384696452705e-05,7.409545674420728e-06,2.46368839949492e-07
925.8517034068136,0.6708595366964915,0.1788418303900625,0.0673706495436465,0.05907821994968529,0.016548825406936793,0.006457641887466614,0.0008432961257096209,0.31374651470155934,0.004816957833986268,9.12308004907868e-06,0.010235456009551853,0.0002458770147230924,8.653466363764203e-05,0.16829149840000435,0.0008748912133379272,3.7448714267463235e-06,0.00018453293377966451,7.122802604075658e-06,4.4778358130259164e-07
931.8637274549098,0.6744976183676109,0.24240448311328683,0.014104197199385302,0.04668127905582342,0.002201872422784364,0.017253518190104605,0.002857031651003618,0.31192418285494006,0.0038408791659791364,2.0388439719903767e-05,0.00944157795917415,0.00018873743114466478,8.661578143011821e-05,0.23133007341794035,0.0001159421051927511,6.626832027543307e-06,9.364014314858009e-08,1.1725482758169445e-06,8.783835939164546e-07
937.875751503006,0.6786284135744767,0.21576592234586675,0.025147664699592388,0.04562773489421673,0.02106531018746788,0.012289009988367563,0.0014759443100108766,0.31132883275291695,0.0019383757705853958,3.9302874131037496e-05,0.007932701546978957,4.389987657432239e-05,8.847360433553e-05,0.20798128647794442,0.00020907150300778968,9.353919041181403e-06,0.0001252096172396005,5.502255709980368e-07,2.864413232030499e-07
943.8877755511021,0.6819210831010027,0.18400818613890454,0.062486700351275584,0.03552256504418759,0.02034664824193283,0.015521765847646208,0.00019305127504928358,0.3083656917237812,0.002039777657590634,4.661191417483168e-05,0.007407363653302579,0.0001304731820955742,8.899876805122527e-05,0.17663766789886728,0.0004662341622068285,9.240960315175956e-06,0.00010664780591140594,1.5070326209443108e-06,1.7900804427783624e-07
949.8997995991983,0.685558557700453,0.23838537593524475,0.012331002663706951,0.02565634494500557,0.003622246458966928,0.03398164951917691,0.00046482277744439113,0.30134226081349536,0.004163623582264543,5.2164480542151424e-05,0.008510503318303391,0.00028626041874255223,8.662968619754352e-05,0.22715851572664042,0.0001694718684741499,8.146237625475062e-06,4.977061774306976e-07,3.5143995304362727e-06,3.753564720443253e-07
955.9118236472946,0.6895726901887981,0.20883243259403095,0.02180025928127861,0.024539384222050344,0.031063935289008353,0.02356476161184267,0.0006265368129896214,0.29488172527346784,0.005251940186007968,7.30660834079057e-05,0.009951565173584915,0.00018433974491426433,8.467334981764757e-05,0.1962940396782164,0.0003190682968700319,9.361059973296585e-06,0.0002782988209976227,7.066248995981151e-07,2.901433672364976e-07
961.9238476953907,0.6926768052376152,0.16951735531878184,0.05271629675063789,0.02101349088371269,0.02447314266997729,0.038939736280879274,0.0006631728583946167,0.2937393304276383,0.00351422943581077,0.00010494274246970365,0.009866257615731329,1.2784519484625896e-05,8.565002124890464e-05,0.15954057649440578,0.0005457336185384822,9.991801939171568e-06,0.000199523132833838,2.1877237146684779e-07,9.916647690737826e-08
967.9358717434869,0.6959317676646678,0.21094741314517854,0.009274928070245901,0.016714060273584953,0.005305377082870695,0.060435225850952956,0.0013912279124982433,0.2943107412897803,0.0012138631557200607,0.00014135798135768963,0.008177211017097142,0.00013834394223779576,8.671494913829966e-05,0.20300080364631243,5.318652072688844e-05,9.413277699885549e-06,1.9008876305241897e-05,1.0225825523647779e-05,6.155170143649284e-08
973.9478957915832,0.6994494671499848,0.18054293257043885,0.018008505445038597,0.01919778085294728,0.039596582744039335,0.041860961287281034,0.0013437699502692206,0.29121098438261056,0.001799292875956672,0.0001956400581706151,0.006886612905783748,0.00037340066306194126,8.460196443078735e-05,0.17355736287852438,8.005781565733567e-05,1.3132599365399972e-05,0.00017354587759018945,2.0320468544554296e-05,2.461305735404547e-07
979.9599198396793,0.7020739173039026,0.13961358054249212,0.040043737389940645,0.023329232580996707,0.02806350008793676,0.06538432014703971,0.0014917119476903456,0.284760923599706,0.004996779315528498,0.00026816226092295974,0.00752410085674001,0.0002944090186030502,8.17076445958139e-05,0.13137388395709684,0.000574008561431595,2.1548582420877224e-05,0.00016520105576334681,3.4395080355118025e-05,1.6211098525467812e-07
985.9719438877755,0.7046852641124924,0.1672421998928627,0.00547977190105485,0.025007516330548384,0.006923058797580526,0.08573114993319461,0.004931039032265046,0.27909607294049127,0.0067246018830070965,0.00031539877359349394,0.009054883602804095,4.1130746788932174e-05,8.264794082126877e-05,0.15631431516308164,8.188269643347433e-05,2.7397438942974808e-05,1.4785968258489867e-05,4.55855304837701e-06,4.391290912455941e-08
991.9839679358718,0.7074094319740003,0.13785402410142014,0.014510821239091795,0.03300333996050233,0.04507610404246145,0.057862566579928165,0.004283712102594057,0.2784082020622078,0.0044749926233651795,0.00029337750772629015,0.009263827091953917,6.332510070056524e-05,8.684364004420379e-05,0.1291204400435875,0.00024915637897657706,3.2253452414050685e-05,0.00041118556264463634,9.007821243869382e-06,2.2778041004932175e-07
997.9959919839679,0.7093570668677556,0.10117216286076565,0.026821793875049925,0.04486275832418339,0.030080104093630308,0.08548146715150583,0.0022246468271075654,0.28124824355659894,0.0010373052011598619,0.00021663852812156277,0.007761967982991968,0.0002892949008408899,8.948296252944067e-05,0.09602251313332497,0.00010795001008487496,3.1458238407239015e-05,0.00013553901557671015,6.401237976687227e-05,2.446110884863845e-07
1004.0080160320641,0.711215445205001,0.11675589698248107,0.002010991490893086,0.050375053545761106,0.008457885398814318,0.10167800146129292,0.009506725915755014,0.28070676613748086,0.0012019097436849163,0.00013711895174801643,0.006365162015907447,0.0002844161481073931,8.918179806888005e-05,0.11275597965787645,4.055067465337375e-05,2.187198539114565e-05,2.9814430398838198e-05,7.637444002581801e-05,4.382112644042762e-07
1010.0200400801602,0.7130673810431957,0.09006431756945266,0.011835877879727563,0.0628794634240927,0.04684276576054135,0.06595061937415142,0.00935957494883698,0.2747554779644846,0.005389311779508122,7.987236240255051e-05,0.0065522919451629115,6.583462168536666e-05,8.983028355907372e-05,0.08504202133361546,0.00010192838016500735,1.541178534576738e-05,0.00021808581399710108,1.8032313967444938e-05,3.1836248616896705e-07
1016.0320641282565,0.7142871636565831,0.06186881411956728,0.015194446716742195,0.0812688592185531,0.02968362028379515,0.09483222663284904,0.0028648693719085594,0.2692446628577123,0.008614633130317661,3.7845921449996296e-05,0.007696734475271518,2.4924777514180535e-05,9.40351811497147e-05,0.05656740044439643,0.0003549239935571545,9.258514252109004e-06,0.0001946556448674418,3.866842890865757e-06,2.7261410222296184e-07
1022.0440881763526,0.7153962614321341,0.06885985741145079,0.00016809173634413154,0.08701126135974879,0.009991172907121346,0.10526565565153478,0.01330769950166493,0.269498455470683,0.0066843224048846045,1.1859451309881112e-05,0.00813570386854352,0.0001741091099918224,9.928826245190365e-05,0.06364287273230297,5.104438654005025e-06,2.031331351369367e-06,3.690282485877648e-05,5.6189444597689624e-05,1.2121196047813377e-06
1028.056112224449,0.7164267535563168,0.04673323036097016,0.010326836890649347,0.10023171944375663,0.04524243446837889,0.0654731883844062,0.015565836895520584,0.27417004596073924,0.001907630227619091,1.017430156548615e-05,0.007202158693393877,0.00018025180924778774,0.00010298545111631258,0.04385201850882432,0.00010556862534234022,4.48632430087915e-08,0.00031360654285666014,5.6323206990983255e-05,9.060309761933321e-07
1034.068136272545,0.7170163373346156,0.028829648423593264,0.006675978809287242,0.12258177329629881,0.02659409747960394,0.0945906628425117,0.00371150181408808,0.27640925507081937,0.0006106110332980405,1.924271343592727e-05,0.005791225774279888,4.60147125664421e-05,0.00010731336098338184,0.02728844028699666,1.5115720576694315e-05,1.562358770499787e-06,6.66160614814844e-05,2.0964832662480606e-05,1.6994931852658625e-07
1040.0801603206414,0.7175298091440232,0.031011218324016387,0.0010891892559401024,0.1250146934456606,0.01151578562838715,0.09884297694766016,0.01499632725431097,0.2719446122855248,0.005095212430039501,1.7665680917883653e-05,0.005224264971183122,7.305160011744939e-05,0.00011538388819257698,0.029540768868685938,1.0249482774821907e-06,1.5540728695183617e-06,2.460458995211575e-05,2.3675658289306766e-05,2.1761929143016207e-06
1046.0921843687374,0.7179418058227461,0.01564544287701327,0.010181140198350359,0.13380531606649432,0.0413189639665569,0.059889783327287754,0.02121754774154973,0.26556188465230635,0.010271590256238833,1.3923055178837555e-05,0.0058576569687069455,0.00022761196772063216,0.00012552727710073017,0.013863661349649458,0.0001904098906536543,3.3902481959707923e-06,0.000207982414898301,6.733145800943471e-05,2.2759562814785753e-06
1052.1042084168337,0.7181018939449697,0.00745212446241276,0.002002596120586196,0.15649149977995008,0.021274088375632504,0.08967181338021313,0.005005983936233809,0.26509337144878825,0.00973526024515785,3.359759029113218e-05,0.006700163771088672,0.00020153235480562117,0.00013418064489699027,0.006109889671521018,3.9523914260138985e-05,1.7391800044178486e-05,0.00011632367209100186,8.236488035133395e-05,5.014559505041011e-08
1058.11623246493,0.7182328296768679,0.0077741473011866844,0.0054051787888269795,0.15342226694204036,0.012881660887894763,0.08811621713737897,0.01416769926580263,0.27101532380818233,0.004040331353299076,7.729487425053367e-05,0.0064543178475630165,3.7275770148677157e-05,0.0001426266696867091,0.006670145900802649,7.415232509142812e-05,3.9461197942884286e-05,5.684713440466584e-05,1.1885292063103203e-05,3.0407285269986322e-06
1064.1282565130261,0.7183098863273305,0.0016393939865561524,0.011424133972555959,0.15340286886457297,0.036285496149750254,0.054389258601970414,0.02454896209726197,0.27577392658626343,0.000502085226336061,0.00012732924800936787,0.00507479969534895,5.6697588730897965e-05,0.0001552753279789588,0.0010458957947162113,3.4798057297717726e-05,6.326060409499393e-05,0.000162720656948154,1.4652897494683553e-05,4.307152564373637e-06
1070.1402805611222,0.7183200489245858,0.000848343923179595,0.0011812725969829675,0.17258078326287082,0.014816092258106813,0.08563597606131824,0.0066174829729539605,0.2729628362297528,0.004158067959688974,0.0001835551843240791,0.003977549382764626,0.00022656177938391135,0.00017138053949793564,0.0003018101793610673,1.2771917359496277e-05,9.992614636597242e-05,3.1061984960902654e-05,8.939995122185224e-05,2.1991099342928e-07
1076.1523046092186,0.7183289694372944,0.0005838243819727921,0.013071966272470176,0.16377179191903288,0.013880516920414934,0.0789894501079058,0.011373480960907302,0.26567682499561435,0.011078033004882653,0.0002507350147105412,0.004264495927042621,0.0002160569337040258,0.00018488468674974815,1.4513876169594954e-05,0.0002199945998896507,0.00012857621583839906,1.904603213073894e-05,8.162027583799687e-05,3.4422175541124404e-06
1082.1643286573146,0.7183716972149741,0.0060116599413041465,0.013862168637289233,0.15317334677772612,0.03105537605902667,0.05310365922298626,0.024422092146691644,0.2630147368280275,0.012869203088311717,0.00029935724317165505,0.005209665917078198,4.067838739198236e-05,0.00019466132104303382,0.00512713049406873,0.00024721109585984697,0.00014423025732016243,0.0001742949122548773,1.174615353700204e-05,6.50007660740003e-06
1088.1763527054109,0.7185236464871664,0.009609973652578731,0.0036339455812891457,0.1659311205836516,0.008578690563483848,0.08574090761856558,0.00798171551326322,0.26847977610101126,0.0072499190010259775,0.0002854843175071207,0.005215122569480775,3.824941842129202e-05,0.00020780210538570858,0.009079356325773101,6.952668487685908e-05,0.00014986479561236008,2.9459134089558346e-05,1.2892881867903254e-05,8.348986605592007e-07
1094.188376753507,0.7186575919130457,0.00815187662961246,0.02339814135220302,0.15298370403942782,0.014392587287202076,0.07467807258027345,0.00773802619823373,0.2753676816506503,0.0013171053866570038,0.0002135498096470078,0.003989049626954645,0.00022667965990185972,0.00022834195314177947,0.007471524066218921,6.0153815391877876e-05,0.00010546139797172177,6.183610959908493e-05,8.269922526773645e-05,2.7457765962806617e-06
1100.200400801603,0.71893506104598,0.026678901831896525,0.01706090842185499,0.13341341419896305,0.02601279192806579,0.05708198084485573,0.020816941728382322,0.27461537851621926,0.002923299216874176,0.00013648831997314516,0.002866257587801935,0.0002732547261393953,0.00025026058701050903,0.025322916602096485,0.00015668881596819136,6.066230653916501e-05,5.2003294562250205e-05,7.131286171325315e-05,8.124760942506633e-06
1106.2124248496993,0.7194846807493186,0.03188895571765066,0.008353696082883881,0.1387562634541488,0.003726693898211004,0.08943114243964032,0.008358567658145003,0.2664681519178553,0.010651874704331465,8.971135727898946e-05,0.002928902068192417,0.0001090936039319367,0.00026758559908953875,0.02899673948172874,6.926475655336899e-05,4.296288154645102e-05,2.1724293622999996e-05,3.1580791617614835e-05,1.9872923482951027e-06
1112.2244488977956,0.7199439768342764,0.027110240058673876,0.03521073338758587,0.12448510490260069,0.014487817576484933,0.07437045855613725,0.004391668684239055,0.2607918021836312,0.015241458741066164,6.363699811104067e-05,0.003656178135355515,1.885144991690025e-05,0.00028409565764088207,0.02371773312963401,0.0009643987573502465,2.8465961997191423e-05,3.857328186745765e-05,4.337004277560987e-06,1.723141324299507e-06
1118.2364729458918,0.720643575730882,0.05880268732919575,0.020408967487823435,0.10032844714170273,0.02111103289014405,0.06384159104042707,0.0148636983798233,0.2640626053684829,0.011043832389234629,4.212856029109507e-05,0.0038080619223995827,9.391470628148274e-05,0.0003058813224266184,0.05498114200232908,0.00017230501712118575,1.503091542698861e-05,0.0001017977830150511,2.020467001564791e-05,7.781250984632026e-06
1124.2484969939878,0.7217763879657384,0.06369120449436551,0.01405405255370377,0.09947837051299498,0.0008823035365236702,0.09283915252329264,0.007278528413379611,0.2714019764486783,0.003321599767097545,2.858632579934004e-05,0.0030235623908884085,0.00011759003555096502,0.00033029706624561935,0.06199247898784178,0.00021551489388257157,8.791255599264736e-06,8.809144205107856e-06,2.4851785836291665e-05,3.0025782580155773e-06
1130.2605210420843,0.7227094989025856,0.05273151638500013,0.047043423568320135,0.08708897144233202,0.014408982513257722,0.07400050416747617,0.002017103021027026,0.2728993428881228,0.0019280952888720269,2.4396987645792876e-05,0.0020574108535713793,3.048769504150458e-05,0.0003507673841596759,0.050698259204683745,9.706981919755257e-05,5.975424844817543e-06,3.4579727865615865e-05,3.1419085432796696e-06,6.653454718901081e-07
1136.2725450901803,0.7239416507803892,0.09567258968553582,0.023265968033547305,0.06391163339069712,0.016182908602331406,0.06863127656205754,0.008393972945440217,0.26489138234531895,0.00901701305449612,1.762933697993747e-05,0.0017405007069449482,2.3109375826953822e-05,0.00036871440004244873,0.09018706514425487,0.0004876824500692566,3.0788751157022165e-06,2.3745003612128243e-05,9.58794954871411e-06,5.844928471841227e-06
1142.2845691382765,0.725720294939983,0.09933021165454922,0.019361074251853093,0.059705117556265966,4.1677434284190695e-05,0.09092095720959828,0.004920666953464901,0.2555266846580224,0.016133626984201115,8.317378718104901e-06,0.0020976412158560474,0.00012278720129667084,0.0003906476219213059,0.09009298506586845,0.0003837420713602742,6.145794766536007e-07,1.0168434943470058e-05,3.102062815376842e-05,3.1130437716620682e-06
1148.2965931863728,0.7271582485309542,0.07967563144729499,0.05730645502806487,0.051997686212375674,0.014447163615576741,0.06870037236299419,0.0007144428027378619,0.25524546887685123,0.0145932515993639,1.7052297926548387e-05,0.0024336245060163067,0.00013694320435824595,0.0004154109845280833,0.07178943109580911,0.001557414167026789,1.8008394207014342e-06,4.84158532330229e-05,2.086048883621262e-05,8.434475435704203e-08
1154.308617234469,0.7288888157949215,0.1299826154573921,0.025102009161003472,0.03468605615907032,0.011278044853082696,0.06684337953319996,0.0032190790413285197,0.26208251301173024,0.0063603617061337445,5.5116342487150265e-05,0.0021321959982582702,4.46810222410426e-05,0.0004363161242265491,0.1245614250320688,3.354779054619127e-05,5.691116038884192e-06,3.425224360408433e-05,3.601715854146454e-06,3.051940374735923e-06
1160.320641282565,0.7312865669269832,0.13222363235340573,0.023053855481920456,0.03027612769614407,0.0007751380840425237,0.0802001444214121,0.0021845350360904436,0.26497349457829933,0.0017887958783422947,0.00010855440292410743,0.0013570680539637526,3.056387510037133e-05,0.0004549562843854879,0.1296700706343488,0.00014858289462893438,1.1609111036503244e-05,9.715276078929565e-06,8.130745370543666e-06,2.1931941098892577e-06
1166.3326653306615,0.733201807172052,0.10259801451749662,0.06446639681090001,0.02897431297415439,0.01477925016090349,0.05578260402682827,0.00019761433766377678,0.2583791803874188,0.006801300392302251,0.00016051622904797794,0.0008695475967131908,0.0001083546544331847,0.00047929356803119835,0.09710960462643692,0.0007321229084533198,1.6158604957309694e-05,8.931304963731536e-06,1.494450886556401e-05,2.5531178964683953e-08
1172.3446893787575,0.7353333758883831,0.15487807980115248,0.02559198685484961,0.020349207097036526,0.006832061204899763,0.0565481844547662,0.0004671046989109507,0.24737308929464175,0.015405184385982373,0.00020591103706663004,0.0010699807735231439,0.00010485333820022502,0.0005076052822014236,0.14232352123610126,0.0007726906745179231,1.4250091802075555e-05,1.43943268684581e-05,8.661087260865223e-06,7.840990374117851e-07
1178.3567134268537,0.7381330882526703,0.15586646799234657,0.024351960608316355,0.017810301176349415,0.002594570333997839,0.06086735838183239,0.00037625325448580824,0.24256424989696157,0.017060066185460673,0.00023481114284371358,0.0014532398630625093,2.5779675463614256e-05,0.0005287649835362694,0.1414092245558885,0.0007010324721719839,1.5080848230755008e-05,9.260565789363565e-06,2.3972648389441284e-06,8.094096306239254e-07
1184.36873747495,0.740360367918571,0.11700463178723768,0.06721992146711091,0.02309034459015495,0.015371126914833725,0.03680208168932789,0.00015152563276274854,0.24771788311228313,0.009794820611275032,0.00022773210697087838,0.0013038877672281069,5.432942844830243e-05,0.0005409790552224679,0.10854581649285233,0.0011936394720813142,1.7471831956273383e-05,3.0660781537826766e-05,2.098129928227263e-06,1.4497228182482702e-07
1190.3807615230462,0.7426920491744773,0.16544536522988576,0.02459005746283724,0.023415819743465707,0.003573458859496073,0.04001765758274553,0.0002655919470915571,0.2529710863561042,0.0027248927397518917,0.00018292103708241858,0.0006918260969755585,0.00018130190757681273,0.0005559226880309398,0.1616796038877914,7.515706187778836e-05,1.333324939762819e-05,1.7687336358174739e-06,4.70922857931725e-06,1.1002547380876432e-07
1196.3927855711422,0.7456976795692608,0.16505342687774346,0.023108190303023423,0.022915755825584562,0.00528569168988727,0.037299119554280884,0.0006401361802189758,0.24834976006971826,0.0047144910027339115,0.00012919754231697117,0.0003234401526286814,0.00020635806606515556,0.0005790735972756049,0.16026593732518568,2.1937890422693867e-05,1.0950058792633512e-05,2.0597068781943273e-06,4.457418657782635e-06,1.5602025043096724e-07
1202.4048096192387,0.7480383120500741,0.11970284713367184,0.06483899027291834,0.033250741509918094,0.0160024690527943,0.017658687090146456,0.0005079528904764748,0.23729661857949577,0.013356898047136823,9.711862772871233e-05,0.0005043416037406361,0.00010639410532818663,0.000600316986495359,0.10986144312709184,0.0016305144290386737,1.4909204591213319e-05,1.0526573852240106e-05,1.0484736963920243e-06,1.2166719831338716e-07
1208.4168336673347,0.7503285257719947,0.15940971155105327,0.022077214248454484,0.0406114634840462,0.0022198230891344204,0.02348135328734991,0.0018719085679664656,0.2301593666573634,0.017977760464369306,8.928724423153951e-05,0.0007780737312278568,5.5125323089297244e-05,0.0006118608077233092,0.14416954005643917,0.0006838581013323718,1.8440520383477994e-05,2.688566117991511e-06,2.0452266092361767e-06,1.12864247496468e-06
1214.4288577154307,0.753172227999422,0.1572709720248189,0.019838379566310804,0.040531702470071596,0.009025805536684452,0.01674912201288984,0.0034117903898017326,0.23242558187989967,0.012941268822520606,8.825901092274876e-05,0.000664600351997637,8.642730025837847e-05,0.0006216346349782975,0.14562943728627734,0.0006386473400040083,1.959757141071727e-05,1.1946178394322601e-05,1.9717707578617603e-06,1.5045537636328444e-06
1220.4408817635272,0.7553832099799122,0.1098003776065837,0.05739323807547788,0.05298753195015188,0.01640479278276219,0.006558212604159088,0.001472637000952426,0.23894811247397393,0.004578545971243869,8.050123682702088e-05,0.0002992520283882409,7.202498284379181e-05,0.0006383533268102689,0.10523073277068228,0.00034195684929143376,2.3316007993508672e-05,2.928100352383359e-06,3.4833900348392123e-06,6.520103568801764e-08
1226.4529058116232,0.757427798261988,0.13792769674808059,0.01815055708222975,0.0642075672848336,0.003114600885637377,0.015039487344757985,0.004132292392472341,0.23846441932263313,0.003251933184153605,6.331776879551032e-05,0.00012606326719527888,1.0736295470775529e-05,0.0006557318997633635,0.13563169364225922,0.00028226288418203144,2.209389502714988e-05,1.8787753755628486e-06,1.5609792446888005e-06,2.941560463830637e-06
1232.4649298597194,0.7598877270993263,0.13339571271320078,0.015522027740028288,0.06210726857619317,0.01421609652286308,0.006705154889964567,0.008166012458423579,0.22859933425206916,0.010516582305689033,3.96626625991476e-05,0.0002703044456966598,2.2221417195595026e-05,0.0006641678174238991,0.12648674325733553,1.8326003533192443e-05,1.593073022951826e-05,3.0248778808987946e-06,1.341250605380244e-06,5.239306770861207e-06
1238.4769539078156,0.7617183941510315,0.08879718072893479,0.04599429723196656,0.07313643105269813,0.01643236426826406,0.010617073023892438,0.0033042595432117047,0.21974405189423657,0.0173138687665148,1.7603204172990937e-05,0.0004532944865338527,8.522219914230214e-05,0.0006675652983671742,0.07924652887720561,0.0015858278223952007,1.049825565259489e-05,1.114786992109489e-05,1.0105071663205513e-05,4.924777806964428e-07
1244.4889779559119,0.7632978875175604,0.10532565369821553,0.01310920613865186,0.08482432050893518,0.005994742551299243,0.021436615816703294,0.006011573768633915,0.22028258169159395,0.01525028005641457,1.0564062297864471e-05,0.00040609352925160034,7.832429028041508e-05,0.0006742688526006582,0.0954938278214502,0.0002806914437220793,5.696945984263708e-06,1.8722261102413609e-06,1.2609159983837424e-05,4.229734919699267e-06
1250.501002004008,0.7651301254572153,0.09826480736214448,0.011248855899558182,0.07873006785567876,0.02110534984958178,0.011935727782667603,0.01358506579315318,0.22699911354285157,0.006934770448766774,2.903744874362752e-05,0.00019793775693411752,2.821416037876298e-05,0.0006808011851091201,0.0934652233788249,0.0003281805040998758,4.394963172570364e-06,5.215982879849927e-06,3.8020307313599987e-06,1.0083822598555893e-05
1256.5130260521044,0.7664493984893371,0.06094625785637227,0.032617678750068324,0.0852858321566922,0.016161178887336893,0.032536470561376936,0.006003183298815721,0.22996997030227506,0.002642834212302048,7.08530493569319e-05,0.000145216972854851,4.184823843040574e-05,0.0006798787354430801,0.059206221519829384,3.743240286367509e-06,1.0458413365723441e-05,3.2085588357661277e-06,8.773512310901371e-06,1.8882741083081562e-06
1262.5250501002004,0.7675068348472692,0.06826216741466606,0.007634077061755293,0.0947021024038571,0.010008308805544201,0.04494342241853764,0.006943087048370051,0.2236577820342056,0.007564732364444462,0.00011989389262561169,0.0003986976937803863,7.576524241231662e-05,0.0006762939252619758,0.06607343684344098,0.0002772581873286664,2.2298077220451156e-05,1.6661077498616e-07,1.9751258970828863e-05,4.2752537129455964e-06
1268.5370741482966,0.7686612942131558,0.05953125421633881,0.00788896949308223,0.08408598478042824,0.029399304997841644,0.03236877896917663,0.018064413329976384,0.21431494639668722,0.015464015562031967,0.00015459980570110967,0.0006856618363409873,4.0346592876342045e-05,0.0006791355932063364,0.05457794285655918,7.644013083093722e-05,2.7587258225567735e-05,2.8780069292203335e-05,8.988233416272695e-06,1.4155345276098063e-05
1274.5490981963928,0.7694038225785391,0.0324576966291478,0.019701061272903785,0.08466792018075243,0.01584887584558319,0.0687984933659679,0.00912213012710564,0.21261551213834257,0.01648147671604973,0.00016226500394687235,0.0006347461544212575,1.8074735039618093e-05,0.0006841026736607243,0.028121130392099878,0.0006404722102311076,3.426122667691685e-05,4.359620624596099e-06,5.3554001637229615e-06,4.312256820622357e-06
1280.561122244489,0.7699370066934237,0.034383116444996406,0.002871628675788147,0.09027228316597669,0.013985096322177747,0.08166928380176544,0.006881584895872227,0.2194201315324558,0.009349354834433755,0.00014878323340861607,0.0003560548949100174,0.00010952524293822491,0.0006791435684302282,0.03126442093489482,1.6961177735402634e-05,3.737592330760241e-05,1.0595920712245891e-05,4.459772233243078e-05,3.4595039762122657e-06
1286.573146292585,0.7704873500446556,0.0262766836937964,0.005906634453257985,0.07630282196578118,0.038070029227840876,0.0626404833069875,0.020315997307680835,0.2252725763425407,0.0028631280263016184,0.0001314042479228672,0.0003805604008063873,0.00019968006139329243,0.0006653008763799076,0.025156681801904827,7.472146159898062e-05,3.279629305015258e-05,3.150865653901326e-06,6.509272502230615e-05,1.5780430496816134e-05
1292.5851703406815,0.770774380039513,0.010457558898404017,0.009466298920487939,0.07147114646622994,0.01576407180685515,0.11023089379821766,0.011835650070293073,0.22251260694765715,0.004903754349662075,0.00012061628586006756,0.0008841424933439861,0.00014893676366062276,0.0006555631203038887,0.00970895353898263,4.687057201986225e-05,3.6192854148403335e-05,2.2950795807226197e-05,6.882159934832253e-05,6.623160584562905e-06
1298.5971943887776,0.7709348354089235,0.010508927050851848,0.0003368480432672277,0.07310925791970546,0.01684236693948789,0.12215420891634139,0.0061135557214235066,0.21419574566214564,0.012701243905594586,0.00011631275795109478,0.0013394191644405232,6.033903436550035e-05,0.0006521040665799922,0.009605866882747442,2.18147318164092e-05,4.307205409215371e-05,1.5605235408110418e-05,2.8027992197500553e-05,2.0912611656802876e-06
1304.6092184368738,0.7710849643465344,0.006484555090693002,0.005416124272833609,0.05815346482138842,0.04550021950425964,0.09355818857305209,0.019802483391239748,0.2104109724075843,0.01641896324236821,0.00011899755712155883,0.0012394579955384898,8.38436775769758e-05,0.0006428007732769595,0.005151619890201893,0.00012390513079195908,4.23917619731097e-05,6.625520493885001e-05,3.192008893185613e-05,1.4692727795666028e-05
1310.62124248497,0.7711336134046318,0.001278573488728619,0.0032834140886631364,0.05023209651322686,0.015972973207398468,0.14484806021420626,0.01325126908314582,0.2157088972719202,0.011406166734443274,0.00012934332474637977,0.0008668444567336945,0.00013157258585208014,0.0006235622216735795,0.0004699135818061101,4.293505547697852e-05,4.680325311813448e-05,3.2340644426894307e-06,6.825844044226573e-05,7.945303089667783e-06
1316.6332665330663,0.7711403748775679,0.0012110861093095075,0.0015150471456033307,0.048952517152798816,0.01794538012403254,0.1542442988847088,0.004991295705979911,0.22329762286644878,0.003834931568043875,0.00013496057164855265,0.0009161643277015274,7.058560399762451e-05,0.0006053601845925848,0.0004867874547150873,1.9724797560889683e-05,5.129170556404421e-05,8.892365246959294e-06,3.7987650413845186e-05,1.2816121038247372e-06
1322.6452905811623,0.771176882877499,0.00495188261278967,0.006370446829139658,0.03566728552594523,0.04994591147718301,0.1150462952012477,0.01684129547619663,0.22370724265834083,0.002875884419809523,0.00011658571096842362,0.0015261898988326542,2.565368973167756e-06,0.0005946490655773029,0.0042331305967040385,2.3319136377696813e-05,3.816421333823697e-05,6.304504017718693e-05,5.397442226380555e-07,1.0769690538544294e-05
1328.6573146292585,0.7712942488235179,0.008704526278291788,0.0013238686047586576,0.027731393019286715,0.01621252799955259,0.16192761323482313,0.012805822039770414,0.21652023000132442,0.009355295711012962,7.425901506023424e-05,0.002111641888169513,6.0705062753236414e-05,0.0005836194981628848,0.007208477495410348,7.369069776702686e-06,2.1789699456977998e-05,3.679083612897849e-05,2.8389461995699166e-05,7.805064329195271e-06
1334.6693386773547,0.7714154964308759,0.007709406366042887,0.007293111714924001,0.02526460765962735,0.01727220505186664,0.16728857266339814,0.0037566001132664424,0.2107530052338116,0.014949197315856018,3.23858697312104e-05,0.0021516095551065988,0.00013301321671996597,0.0005652923779000664,0.005905683794065364,0.0002215524135226784,8.600115275182194e-06,4.7097791805741226e-05,6.658343986436856e-05,1.0855118013538943e-06
1340.6813627254508,0.7716282829422265,0.021784900151843294,0.008746413047650515,0.015729087188203105,0.05013770124956087,0.11958737334121151,0.012386242079305585,0.21329559498662895,0.012629666201994932,1.221117823016682e-05,0.0018110378036482258,7.862245145200689e-05,0.0005445844358205949,0.019466277893826312,0.0001256787784738976,1.5166129811391734e-06,6.656610993742002e-05,2.4798848961982103e-05,6.65689190037926e-06
1346.6933867735472,0.7721193401987442,0.032622759547367645,0.0026414199991283997,0.01032882309273197,0.015944332008033073,0.15579853757098763,0.01054478758300854,0.22036270457662846,0.005246411886869475,1.4771222858105401e-05,0.001722914830189378,6.5465664341003905e-06,0.0005273107182777283,0.03134002961709816,8.131686467605717e-05,1.0933467217398174e-06,2.2119776722383503e-05,3.9486836195828514e-08,5.7562035685452625e-06
1352.7054108216432,0.7726121338992042,0.027641136465488467,0.017438143750423216,0.008333770613590545,0.015325216139619176,0.15612307468451425,0.002526524447161281,0.22278336448600122,0.0017431184597451184,3.4769091592391676e-05,0.002267353680931949,5.0020570647422645e-05,0.0005092398118788579,0.02610138080865592,3.7519001799257574e-06,3.574464868948865e-06,1.664783794139575e-05,3.057119605987085e-05,1.3108733890253823e-06
1358.7174348697395,0.773237140651553,0.052253223282666524,0.012565653875074868,0.0035425990360742027,0.045779699313330896,0.10498932052425995,0.007632363317041643,0.21697586564469537,0.006027479938374317,6.823830621848719e-05,0.003109941082825155,9.580801265706846e-05,0.00048552636367769626,0.04867283045242642,0.00025564021088525816,6.970371392353901e-06,0.00014357665377375784,3.8477500011069845e-05,3.307908426957594e-06
1364.7294589178357,0.7743235569587826,0.06857676010381829,0.005652257067587703,0.0017608344542013427,0.014600918180113347,0.1279370174037394,0.007148655831758271,0.2092520019537755,0.01234877964181913,9.904885811372196e-05,0.0034816174504324294,3.3264926411893784e-05,0.0004617302106656613,0.061744426850863975,5.308100039510683e-05,1.0999479944210848e-05,3.529776483735263e-05,1.1180627180582218e-05,3.0234862922291417e-06
1370.741482965932,0.7753456350995702,0.055630909172334736,0.03040612737273648,0.0010921244610482168,0.0128556054260301,0.1232726926991515,0.001396905769129928,0.20832461013345746,0.012678673428123075,0.00010454672432777243,0.0030854563022901867,1.6569894285257914e-05,0.00044450841794726467,0.04940026638053981,0.0009266371229260745,9.833829596848666e-06,5.8576478081099275e-05,9.562288506353533e-06,1.4838486061842074e-06
1376.753507014028,0.7764818502057413,0.08811228744591897,0.017717107204882218,0.0008890591941364995,0.037711193950371924,0.075456788383446,0.0036317136155042833,0.21360790169783522,0.0066030815319154,8.86906262442354e-05,0.002624799347436743,0.00016447644017830794,0.0004292001506500203,0.08307394952370678,6.152184504495224e-05,5.109951871705605e-06,4.8893246342247424e-05,5.1643944154059026e-05,1.4911758417854652e-06
1382.7655310621244,0.7782546237108203,0.10860292386299074,0.008777377524292931,0.002154192797060902,0.011926691074143674,0.08658222486051814,0.0037019661701741973,0.21640651352908555,0.00152538090761015,8.46087743470456e-05,0.0030490916189188327,0.0002718993083440002,0.00040788215087498995,0.10553596648856292,0.00015278793211113699,2.7187176866636845e-06,3.5155464091816346e-05,7.829085660713841e-05,9.565159715899996e-07
1388.7775551102204,0.779871093194456,0.08450154657106027,0.0436354474969458,0.002471133680018609,0.010546325831178366,0.07842144659140261,0.0005530066349396333,0.2119770491723617,0.0032813892946265107,0.00010923076103030913,0.004220107293954887,0.00015763143410391886,0.00038349884946794723,0.07915300808545798,0.00023647847069157877,9.330928685392776e-07,2.9029419341623962e-05,3.700690938392734e-05,1.3139829108934845e-06
1394.7895791583167,0.7814976387016401,0.11978129967387727,0.023714625826227558,0.005790935453927118,0.027659487066606318,0.040503051636652736,0.00105296164107049,0.2039588073831933,0.00908538779383381,0.00014024187789097087,0.004932218515078352,2.098101390872334e-05,0.00036472471445633803,0.10942885612257149,0.0006881980094457852,1.1679689773490039e-07,0.00014005442238628453,1.046917099223044e-06,9.895805651203182e-07
1400.801603206413,0.7838368065625906,0.1431249246344295,0.010970253374715131,0.008456010458376755,0.00824587631329622,0.044046942754119855,0.0013191859024732737,0.19967495733589324,0.011378093361060401,0.000154466227820536,0.004516884608009785,8.795909538537525e-05,0.0003508328092413643,0.13001196404894305,0.0001980159928445826,4.349684008946236e-08,7.956612968977591e-06,9.72965984923997e-06,2.7772081877679454e-08
1406.8136272545091,0.7859307785115041,0.10704475592733158,0.0542539291997788,0.008414577208809063,0.008805233359497455,0.03525897239060305,0.0002917534024777789,0.20224250309806371,0.0073123907357989385,0.00015962823903125273,0.0038256623377202355,0.00019585740495496715,0.000333179672928591,0.09852832905687157,0.0010499518533108817,6.015055203872703e-07,3.575020343855674e-05,2.09343831907264e-05,9.580934341907843e-07
1412.8256513026051,0.7878876685711037,0.1391424395413376,0.029549846172475996,0.013666653050246357,0.01766754433079572,0.011968478696868073,0.0001173696371746859,0.20551327631821248,0.0019242720341412806,0.00016542241138029442,0.004081793400416556,0.00011734909690160025,0.00031021816784617437,0.13354501812423644,2.5681850445420212e-05,1.7859117601067044e-06,3.986324732976156e-05,4.76427306502678e-06,1.087897032863844e-06
1418.8376753507014,0.7905985614293125,0.16353529488227594,0.011912376562177994,0.015979207088531806,0.004501603176275173,0.012685114488777653,0.0007878423726512063,0.20223331797491842,0.0014948810481526797,0.0001533570553270865,0.005223822541236243,6.229482013919742e-06,0.000289830469041393,0.1570050706088244,9.937902472162183e-05,2.0118751538411754e-06,9.826678567335102e-06,4.3975143762551745e-07,3.2038834666157673e-07
1424.8496993987976,0.7929671875989572,0.11756001049352777,0.05998838370107066,0.013995625660640857,0.00774972171311915,0.006805971954368049,0.0009330988783182853,0.19463100513087567,0.005868284160873184,0.00010682446095137531,0.00605511779427984,9.550882434884554e-05,0.0002760720297158464,0.10708873649426345,0.0008296725334803332,3.6078899098531773e-06,4.9236005586662264e-05,1.7163787186241336e-06,7.01340620413989e-07
1430.8617234468936,0.7950085642406782,0.14147984195527125,0.033842379808104193,0.01948783177125955,0.00944050032907219,7.840886261029188e-05,0.0006624730330064331,0.18948121803861306,0.009099740957223672,4.82732059613175e-05,0.005864766732803589,0.0002336597713809771,0.00026377705334130347,0.1276387589278,0.0008405442844254261,6.099380860855077e-06,4.447172084912562e-05,8.901038032698146e-07,1.1673845464979373e-06
1436.87374749499,0.7977190731364752,0.16472035553037823,0.011870543875639185,0.02040617047074096,0.0020001875472201937,0.0009309612618056194,0.0023527081777427834,0.18951902302413712,0.007101319126859763,1.3982916135431929e-05,0.005230591898718844,0.0001673325885910029,0.00024867730908480754,0.1525381865917954,0.00023633082081489642,6.364015456654153e-06,5.762219956970454e-06,3.6850292566415146e-07,1.2732083841012368e-06
1442.885771543086,0.8000782911104184,0.1134754862953051,0.059818457940151185,0.015650673597461636,0.007349332266727362,0.0009539645930912592,0.002673794196847313,0.19204189653863615,0.002432152559823295,8.822055202395899e-06,0.005182527555301359,2.2218971870166212e-05,0.0002340912087504785,0.10680473878397143,0.0005087562008018806,6.518439304773334e-06,3.302777244819894e-05,6.325046893745884e-07,7.593507687665593e-07
1448.8977955911823,0.8019670628744883,0.1267178526419273,0.03525538613720762,0.0200268534046263,0.003877608380242473,0.009894758402405533,0.002260478159104868,0.19107842374100403,0.0006512953431608982,1.5263402539188254e-05,0.006019333021491899,4.506822757791883e-05,0.00022355338974016983,0.12106905898075272,0.0001996861261867743,6.5342342981873406e-06,2.8951840647537337e-05,1.0461881345124363e-06,9.439506179235784e-07
1454.9098196392786,0.8043950850345271,0.14640821012010835,0.011343234030905383,0.01949250377081228,0.001937998061878447,0.010740136643341235,0.005682832338429644,0.18483067468501482,0.0033421791259379803,2.756438340304586e-05,0.00705990962287677,0.00013050910841060466,0.0002140780398321219,0.1371619069521536,5.3356791397048475e-05,6.0553794820815705e-06,1.950529253551576e-05,6.091422160972555e-06,2.2134308056910574e-06
1460.9218436873748,0.8064427756642921,0.0957813710012233,0.05425181858923331,0.012585468982766487,0.007610841411490629,0.01786056346799888,0.005467160882998119,0.17930168552346745,0.006579289099091153,4.5626039592580475e-05,0.0073566433391072765,7.193646964631198e-05,0.0002020438648059338,0.08524358738837864,0.0009885871781467011,4.468604872094374e-06,9.205886744724257e-05,7.156912151433539e-06,1.1180137166617597e-06
1466.9338677354708,0.8079437343106122,0.09904625702912166,0.0330375643423023,0.015236581834043429,0.0009699093135195871,0.039422391841494854,0.004343561328908775,0.17891990489893417,0.006155558210918948,5.494256159400035e-05,0.006720396943684261,1.5282956283180183e-05,0.0001901801179760643,0.08927088016125145,0.00048463497622557315,2.229069718676159e-06,2.1996973899899244e-05,2.650155268293163e-06,5.075873334451636e-07
1472.9458917835673,0.8098173352520764,0.11345604541711977,0.010738441203089756,0.013869444963317226,0.004902932642220515,0.037225774073098995,0.009990026449079948,0.18099837482549344,0.002705078976114573,4.8147992729696955e-05,0.0060782856437390995,0.000169956746200472,0.00018282056364894427,0.10666023360998292,0.00018712926795147326,1.6398911721677889e-06,5.051973249270353e-05,2.8152619206477143e-05,2.6711220057163843e-06
1478.9579158316633,0.8113706283522182,0.0690259933695164,0.044973454966123295,0.00684345324287059,0.0086689932040025,0.05013037977363071,0.00898709709164091,0.18107826559636359,0.0004764613025577657,5.066895742944864e-05,0.006511622708975714,0.0003341420770744044,0.00017821100538350948,0.06443370584341448,0.000190585902130713,2.414604201248723e-07,9.370518957011321e-05,6.986078942736961e-05,1.6647099767511875e-06
1484.9699398797595,0.8123908568913089,0.0655101469742433,0.027434212034828195,0.008163371998902349,7.158824296371723e-05,0.0801045807986143,0.006325243059141946,0.1775127214027808,0.0017986724419244845,8.848192596652569e-05,0.00781332213534485,0.00022442084013295043,0.00017152436254419442,0.06057804764429968,0.0003323338352215226,1.4818313378172754e-06,4.2685041255946734e-05,6.362643554770533e-05,1.7414224205451946e-07
1490.9819639278558,0.8136200031246917,0.07412878956960091,0.010238541040045901,0.006677220848633392,0.010579474371797177,0.0705187159386677,0.014237255106565731,0.173070087780657,0.004430284907491915,0.00014334764508207678,0.008548693628024762,2.425548875372944e-05,0.00016332742530134338,0.06742355156400887,5.603972339500838e-05,3.6737570031321065e-06,0.00015835741213955946,3.847651977650817e-06,2.6447693432943265e-06
1496.993987975952,0.8145805770213268,0.04003543390164005,0.034204630063799535,0.0021383094403572196,0.010710760235212453,0.0856484149335797,0.01268187440408694,0.17229415238378684,0.00480585831187703,0.0001758321362653165,0.007917734871865879,6.698720835251345e-05,0.00015885806652832333,0.03476410461356999,0.0005549373736590224,7.339423608722321e-06,0.00013961563820544173,2.278415260562527e-05,2.091905320562343e-06
1503.006012024048,0.8151166900527363,0.0340336474371513,0.019714708087955533,0.0034345422418998735,0.0003791058296276382,0.11960107132565737,0.007720235024974546,0.17481362810535833,0.0025668776901941596,0.00017884683911367538,0.006939692645245043,0.00022522209939243896,0.00015904256796262225,0.030245882164886686,0.00014246607779490997,1.3910542601508567e-05,6.573194206842697e-05,0.00011211947066734784,1.3028503757365612e-08
1509.0180360721442,0.8157495931670474,0.03784915093559267,0.009882234526447908,0.0021749069990786665,0.017807761978560908,0.09915291618075704,0.017383436212518078,0.17600690386088616,0.0006397266544505572,0.00017213790770656738,0.00710030084653266,0.00017287513924846832,0.00015846242413086867,0.03520555922182459,0.00012056885033021897,1.1340328690365095e-05,0.00013819959928789514,8.1893994422346e-05,2.6437609756168848e-06
1515.0300601202405,0.8162016710721489,0.016189005663880856,0.023953114284337725,0.0020504611011653157,0.013774289971701869,0.11194731683532681,0.015884141071441423,0.17394471164654568,0.0012122293065319725,0.00015630931121775305,0.008313054997178746,1.8047837893115407e-05,0.00015397582848672187,0.013921354550521044,0.00015652564636939371,1.0793661848436174e-05,0.00021314656299425996,1.2602740601909198e-05,2.369251141658316e-06
1521.0420841683367,0.8163789939582942,0.011291161649999819,0.01181650037629645,0.005002972372492238,0.0013676552173730423,0.1458935781059149,0.008249138319632796,0.17110601079404417,0.0030635189093170313,0.00011518604737991795,0.009099772648144017,8.712044555878172e-05,0.0001493971972653575,0.009308996877504819,0.00015536683983852995,1.0555829776684953e-05,7.300478963542651e-05,4.462798259835887e-05,6.984502411720541e-08
1527.0541082164327,0.8165846172149486,0.01239781657589388,0.00974829168846092,0.0038495595210679256,0.024990954966279,0.11380044946243217,0.018628310570920927,0.17078042564284124,0.0035282793734944854,5.869352225497842e-05,0.008615757444264464,0.00028356101564501945,0.00014866578655465913,0.010419391612436114,9.796732041661451e-05,2.6061291360872128e-06,0.0002933192566742615,0.00015008086658588747,2.1724476921231263e-06
1533.0661322645292,0.8167095540853698,0.0034373122555994653,0.015517829305630624,0.008382982972965863,0.017542656017148023,0.12046989883947375,0.01793976652381602,0.17311315434981805,0.0020986931107366815,2.0605368742904195e-05,0.007646267714424753,0.00026208109784061294,0.00014964427307070227,0.002191051479920947,0.0001692148155327634,3.308255114902614e-07,0.00014495848672511856,0.00015769140054568945,2.4806153146775796e-06
1539.0781563126252,0.8167260528577864,0.0012715143048453808,0.005695770459091594,0.014174725206490157,0.0029711657932931326,0.1512684472604141,0.007892324118082853,0.17476010010809487,0.0008358535106025071,1.2918254328832472e-05,0.007445346762821615,7.115607781503022e-05,0.0001485724285544018,0.0003031776595869203,4.803447384994786e-05,2.828575720508374e-06,8.055189914770098e-05,5.23132414379857e-05,2.3436898610717603e-07
1545.0901803607214,0.8167434596909741,0.001980900924497234,0.010076555025357615,0.012758452201039348,0.030681205533085086,0.11013778116588945,0.017621645459161044,0.17346809210708003,0.0013528703110531927,1.6348387085768356e-05,0.008238826459384011,3.3802196706659214e-05,0.00014660084772011737,0.0010740516475899891,8.39077701861738e-05,6.222853821442487e-06,0.0002487937311268351,2.1333268643583945e-05,1.8816534885864405e-06
1551.1022044088177,0.8167914737088136,0.004681374784489808,0.009361820113732834,0.02031563951278067,0.021289061408358668,0.10922078584275828,0.018339844629069995,0.17109734348553401,0.0026728700575949973,1.652135620155935e-05,0.009140587525999576,0.00013404815808825644,0.00014715570777184365,0.0036388648575980446,9.634715941806313e-05,7.787954481592542e-06,0.0002514847927890241,7.185202933027915e-05,2.2889817036530076e-06
1557.1142284569137,0.8168712850600051,0.0045498591107059495,0.002695851461411974,0.0288249117154522,0.005440785460373664,0.13475718043812215,0.006860126753932726,0.1708804499767687,0.0027824383409650734,1.7598009236318633e-05,0.009189182894368047,0.00010978847621668776,0.00014925724244378176,0.003657739777430642,3.092066724470393e-05,1.0201545630640834e-05,6.727778557915888e-05,6.348641385044935e-05,4.458059210910561e-07
1563.12625250501,0.8169385331460627,0.006426074561852236,0.011222505165092454,0.026808744838265945,0.034075248593015244,0.08994463503003468,0.014584258665680621,0.17301961985747613,0.0015445098838732024,2.10235235901568e-05,0.008309788640223553,1.7503080588977225e-05,0.00014902186818914202,0.005376547955232498,0.00010679545868620411,1.1725560197079216e-05,0.0002809547191872241,1.2041019926853982e-05,1.6240749013194324e-06
1569.1382765531062,0.817150948903347,0.01905061942330089,0.005311635477779105,0.03463585785784474,0.024039286490886654,0.08295615609653222,0.01685549575031351,0.1742502137741548,0.0008533290213850049,2.3546190690896018e-05,0.0074592098205305555,0.00011602582524951418,0.00014672646464630783,0.01770525590844594,5.038727989069434e-05,1.2572873823926052e-05,0.00011759215569692053,5.437532706660306e-05,1.8605490775561132e-06
1575.1503006012024,0.817489660093967,0.01852690175720291,0.0031738643635705966,0.04417633863373106,0.00898786724308197,0.10216106460823768,0.005484303300213095,0.17251534021962528,0.0018563526591460963,3.6922378727687595e-05,0.007652404659578856,0.00030308843092326655,0.00014623155803613987,0.01659043588370487,1.9513190889409244e-05,1.5944643393365842e-05,4.013837945516379e-05,0.00016271191308521617,6.277331778112952e-07
1581.1623246492986,0.817784283201222,0.021766318906074104,0.013459077902971496,0.04136033494088967,0.03520732191561892,0.06014147656538045,0.01028118656784785,0.1698355157977615,0.00320791273977398,7.773697467444398e-05,0.008689243853716756,0.00025784179717858006,0.00014746563567725996,0.019086777677195438,0.00017860112566891938,2.3695293361503414e-05,0.00027031545855328055,9.917633597562452e-05,1.2881145983832615e-06
1587.1743486973949,0.8183269240165089,0.042270551383936955,0.0029109157819575482,0.046894463582116956,0.024911697665400585,0.051023387815633196,0.013662059754450473,0.1692191451766368,0.002907564979488256,0.0001345935327551336,0.009212902151979816,5.2845126439369804e-05,0.00014602501619636566,0.03894132125029765,1.9038894769453818e-05,3.712589063990799e-05,0.0001663912129404297,2.1328001017735622e-05,1.2960457218732847e-06
1593.1863727454909,0.8190403773891242,0.03838624613053977,0.0065235567032799,0.054787884579306605,0.013434301134187853,0.06374223996824356,0.004085394095322751,0.1709361783202715,0.0012550153551984294,0.00017379685242675143,0.008414216042350459,3.929511424048629e-05,0.0001411209263928284,0.03561764133681335,6.251299977799145e-05,5.000988719611005e-05,5.0791705489069774e-05,1.4914378469610127e-05,6.75186014633312e-07
1599.198396793587,0.8196490950806978,0.041836907234587585,0.016747716579409523,0.05100928335951907,0.034745777451371924,0.03019370229471169,0.005817517999706787,0.17197197322229144,0.000657199106089142,0.0001806753817783128,0.00720429056222912,0.00019917658042291553,0.00013759006649564025,0.038653137826838366,9.572160617635098e-05,4.432434215401103e-05,0.00014525064291692985,5.8856826683594064e-05,1.0493736080182595e-06
1605.2104208416833,0.8205843511119251,0.06799082327609828,0.0017218421664511488,0.05303408596955644,0.02347860277568933,0.02378633682051066,0.009403957879773188,0.16952561871451968,0.002314306568051921,0.00016822404912380704,0.007070332050744488,0.0001993165661295957,0.00013785093950953155,0.06300751083769857,3.545074665061046e-05,3.6950230327379826e-05,7.975922873752894e-05,4.7806832103855704e-05,5.920736970186923e-07
1611.2224448897796,0.8216857989603469,0.05845329562000251,0.011534329566304955,0.05687155490386819,0.018079118916642066,0.0304826014630422,0.002893300569797291,0.1656519410092808,0.0043138884852778865,0.00014535907364392084,0.008026769406511527,3.862379681920208e-05,0.00013761926812388492,0.052138665595209,0.00021367558035054508,3.173190747817227e-05,1.0011888133895975e-05,6.822326983008545e-06,6.447180538065449e-07
1617.2344689378756,0.8225860520811752,0.06025833467578354,0.020629032140880937,0.051896891032194026,0.03352984353454056,0.008801955922910372,0.002297890612519575,0.16450955420218155,0.004000268124964463,0.0001078554804274425,0.008618052401856494,4.5224527590728124e-05,0.0001329931818083565,0.05353114438906157,0.0002867114484257436,1.9396432229209423e-05,0.0002275555128052666,9.543018042516493e-06,9.84807946972322e-07
1623.246492985972,0.8238540352979449,0.08968032122666467,0.001461045953856048,0.050922211837613904,0.01996190885390783,0.008991239347236253,0.005129237482780613,0.16612084382453843,0.0016617751455932288,6.310286034010662e-05,0.007935002243390875,0.0002386199057499984,0.0001266207224466445,0.0836760124968911,1.7274086514179888e-05,9.262256342366922e-06,3.6593603119324224e-05,2.321853006597258e-05,1.7849128258496092e-07
1629.258517034068,0.825272796022894,0.07363653034017141,0.01688714646551345,0.04991641088883667,0.021874886523488242,0.010344423852116067,0.0020678059069845186,0.16705997935733355,0.00048486434687804386,3.391022481816227e-05,0.006741484954191822,0.00028450415070705614,0.00012246094318169924,0.06864409059024565,3.419357261499816e-05,2.819528982203979e-06,4.7111520523404215e-05,2.7705602810166123e-05,4.860964198994589e-07
1635.2705410821643,0.8263813788564742,0.07212926547726384,0.024315282815784395,0.04356585487682016,0.03207619287519319,0.001063967747794511,0.000468057350673802,0.1646049986957871,0.002448191687074141,2.8543868731551974e-05,0.0063051782966713835,0.00011268838142399341,0.00011902021384172302,0.06566154628314222,0.0003519514304001901,3.4499187872852484e-07,7.001344351147511e-05,1.949455004095074e-06,9.916159226381164e-07
1641.2825651302605,0.8278532924025302,0.10232763958771743,0.001974324358202509,0.04126335659697318,0.015161982314267436,0.009370304263227772,0.0020491004770858373,0.15969462931201772,0.005467901542347384,3.054200152331403e-05,0.006822440613616157,1.8401830830952422e-05,0.00011279229713864184,0.09218259613023129,1.9419928870684628e-05,2.539924311533187e-07,3.233316015212169e-05,1.31736772458766e-06,1.5908990111405668e-07
1647.2945891783568,0.8294216177997744,0.08054792780181869,0.021571634859201026,0.03693499273422775,0.023830426956569655,0.005899562032999824,0.0017938378154128897,0.15712594895627302,0.0058334372333289355,2.5394749875830922e-05,0.007392333946565913,9.648522138826435e-05,0.00010478209279785356,0.0707251905741031,0.0005349804837480001,8.157609207663072e-07,6.115282769633098e-05,3.533564477663071e-06,3.600478896028372e-07
1653.3066132264528,0.8305896671050286,0.07508776238138945,0.026941293494996868,0.029504195090113032,0.030331264671097695,0.007056180800033181,0.0004896364573457206,0.15894854090380459,0.003042764828923191,1.6355669108644954e-05,0.007187519097851269,0.0001167993925881145,9.835300270014418e-05,0.06719109202187028,0.00014885099977931263,2.16264973544909e-06,0.00015042953105820286,6.238128178296464e-07,9.546495008384412e-07
1659.318637274549,0.8320937485576284,0.10368606940647057,0.003137952662108889,0.02758154667636978,0.010138902790948324,0.02220405930211251,0.001157720604366206,0.1607535653190512,0.0007508148443231438,1.0569564872240745e-05,0.0062730222240965725,2.5160166533995994e-05,9.31193234991535e-05,0.09780419290384881,0.00011177759666654747,3.553118177686821e-06,1.740622596294693e-06,6.795262179653365e-07,4.903031675123429e-07
1665.3306613226453,0.8336587022697427,0.07809062036995865,0.025075682692127177,0.02328531261219486,0.02343491469552993,0.014094302214217331,0.002360465146234065,0.15847543471354936,0.0022887020652066882,1.1275100016287612e-05,0.005435754608259914,4.393005836334779e-05,8.620118486645039e-05,0.07132808091934154,9.202184815746057e-05,4.657433886175714e-06,4.9609145442145664e-05,2.6412213873758764e-06,4.1297957061182234e-07
1671.3426853707413,0.8347518484104364,0.06933615910672777,0.027879400105165694,0.016021472906561907,0.02778556813165098,0.022272715095941874,0.0019528362435197242,0.153344516230248,0.006240886153672005,2.6858759980219455e-05,0.005366042812088506,0.000191928750498272,7.791888308094234e-05,0.06034040273468143,0.0007742896707529935,5.55649966986396e-06,7.757245417730442e-05,7.760587879847662e-07,7.69652152158972e-07
1677.3547094188377,0.8361132275590695,0.09439310515372326,0.004785720880308348,0.015216088404826352,0.0058152690671651585,0.04083396899131421,0.002842619943597335,0.14971080419818167,0.007933245144473022,6.494613128510227e-05,0.005895575049204813,0.00021117943890699772,7.102247888307423e-05,0.08256416419815019,4.5560762689198504e-07,8.119034166599039e-06,1.1662922865373121e-05,3.6900623933979343e-06,8.71211085760221e-07
1683.3667334669337,0.8374873710452478,0.06749060731240045,0.027330630071906625,0.014601067391430668,0.020886639948056583,0.02807964513871833,0.0041240390922433435,0.1508769970248377,0.005304837001603651,0.00011289182207972757,0.006088996595192854,6.36256847525283e-05,6.528082628953464e-05,0.05898772588287962,0.000579601927515738,1.238047306794915e-05,0.00011660719573859001,2.328123895514937e-06,6.396606907562363e-07
1689.37875751503,0.8383930152149512,0.057193041464542974,0.02692736583515005,0.009808883212672969,0.023886770136554145,0.03967042798098957,0.004120496155142737,0.15425461251574843,0.001770385170163191,0.00014471443100668962,0.005363177554416874,1.625137306993117e-05,5.784374064733669e-05,0.05146263944750576,9.60148829331857e-06,1.2161535028510285e-05,8.924983083642526e-05,1.8622779991614276e-06,4.966534699490193e-07
1695.3907815631262,0.8395186823163203,0.07740984544045806,0.006710067429764141,0.009577453072395076,0.0026971098712503952,0.057422470687475934,0.006664371182339524,0.1536859701750229,0.002138163642138046,0.0001505820996813039,0.004322376801831868,0.00013561568467421067,4.86092803348302e-05,0.07257458346693305,0.00019245792333368028,1.1302552899711569e-05,2.1505587914196545e-05,1.722250124827469e-05,8.982601480787011e-07
1701.4028056112224,0.8406128901748774,0.051578319986011804,0.028531184570510775,0.014697126454195361,0.01700987834757332,0.04024826621357231,0.0073223342532624984,0.14851945345178522,0.006492169323125454,0.00014080105096248754,0.004020461789597675,0.00017355919087174454,4.066501878348563e-05,0.04460720060619809,0.0003337939473788997,1.5214744407062985e-05,4.6383205233821494e-05,1.8831089991625483e-05,7.855334563868055e-07
1707.4148296593185,0.8412689931025377,0.041940885925112144,0.02434680790664138,0.015162946105332297,0.018521646475234084,0.05248119523129617,0.006277525253849551,0.14420753097284975,0.009791329039039913,0.00012213398509059703,0.0045179396154459255,5.684275218259414e-05,3.523053285687177e-05,0.034239581931559585,0.0007505539112768475,1.4328505864080063e-05,9.906932355895476e-05,1.2123054276137928e-05,2.79122052253419e-07
1713.426853707415,0.8420835375979824,0.056845341678447535,0.008717949804938166,0.014191212920549942,0.0008528459224387974,0.06586775700673625,0.011441355068910159,0.14488959948380353,0.008079751534537499,9.309650587446332e-05,0.0047992710390361085,2.457909580389576e-05,3.016474296533467e-05,0.04895018986639752,6.525106321530486e-05,9.241856856696767e-06,2.0516804645763344e-05,4.1383491868136854e-06,6.680582943741439e-07
1719.438877755511,0.8428477901057787,0.03404180854697148,0.028910396717055777,0.024245375950162393,0.012912738452537436,0.04522611238114469,0.011815777846352416,0.14910728060757253,0.0036104388651270842,6.320306971983606e-05,0.004189599652489847,0.00015762256575836372,2.4065133556535085e-05,0.029653555469104326,0.00032851272936787115,8.442730545269559e-06,9.718487108329604e-05,2.888437084221768e-05,7.152375368216423e-07
1725.4509018036072,0.8432599941674931,0.0269752258035294,0.020716379058443417,0.03205815130926751,0.01228854318982161,0.05669799768679716,0.00800370878465084,0.15096435512466885,0.0022626377992080644,5.118704184703141e-05,0.003223493612961125,0.0002200174127504778,1.8314841074384006e-05,0.024098857511977802,0.0001298920893435203,7.38639276242112e-06,3.416767898330992e-05,6.493610646011622e-05,1.5290370132559272e-07
1731.4629258517034,0.8438000689310812,0.03671279505984757,0.010684918111727454,0.0292079899177378,0.000137382181187093,0.06381152595730391,0.0156453198411182,0.14702489293508816,0.006192518734741942,5.7698484357976316e-05,0.002808142218047138,0.0001023735363516277,1.4305160335195178e-05,0.03376153884441649,0.00012291607390429735,6.531412163081869e-06,2.881258742506037e-05,3.473990586855341e-05,2.0065788951442893e-07
1737.4749498997996,0.8442557068651515,0.01831458084246451,0.028637125704042705,0.04063598232378501,0.00956442531702785,0.04167770450514748,0.016914474442384295,0.1416687074599656,0.010955047815079357,6.164407173007129e-05,0.0030412058035253573,6.1812570743541906e-06,1.1506727477093139e-05,0.014398165001943679,0.0005451670144984923,8.169270505051954e-06,5.183367101692417e-05,1.485987280480263e-06,3.8441507296878114e-07
1743.4869739478956,0.8444623165161451,0.01495056788738721,0.016712816943325045,0.05592895218285763,0.0064013820128683285,0.052309414748991534,0.009234549708428397,0.1412957081098581,0.010871146201187584,4.9628025987899305e-05,0.0032615556693811735,5.0599254464488897e-05,9.046222978915876e-06,0.011449415561554295,0.000305258766199142,8.558915782353032e-06,5.1650076747042364e-05,1.43124817612087e-05,1.2281110451366037e-07
1749.498997995992,0.8447622808803928,0.02012649205622134,0.012568462789510964,0.05099634469773473,0.0005062811421415152,0.053081867712784024,0.017958270721217747,0.1459760840740426,0.006167707896145636,3.007377667543544e-05,0.002970557305222657,8.617681393774368e-05,7.119253586235268e-06,0.01720901539612376,0.0001852422771170806,3.4262489516620597e-06,2.9743117233554485e-05,3.293995736259961e-05,7.840571130339573e-10
1755.5110220440881,0.8449816839759795,0.007020989489676983,0.027766498631281156,0.05895866750603114,0.007499199166898316,0.03233085455809965,0.021442106672035954,0.1497558303930934,0.002892218975033527,1.5125287575211308e-05,0.002319954236176316,2.8853111711489647e-05,6.334020433267856e-06,0.005551390461946089,0.0001027823240169406,8.411311620701397e-07,3.7096078068159344e-05,1.3281557351078967e-05,2.1138256897882012e-08
1761.5230460921841,0.8450617057967755,0.007487898792474372,0.012929562480652466,0.07930029417985501,0.002246016063771727,0.04287221984434048,0.010102302842132795,0.14760515061938714,0.005491605097056264,9.3127010899798e-06,0.0018112929322328124,1.3971468856460662e-05,6.961384604199037e-06,0.006544637271858995,0.00019925431961755156,1.8645213991673812e-06,1.8022398392574482e-05,1.625658865186021e-06,7.225914420976355e-08
1767.5350701402806,0.8452144780935503,0.008816878540619123,0.014368679394245,0.07311897914360956,0.0022080712562708355,0.03852370869486162,0.017749204876845854,0.14175408248272034,0.011167193884733518,1.8613969252070175e-05,0.0017436059020161172,9.310056067787434e-05,8.92510705205947e-06,0.00798572896620787,9.923968829324753e-05,7.829470525642838e-06,1.7645979013294984e-05,3.0088221177719667e-05,2.3231102969675588e-07
1773.5470941883766,0.8452865495562195,0.0015382801359574495,0.026299367648295026,0.07366825106705958,0.006771463688166185,0.022356655339517868,0.02407943256478674,0.13944864099532556,0.013156479857381347,4.8359646402347544e-05,0.0019306289143040472,0.00011754562954930486,1.179540082025618e-05,0.0006822782978021774,0.0005104951760160135,2.1504771121829564e-05,3.655185967722852e-05,4.0103849525200185e-05,2.2441792136077025e-07
1779.5591182364728,0.8453287199570279,0.005128759126990776,0.009761610629926002,0.09460091866423176,0.0008062342183559227,0.033691208922280474,0.010682548481189545,0.14352643662535658,0.009104880539104054,8.66767836677342e-05,0.0018994711883273897,3.8473475276692354e-05,1.534143124203296e-05,0.004398362196333727,6.238001342292786e-05,4.598408319895103e-05,8.561935799909868e-06,1.6741375415266966e-05,1.0258627281436368e-08
1785.571142284569,0.8454125876363504,0.003281078663697578,0.0160763622928866,0.08847753397898041,0.00570834706907949,0.02578733309235261,0.015256757266655457,0.14885797969950967,0.004147595561525557,0.00011004931737406413,0.001444062625735347,7.301190947398782e-06,2.042396856008806e-05,0.0024262181116059783,0.00013624099698824417,5.2846442680739825e-05,2.5727141318468598e-05,1.4410234393260796e-06,6.318518373492908e-07
1791.5831663326653,0.8454367621146731,0.002100546805057442,0.024229259192969893,0.08034162964129686,0.007133586846404412,0.016885402436756094,0.02387281296284398,0.14873292241026748,0.004692205914208742,0.00011091673466071617,0.000921193835266032,7.799136573893133e-05,2.8007625186770857e-05,0.0013185234137546137,0.00014374199087365062,4.845897914369162e-05,6.909305675047378e-06,2.2851272307227475e-05,1.1334605901157634e-06
1797.5951903807613,0.8455246290404325,0.007593168543485021,0.007407211439518078,0.09699696939008025,0.002241618379979724,0.029406609503843197,0.010829793702663052,0.14302507208180934,0.010396915279596299,0.00010210024285663795,0.0008032015911102469,0.00011097696171630191,3.710480248047522e-05,0.006613625068027849,6.312347551534407e-05,5.521070312283767e-05,7.246337548323114e-06,4.28219200616254e-05,1.4283791891117705e-07
1803.6072144288578,0.8456186027108143,0.003080257683151819,0.017641393190197315,0.09190956098382225,0.011359625669140056,0.018984950224433424,0.011405609538442808,0.13871620712919674,0.014446905096026485,9.346643652859742e-05,0.0010221343094019184,5.6853429521202716e-05,4.583088851272468e-05,0.002337413922679096,0.0003986828776141487,5.0479924719978625e-05,1.544315876725593e-05,1.4375695035751065e-05,1.0082369778494327e-06
1809.6192384769538,0.8456817103921961,0.008038087640718975,0.02158936852882384,0.07701228101664304,0.008291852387367798,0.018709463899647144,0.020677236134605065,0.14113719417128873,0.011928829694782773,8.28396221489317e-05,0.0010695832990130602,4.500122079329264e-05,5.484159977906662e-05,0.0070878259119040166,0.00024168865022653087,3.898915620880058e-05,1.712511587715836e-05,9.023324778574853e-06,2.4622287067713714e-06
1815.63126252505,0.8458878446476082,0.01405813162266191,0.005907961531515022,0.08609991569883378,0.005824663179445596,0.03199315726873277,0.010228326051204587,0.14709913137525427,0.006028492022502322,7.269571519904843e-05,0.0007313990884813353,0.00011369628176525203,6.674086919145575e-05,0.013362813222220164,0.0001448450868807133,3.818816530737431e-05,6.99957699172391e-06,3.941905596826631e-05,6.164051108366009e-07
1821.6432865731463,0.8460531293371537,0.007244635649577722,0.01896957546903308,0.08222503282953768,0.01899041339580092,0.01915204193512819,0.007365171383770274,0.1491486498293166,0.004156488853837446,7.458756192587026e-05,0.0003546493025608992,0.00013122761800325573,8.126749720380472e-05,0.005700526879085263,7.619412272740006e-06,3.6116544659695666e-05,5.989200749635699e-06,3.341042631434722e-05,8.50772052308987e-07
1827.6553106212425,0.8462230410685072,0.018089608265989456,0.018478720372152275,0.0647254272809092,0.010067107835696946,0.027112031415680415,0.015304063761066205,0.14446233017450394,0.008779954446548369,8.815666575443014e-05,0.0002968853232222763,5.459028282605394e-05,9.504203863943582e-05,0.01525228331863837,0.00036157463816446044,3.260595506872538e-05,6.961116663200533e-06,1.0197330295104863e-05,3.604431381685813e-06
1833.6673346693385,0.8465922611846508,0.02340011358923672,0.005209757887499729,0.06590746634696938,0.010261640690770069,0.03998551283819255,0.008643247462682692,0.13845699781188014,0.014299057040738201,9.419756437780307e-05,0.00044411371282374653,5.880939939568343e-06,0.00010749174559169128,0.019283907856572694,2.5796695398722054e-05,3.49383387973113e-05,9.932287958557183e-08,3.4183356076112955e-07,1.4069742692305903e-06
1839.679358717435,0.8468693206354928,0.014546933002276425,0.019951670634184755,0.06280295247837936,0.027662747731342644,0.024085693664666633,0.004080681853659429,0.1384540265755123,0.013978100206873217,7.871159022714186e-05,0.0004624445659634061,3.5176631255278325e-05,0.0001222197946778903,0.011099718925558251,0.0007208922403368867,2.8203133794223826e-05,2.26659262107056e-05,7.459099749807056e-06,4.335135452276372e-07
1845.691382765531,0.8471898257399381,0.030647738577789543,0.015057709617875654,0.04721508547746858,0.012366892534719296,0.03825001662641974,0.009272731425791044,0.14402401715252833,0.008262424361069894,4.995506455249869e-05,0.00028353601312662715,4.9602521358615185e-05,0.00014063914742790435,0.02774713231539813,1.562995084743199e-05,1.3749577763915115e-05,1.1790315647670449e-06,5.271074235003593e-06,3.4463083882095296e-06
1851.7034068136272,0.8477639367334183,0.03426189123662362,0.0052083303970507045,0.04312544857433971,0.014230047756247912,0.04919352473914862,0.00621682056317294,0.1476769006133651,0.004228481134162319,2.461652588269111e-05,0.00012645623751096743,2.019779880162459e-05,0.00015941095686077924,0.031971115378460827,0.00018885702896397977,5.786393623548176e-06,5.177496169995897e-06,1.851626866227569e-06,2.110881000990111e-06
1857.7154308617235,0.8481840318285339,0.023567169352594026,0.020489078689934156,0.04042439691925975,0.03577478703936273,0.029560099463050833,0.0020004367072662213,0.14462439395967402,0.006823150503761384,1.1291455441406039e-05,0.00015497548310030638,2.5642375242373655e-05,0.0001765143942482429,0.019437261680927163,0.0002121311112835051,1.74414068691628e-06,3.7964262092170046e-06,7.001417633524941e-06,1.0193963759767621e-07
1863.7274549098197,0.8486811540424533,0.043817165962653226,0.011552319300305798,0.02979320420212985,0.015012908674619697,0.04688432311376788,0.004258924704071568,0.1379586401076055,0.012798981597478222,1.2610338805624238e-05,0.00028835399467037453,6.564234889870136e-05,0.00019461757008962434,0.03635819170414242,0.0004394457459291971,6.720954870610739e-07,9.296584450156964e-06,8.745723169875776e-06,2.3539402088177508e-06
1869.7394789579157,0.8494399873317686,0.04508376416997804,0.005787826301298947,0.024633847410707364,0.016866113751008844,0.054582507827987424,0.0036059532072520864,0.13516525565525422,0.0147630006105563,2.9142223540230746e-05,0.00033280065577453907,5.4579525872568866e-05,0.000215233997234848,0.03681041620680602,0.0002683552703524311,2.2216531809984268e-06,7.109414603281691e-06,5.958191234922968e-06,2.0967541335856627e-06
1875.751503006012,0.850001462389087,0.03278153220660285,0.020502062195328494,0.022721251400112025,0.04152207640488059,0.03137462576173276,0.0010969896422574933,0.1391656244125995,0.01030458355315249,5.326831224573674e-05,0.00023203668452532049,8.240036584253363e-06,0.00023478461180689457,0.026790400721027348,0.0006072300594877397,4.552095555742327e-06,1.069829764782485e-05,7.685616655719417e-07,9.790544281608348e-08
1881.7635270541082,0.8506667299735723,0.05560599843601533,0.008223444531181656,0.01772849700252499,0.017569817417988992,0.048721719346026385,0.001483793292691793,0.14393201456253216,0.004897704353220733,7.023988704172168e-05,0.0001622709651822214,1.995084789484597e-05,0.0002510894105574866,0.05169671140963012,7.093494451551668e-05,4.6410457151669096e-06,3.6477693561269917e-06,4.241717583695119e-06,8.614448996301376e-07
1887.7755511022042,0.8516144949363034,0.05407401909954618,0.006846515714300319,0.015133691302385297,0.017981146252249128,0.05251747543515316,0.0018326572600640973,0.14257020012925542,0.005086322579076845,7.263147979342751e-05,0.00032032720779009066,6.759385311143585e-05,0.0002684298146709453,0.0493369864594329,6.699976744090207e-05,4.077190128354079e-06,4.318716216374064e-07,9.211473716949374e-06,1.245243652985175e-06
1893.7875751503007,0.8522994796806304,0.04048158306936967,0.019965370765512025,0.015266908305249592,0.04352841985881731,0.02734836166814977,0.0011098766522726772,0.1362409972842835,0.01043105842073823,6.711974753965274e-05,0.0006115085683260933,5.96302898052314e-05,0.00029020600867835913,0.032881686430508435,0.0006971505976465605,3.7736181741420515e-06,3.912196997212831e-05,1.7222817797442583e-06,3.245532333929429e-07
1899.7995991983967,0.8530934545107841,0.0639791845289271,0.005333890807931111,0.014563988871669884,0.019336378855408,0.042376355244161806,0.0013167471811191967,0.13162118840064307,0.014161616663254153,6.411044165144699e-05,0.000714333876701718,3.337323498341124e-05,0.0003119228719833303,0.052502300941110636,0.0002722943263201182,4.024541703468066e-06,6.685404416863758e-06,9.771537887656784e-07,2.9701453798102373e-08
1905.811623246493,0.8541335032623851,0.0594646486043375,0.008322850028664982,0.015819907560058643,0.017938609341323235,0.042439002793394194,0.0018814784098373488,0.1332251370911552,0.011609873831827166,6.849487629977589e-05,0.000551954243742864,8.245880589410805e-05,0.0003285778886968075,0.049987794818156225,0.0005067378070507117,6.107482537732876e-06,1.4345628103006225e-05,4.569449439509607e-06,2.6628765006183604e-07
1911.8236472945891,0.8548958713481928,0.04509215450828988,0.018907031543995225,0.019497578923321785,0.04136270137196782,0.018421476116655563,0.0018231861875779931,0.13815501337445904,0.005898981957657162,8.130614622711602e-05,0.000479216880807847,0.00014574787805493196,0.00034386241460216397,0.03923489226452759,0.0001970029167024186,1.0125985567890412e-05,7.250817500262536e-07,5.607828741612515e-07,4.7236170746717904e-07
1917.8356713426854,0.855772224681604,0.06728228529540829,0.0031111865539547264,0.020891233957890262,0.019557802596885023,0.030133251703107034,0.003252015211151453,0.13894970191735034,0.003917513735500946,0.00010020754193541995,0.0007926997226755372,0.00010395533203853885,0.00036369706889602496,0.0633039900803439,0.00023120792016545271,1.35814609690089e-05,1.7686235140617213e-05,2.5746062817423216e-06,4.875975075877589e-07
1923.8476953907814,0.8568592871853076,0.0597159303932582,0.01018809905254171,0.02441372257485012,0.01730684819118131,0.027284948660336802,0.004231163942525086,0.13359560410703297,0.007773881486749912,0.00011584592628749491,0.001252836608810142,1.7620722888985292e-05,0.0003849239629237081,0.05275703489826961,3.653294685552638e-05,1.876858829580336e-05,1.0908934208248047e-05,1.6038525367232166e-07,1.3568033926135315e-07
1929.8597194388778,0.8576231112912952,0.04529037470012011,0.017478155435886808,0.0323212206827535,0.035693777468646624,0.008397408869602269,0.0031959515516965715,0.12808127358762691,0.012355410575111388,0.00011624374623063064,0.0013993266200986617,2.4629227874298638e-05,0.0004000049517639824,0.03623169988924673,0.000878649333980892,2.4316925766713247e-05,4.7989953993234504e-05,2.749508437057331e-07,3.471652140741097e-07
1935.8717434869739,0.8584786232781259,0.06456703844331212,0.0017271003167622927,0.03404636796155651,0.017782289742155382,0.017167588039996483,0.006230992218092576,0.12787744357087796,0.011832425886967469,9.792185145770594e-05,0.0012218097288869687,8.17807943872445e-05,0.0004099948892980005,0.05414102072132741,8.833460839692786e-05,2.2204043690936427e-05,1.0800482155113003e-07,5.655104062198753e-06,2.0321797961977184e-06
1941.88376753507,0.859486931197517,0.05421855360516319,0.012411232085072966,0.036352579607030006,0.01650142241808968,0.012467173598986627,0.008562107488141598,0.1319802509143459,0.006808311608425031,6.797192188392344e-05,0.001172732945533481,6.12623328135478e-05,0.00042253907948218433,0.0478265754836011,0.0004319609770769963,1.928708020901064e-05,7.115614605372554e-06,3.545333710379607e-06,1.673328169925486e-06
1947.8957915831663,0.8601841142231317,0.040617629203559324,0.015941359404891997,0.047543527401493264,0.028010519125268623,0.002425002006310718,0.0052778486353453405,0.1344539041621036,0.0033449540366250786,3.696062237226644e-05,0.0015318441168714052,9.688136364538616e-06,0.0004385347025324048,0.036845494978618935,9.377275080906172e-06,1.6314989267160557e-05,2.6536900107123904e-05,1.995408381870327e-06,9.645317436621825e-08
1953.9078156312626,0.8609614935324431,0.055977174293305294,0.001326048217249907,0.048938657922600486,0.014169408534420285,0.009505404438773313,0.009121813061208808,0.13112305355108864,0.00534154481636604,1.5069572579991976e-05,0.002060387090993922,4.6993636066946715e-05,0.00045145780046256304,0.05235332174947475,0.000193656795672895,8.854686603236723e-06,8.709325935254468e-06,6.781485546915623e-06,3.7699273883491063e-06
1959.9198396793586,0.8618135856199921,0.043503156786447186,0.014916964062897012,0.04655798011076149,0.015617107727307709,0.0037901257905140475,0.013801079902081985,0.12537781960251326,0.009889672275621448,9.572146956959806e-06,0.0023389233044716798,0.00011056447053967948,0.0004598625799064082,0.037231068214513455,0.00021404480150975086,2.94699964817598e-06,3.380190145346208e-05,1.372858550997947e-05,4.97764278913842e-06
1965.931863727455,0.8623546880601539,0.03167085692070786,0.014649947413824091,0.05845757916784285,0.020039300521477718,0.004836592224429407,0.00799103569156576,0.12374041366978518,0.011086456805469222,1.8364962522646753e-05,0.0022563768408986966,7.430532989975597e-05,0.0004693943312722045,0.025354328259494067,0.000525204117630026,3.916987375630686e-07,2.3464937655419696e-05,1.541634274100452e-05,2.696392165580958e-07
1971.943887775551,0.86295336569572,0.042956611418298075,0.0020629466413850843,0.05981147178749475,0.009564181128466317,0.011532917943278109,0.01111850538535936,0.12705725705920293,0.00735311063571732,2.9897815224772205e-05,0.002115601901653713,9.920415140588675e-06,0.0004808464773423705,0.037517084771102396,6.89185129443634e-05,3.512589796155794e-09,1.0824013157488748e-05,1.3842149725670779e-06,4.75315908276391e-06
1977.9559118236473,0.863579739574214,0.029634068784064594,0.01754421152679342,0.051117049693601944,0.01451329138173997,0.005116543932915361,0.018495095106672278,0.1303448761748004,0.0031710700304036325,3.567985253014727e-05,0.002331419703813208,4.9394179222937315e-05,0.0004878204850172605,0.026948697186933452,0.00018485317633912086,1.307266793863386e-07,1.329779197879804e-05,8.455163172300139e-06,8.980069057090213e-06
1983.9679358717435,0.863933968807106,0.02035817298492563,0.0139276894131071,0.060473340937094305,0.01313949615877293,0.017218141741960936,0.010949189957034781,0.1290740698066108,0.003381088093858701,3.789704165710005e-05,0.0029710463147006186,0.00011294046941220506,0.0004889894666562621,0.01848504846327,0.00012327989431472472,1.3729238680238063e-06,5.151921371238808e-05,3.215156028922374e-05,1.1992585035850567e-06
1989.9799599198395,0.8643361117403577,0.027982473242640526,0.004122580508551353,0.062338791496724257,0.005254576949818449,0.024063696382417676,0.011901769679491752,0.12424117393309127,0.007254082699851307,4.071819385184889e-05,0.003569715164084717,6.708024886408685e-05,0.000491118019900775,0.025736423280684578,4.059149878775867e-05,4.0537697477362e-06,6.069181453258168e-06,1.9081981432182555e-05,4.447643263908739e-06
1995.9919839679358,0.8647137622796742,0.01571873941298339,0.020083383996877396,0.048379773693576385,0.013067376242526385,0.01669492094440735,0.021342043429956426,0.1215017709244672,0.009628561763951896,4.461508537662875e-05,0.003603458353939231,1.1122771958792447e-05,0.0004967088206335727,0.012894985823281847,0.00037555356644150594,6.133815656467973e-06,7.178100301733335e-05,3.291550051805289e-07,1.1962703542565717e-05
2002.0040080160322,0.8648781236291357,0.009590120419697201,0.013915590281636862,0.05272016351768913,0.007944434233427812,0.037489501138706804,0.013462066779707871,0.12384060088859632,0.0073997775906388666,5.4941256606055016e-05,0.0032328633677934423,9.434005606801906e-05,0.000499353211162972,0.0074119857563486,0.00016204355306919353,1.486158829835966e-05,2.6945813271802503e-05,3.3845497369651695e-05,2.8456562970386873e-06
2008.0160320641282,0.8650793054698965,0.014184880839030916,0.007661004761919884,0.05524980891677065,0.002500990517879577,0.0437709284750013,0.011553081019502873,0.12768510099747724,0.003229022983244339,8.131138019978705e-05,0.0032311749737176645,0.00019862664182731371,0.0004954575536388438,0.01256853808543173,0.0001255189527371764,2.8680056888493306e-05,3.3704738213910066e-05,9.092587613773524e-05,3.464330170411954e-06
2014.0280561122242,0.8652500633447038,0.005296917538572617,0.022332805220758128,0.03923684020483732,0.011412102507109211,0.03483415005626335,0.02163712112775717,0.12802562888805036,0.0020232476311159192,0.00011816952695270047,0.003954159476803304,0.00013731064003832952,0.0004914204923371941,0.004448689491582992,0.00010102606412466783,3.4169470795942776e-05,5.87872228837184e-05,5.3857184291376304e-05,1.2578150531056067e-05
2020.0400801603205,0.86528952909123,0.0026669026013024363,0.014469772051743495,0.03804725676008018,0.00438989927684709,0.06037934968203238,0.0147572905367664,0.12448581996318249,0.004816347482701631,0.00013996655714842364,0.004758647502599483,1.676855861426657e-05,0.0004929208445256779,0.0019733237475713537,0.00017760795262859537,4.681214211571809e-05,7.281534182995421e-05,8.095279253839558e-06,4.612468227426492e-06
2026.052104208417,0.8653545202163833,0.004536863731553501,0.012660258529292959,0.04079179710134451,0.0020520278185779356,0.06426220086498909,0.010342331737860665,0.1214184897617228,0.00770110332769003,0.00012967843687888825,0.004851396893879776,5.035378161619694e-05,0.0004944575818309611,0.00383726194814853,0.0001267306688529411,4.604647212042163e-05,6.4878616406304e-05,2.577552910149863e-05,2.101637099334307e-06
2032.064128256513,0.865396650123188,0.0012576270890001613,0.024184052311562062,0.02660876193257472,0.009990690941619453,0.05311055410145892,0.01945166350059838,0.1225694743395779,0.006880712954204699,9.986023217594722e-05,0.004406287981522923,0.00015862862037775707,0.000488385748954456,0.0003560420695250024,0.0003300605064626334,2.6421746456258546e-05,8.918721783868247e-05,6.867003844061583e-05,1.1775068329063353e-05
2038.0761523046092,0.865416812721832,0.0023411957570317974,0.015158074489192873,0.02157670494043348,0.0020583381445104824,0.07913477800605967,0.014314095940941365,0.12627098417488217,0.003316008211316233,7.104877077158673e-05,0.004320095063303985,0.0001270793907164467,0.0004779716671792405,0.0015838271538681809,0.00014690531043996653,2.003623837302894e-05,6.118251267292952e-05,6.243103736883052e-05,5.33795622994804e-06
2044.0881763527052,0.8654416655415318,0.0011713489230904962,0.018754192563297183,0.02380118784947314,0.003880570845916431,0.07840405728966662,0.008546976987026098,0.12779231975504393,0.0012571298163736788,4.6672122426923515e-05,0.004972530505283041,1.8651631070215387e-05,0.00047103062827219956,0.00012171583197345173,0.00010524941362142676,1.6257343591104556e-05,7.147460552357712e-05,4.955469727455243e-06,1.1794135952435116e-06
2050.100200400802,0.8654670319058156,0.0049435764648536416,0.02563359396765134,0.01436610000514281,0.009384190388342713,0.06470025063752957,0.015505256630665704,0.12536854694079733,0.002848833353384667,2.3875012388160092e-05,0.005781003441583996,4.408106280864472e-05,0.00046662828322299705,0.0035358181558507572,0.000266483808567148,7.581710494986815e-06,0.00013652007526461458,2.1516085601735754e-05,8.726917279005772e-06
2056.112224448898,0.8655954004142764,0.00986630837486199,0.015413648805128802,0.008530169825626372,0.0006203400978141685,0.08784358133771483,0.012130551144578635,0.12212267661968697,0.005639096498360248,1.109158783789095e-05,0.006023060412876433,0.0001499732040481371,0.0004587012629151112,0.007758865450721906,0.00011365821946103135,4.233022107275431e-06,7.480656588810184e-05,6.763937761908098e-05,5.181851107145581e-06
2062.124248496994,0.8656990332885011,0.004758918462205746,0.025133396082591197,0.009732808191982448,0.007267817495646894,0.08100950015464757,0.006398526324426379,0.12211349873475294,0.005904024510855712,1.4731009524764405e-05,0.005688450378884929,0.0001324287850614204,0.0004478332924204672,0.002737178795832753,0.00045227738493974973,6.909258234119138e-06,0.0001253278608770893,5.469950161918509e-05,7.105168223198037e-07
2068.13627254509,0.865818129231552,0.015630149122260847,0.026705071102143773,0.006010766912116471,0.00999933649847681,0.0649992317739588,0.010837315359492814,0.1250120018610637,0.003276905913322571,2.222740905407897e-05,0.005389451054296733,4.168188357415406e-05,0.00043960264713827297,0.013189155825635986,0.00017643071426287816,9.775585124400755e-06,9.357318176023282e-05,2.0642914085131097e-05,5.502651000694449e-06
2074.1482965931864,0.8661721653102296,0.024358260853129813,0.014765265396286557,0.0022716290839123955,0.00011924160125387766,0.08353513222695978,0.008778305528229426,0.12667111146686844,0.000955247109512433,1.9824197748972364e-05,0.0056753150259948445,7.229666309522245e-05,0.0004340402265519455,0.021949867144682327,0.0002068407884590818,8.969031308663913e-06,6.639449736253339e-05,4.301801023143591e-05,3.95133151982553e-06
2080.160320641283,0.8664618114210856,0.014262732800867796,0.030628305163718235,0.002487897133940381,0.011186736978274221,0.07083027958964569,0.004142236912469453,0.12495121793806972,0.001510109193456859,1.5015005112040153e-05,0.006472582821486001,0.00016356099892460827,0.0004257026218665246,0.010855171678844977,0.00013878607230579103,4.894352794085105e-06,0.00012012609105637381,6.979599174181156e-05,5.458457710286923e-07
2086.172344689379,0.8667585090801706,0.03063779993633433,0.02731914513718259,0.003517182233985939,0.011802053940012727,0.05351237109976998,0.006452938572545378,0.12178758635602394,0.0037910270559054393,2.127007155872405e-05,0.007108673772055204,0.00011900028447629053,0.00041393337981134954,0.02548406919261858,0.00045923096889596837,2.5549560021122454e-06,0.00015432934766410414,3.229273660670779e-05,2.9508153719897734e-06
2092.184368737475,0.8673945926183144,0.042792382753504006,0.013047268188341796,0.0033050768611482665,0.0009487201924289355,0.06729783362630047,0.0052141257599635895,0.12051724508934859,0.004640756151556671,3.481013512058433e-05,0.006993031502818525,1.5265221085496112e-05,0.0004042992817571836,0.036612010609689924,9.210228038689725e-05,2.3746048730064712e-06,4.633946708765458e-05,7.775695918115993e-07,2.228088484464772e-06
2098.196392785571,0.8679309922798102,0.02712731507171172,0.03400225934680951,0.002966717274004339,0.014783940596362597,0.05107389517458988,0.0021148802567131303,0.12218814784568251,0.0029671219778790786,4.861174471396559e-05,0.00639576370926542,7.112768295601818e-05,0.0003982347596941894,0.022067696549872427,0.000515059029618143,1.2119801557653103e-06,0.0001071103041608002,2.91755601299024e-05,4.443277703979383e-07
2104.2084168336673,0.8684362011846406,0.046099568409092836,0.027184783712226632,0.0066884673852596,0.014251565844568933,0.034254821450818956,0.0030845920133941085,0.1237297145834374,0.0008961884040810698,7.27859696908767e-05,0.00626795276793277,0.00020700419027147484,0.0003901528999474898,0.041053742841655236,0.00011272541054203864,2.4105271082580407e-07,8.142730628715623e-05,4.5451363045719114e-05,1.3196994337745722e-06
2110.2204408817634,0.8693597718819892,0.06068350649795765,0.010472075983842142,0.009467915695015818,0.0035517088474904374,0.04402290595410256,0.0024421151396036905,0.1221097437726383,0.0008382900010559105,0.00011317469941365062,0.007026509157789933,0.00017466249478292854,0.00037784799233157797,0.05444250635496188,0.00013165560102154996,4.702481751276868e-07,2.402726254413904e-05,3.520735169820162e-05,8.375327244971562e-07
2116.23246492986,0.8701394767583595,0.039829607543305744,0.03437013905868502,0.008943245075083546,0.0177180054373307,0.0282575190830288,0.0007420070442082336,0.11897088897153564,0.002466801648899906,0.00014418818642783642,0.007874533274084829,3.6763365367137695e-05,0.0003673477953266853,0.03213302400088712,0.00035146346196496985,5.403352359310472e-07,0.0001349329400931877,2.6258212904828e-06,2.758844063625551e-07
2122.244488977956,0.8708245743929994,0.058025413982451125,0.02584057395338545,0.013269021176467461,0.016489167606994024,0.01443605692581666,0.00111519196188706,0.11739100621718145,0.003396908950771328,0.00013535570267026595,0.00782599396015934,6.299631094005303e-05,0.00036316446527938037,0.04870070073789425,0.00041689491354449803,3.264998966939261e-08,7.51843970872426e-05,5.478799233563821e-06,4.981544925076279e-07
2128.2565130260523,0.8719401732037649,0.07338972626789035,0.007534487284782139,0.017082001583361574,0.008021687958020765,0.02084724998701011,0.0011846737151715021,0.11789173446898502,0.0024006267700044342,9.608584142220117e-05,0.00709500037054108,0.00021557990967797027,0.00036079943560574925,0.06476510862893636,9.188344237298338e-05,6.64779681473583e-07,2.256634984441904e-05,1.495755941958392e-05,1.2745242641272414e-07
2134.2685370741483,0.872900315631481,0.04882442134470623,0.03154966200776797,0.016271601594356644,0.02018397324793514,0.009846294044000134,0.0004237321297540834,0.11881747215217847,0.0008447799001517723,6.255833259493124e-05,0.0068083804920427106,0.0002121509571403779,0.0003543425344119408,0.04196420216801802,0.00024656882812591535,1.629630639030622e-06,4.57995385727291e-05,7.019732458180246e-06,9.563540206113611e-08
2140.2805611222443,0.8736990821666485,0.06344043208337866,0.02286345392980109,0.019829523174146484,0.01769100198399783,0.0018610017337466797,0.0006155049282818724,0.1177504443978766,0.0006592903167049958,4.74378155467239e-05,0.007441266694478474,5.647433113684088e-05,0.0003460042776089731,0.05615509875204457,0.0001902724691624228,4.7007869475885805e-06,6.0761999223183074e-05,7.136829117938454e-07,2.5266575474513383e-07
2146.2925851703403,0.8748915093757569,0.0774556728257525,0.004800560107119648,0.022501249884110168,0.013838759280300234,0.004817841642267201,0.0016944068846944107,0.11467556465200422,0.0017935113878206014,3.5346347790405386e-05,0.00823646201043436,2.600265572536877e-05,0.00034160357046918307,0.06777598669883937,2.8575568260486572e-05,7.077902142916938e-06,8.119839156240294e-06,4.030177416519382e-08,1.7386435007440904e-07
2152.3046092184372,0.8759006280793491,0.051465695629497904,0.026204820724267993,0.020833224270765276,0.0226358399498817,0.0015948468019124614,0.0013649445443268196,0.11278310401730511,0.0025056295140791383,2.1750715276308377e-05,0.008299641487221307,0.00014868637483247276,0.0003405598119378265,0.04187563195501904,0.0003942048336744911,8.897185410365583e-06,0.00011388902733092778,1.2617575883687349e-06,3.877766688097055e-08
2158.3166332665332,0.8766991088752282,0.06114942719235522,0.018185658018124162,0.023140435597382457,0.01740557554106979,0.002005694230099312,0.0014141005457425984,0.11325255655451799,0.0018117741117509732,1.9363236932919157e-05,0.007705242534937718,0.0001742584848290548,0.00033769620180487334,0.05218735085583282,0.0001604105571646812,1.0842065201482943e-05,6.187373036705619e-06,3.3074262143724564e-06,3.017017914068747e-07
2164.3286573146293,0.877814731404246,0.07181038100530505,0.0027149589748296453,0.023448028731600547,0.01989845317990735,0.0005633129011823628,0.0037501338029304007,0.1137990803843985,0.0007246728558073106,2.6488083823635266e-05,0.007231972948842919,7.025067894377196e-05,0.00033280364393922226,0.06447769010887182,5.5769174381789086e-05,1.1718870359007766e-05,2.7253454901488407e-05,1.920309705826191e-06,8.429796821261819e-07
2170.3406813627253,0.8787481194531226,0.04686623011220953,0.019648596684332227,0.02033415982097902,0.025365819457690005,0.005585412349172272,0.0034516621224959555,0.1127006556729426,0.0007313495405619193,2.477752933863256e-05,0.007398862572886258,6.538537832597939e-05,0.00033084985282362723,0.040008212994991146,0.000106824338670498,1.2178094701052846e-05,6.998726947696806e-05,2.492305121806841e-06,2.1154953641047624e-07
2176.3527054108217,0.8794492500488066,0.05192443626015363,0.012361463133493936,0.021518914328265918,0.015711488493826264,0.01588593128386005,0.003148516451594929,0.11030656943888695,0.0017183389840235684,1.2964671929326222e-05,0.008002603035794992,0.00017731009368928934,0.00033296372687059017,0.0443032140080863,0.00019660280865609457,1.0140351260574697e-05,2.5220590569057554e-05,1.5418318105553407e-05,4.642813025592266e-07
2182.3647294589177,0.8803608622824983,0.05801628562745679,0.0015329250620998854,0.0197069777837294,0.024837133703774182,0.008757217064663515,0.0067885984757790055,0.10852109973806096,0.002205490681827508,1.0919865300031124e-05,0.008392471593045082,0.00017450918860773676,0.0003346466506614724,0.04944755028283785,7.724876335878671e-06,6.0771560833561884e-06,9.11936139262322e-05,1.5273336593960187e-05,2.008665353219676e-06
2188.376753507014,0.8810884725347016,0.0362409085902268,0.013411269621853903,0.015177805954689188,0.028180661078990105,0.019649807115217695,0.006251075104321811,0.10892380372822569,0.0014760052118445396,2.570358584842327e-05,0.00810579296030757,4.5941557127831654e-05,0.0003342804219454546,0.02946614629309731,0.0001654159699343413,2.178603737913451e-06,0.00012730390835427878,9.455256944007646e-06,6.717071107431125e-07
2194.38877755511,0.8816086122984083,0.038232894708364266,0.006588113569956272,0.015579695643384742,0.013122686318062087,0.03956330817176829,0.005304689290057196,0.10997289226410703,0.0005903098084783184,4.419349167685092e-05,0.007412111925063539,3.5780758545891775e-05,0.0003360994537212398,0.032856871580386075,2.3258405643431046e-05,4.97875062763925e-07,2.749399866481191e-05,9.07010925449491e-06,6.439986214426786e-07
2200.400801603206,0.8822546178348841,0.03982071692591559,0.0014054328271022353,0.013023163890783911,0.02750409006771954,0.025909484392268943,0.010082494061326995,0.10916042270872645,0.0008973346403918411,6.260130336667598e-05,0.007120697245224723,0.00016238407778866918,0.0003419421896188738,0.03502666301018861,1.0054103621589271e-05,1.1861527357873478e-07,6.158903498289033e-05,3.9327832891894144e-05,3.4988223841756574e-06
2206.4128256513027,0.882724679658228,0.0226260677989042,0.00873826477226926,0.008096731782455052,0.03036122986183541,0.03831359027927139,0.009139435847038099,0.10696107996605098,0.002097684863257675,9.032592022056622e-05,0.0076036683647316625,0.00017561065631596626,0.00034695057119656797,0.01779883064830224,0.00011303237570236601,7.514634738660061e-07,0.0001823914331175061,5.590623012031525e-05,1.4477458259443365e-06
2212.4248496993987,0.8830351573505547,0.023418594006621624,0.0024206085260910066,0.008024416185093499,0.010308995092278526,0.06550569140272579,0.007286537436636481,0.10568872778542526,0.0025705085979710303,0.00011838302134718022,0.008189090507540823,5.0548935237103776e-05,0.00034758380192552197,0.01870216485801943,3.782661201000992e-05,2.722216386559123e-06,3.276281023251101e-05,1.6728444216187875e-05,8.486817213212757e-07
2218.4368737474947,0.8834034236025414,0.02190348795778943,0.002530739629973146,0.006321652756222052,0.027365449417565777,0.04557885124563601,0.012896395390273947,0.10648515858656488,0.0016239117355407722,0.00011890479467473357,0.00797239874140191,4.8015585978024465e-05,0.0003481869533000473,0.017909908134650657,5.5038670897715e-05,2.388955225023074e-06,0.0002034508788249048,2.256406041353956e-05,4.741217727184517e-06
2224.448897795591,0.8836289786951412,0.01006985424032045,0.00624402113940098,0.002795658998096074,0.030934131209609278,0.05483650212341034,0.011490853594023444,0.10804418248652178,0.0005819865105021633,8.739358847918564e-05,0.007096488968100292,0.0002067886336875182,0.0003541811175696244,0.007311432101944152,2.9790284731771063e-05,2.6326435119560655e-06,0.00012701254411529424,8.696752022053967e-05,2.5304678270958113e-06
2230.4609218436876,0.8837598120487989,0.010872582390865797,0.0012402816548856064,0.002506005157396683,0.0077892730319795555,0.08529008829680268,0.008541957419272552,0.1078956544317217,0.001067882898899783,5.4941743554462394e-05,0.006608674072221881,0.00025015807262592106,0.0003628767321791481,0.008775165443956956,3.3894194732403926e-05,1.297934850913939e-06,8.926762686678678e-05,0.000145007246465402,8.380367230782343e-07
2236.4729458917836,0.8839151645822396,0.008424614833621474,0.0052295958599031965,0.00255589404633015,0.024658230075639415,0.06061185165592757,0.014604648946340644,0.10585142473329337,0.0027219354583298623,4.519351243488447e-05,0.006999494103514492,9.88350483885945e-05,0.00036795256180125423,0.006430949822644407,3.097048668563484e-05,1.5560133316085159e-06,0.00010678107507122482,4.506845920452977e-05,6.0323496991013575e-06
2242.4849699398796,0.8839759574113307,0.0023665086920636037,0.005859710513877455,0.002262540220282282,0.029135939154109194,0.0635621456492385,0.012837198359100363,0.10452968943382517,0.0035052585596069123,4.70606375428832e-05,0.00756015964863821,1.1644429100328036e-05,0.0003702298799578786,0.0007261714597168989,8.403532619171537e-05,2.9069875228471474e-06,0.00026167655498683277,3.4147036698243568e-06,3.6265378450973185e-06
2248.4969939879757,0.884000893838587,0.00318196237385812,0.00370310650989241,0.002025801262298885,0.00575924558338449,0.09260961507357957,0.008719375358401458,0.10566979612780796,0.0023880411669518473,4.308719593787814e-05,0.007420968062031144,0.00010158477213652331,0.0003756288365495829,0.0017484775081861286,3.53016879772033e-05,5.016926296196182e-06,5.863729033059444e-05,5.914764261257425e-05,8.885330873269883e-07
2254.509018036072,0.8840335746238873,0.0018684272818090975,0.009839903446641176,0.003574085427712593,0.020244458129063374,0.06564767099578614,0.014791880095102244,0.10784583419087354,0.000880564145416257,3.672794286479563e-05,0.006662961185457092,0.00015618728228321738,0.0003841506292197227,0.0007895704415664336,9.623858236364523e-05,5.231959408961092e-06,0.00018914609216957965,9.304351982528607e-05,6.31862066953409e-06
2260.5210420841686,0.8840498970662813,0.0018943144961873326,0.007044433417733329,0.007480927750012713,0.024830143142819835,0.06175585230720435,0.012944431819763305,0.10818631396766831,0.0012070823214557205,3.534837928601778e-05,0.006059533816463346,7.190486344391863e-05,0.0003899195854035627,0.0008746067430394086,6.0502863345322504e-05,5.757833025814959e-06,0.00011238652258612797,5.265777271182202e-05,4.699934265699019e-06
2266.5330661322646,0.8840740399444992,0.0015880880090128713,0.009420996245906022,0.007562463442150849,0.004135792957341071,0.08543410204787467,0.007784517353217282,0.10607787773406929,0.0033287423426063586,3.124069296826188e-05,0.006060410703513956,3.6160183610249176e-05,0.0003915283987346233,0.0006452980649142987,7.857768161841886e-05,6.058690721149255e-06,9.224669099959157e-05,2.3598970406083902e-05,9.91295493875205e-07
2272.5450901803606,0.8840870285276956,0.0024876010439177296,0.01644511216650247,0.009385499048363425,0.015255041034671402,0.05898982135853374,0.01334989682031766,0.10419018107581707,0.0047873679221703425,1.8648294407391026e-05,0.006390247037461668,0.00013269576902727044,0.00039383137342268874,0.001340199145599753,0.0002084194685158874,2.9950717256091096e-06,0.00012594137084259306,6.911296896386567e-05,5.733232395203895e-06
2278.557114228457,0.8841778890342744,0.008835700121598901,0.009114936167942147,0.01704536194495679,0.01867725292779963,0.050336963553436774,0.01181189624999324,0.10497618756231976,0.0037917485774607604,1.0027750680173448e-05,0.006473143328514822,0.0001722076258954554,0.000398796120856505,0.007808823920441155,9.338239543301165e-05,2.9291405036442487e-06,0.0001711047635666982,8.612388657162482e-05,4.891293355573243e-06
2284.569138276553,0.884307112513834,0.005769662446707266,0.017037129581583193,0.01755951730643837,0.0027726540845459603,0.06652496672800748,0.006028957338885382,0.10749467151959327,0.0016799632613195197,1.7978181433962224e-05,0.006027365382774119,7.067777025004396e-05,0.00040223137079676164,0.0046598738443538994,0.00015684903117210404,8.49307189043448e-06,5.451290318539064e-05,3.5618822158306425e-05,1.245202224258216e-06
2290.581162324649,0.8843855868120314,0.008545741730775956,0.024573791889892702,0.018094477368571792,0.010692983383174471,0.0431609664516981,0.010546452363857386,0.10843269855727727,0.00140542821636296,3.651439515169596e-05,0.005323923078589881,1.3696941938787362e-05,0.0004021519986498131,0.007028527364688907,0.0001788907809952595,1.4871118728134236e-05,0.0001024794308575031,8.470774416466223e-06,4.536633294361823e-06
2296.5931863727455,0.8846368082378028,0.02114038582110832,0.011501787454766647,0.027759188547530442,0.01196270780891879,0.033356973246734825,0.009642148883140009,0.10611282547322706,0.003748607097793507,5.418532384078638e-05,0.00495521762430429,8.932361519894344e-05,0.0004030326278344339,0.01841439011185237,9.740459173816859e-05,2.324001676047467e-05,7.155869034522296e-05,3.675000010164033e-05,4.208159178061266e-06
2302.605210420842,0.8849391262918874,0.014016718997876062,0.02467791521405947,0.028517421999790564,0.0017084613336042288,0.0421854215568364,0.003954934605947688,0.10318078996440402,0.00611575826609199,7.008106951306629e-05,0.005162213710547206,0.00012486407807667363,0.00040716661948144356,0.010944794558533168,0.0004304227989881221,2.8141301757643474e-05,4.498280464820952e-05,5.307759455613884e-05,1.5475950823750894e-06
2308.617234468938,0.8851298738567074,0.017134991034844203,0.0330720561348024,0.026564950583993562,0.0071759580983767985,0.02391201217921504,0.007010158112062524,0.10320134171512325,0.005686922193099904,8.374742846905846e-05,0.0054461805419986865,4.2791763598418855e-05,0.0004091425010052077,0.013618524615958291,0.00040118023767825637,2.6099615592154378e-05,8.670283450644962e-05,1.144150240519172e-05,3.298484233933386e-06
2314.629258517034,0.8855660745839662,0.03524548558510989,0.013817434763816082,0.03591079182450762,0.006157639017643895,0.016481289216379213,0.006821285008579177,0.10568776963432919,0.0030998814191141163,8.489153842541798e-05,0.005134739692240387,2.1829513230823787e-05,0.00040481361869594226,0.032400007987483714,0.00020294783788203454,2.851597244738608e-05,4.862195670975508e-05,4.825092159135012e-06,2.82931098347923e-06
2320.64128256513,0.8860723158775811,0.02371807479186471,0.03057508524741079,0.03644762908557713,0.001291090472064973,0.019804301136134444,0.0020915033893688954,0.10715201954648079,0.0018487680551863726,6.916358025547678e-05,0.004317260459483874,0.0001416874366313043,0.0003987850443831409,0.020583250440183207,8.719441066747432e-05,2.2863514423177034e-05,3.2651062713031006e-05,4.29200766491564e-05,1.6745135732689135e-06
2326.653306613226,0.8863815802301842,0.02519470083457953,0.04028823629449007,0.03162341142615779,0.004890310102936086,0.00803320144829154,0.003588559663362637,0.1052646874691717,0.003924087023557355,5.1542364828477e-05,0.003773223410479828,0.0002084204224670575,0.00039645907931324683,0.020675823005445283,0.0006086193211617657,1.1064127654174374e-05,3.0505772301447498e-05,3.981457748569197e-05,2.263729898923095e-06
2332.665330661323,0.8869732113692387,0.047225861997922815,0.015756943410284552,0.03869945232974031,0.0024091409166827286,0.005030936592470595,0.003904453383662322,0.1014383385599492,0.00712814095829342,4.846709368881574e-05,0.00390921991314781,0.00010790233755567277,0.0003947197681283916,0.03964566404716129,8.637862707233153e-05,7.821939317508019e-06,2.6989636380658716e-05,1.638273342479053e-05,1.2622565646697514e-06
2338.677354709419,0.8876331239723076,0.032090384231209725,0.03360263818537506,0.0385443598869094,0.002088471532050491,0.005204998312124157,0.0008360238800255135,0.09999275072881568,0.00770955149372612,5.7147304627964774e-05,0.004209291168622478,1.0424369671548583e-05,0.0003877109622305503,0.025386921875828385,0.0009260279982422956,5.810276875234781e-06,1.4727880837086026e-05,1.404301536358838e-07,1.4513947626295306e-06
2344.689378757515,0.8880278231993196,0.03044487223466286,0.0445291635099716,0.03136237993994877,0.0037365692527142093,0.0008022545338643109,0.001096937329520883,0.10238890412334271,0.005095697133552586,6.364744981458175e-05,0.003996176184501353,5.042532430853933e-05,0.00037732658516287176,0.02452333898831055,0.0002653242735226614,2.4916161619380272e-06,3.56005697626711e-05,5.575212074256624e-06,1.877703285143673e-06
2350.701402805611,0.8887056407594357,0.05406431809842681,0.016967974843204232,0.03527926853988502,0.0011777265148744677,0.002244972855281679,0.0015600983888945292,0.10466781749651446,0.00276709232271921,6.191587619237607e-05,0.0033261981761667186,0.00010160849446610774,0.0003697268745078454,0.049625403609886085,0.0003754384695022519,1.8012136811421647e-06,6.498694887938776e-06,4.710032536192653e-06,2.5002779424005296e-07
2356.7134268537075,0.8894637803174563,0.03687140773482916,0.03349706375523517,0.03435050305559321,0.004615824682993641,0.000808123551662694,0.0003932969022323716,0.10330344458815739,0.003964885147149833,5.397672530916102e-05,0.0027990476475026134,5.049022495533052e-05,0.0003643753494718998,0.030586670038555232,2.7248881692307574e-05,9.342446836284132e-07,1.415454523142821e-05,7.895453906486141e-07,1.0140364328419607e-06
2362.7254509018035,0.889890930595732,0.031787039568661746,0.04465805634405579,0.02602473427583915,0.0035411448918522504,0.004050328302476879,4.776602138463518e-05,0.09940209248538416,0.007580851420057137,4.0521803555513674e-05,0.0027221326621432776,8.092014257220489e-06,0.0003553790188731383,0.02363971414656389,0.0012408968193043308,3.465311013795236e-07,1.621881679796938e-05,9.97380318016414e-07,1.7818777728248103e-06
2368.7374749499,0.8905586409574148,0.05442850500767714,0.01702654709774189,0.02708358560645054,0.0021712805306244804,0.008301427088931229,0.00043001371116226393,0.09675771119416864,0.009413289076400924,2.338915306508198e-05,0.0028363024015347765,6.868348881265297e-05,0.00034198372860548017,0.043515288182624505,3.2786152464388365e-05,1.5697992092538858e-06,3.0052617003947472e-06,1.6177754439927048e-06,3.0960222100149165e-07
2374.749498997996,0.8912995757506597,0.03698114986380994,0.03073890921068408,0.025936719367819275,0.009011513265376612,0.005216040211654973,0.0008160923299978864,0.09810549614418303,0.007391633399112981,1.1115845423789182e-05,0.0027445336010733434,0.00011868339043971005,0.0003289618691099175,0.029433661239142164,0.0009538879417928946,3.176243604299597e-06,3.278202926154365e-05,1.338569000489039e-06,6.195736194717147e-07
2380.7615230460924,0.8917058500116641,0.029441449417385853,0.0404991346246461,0.018060168889209062,0.004206341486575319,0.015603962088332642,0.00048309348218935727,0.10132915718690129,0.004221311573351858,1.1723693890924482e-05,0.0023510055953963284,6.357733691697891e-05,0.00031737460188095186,0.023525182824769546,1.6653444732696048e-05,5.125632247680499e-06,9.986304425595916e-06,1.3827594627992557e-06,1.6383838069285075e-06
2386.7735470941884,0.8923072976821906,0.04887499468457323,0.015593378383138826,0.017341136901894944,0.004576194746185526,0.02039036636705863,0.0009166312349605419,0.1013667790753035,0.00411085135777867,2.3644360809050517e-05,0.0018825561526917044,5.520415322224449e-06,0.0003033509559065413,0.04359128088449907,0.0004927325915734954,7.277973281805608e-06,1.2540713979441094e-05,1.363695814285459e-06,1.2253602784574614e-06
2392.7855711422844,0.8929593282518014,0.03262322630542055,0.026217173693030112,0.01704794305902864,0.014830939978598164,0.01423875863330367,0.0020826300788201425,0.0975111257395522,0.007532155672162787,3.918083746200632e-05,0.0016385117919199563,3.327002652107214e-05,0.0002864276805832554,0.024428868104417335,0.00015472995225134482,9.835441347980797e-06,1.0123003610054568e-05,5.322085273642552e-07,6.845217073932642e-07
2398.7975951903804,0.8932906000203861,0.02448637512493788,0.032947235128155186,0.011253742269224565,0.005719824433776069,0.030307379503177,0.0019948435203461313,0.09410364306914674,0.010542565288259375,5.1868808553102644e-05,0.0016797606571394323,6.0462412273319926e-05,0.00027109974424485066,0.015712072620643402,0.0012420997490813646,9.69105215543469e-06,1.9518507108439952e-05,1.3476524351717069e-06,1.1860714661517557e-06
2404.8096192384774,0.8937554967572,0.03940178582505924,0.012660758545226542,0.00995873117291151,0.007458404463600348,0.03378465944134887,0.0029801637946565078,0.09455818124230055,0.00961540297780067,5.7066562743113066e-05,0.0017328748556983192,2.2483501781626617e-05,0.00025849410247874143,0.03020360749283699,3.282915491746539e-06,8.58483208451358e-06,1.2047607612827245e-05,3.2471878235292294e-07,2.3264922972823453e-06
2410.8216432865734,0.8942571416272979,0.025256312392766343,0.020857674674245173,0.011607050380692015,0.02107974196427269,0.022814463558273313,0.004127615402455925,0.09787275452205639,0.0060636730096860205,5.301603122969029e-05,0.001495780211785608,1.3577008813935549e-05,0.00024405758913381622,0.019713109436101998,0.0005424261871732827,9.282925153952103e-06,3.896937639831719e-05,4.543109499158975e-07,1.316779444415215e-06
2416.8336673346694,0.8944993914581275,0.018469877407322696,0.02365233682271064,0.009232481141419103,0.008036125594804848,0.042184606471843085,0.003925181103775157,0.09959002597810336,0.0044988290225083565,4.576865668393715e-05,0.0010528586194346818,8.73324456427414e-05,0.00022579381950245858,0.013966762213334268,7.063543524114577e-05,6.871158680297715e-06,3.314515592485692e-06,1.0925743048654837e-05,5.784421651886109e-07
2422.8456913827654,0.8948433668464503,0.02853015827908781,0.008744561507672607,0.008140290620961044,0.010139638396672623,0.04353906178041048,0.006062922568748557,0.09686766077473524,0.007122188522202872,4.567596449897342e-05,0.0007816821630552383,0.00013159758708859528,0.00020782814197220636,0.02374773459941007,0.0003509451360507204,4.2563477304894516e-06,7.740481590794672e-06,1.669655596568338e-05,2.7322026065748315e-06
2428.8577154308614,0.8951780916636353,0.016889075003678856,0.015440989152802,0.012200827355341632,0.026493747282838764,0.02700817308486387,0.0067890964568431125,0.09274169064547005,0.01092915028697839,5.5567879259820136e-05,0.000827645854633104,7.484611352366709e-05,0.00019300755650320997,0.010570976692707556,0.00025481070872278863,5.473794986775673e-06,2.3015574139697806e-05,1.0364173816115466e-05,2.1487941138544434e-06
2434.869739478958,0.8953267753711213,0.012834925491359615,0.014485787486870162,0.013948460511313486,0.01092321275815187,0.046836920184816416,0.005643918196370634,0.09212696916086104,0.011374185614499245,6.855408357335507e-05,0.0009090524053498813,1.6298021868509156e-05,0.00017816534273017097,0.00710401226364117,0.0005511402112342612,7.510916034530605e-06,1.1378928811427794e-05,3.2725166197599354e-06,1.4709678418065214e-07
2440.8817635270543,0.8955465773454083,0.018558611294641553,0.004856038590335661,0.013202355518046912,0.012382735204591466,0.046233472072170954,0.009220209974808644,0.09539540997027542,0.008036401686029798,7.783321302333904e-05,0.0007499606347004315,3.35622778558166e-05,0.00016025487271039085,0.01368927579567672,7.258342067318584e-05,7.13945138129629e-06,2.0546626949203002e-05,9.411019302180654e-06,2.3322453828115147e-06
2446.8937875751503,0.8957443729583345,0.009552311863443172,0.010567645256391004,0.019127276173887715,0.029956336693399276,0.025338407576401042,0.009713649478147112,0.09833213352840817,0.0051900697762108285,8.065755973910928e-05,0.0004570104229294598,5.3782914054737154e-05,0.00014197284032700408,0.006588833998947552,0.00013795226615403953,9.325171458764133e-06,8.159607468905823e-06,1.4602677738880032e-05,2.470785595329239e-06
2452.9058116232463,0.8958293278385131,0.00863330535726992,0.007014004087852321,0.02478745684686956,0.0138850547121992,0.043088788895744606,0.006762062261555104,0.09712371515000114,0.006518097143322376,7.335591621241722e-05,0.00030631259783014855,2.2188705864537032e-05,0.0001270026482600951,0.006375644944218489,0.00014114493393429272,1.1699479152339577e-05,8.784107227771165e-06,1.179511386815996e-05,1.0793349672107885e-07
2458.917835671343,0.8959755952054383,0.010885372998447766,0.002221316898148429,0.024009232345496137,0.014325955051116467,0.04114512086365095,0.011437406637705573,0.09298431465454578,0.010524116054965862,5.3638444707123675e-05,0.00033936026947316956,8.959491297200327e-06,0.00011401587957619695,0.008568119160764555,5.022654659881401e-05,7.651564154729316e-06,4.6414428302497323e-07,1.945743942831563e-06,1.318354501144468e-06
2464.929859719439,0.8960720288628559,0.004625783481926418,0.0067649340168184765,0.030323279813201022,0.030873591347056098,0.019022252881210858,0.012318129596934827,0.0910133614738484,0.01236357112792905,2.8944416918225444e-05,0.0003708479617544836,5.133993105732002e-05,9.99062256402254e-05,0.0021954004970303705,0.0001924865584070913,4.2148902607093155e-06,2.3177100920919142e-05,1.3138414245335234e-05,2.2954143965512548e-06
2470.941883767535,0.8961259506859232,0.00635025570875164,0.002167262298604082,0.038702649859097306,0.016234216134760903,0.0332341236836534,0.007185541629212844,0.09358211506876161,0.00983629519535993,1.2629126123520479e-05,0.00028653716089953546,7.117984769532307e-05,8.529291524027081e-05,0.004110107087170573,5.151587194152834e-05,1.6523376611796783e-06,4.096043645519448e-07,3.317229574048805e-05,4.0361529052398604e-07
2476.9539078156313,0.896223447140127,0.005992619260483486,0.0018602972239223222,0.037271119623247244,0.0162293480253092,0.03041639638424776,0.01200677234266612,0.097380795408037,0.006118464691419028,9.930850056725824e-06,0.000162844095374801,3.196154866616864e-05,7.255626632240634e-05,0.004316173707156394,8.786850757905358e-05,1.1142468429879063e-06,9.695005899327011e-06,1.3254593243459373e-05,3.647026473743972e-07
2482.9659318637277,0.8962710025454287,0.0026533951525068537,0.004518657644712847,0.042136715467237774,0.02934380907258041,0.011183489118467388,0.013892930999069094,0.09766312740755702,0.0058563184824896005,1.543760309076654e-05,0.00012680450373292338,5.90890456625972e-06,6.140055313780914e-05,0.0015510216992410022,3.928560331220247e-06,3.2886298780483435e-06,2.0809622668214693e-06,8.5227014870437e-07,1.3916431822790807e-06
2488.9779559118238,0.8963304083753645,0.005952421775010701,0.00022316962498409316,0.05133040051356594,0.017301684386224668,0.02184822227404014,0.0070136930508124945,0.09395290278249532,0.009420398514016933,2.3639653973944044e-05,0.0001993971605570945,2.3111218568384535e-05,5.014229502635355e-05,0.005349133820810263,2.2300149532689426e-05,7.401769513448822e-06,6.823872605930417e-06,7.559839529608486e-06,7.489899015361167e-07
2494.9899799599198,0.8964141412660309,0.0035960133736455072,0.004210854186717113,0.04865526272328727,0.01818793479309537,0.018145112563448078,0.010790681093778261,0.09076777032273495,0.012444056684082078,3.192712424671949e-05,0.00027811387203951094,2.472233540417825e-05,3.926839546415916e-05,0.0031050072179929058,7.477459632728966e-05,1.1161841741222748e-05,7.929719847712222e-06,7.804082776952976e-06,2.693736835996411e-08
2501.002004008016,0.8964518036607003,0.003390392640137018,0.0042009547095075185,0.05062358438090267,0.02605142148280052,0.005433446484173804,0.013848396641780473,0.09202468397655872,0.011192866724159659,3.553221193758663e-05,0.00025814918064166314,6.4779075209083315e-06,3.048633848347654e-05,0.0029603153709316593,6.419990707087275e-05,1.3762714668200517e-05,7.99175466121821e-06,1.1026827814247554e-06,4.926116994701132e-07
2507.0140280561122,0.8965442802512348,0.007040671456126743,0.0009797133291758239,0.0586294638892619,0.01669484459065486,0.013730647023165895,0.0063803794603824815,0.0959944307824779,0.007182861977151503,3.192181775856102e-05,0.00018839182777140404,3.4419048674537305e-05,2.3694294933795455e-05,0.006311223409941035,3.624861198206221e-05,1.5160698462791956e-05,7.608816301677543e-06,1.1678850018889149e-05,9.068440638874676e-07
2513.0260521042087,0.8966285517188317,0.00309325774550922,0.008982323061687121,0.054355046687672944,0.019968524966447784,0.008726526457048018,0.008245769362805943,0.09768393134618919,0.005307961312882151,2.9727735801053633e-05,0.0002410929399478679,9.116530476253964e-05,1.7569641588220296e-05,0.0021213334511031245,1.2932606531720642e-05,1.48686611864514e-05,7.114361355102464e-07,2.8748716576320484e-05,2.959564412738144e-07
2519.0380761523047,0.8966826152861993,0.006173518200035301,0.005887142117903719,0.0529124511930756,0.02194246490877986,0.004399354748336636,0.012002453545672268,0.09491428368641017,0.007805363649135691,4.063243701529534e-05,0.00045931749751756344,8.576174451902631e-05,1.202569920564896e-05,0.004843485845539613,9.851382997043848e-05,2.0736666075654396e-05,1.85538822975078e-05,2.2978853602695227e-05,1.7412754238020314e-07
2525.0501002004007,0.8968211074770851,0.009101159932300186,0.003986138363862866,0.05836955685433429,0.014476684824599635,0.011884411984616256,0.005360940563204237,0.09094639072094021,0.01149285733965808,6.224975111938958e-05,0.0006398260171001571,2.958948102054629e-05,7.979213079069318e-06,0.007842329550211987,6.975961393551105e-05,3.37832255559093e-05,2.058472160260412e-07,1.0277530306751977e-05,8.403337804814767e-07
2531.0621242484967,0.8969165392725441,0.0038941504244596366,0.015292901495965995,0.052533267255935545,0.021062082036980213,0.005099046254759552,0.005202013259357982,0.09062787325714307,0.011732399467753825,8.063458503863695e-05,0.0006150478887035905,2.1877316142512313e-05,5.628212677278273e-06,0.002724338247278948,0.00037438989187294045,3.7329455123051017e-05,2.300837547524792e-05,5.514986860069152e-06,7.902241241859444e-07
2537.074148296593,0.8970028590039125,0.010284794481769615,0.00919756689537524,0.048187990432412814,0.017836801207528993,0.008737611675643304,0.00875237630336065,0.09414945470072941,0.008152445238737866,8.854563184241093e-05,0.0005435002680134804,5.8673981191371674e-05,4.52117557605595e-06,0.009141021485204978,4.045818281554659e-05,3.576024396548762e-05,4.586435446442396e-07,1.082316625328071e-05,5.219017468822159e-07
2543.086172344689,0.8971979454478123,0.01168505944157535,0.00867227152575409,0.050881901191652146,0.01117281380723866,0.016379916070123925,0.0040100925158467,0.09690148886552291,0.005053604860975492,8.846439600177907e-05,0.0007051611406928707,4.883057269683279e-05,4.5047163010030485e-06,0.009929661736024406,0.00010305898043718909,3.746009049156128e-05,1.0297428195146542e-05,1.2021964740625524e-05,6.944659248879274e-07
2549.0981963927857,0.8973028051689484,0.005593666764252958,0.022001593688181994,0.044059250154689825,0.02092179261530665,0.007605642170675326,0.0025152494379480014,0.09548176285308034,0.006052170685092426,8.020289472326298e-05,0.0010697519969421244,7.764006984276082e-06,5.54239423233234e-06,0.0029254737480932705,0.00024730563384760056,3.002843344527242e-05,1.2410735333764178e-05,1.0894888096686233e-08,1.1062137857255028e-06
2555.1102204408817,0.8974304434686702,0.015177546964445673,0.013296130020911961,0.037991596752110404,0.014161117805699827,0.01693309612560322,0.005010068862562005,0.09149050872570272,0.0096600016913148,6.0106343998979235e-05,0.0013195843105119635,3.188650406949132e-05,7.468955735126855e-06,0.010943759941749167,0.00021432753860088866,2.005171472211993e-05,2.368136797803389e-05,5.600502077555169e-06,1.2692845602607855e-06
2561.122244488978,0.8976726886484162,0.014545459004471567,0.014354907696009963,0.03882886360147243,0.007591418814412522,0.024514194060911293,0.0024924681743091867,0.08964941112088827,0.011227678769201119,3.378049227175008e-05,0.0013099757615890185,9.591355774299476e-05,1.055164989381233e-05,0.010643090567349377,0.00043818639498682913,1.1807529749313002e-05,9.881471523609817e-06,1.8370292123398908e-05,7.97585925785796e-07
2567.134268537074,0.8977950466579822,0.007964932458656373,0.028050983674180695,0.03220364608056624,0.01926462889822334,0.013952315439364678,0.0007684467910298305,0.09211972103816672,0.008702250550358155,1.5495529242182465e-05,0.0012654808775761648,8.683634919492941e-05,1.5168997482989535e-05,0.004308448914098746,0.00040096215616296937,3.6804133487139277e-06,1.878223400014419e-05,7.382042412061681e-06,1.0025516146344541e-06
2573.14629258517,0.8979706747892784,0.02047154868677932,0.017093564936644705,0.02573695947004149,0.01091874085385256,0.025912415239311266,0.0018960960240956336,0.09545869391304732,0.005054910124157254,1.1192018038484457e-05,0.0014628024108559565,2.095864186066526e-05,2.0768102765299476e-05,0.017288277616778563,0.0002208562623360503,7.677781511517618e-07,1.4619409782606783e-05,5.274464258955095e-07,1.6219553086571658e-06
2579.158316633266,0.8982764196430905,0.01754262362905983,0.020184876314365625,0.02614684033105836,0.004535719911323415,0.03212483735829903,0.0011886828128066943,0.09528672243632724,0.004498300423361773,1.3819363823307326e-05,0.0018865186496680472,1.1623064651657456e-05,2.6596419080926545e-05,0.01307150494481923,4.1745548934089645e-05,3.181812735145505e-07,6.396664352955818e-06,4.255277758606862e-06,9.68697434241201e-07
2585.170340681363,0.8984146495809247,0.010786923225918,0.03269456233931847,0.021370992536441973,0.016275598073230518,0.020302970244464195,0.0001543039997058749,0.09186468371297844,0.007345020792269199,1.6440857830893357e-05,0.00227642953859075,4.955333779757842e-05,3.322217961216904e-05,0.005343529850773268,0.0008050131900590422,1.3284277717293605e-07,4.9189583146885245e-05,6.8988486341894075e-06,7.172544203460913e-07
2591.182364729459,0.8986454388875146,0.025755673557639962,0.019582917345303173,0.015575749830446448,0.007897705995849474,0.03222332780259508,0.00031918658065466194,0.08907974123801023,0.009764398492026944,1.847756583229605e-05,0.0024127645285518403,3.762924076435775e-05,4.155004730312614e-05,0.01794739597865676,0.000167874125331166,1.1181950378552533e-07,2.1260914186793686e-05,9.95718014871909e-07,1.384374659771504e-06
2597.194388777555,0.8989991880083875,0.020555695184231063,0.02517991479963462,0.016631839571128713,0.0025422887535491074,0.03542977303993946,0.0006613006431328875,0.08998881725977795,0.008589800744787598,1.918710371356661e-05,0.0023452626947057585,6.992371974448894e-06,5.075181665653078e-05,0.014201206980372886,0.0007720624846043493,2.425513564723664e-07,2.3420757551719352e-05,2.09298982505102e-06,9.949706788798361e-07
2603.206412825651,0.8991678092346502,0.013753703126158746,0.03549330668225572,0.015379029097624841,0.012601306125837335,0.023047625328069882,0.0005572204054068667,0.09319420537633641,0.005118393423726212,1.779790459288384e-05,0.0023824821409728224,5.994469587594493e-05,5.936722384911248e-05,0.008070516875407366,0.00014859614086192667,3.886810161973144e-07,2.1310569993813207e-05,8.684500838301592e-06,4.637934624503102e-07
2609.2184368737476,0.8994575723261625,0.030426801085985097,0.0201663463771627,0.010968077216139203,0.004990090194117811,0.03335492624632659,0.0006361865541097712,0.09416647674538715,0.003360169461906955,2.0854884474866598e-05,0.0027872571505214378,0.00013963312000901207,6.80363115417404e-05,0.025562924587999747,0.000459938769466467,9.464268787233254e-07,3.0098549199242106e-05,6.8956365097745564e-06,7.28683111086266e-07
2615.2304609218436,0.8998728130577678,0.0232167443082978,0.028383019128492264,0.01270655818588255,0.0017678988460712198,0.032602408232339626,0.001450558241152524,0.09145421394817788,0.00505438520507782,3.67134768978095e-05,0.0033939804028251075,0.00010952856063935964,7.836534861800546e-05,0.016294588027188243,2.757082622223207e-05,3.46031279337204e-06,2.1483758232536874e-05,2.3839890611883166e-06,7.485445615293344e-07
2621.24248496994,0.9000677655346092,0.01634967455738173,0.036243113470231084,0.01599038626612981,0.009126840499428687,0.020483017120979163,0.0017392025512443221,0.08837072743853322,0.007674440885280771,6.14346824721813e-05,0.003715943917811702,2.0301506585850238e-05,8.93860347110702e-05,0.008874191572367893,0.0010915169170301066,7.2913506705598974e-06,6.355259205815862e-05,5.358807812626894e-07,3.641429364253989e-07
2627.254509018036,0.9004008290458712,0.0336458597854601,0.018799321300942765,0.01342680716391327,0.0024406638768626316,0.02873607253129486,0.0025504462956594883,0.08810150503551886,0.007701826522227229,8.147675755511935e-05,0.0035855527601132337,3.0169571865280016e-05,9.864030685338908e-05,0.024463826602897726,3.9862388032156535e-05,7.176887122113313e-06,1.6174112515415236e-05,1.2240776722477012e-06,1.3590477302179042e-07
2633.2665330661325,0.9008505097465624,0.02494301787406199,0.029133564314941303,0.014758876312370916,0.002068966330910615,0.024458675524965567,0.003786389896191187,0.0904148746790568,0.004955971602528455,8.998458409531322e-05,0.0034756247318047315,0.00010631920549693508,0.00010671545045933276,0.018279349887335528,0.0007066900684897058,9.713008819940946e-06,2.5146195252251253e-05,2.052785893535805e-06,4.038675107273937e-07
2639.2785571142285,0.9010759819543228,0.017979999039341943,0.034851624625766235,0.022304647775110136,0.0066381215297486,0.0136598162406841,0.0034898088350298895,0.09212056576098207,0.0026240092918480987,8.914051986709695e-05,0.003883312771563721,9.028002571481539e-05,0.00011670967570508917,0.012366701098097465,2.4111089105401846e-05,1.4921678010283615e-05,4.26734156164178e-05,1.4296415918852335e-06,3.981184335122398e-07
2645.2905811623245,0.901445917734893,0.034518216633054453,0.015931648760273986,0.021907638515582122,0.0008726464406901403,0.02003959163426683,0.00528434028124338,0.09055000159803774,0.0031827863622519883,7.901136892977686e-05,0.004598261691067899,1.5271351119542956e-05,0.00012874989370395177,0.02925032849192799,0.0004521651095959025,1.3094634672203944e-05,2.2583710690196062e-05,3.0567897568110084e-07,2.5419718101319965e-08
2651.3026052104206,0.9019114168197883,0.02494457640860224,0.02731378306141827,0.021198310199650395,0.0032171713295531383,0.014038134356497922,0.007376607824493603,0.08742960431125525,0.005446706791210036,5.8043325338349034e-05,0.0049647810596223935,5.009913377107191e-05,0.00013934855901846514,0.017766356136551024,0.00014141361598274575,1.147867351501088e-05,4.617752052753361e-05,9.971769066027264e-07,3.2140783591551577e-07
2657.314629258517,0.9021462303565132,0.018061538527078702,0.03136600207074141,0.031244456184208704,0.005531391280811011,0.00600220427003411,0.005648177310616737,0.08644731617277851,0.00625473145425879,3.411577480323796e-05,0.004807352561491692,0.000163019374380944,0.0001472343057775105,0.011146898053902605,0.0007923894539915365,1.2200887402800041e-05,3.156979383159188e-05,9.205926793291245e-06,4.0031077626684034e-07
2663.3266533066135,0.902506606546728,0.03247095958071032,0.012269360976374166,0.03312450014634432,0.0010537487667572742,0.010651284249108555,0.007923539733981676,0.08805696439082764,0.00445032022335677,2.061367151153914e-05,0.00464754099669536,0.00016266104059526888,0.0001552931302897381,0.02567967098526492,1.7869238809484182e-05,8.995048263627893e-06,2.3046194728115352e-05,1.4782326615061765e-05,4.1489316921639737e-07
2669.3386773547095,0.9029467399934631,0.022665306692461914,0.023418944599969443,0.029122868901994736,0.005116152459360436,0.005319664843245047,0.01141032250950983,0.08972275483369835,0.0021270429595771287,1.953472452086775e-05,0.004964947773773621,5.398081879936694e-05,0.00016499889617206767,0.018118620981883434,0.0003650677782679675,7.706913765421378e-06,3.236461644472493e-05,4.434266128868358e-06,8.427522740275721e-07
2675.3507014028055,0.903172593094716,0.016306729157690533,0.026073701471825795,0.03888494757792915,0.005708544538670672,0.001843660696411332,0.00800982346276107,0.08916143317765675,0.0018405026482436128,2.1099414137902153e-05,0.0056073970302816705,2.3349883986177196e-05,0.00017362475098242747,0.01249740452885516,0.00011945993119131642,9.01663918674287e-06,5.084342356869409e-05,8.520018477562357e-07,4.390573789245343e-07
2681.3627254509015,0.9035028860203915,0.027522695194290528,0.008528260225832718,0.04273557655601124,0.0035038191151636165,0.004451409265685469,0.009755353622629564,0.08666671970063138,0.0034698371841007875,1.9605812390984426e-05,0.006075028242322087,8.658398009130711e-05,0.00017933906007660576,0.023525608244542816,0.0002021166567662424,7.174058167214459e-06,2.0023253539088712e-05,1.5008651136997777e-05,1.043505328958811e-06
2687.374749498998,0.9038704931176065,0.018062772064150898,0.01841926021541629,0.03533163660504331,0.007882083018835154,0.001626545046764088,0.014807209932188392,0.08512537733155402,0.004608292625965778,1.714240139768898e-05,0.006108555542969661,8.550595893765449e-05,0.00018463302157332287,0.01344684613571103,0.0002014686104381539,4.4803834869657556e-06,6.508169117625544e-05,1.739514469065491e-05,1.8569342167407246e-06
2693.3867735470944,0.9040531961124164,0.012882341941445687,0.019615144852443717,0.04202946134326064,0.006697480620772992,0.004501647826748279,0.010220727302917098,0.08614078484266649,0.0036707853084314373,1.4194554656027333e-05,0.0059045296502382195,2.4836774819076826e-05,0.00019167275677715653,0.009003198751949786,0.0002906020127163271,2.7988369740453703e-06,2.9258332043754085e-05,4.11655789751936e-06,6.243452605780657e-07
2699.3987975951904,0.9043104098724041,0.020504857487290213,0.005283490337915019,0.046984436437458726,0.008138982735543965,0.00432700928225837,0.01045081384713469,0.08778275580717024,0.001743184301234555,1.0901954467704332e-05,0.005890672626449753,6.381295588476792e-05,0.00019826248239397827,0.01747654832560572,5.136902513104626e-05,2.065582269219582e-06,3.787037278267242e-05,1.5910668756874925e-05,1.4742734787671505e-06
2705.4108216432865,0.9045783458977843,0.01194442399405894,0.013426460694770168,0.03736831847974401,0.011724242255123599,0.004348117648255665,0.016610091030268163,0.08768970665541226,0.0010173298240563357,1.4969698411695344e-05,0.0063226495115590855,0.00017490422573814896,0.00020209418704302532,0.009918670086105814,0.00010818158073930867,2.346793599840324e-06,7.966528541938876e-05,4.5169086878787626e-05,3.1042602452698357e-06
2711.422845691383,0.9047006978895323,0.008528054224132726,0.012982266229544575,0.03936885775882344,0.007924351669844053,0.014720257087603564,0.01177551514052424,0.08592500773202558,0.0020191576258435156,3.326258584333017e-05,0.0069506479642463944,0.000165916903517909,0.0002053092989958764,0.006846652997785367,0.0001413761249995887,6.305002328416343e-06,4.264056380598685e-05,6.35606113971077e-05,9.761169559325132e-07
2717.434869739479,0.9048754443607726,0.012850629064652317,0.0029589795669358056,0.04415092878770574,0.014145746536371996,0.010973014775614198,0.010045256907952398,0.08448137373503904,0.0031228541997751764,5.7303603827268165e-05,0.007201536986724172,5.112619920938923e-05,0.0002103609146573945,0.011105570111270351,2.245746946299517e-05,1.336114870015418e-05,9.313536428306168e-05,1.4123995683352076e-05,1.5510694081019974e-06
2723.446893787575,0.9050289885624806,0.005859937675802688,0.00935714791262379,0.034300466023580355,0.016676042061142645,0.01243841760481607,0.016339000159559226,0.08498546114336301,0.002767774969304688,7.22346879023418e-05,0.006891588691097186,3.9080198788092383e-05,0.00021487174706944604,0.004309883087606816,0.00012976689344210192,1.2418721048502265e-05,9.294255641515589e-05,1.2818145123153996e-05,4.147540556404559e-06
2729.4589178356714,0.9050863224035395,0.0044835485127835755,0.007318937234716369,0.03179722851369159,0.008986463344202106,0.030160322012572374,0.012167177978500067,0.0865096746706757,0.0013778919417464697,7.642731906166505e-05,0.0065962093732766566,0.00013791031238725675,0.00021556397931833373,0.003271243726472174,5.652310867260291e-05,1.5662760075854676e-05,7.298957226940384e-05,6.294875318097163e-05,1.318309303163583e-06
2735.470941883768,0.905179126614517,0.006283622371550757,0.0018995534554367,0.035200299765509,0.020172605221787702,0.02247737878172463,0.008787413789479549,0.08682839548525811,0.0006249453391453515,7.70799287305336e-05,0.006933571812974941,0.00014255200972384432,0.00021432880965555225,0.005360980567234426,2.8811806389713104e-05,1.997906459755099e-05,6.10957214091743e-05,6.0357765559363554e-05,1.48764598957703e-06
2741.482965931864,0.9052409477700767,0.001726106251129056,0.0067043984880199615,0.027015248424446386,0.022333301903026088,0.022835076267654193,0.014144920895652986,0.08556750056573433,0.0012065616187107557,7.207353533495754e-05,0.007657588240976637,3.9935365797056155e-05,0.0002153929033749427,0.0009786304501027917,5.2070321022090815e-05,1.586811220944839e-05,0.00019366857431042477,1.9591641243779185e-05,4.105736625180485e-06
2747.49498997996,0.9052576011742192,0.0022124296807449094,0.0036039527230481492,0.02185851365178574,0.00978038573417888,0.046159542807788494,0.011127574228240318,0.08441464356453114,0.0020709393655183894,5.480131924294728e-05,0.007940334932775395,4.327075300065976e-05,0.0002184088907179505,0.0015088721752445273,3.6773231519394397e-05,1.2882973333870035e-05,4.5597944401865715e-05,1.559206410921552e-05,1.6963052764162973e-06
2753.507014028056,0.9052948187717215,0.0022882130663051618,0.0024115132574197887,0.023338799827324067,0.024777126015060803,0.034906661868331926,0.006982867193842754,0.08479008589533214,0.0019544594030113105,3.399515424290223e-05,0.007528900232982527,0.00017841072685215683,0.00021932981586345203,0.001428721717273475,3.128325943098352e-05,1.0724822944741682e-05,0.00019027142131386175,9.355302357153008e-05,1.156486718633541e-06
2759.519038076152,0.9053079882673841,0.0011708029537523565,0.005518290923363442,0.017922268930548678,0.027764913005850596,0.031607699285583636,0.01070803663352268,0.08611225469202416,0.001029467575718511,2.708097618051456e-05,0.007086702913099931,0.0002189805967332101,0.00021752497886506962,0.00014794889086938994,4.723690776425401e-05,1.0557696294817955e-05,0.00010579664195050872,8.842111663321494e-05,3.830903616347324e-06
2765.531062124249,0.9053307242569588,0.0029719599459390985,0.0023300165469694206,0.012652351754299527,0.010430752207876115,0.05746113261712778,0.008823062670834492,0.08653914174946771,0.0005213739763479067,3.380251860920563e-05,0.007256033930891861,0.00010217067397013334,0.00021675289375962782,0.0016994438390326536,2.7875401513732408e-05,1.4350247747988699e-05,0.00010782166288003535,5.5652221919410855e-05,1.6342400830556954e-06
2771.543086172345,0.9053531358510747,0.0017007386612100037,0.004703669321207616,0.012649838743479028,0.026932501348473328,0.04373333254605894,0.0049267835285017525,0.08554385880243506,0.000977093317750835,3.683675264513476e-05,0.00783633864170671,3.4341567654891593e-05,0.00021839506673802719,0.00013647692312876428,3.8764558423497104e-05,1.715552572479657e-05,0.00011513947403417833,2.147722186583229e-05,8.581749247361706e-07
2777.555110220441,0.9053757014831203,0.004898180172779139,0.0055471241863276404,0.010112748159485766,0.03170394856249272,0.03540803887405018,0.006954258561749894,0.08452196907997052,0.001598069365488802,2.8918232277840388e-05,0.0081576537944229,9.846376452350242e-05,0.000219224280201779,0.002733278905496256,6.566720738803525e-05,1.2780821633125236e-05,0.0002504680334190109,4.469730970778266e-05,3.084790600214173e-06
2783.567134268537,0.9054631587350818,0.007329630527972328,0.0033477437173398852,0.006696101352230357,0.011077769114077696,0.060207141002564246,0.005878455550739564,0.08479319009367273,0.0014430460678800995,1.9388777839830887e-05,0.007938290648842123,0.00012548085307827642,0.0002174448236110214,0.004976775372221699,4.027275731953786e-05,8.727080206314441e-06,5.441422769386855e-05,4.8783034243903425e-05,1.4069489921984963e-06
2789.5791583166333,0.905521387348761,0.004454877566788395,0.008738688353070621,0.006410924111936725,0.02636500282281304,0.04557643053836037,0.002932689258275607,0.08594938511095541,0.0007522847345147217,1.4040398450577867e-05,0.007495042885124663,5.211215098923009e-05,0.00021574737121014603,0.0017855232786005686,6.49113999908681e-05,6.9572251445163985e-06,0.0001702967279685218,1.63975495490151e-05,5.83424630306525e-07
2795.5911823647293,0.9056071666507801,0.012324387255092698,0.006433367663122409,0.00622362142948797,0.032967649609978396,0.03270353846090399,0.0037402689306400487,0.08625499289935283,0.0005557544279801193,1.0002705592107754e-05,0.007312676093333619,4.3061541099763866e-05,0.00021634568186707312,0.009120345872176845,6.994679604838465e-05,4.658221471978045e-06,0.00011458424380395267,2.7099187678591027e-05,2.1569235881905677e-06
2801.603206412826,0.905814802469715,0.01481388387118592,0.005947760272765529,0.005165433140718871,0.01167091024323102,0.05339531601498048,0.003191893987408481,0.08506628517563417,0.0011743760930449639,1.1286235979063013e-05,0.007569811007810517,0.00014602899228101094,0.00021741002554058315,0.010630082656583694,3.564434017673936e-05,2.0483068312707493e-06,8.304837591711162e-05,5.972502497214369e-05,9.993566984412855e-07
2807.615230460922,0.905948844499914,0.009600522997699873,0.014092150234268816,0.0058275090720181656,0.02357798305174527,0.03956915339872213,0.001383836745636742,0.08391984239714861,0.00174266313038234,2.6821993992595694e-05,0.00796632564927965,0.0001784764072996994,0.0002170259219880836,0.004926948257794495,0.00021515683473076288,1.1316748202233122e-06,0.00012689293167008036,4.99927321196058e-05,3.2970245730483637e-07
2813.6272545090183,0.9061299718765845,0.021668138354042743,0.007850721791895495,0.007396473387984872,0.030939233075990308,0.024371746531317854,0.0016437149821891832,0.0841081754471861,0.0014311312883736346,4.991527171853828e-05,0.007982008861761244,8.157436713443306e-05,0.00021722288724650097,0.016062500116089583,4.292699428695547e-05,1.9872520633403072e-06,0.00017682802207012762,1.4402201794953015e-05,1.3174566563358553e-06
2819.6392785571143,0.9064842549128784,0.023891439250074104,0.009143674774608984,0.007697513014605766,0.011911372057819303,0.03925367816129021,0.0016180678287284018,0.08503311188986146,0.000677914824950622,6.158987634671855e-05,0.007481341055684145,4.1194712916367114e-05,0.00022059272736747162,0.018694100610854802,0.00011629240580643729,2.7597519906122828e-06,3.503758150329133e-05,1.0231492315535734e-05,5.685341521444972e-07
2825.6513026052103,0.9067193561008217,0.01556078172553896,0.019932512478288023,0.009720999125013764,0.019559077389615112,0.027791329466338784,0.00071594371438876,0.08523472802271527,0.0006485627113505441,5.829563636236068e-05,0.006985116685580355,0.00012860633052719258,0.0002253345126476781,0.01010243387520336,0.00011316657686649054,1.5938126113368961e-06,7.794912806205129e-05,3.3356060285029095e-05,1.3832898803489983e-07
2831.6633266533063,0.9070032892924312,0.03046103017560097,0.009534029521640605,0.012763849018303138,0.025881649672224838,0.013445531940814517,0.000910620378989767,0.08388730917246931,0.0015884579117907975,5.47621439898065e-05,0.007076912548791087,0.0001613172598353196,0.00022795167069752885,0.023796869449655526,0.00017081303148640243,1.0718508562416645e-06,8.918996935423415e-05,1.968142830507227e-05,6.44662611709234e-07
2837.6753507014027,0.9074938564223379,0.0322973702862389,0.012023283680421904,0.012709735380291588,0.011399157576374103,0.022408495197311522,0.0016681014570292343,0.08221980948223623,0.0023713715997551116,5.586804563464407e-05,0.007566196575009994,6.35527715433031e-05,0.00022934510348796667,0.02407526279844859,0.00013515532274185934,6.195057783939684e-07,2.4178010986717698e-05,6.984407708572703e-06,2.5711642238278976e-07
2843.687374749499,0.9078188070425818,0.020555337725253784,0.025180977114839548,0.015261662854674635,0.015338824484210064,0.014549749395638382,0.0012946413828067898,0.08221944797317597,0.001980360482199997,5.011740918262905e-05,0.0076733914077525365,2.4309383176368782e-05,0.00023356630193570348,0.012865952090861627,0.00034311197068629773,9.512351555520359e-07,8.949359021384621e-05,2.5865563192726146e-06,2.6761104502672855e-08
2849.699398797595,0.908173204891674,0.03634393881624656,0.011232999834751132,0.019736041587598993,0.0189129552836674,0.004084412263055291,0.001516447323011379,0.0833462338805139,0.0009643921799685855,3.6765438513065e-05,0.007102021091370258,0.00013630366555576686,0.00024107885240918608,0.028932243492630152,6.178412895788082e-05,2.6961426714199706e-06,4.407572504236101e-05,4.862021426570883e-06,2.1687408345614823e-07
2855.7114228456912,0.9087605238978498,0.03772166446618672,0.014012987626785905,0.018029246574826557,0.009914705707757336,0.00820105407590164,0.0033598176506971556,0.08345990321210384,0.0008263328361358103,3.3623011839544515e-05,0.006462528012718098,0.00020898617291164562,0.0002481028564463708,0.030919751492919617,0.00010342467039564021,3.590120675234522e-06,2.060250041745244e-05,4.892165750060784e-06,1.0625605222825602e-07
2861.7234468937872,0.9091466806454703,0.02307013174998693,0.02881315948129803,0.019349268561935168,0.011612287140226064,0.004771005232191693,0.0032374671888969453,0.08201344130752858,0.002022895152684694,4.6865830151893285e-05,0.00639793528638239,0.00011893956242794528,0.00025324221535932514,0.01560622853264956,0.0003772842003062638,7.331538873501718e-06,2.0981127444265706e-05,1.1673551799893628e-06,6.466927882769567e-09
2867.7354709418837,0.9095295620755112,0.03775081737736972,0.012670306182214925,0.02504226554020259,0.011639738871410323,0.00011611437512729666,0.0032511955781692977,0.08015834381053738,0.0032270754804507606,5.686521600555432e-05,0.006737326473337797,3.077954263397837e-05,0.0002600474015286789,0.028749231890836696,0.0002019516619955874,9.99667795376121e-06,4.274904982734214e-05,7.515527676506481e-08,1.0061361348995033e-07
2873.74749498998,0.9101281246565797,0.03855778511745406,0.014969778728636524,0.021605834730786026,0.007668005250454557,0.0008050460589189416,0.006265425457175511,0.07965299914411189,0.0029931553941462672,4.756520815379688e-05,0.006828844152033634,7.83150220103053e-05,0.00027099642296972854,0.029327968703148487,0.00028437858755349317,8.952604807900109e-06,4.822480454441088e-06,5.854453962043017e-07,3.7256766423761043e-07
2879.759519038076,0.9105187726749906,0.022320641860035146,0.030162699115295327,0.01997960815725539,0.008607742292627799,0.0021235985502695773,0.006286937349531448,0.08090682381431666,0.0017046465836501419,2.8783403230201455e-05,0.006427668977829539,0.00013001588827254336,0.00028328865771560456,0.015028394266264861,0.00019778325143162933,1.003048878775876e-05,4.856230370727189e-05,3.2865815672185715e-06,8.661313740593324e-08
2885.771543086172,0.9108727452766976,0.03442371752848264,0.01356774950227295,0.02613157676196811,0.0055934527921291805,0.003647253756022142,0.005763504382432815,0.08166976181051969,0.0011944200643125348,1.6560196546743352e-05,0.005883981208778602,6.88189507013903e-05,0.0002937124924488914,0.028357668578572783,0.00022307463115788282,9.746410120223145e-06,1.1179365261341056e-05,3.2838969595809038e-06,3.546710792633974e-07
2891.7835671342687,0.9114228210657177,0.0344675562060157,0.01509220222908049,0.022128622752954134,0.00535209025201377,0.001835646406419111,0.009701061087804407,0.08022112644324787,0.0024094270744943105,1.131569908425206e-05,0.005613157698206258,1.819207100057589e-05,0.00030395994825434546,0.027915207118668035,4.177043573374455e-05,8.005899099946789e-06,2.0759452443991766e-05,1.7327212528644568e-06,1.2730874043169282e-06
2897.7955911823647,0.9117598856888833,0.018455705304052147,0.02912318070281747,0.016992739661302214,0.006228108996160393,0.007613092822456612,0.00982728682433298,0.07806731799040033,0.004098462992772608,9.468312675347104e-06,0.005664686967804771,8.313313082102093e-05,0.00031704491664775693,0.011407917879723967,0.0006112318972300456,6.076747100022474e-06,4.224937348319657e-05,6.896272392701488e-06,3.5047406949914633e-07
2903.8076152304607,0.912036807234491,0.027369048827956884,0.013732481130266084,0.022322561020401355,0.0017322294905357065,0.014240770632339698,0.008566101664014517,0.07741134293766444,0.0043039659411747274,1.7088744708707498e-05,0.005761201700337964,0.0001381340305850169,0.00033145941104339234,0.019887753025925055,8.326726322918285e-05,3.9058767461875664e-06,2.6145659360778645e-05,2.114211317912762e-05,7.754274738028224e-07
2909.819639278557,0.9124598485767192,0.02657545773372892,0.014744730672893334,0.01941820512542987,0.003930384451622911,0.009925458781516697,0.012945914658094144,0.07862186515643788,0.002885805516440276,3.510373958387389e-05,0.00557495203920392,7.847281073346592e-05,0.00034395216088645955,0.02064638640816094,0.00034188333218265,3.25590459764993e-06,5.076487886367445e-05,1.3856310143712857e-05,2.953084832103908e-06
2915.8316633266536,0.9127061990482079,0.012626155229072839,0.026120991066388405,0.011936940151791604,0.004349068058697309,0.019200508395972114,0.013060138049874903,0.0799788337564105,0.0018260124145950054,4.804126521107822e-05,0.005058026716389701,2.679956129799965e-05,0.00035608723789288697,0.008211235330330484,6.037599465752544e-05,3.3560024803470563e-06,5.123335084234737e-05,7.431305850637584e-06,1.0159037511894582e-06
2921.8436873747496,0.9128878303290643,0.01853601264590861,0.013164376622981921,0.015154944593643804,0.0002224929889678554,0.028974421827160358,0.011059920992278255,0.07927817879292383,0.0027696260747367063,4.4759974587986407e-05,0.00456156118737554,8.610453501444215e-05,0.0003719391063022919,0.0149425566059988,0.00033691571609042727,1.844371375411141e-06,4.3455774201321226e-05,2.9607322880556137e-05,1.0330542536439628e-06
2927.8557114228456,0.9131692537373584,0.01704395797630102,0.014283884723142752,0.01450041637252716,0.0042369660263369335,0.021369684198177037,0.015395836966161794,0.07692940949643134,0.004868774550497261,3.6008790285944925e-05,0.004471245480970061,0.00013488924774384133,0.0003904186967182593,0.01271793373193448,3.683016731507332e-05,1.9066944782841384e-06,4.610711287376913e-05,4.0714942172043146e-05,5.328717278433711e-06
2933.8677354709416,0.9133057109792788,0.006624304778740689,0.021932473465323666,0.0072158895090174,0.003072860922365148,0.032585712775520914,0.015263047569758265,0.07578913605403524,0.005726408170869718,3.6021958735639224e-05,0.0046668279881747704,6.934912455203216e-05,0.00040654572435868297,0.0028148327707923602,0.00045581149519451536,5.616853575739849e-07,7.907250013252577e-05,2.8290486164150036e-05,2.316826725839282e-06
2939.879759519038,0.9133921739226665,0.010184424253947721,0.012081443071600102,0.007740071253775025,0.0005828404761312536,0.043385376006837874,0.012633671015046689,0.07710378481678683,0.004416564823914016,4.0973783032574194e-05,0.004614530351427296,1.1991845050688799e-05,0.00041998045712725003,0.006708065774967045,2.4380965002516294e-05,2.4417305447300767e-07,5.540187029749669e-05,5.4851128657092e-07,1.1683974326402609e-06
2945.8917835671346,0.9135360930583996,0.008437243727817428,0.013956463810438944,0.009304611558247912,0.006580695349406097,0.03155927355304533,0.016625618942649793,0.07906023049651238,0.0027618479510880672,4.17434725224477e-05,0.004089745012904642,7.481256719596881e-05,0.00043552744138200447,0.006241579783430959,0.0002495406287504822,4.035732017356167e-07,8.134207491111417e-05,3.1434549638029756e-05,7.3381067533523135e-06
2951.9038076152306,0.9135894494516736,0.0024072639616868215,0.01740287383835816,0.004983322258867559,0.0027710650702867335,0.04283685881205548,0.016009166607076887,0.07912360455967923,0.0031339242282401227,4.386620389016791e-05,0.003513014023727589,0.00014171438709794504,0.00045442714569658536,0.0005757458613815443,8.827559531808261e-05,8.151025352163725e-07,5.364121109595001e-05,7.328700600534831e-05,4.362066828328096e-06
2957.9158316633266,0.913618025227513,0.004244198468708289,0.010854994771557155,0.0033753385915727073,0.0020852200129030814,0.05298351651558107,0.012838706412169804,0.07700504419119349,0.005408842191580249,5.5504662202895386e-05,0.003351460276244801,8.958944918040634e-05,0.0004715340020902692,0.002896304068777314,0.00016820769233146822,5.159541202835324e-06,4.9186151684997834e-05,5.417824359570599e-05,9.645283904658818e-07
2963.927855711423,0.9136669375484965,0.0028262802614633193,0.013875732744421575,0.006008879591147837,0.010560632171812655,0.03666062155201514,0.016400916130647727,0.07526656607280591,0.007017929925545761,6.697877259983556e-05,0.003481710455340445,1.598647358888975e-05,0.00048389075162740783,0.0013135231761708798,0.0001204803153946071,5.059168339633494e-06,8.338547571723306e-05,9.320575373388859e-06,8.809477378735071e-06
2969.939879759519,0.9136811332928266,0.0014527273574485595,0.013210210701188533,0.0062898091229771635,0.003882903354742207,0.046229213858802264,0.015254002312018879,0.07616603781912956,0.006127407237925029,6.181237077587457e-05,0.003424282540570861,4.3205513385610645e-05,0.0004961212253906705,0.00043047236740996833,0.00016063547352599287,2.930071604707863e-06,6.046771291527289e-05,1.8972391901243087e-05,6.2379031485859825e-06
2975.951903807615,0.9136986542459459,0.001843586259568989,0.009860587623670718,0.0040538849572610445,0.004184183357964728,0.054790485116294266,0.011568618439298677,0.0786085160679932,0.004020917705495205,4.130725282756628e-05,0.003023338194981763,9.485463697336602e-05,0.0005124118957873247,0.0007158630806631082,0.00011036223448785159,2.3523422994349507e-06,6.327788352879944e-05,5.710285593959178e-05,8.711605589943685e-07
2981.9639278557115,0.9137085423927389,0.0012251020451079933,0.014032574678123222,0.006198482708267026,0.015197946282330926,0.03493880795931052,0.014698543934125473,0.07953277149477406,0.0035756517581523434,2.1796910754941444e-05,0.002570585298935105,6.148678013905325e-05,0.0005291653645096674,0.00029556345169214803,0.00010169264138397302,1.5083950787292494e-06,4.5018708626227814e-05,3.273641255927787e-05,8.53134549759053e-06
2987.9759519038075,0.913741834743723,0.00427117699829751,0.009748485780974377,0.01078979311236651,0.006583935976489989,0.04158916037598676,0.013275613012166154,0.07767684565759325,0.005662864726682398,1.2213129212377058e-05,0.0023555882282398632,8.813209913810106e-06,0.0005418403046396023,0.0029447480597690812,9.85381353424904e-05,2.5319882760097984e-06,4.854045006833964e-05,4.977007329460903e-06,8.005278515762118e-06
2993.987975951904,0.9138002315613601,0.0030724584060357854,0.009330568366284146,0.009569357422322544,0.006742847170646652,0.048342726937160165,0.009141810136195054,0.07528963661738575,0.00796988352477291,9.68093195327429e-06,0.0023451337675619174,3.265450916132992e-05,0.0005527790878091544,0.00188054187826065,9.624569685172713e-05,4.389962967393928e-06,2.3597233887318185e-05,1.4489654613612136e-05,1.0912598533992314e-06
3000.0,0.913824257597659,0.0033566194151514414,0.014322076073315407,0.010139236054691593,0.019333027938255365,0.02726958444354738,0.011755198477384215,0.07539218473440838,0.007823767290968951,1.2175563632350036e-05,0.0023098374677987528,7.21659625232007e-05,0.0005656113830137557,0.0018758319348723472,0.00021096152429503023,7.715499642834061e-06,7.582646808944599e-05,3.0105577101138626e-05,6.922568784336579e-06
