time_fs,ground_population,"electron_(0, 0)","electron_(0, 1)","electron_(0, 2)","electron_(1, 0)","electron_(1, 1)","electron_(1, 2)","hole_(0, 0)","hole_(0, 1)","hole_(0, 2)","hole_(1, 0)","hole_(1, 1)","hole_(1, 2)","exciton_(0, 0)","exciton_(0, 1)","exciton_(0, 2)","exciton_(1, 0)","exciton_(1, 1)","exciton_(1, 2)"
0.0,0.0,1.0,0.0,0.0,0.0,0.0,0.0,1.0,0.0,0.0,0.0,0.0,0.0,1.0,0.0,0.0,0.0,0.0,0.0
6.012024048096192,0.014395382264413567,0.4525610625639619,0.25029404247392845,0.09338929744755373,0.025371932135284478,0.15567338288713103,0.008314900227726404,0.6172300307554177,0.06938002948758545,0.08798521582548578,0.032489170720398364,0.16268209494456887,0.015838076002129973,0.3954788208138801,0.027693454827296553,0.08683762889064826,0.01958990195873923,0.15209334816645306,0.004663360975455341
12.024048096192384,0.02895203985703446,0.3592961380124409,0.04603924510161583,0.5051922698450698,0.006413325229323395,0.04046349602014655,0.013643485934368555,0.3071540749904827,0.056928617687853844,0.49506762093183426,0.02100969228557826,0.04987478270393469,0.041013171543281296,0.28114833262067,0.015444416764761168,0.48602943725439696,0.004476197880817379,0.03918847263781197,0.010830606824692019
18.03607214428858,0.04280239854408016,0.27518913213363183,0.1711076954782368,0.3854066654102134,0.021158946910252892,0.09920440365235232,0.005130757871232217,0.3835620754745891,0.025426260373759217,0.3673164298895646,0.027331822428409088,0.10997718554194331,0.04358382774765413,0.21337206045443025,0.013579286610623608,0.3526840348965782,0.020203987878448668,0.09700107192559984,0.0011680631334065282
24.04809619238477,0.05648453692860527,0.6439937061541676,0.09545766954960165,0.11050572907956945,0.01315060549905505,0.07211536935164307,0.008292383437357949,0.6326318809114284,0.07448908929105921,0.08882173062023112,0.010738029513995198,0.09433183576296005,0.04250289697172065,0.561144460638182,0.045047147128187116,0.07046728676744508,0.008408374925697529,0.07075237632545486,0.002409067305139781
30.06012024048096,0.06783640372044435,0.5661346453272189,0.18712761756533647,0.11329764176995238,0.008140103336314927,0.04402921773562816,0.013434370545104435,0.6991089633332823,0.03187703863790991,0.08014395784111282,0.022475398396659314,0.06967021779326069,0.028888020277330215,0.49203293670230164,0.009208201786384904,0.049827424716930094,0.0036507768620601695,0.04329639374337767,0.0098136104853844
36.07214428857716,0.08014810961953914,0.4649143718507663,0.052843561191712636,0.21716931998477984,0.01111738397518872,0.1719656952535823,0.001841558124430729,0.48821324929110643,0.030461560344815574,0.17489161485375274,0.02346736843835139,0.19839116068538332,0.004426936767051074,0.3919489511474751,0.00166223561117577,0.14017244519379107,0.009946692392099865,0.1688995781697971,0.000525177561411406
42.08416833667335,0.09115755847250091,0.2692798225234361,0.1828360920012689,0.4412573345962441,0.002060069506271111,0.004275206960611781,0.00913391593966676,0.37307279671736227,0.08897328831038818,0.3912304194498959,0.002798485451269205,0.041341845135816666,0.011425606462766556,0.18945155608973027,0.0312052164142911,0.34651258896978954,4.536369178790359e-05,0.002543252359441461,0.005974017424397092
48.09619238476954,0.1027187971290098,0.3724495325160391,0.1225793942135783,0.2537451083804957,0.029708204903793098,0.11316518648987586,0.005633776367207804,0.4029342244694921,0.06861000685228048,0.19734189634427254,0.03749387681809673,0.17077890260337378,0.020122295783474218,0.2646594912651981,0.031126854663720494,0.15155187202369963,0.023047959129932277,0.11064716518686687,1.6257342138790515e-05
54.10821643286573,0.11261294100137316,0.4710931741039791,0.11296084022418076,0.28330318899471435,0.007859208098612291,0.010749601639868728,0.0014210459372711733,0.50396752571316,0.027010056330636568,0.24663148013739924,0.03039291591015323,0.05000362179424754,0.029381459113029865,0.37329918645755406,0.013499198277965946,0.190246361224753,0.007276933085553569,0.0089568817327423,0.0001639878401418294
60.12024048096192,0.12338835189647587,0.40304301786931784,0.143010134950529,0.17445841399472062,0.02173541080380794,0.1276888908010031,0.006675779684145259,0.45375951248712165,0.027860277497934537,0.15733660115124992,0.026417666381329356,0.17757894848414274,0.033658642101745545,0.2943081992567481,0.018980920987269556,0.08218508147420449,0.017297313406928933,0.12387193828821341,0.003170673703363685
66.13226452905812,0.13249505543725904,0.4394659293160328,0.1156895567919308,0.22048113435746028,0.008245813698394947,0.07838947708301101,0.005233033315910839,0.47813807391737145,0.008206994414818616,0.2102798524414939,0.01283391738340319,0.137631662847042,0.020414443558611464,0.35510297379979616,0.004307339757597639,0.13298356963182395,0.003988066143441155,0.07696320309532613,0.0018967565306444128
72.14428857715431,0.1429206610306019,0.40085853273215766,0.12768864200312052,0.26845133872270643,0.010676514285725226,0.03909556298461639,0.010308748241071638,0.40678568509061275,0.05420796839328881,0.2344169907551943,0.027891839858743595,0.10713412069860762,0.026642734172950794,0.2973293701720079,0.013640009598899518,0.1677687638752587,0.009604485445551002,0.03707292866023651,0.009203769359377782
78.1563126252505,0.15268552948594577,0.34854571376865934,0.11349427489428725,0.2608003524436321,0.016504280529799045,0.09670123580828772,0.011268613069388637,0.3019619819864716,0.09962636833193397,0.24076910099451398,0.02098113410670494,0.1738133113482164,0.010162573746213106,0.23036651796528684,0.02948757878755086,0.17267391524656953,0.010032462073915076,0.0950145056773579,0.006036577886294425
84.1683366733467,0.1628990699081601,0.30577814532533537,0.13186542808313392,0.37727138940562616,0.004088520143689417,0.009329948900779964,0.008767498233274943,0.3225106233328638,0.04172893786540769,0.36370630882178984,0.005658042932385533,0.08164655645031994,0.02185046068907306,0.20490237169068737,0.0033969434883659665,0.29223840422197095,9.143749424501274e-05,0.008274929331265682,0.004262566096026261
90.18036072144288,0.17227237785558144,0.4305650531206647,0.08551595771997371,0.13236192077018444,0.014802098892108125,0.15676672532190258,0.0077158663195846895,0.3832256952337276,0.01596946734360607,0.15152584607826453,0.020683721541147754,0.22725102437240746,0.029071867575264844,0.33554802966415836,0.007254891352392362,0.06936621351896483,0.013544821148518627,0.15468151583572237,0.005389566932355016
96.19238476953907,0.1822410643660778,0.5033519156434082,0.15950659474682805,0.1391852612163617,0.00450143325706615,0.006213750969286819,0.004999979800970961,0.4969563809448605,0.03220113668082486,0.16001866220158897,0.013031574148728617,0.08525818016392571,0.030293001493993305,0.40165974364845786,0.022137632524062548,0.07503015186094805,0.00021123520841418163,0.005031339502094303,0.0014443163086002488
102.20440881763527,0.19132548943478664,0.4634154354122379,0.09678279720682069,0.13150457999045823,0.022395053383805635,0.08756714889023832,0.007009495681652403,0.4048872899570882,0.020060813599608956,0.13775284174537603,0.02143404110991036,0.18158028143522797,0.04295924271800156,0.36662986962291716,0.010205866544716986,0.07541860546090876,0.014360996906797693,0.08608888898257776,0.00042605158556353195
108.21643286573146,0.2015747484912253,0.21425684543637477,0.13596457622020436,0.39015516727963995,0.007679866789861791,0.04436437298969613,0.006004422792997385,0.19591040653935793,0.05994764192623866,0.38313438781000225,0.011952441880990412,0.11593272724168797,0.0315476461104971,0.1466422764361698,0.021432448767486414,0.3214221973247645,0.0066284829443982686,0.04232520252231045,0.0032395185042331837
114.22845691382766,0.21165510908274152,0.27990235923767814,0.08093397672030349,0.34220344045462564,0.009708823506638247,0.06815011009743842,0.007446180900574429,0.19908987273270404,0.06538042729291561,0.35004982726286965,0.01607946966673356,0.15126942527659643,0.006475868685439106,0.18734999913739503,0.015287054667197536,0.29690685255221844,0.006394165821829861,0.0664883317852565,0.0036102825991626906
120.24048096192384,0.22173493249353887,0.4390221092037267,0.1394409340603842,0.07999846249314027,0.019545202980053317,0.09395422074303891,0.006304138026117401,0.4707365459036098,0.02255158143149273,0.07655948014644115,0.02891987060734738,0.17490042374910034,0.004597165668469356,0.38085322795048165,0.0014672680143663973,0.026815880715988973,0.012306437850630982,0.09185805408599035,0.0011587808925427787
126.25250501002003,0.2308767538455003,0.604279276177229,0.10165236394128083,0.046398993594780544,0.004097706720041343,0.009199856053634624,0.003495049667532829,0.565064513430484,0.053408931214106864,0.04949920776152353,0.011870574690679803,0.07591398433409641,0.01336603472360847,0.5448190715530801,0.033347431920211064,0.002159222779074736,0.0023345490953348928,0.007673770875485173,0.000983371288222973
132.26452905811624,0.2410282319672331,0.2897493075020674,0.1494036926863726,0.1757280161494691,0.0241731728328973,0.11348373988491642,0.006433838977043503,0.3273479144301341,0.03381915705609563,0.1644599046980458,0.029539921647685846,0.17622770266848173,0.02757716753232323,0.23528669870236657,0.015602540118474372,0.12573415749983802,0.01755503520810308,0.11106557359692658,0.0005806419539992793
138.27655310621242,0.25065916823844125,0.2236935452730247,0.06012065956848973,0.44315178448325243,0.00509126677668143,0.010066584306238078,0.0072169913538718666,0.19744329478763165,0.016503393234079945,0.39729913483854823,0.017030715188158414,0.0655717052782043,0.055492588434935645,0.17621631842095797,0.006729975182320002,0.37371809442332476,0.00025380962733507323,0.007551802794521902,0.002964732830304719
144.28857715430863,0.2608920296672068,0.20857664688673283,0.1680673978439185,0.23625753946542008,0.0128494579796236,0.10739837313792759,0.005958555019170038,0.2824741995713919,0.057689019137347496,0.20571097451119416,0.027179179047414435,0.14323387955234912,0.022820718513095504,0.1722498754463823,0.031459614426948015,0.1846882377317568,0.010849171241143821,0.1032679568956337,0.004032597629023562
150.30060120240483,0.270548893862426,0.5465802293078631,0.04256174239613931,0.10082279644623778,0.009908445431035924,0.024313405221813345,0.005264487334484144,0.5354647858123137,0.05518142572686975,0.04904734043868694,0.0102321177635813,0.0695644041232466,0.009961032272875288,0.5088207232618449,0.008162341761233021,0.03786079536466282,0.004217128292759031,0.022585662662221062,0.0004039861133160108
156.312625250501,0.2793671651098368,0.36459730019516245,0.1821868817981261,0.09679057517790517,0.010251939039221034,0.05876373104970572,0.00804240763004233,0.5383230668492537,0.029664410689028645,0.037745285473140315,0.014703909455565354,0.09757276759420881,0.0026233948289659387,0.3330482893762754,0.006294521313844875,0.02685682573934917,0.0019837298169118464,0.05519433013047356,0.0010135910775651966
162.3246492985972,0.2881041992442015,0.3063537151495387,0.03836896928300763,0.25077506601511707,0.014666290494048809,0.09077828933669582,0.010953470477390186,0.32769393087788073,0.05093156627055032,0.17330045661127846,0.026215147143300074,0.11592037376120774,0.017834326091580845,0.26175523663349587,0.008588158491153354,0.1640504786338929,0.013283463942466375,0.08671458657987076,0.008334318251743892
168.3366733466934,0.2968197396733366,0.16951793652394825,0.14898673164441498,0.3515898594891989,0.008233961657071836,0.01809948789057285,0.006752283121456177,0.3120020733009036,0.039253432098069724,0.25604219920784954,0.011253694300795897,0.05142265597152893,0.033206205447515236,0.12956360294674402,0.011028853182500159,0.2520959988455721,0.005939799644124406,0.015102128574410527,0.0018932346186033037
174.34869739478958,0.30524777660708213,0.3208292974557595,0.05451895375043905,0.20973032809232434,0.02633052085902254,0.07263544241764693,0.010707680817725112,0.3995307537089695,0.03054722042769103,0.08958518352449378,0.021708703440680325,0.10890192835388175,0.044478433937201155,0.29053675317886857,0.013796604930659128,0.08705633939108494,0.01768872307163186,0.06921285890778131,0.001998254689763284
180.36072144288576,0.3125515126501526,0.2906753785324174,0.16059458738650578,0.21800124909959448,0.002343282368574175,0.0031536853174063658,0.012680304645348653,0.44718239946543437,0.03438796459445527,0.12906014270429425,0.014537554785773893,0.028724524554966886,0.03355590124492218,0.23960488305693128,0.01872877058736393,0.12484259684197403,0.0004239557916912482,4.477534276874753e-05,0.009238364662337227
186.37274549098197,0.32106984894105084,0.33473641273856375,0.052458007250611706,0.1588539547662899,0.012575642299192826,0.11407851981342719,0.0062276141908633766,0.4413377672408884,0.01096386754818383,0.050551012876331534,0.019617656447920316,0.13649652627491243,0.019963320670712235,0.3081719771075811,0.002333794467019719,0.04714856697227999,0.008301101638308607,0.11086881014171192,0.001994192341697021
192.38476953907815,0.3277994681225048,0.23916904083385454,0.15642293826354015,0.232319148321913,0.006445989467200308,0.029032213760324253,0.00881120123066225,0.4326903464498082,0.034838453385595484,0.1360382495953222,0.003953748733317056,0.0569439783023484,0.007735755411103137,0.2010009386728958,0.00664384922191998,0.13365086821745623,0.0011744262208692052,0.026788868381018575,0.0029345962498418835
198.39679358717436,0.33583020003782227,0.2872173590032672,0.08476278911676455,0.23249837184297195,0.00915949466609349,0.04634828814428263,0.004183497188796981,0.3435625384898417,0.08899023764708273,0.12631751684820525,0.020447135280703542,0.08005780543964454,0.004794566256699051,0.2216692176813956,0.028485499249024784,0.12168362566025995,0.006493088203030973,0.04494097889233652,0.00011167408147396172
204.40881763527054,0.3428694218831813,0.2591889108466934,0.0921498818112577,0.2487382183626979,0.013088502778543442,0.03930019122386066,0.004664873093764749,0.3292626156467405,0.04804865706171599,0.15682919491076522,0.02998231347256366,0.06982569310068652,0.02318210392434595,0.19715279425447582,0.012891901908209165,0.15087459206887727,0.008776248053999429,0.036942414487660113,0.0007044521859949225
210.42084168336672,0.35095554336961565,0.22821608655135026,0.12092631748660815,0.2513683579846909,0.007772992639729878,0.03418391667270395,0.006576785295300201,0.345214414594526,0.017640365712651165,0.17554438407001605,0.012500445722320893,0.06548335248617958,0.03266149404468969,0.1840295517243659,0.016109923249369107,0.16762507255857145,0.0016759773499602103,0.03287110673666738,0.0013925649755414673
216.43286573146293,0.3576639839647409,0.34064842537416984,0.08999549890736819,0.09551453304331665,0.010946494708721955,0.10231937336863958,0.0029116906330418166,0.39330055460803753,0.0223214522581571,0.0543424579078096,0.01617012892238017,0.1255717526575799,0.030629669681293766,0.2917890050392714,0.012861577373870704,0.04008396770869246,0.008703426301078634,0.10042552164737886,0.00010421996787394496
222.4448897795591,0.36607857434219665,0.38153640042048054,0.1178397979793786,0.11904649406267095,0.0029018114223500467,0.004543932547424227,0.008052989225498004,0.4627714559662857,0.011918263459756863,0.082893538968177,0.025655519530035944,0.03136633028445178,0.01931631744909508,0.3263520260403186,0.003787983776854667,0.06901421121913749,0.00038285765533216105,0.0010765449517388904,0.00500803052153597
228.4569138276553,0.3730351149198069,0.3168555411057704,0.08141771363724544,0.11944543503312802,0.020787922863742477,0.07561622960815592,0.01284204283214991,0.31540848404755484,0.05978025324376854,0.09392662869644934,0.024846258435550977,0.11780537037163075,0.01519789028523768,0.2585947337417557,0.017559633741134895,0.08156490497387264,0.011408941942974479,0.07286733273765927,0.004718589714897556
234.4689378757515,0.38138024161518563,0.1479235725192635,0.12574137285548295,0.31529108899520686,0.0059342523550049734,0.016048475657465238,0.007680996002390014,0.19670404596587598,0.062496263309036404,0.2882480453693425,0.009589363363574554,0.0539315178851049,0.007650522491879183,0.08658458088143745,0.012084937068745794,0.2686245816735396,0.004199907474522622,0.013159167208575621,0.003456807176028843
240.48096192384767,0.38901381739932095,0.28388089235459196,0.03999826820505206,0.19359009069181232,0.011184325449527563,0.0749493453032673,0.007383260596427185,0.2553927997525155,0.026152041460951653,0.183277778948873,0.019688034936767435,0.10939867746668047,0.017076850034890317,0.23651489964275996,0.0019392026502526973,0.15660729561219597,0.009692734935611172,0.07021355579765795,0.0030136018121522537
246.49298597194388,0.3963088036787782,0.3366223505239578,0.1657501616389307,0.04338834949458732,0.009636196177228948,0.038307387899086,0.009986750587430452,0.39092899176029533,0.026351708652601658,0.03957597075375209,0.017676613108194468,0.10082226071705573,0.028335651329321924,0.26405584536055093,0.01871881826780442,0.005195269108647537,0.0022721566086830137,0.034091435125323546,0.002823253118586742
252.50501002004006,0.4029785297455512,0.46474318089325484,0.0507179252411751,0.03691318696147451,0.010128833029489206,0.02737072760934162,0.0071476165197129635,0.39498899369986745,0.025385471294623548,0.0443315870849605,0.009050053289673442,0.0890397029396329,0.03422566194569043,0.38791735181223097,0.0057177657519140645,0.0059018552038550606,0.0046447498251282636,0.023658356136512817,0.0011609111279626333
258.51703406813624,0.4100441063938598,0.1913542963759753,0.12357794205572083,0.17704165588806461,0.006966954004910301,0.08432704633179229,0.0066879989496761326,0.20922151460203026,0.01606814893810516,0.1743362736018625,0.010211138831142623,0.14048723601039206,0.039631581622606805,0.125986166995105,0.00615077609470074,0.1393195157870566,0.004486606329554676,0.07674901700992319,0.0023584660241430895
264.5290581162325,0.41680895695732567,0.1908144734069833,0.06556233177994976,0.2996032673985064,0.006606320937539121,0.009535760771930132,0.011068888747764875,0.11749238796078164,0.0520474752142207,0.2949565085556409,0.010406143344395385,0.07512045097021863,0.03316807699741633,0.10098443874426583,0.013824123988547493,0.2573955862132395,5.595980051874268e-05,0.005335024365774054,0.005147420004711934
270.54108216432866,0.42340118779573677,0.22379763788415866,0.12291693016800558,0.12391859093415915,0.015410678886816397,0.08520047013555203,0.005354504195570653,0.21565607584492025,0.05355784806549057,0.13279719207458537,0.022048268679106694,0.1466875472116992,0.005851880328460443,0.1361039715443272,0.005328485504373113,0.08320842863724075,0.010678315056591982,0.07811345016330572,0.0011322500313360251
276.55310621242484,0.4298398262424094,0.42971617635921744,0.06472899801616956,0.05995561296462124,0.00578989995717727,0.006246921982950377,0.0037225644774539937,0.3855453432228466,0.02053545487664945,0.07087579364504788,0.0077824979754059585,0.08101348558328078,0.004407598454359166,0.3670933704142686,0.012048149366202217,0.01972490326431689,0.002429208412786676,0.002783216951018796,0.00011704157958927651
282.5651302605211,0.4353661942826456,0.27976795309621233,0.13408231815721983,0.06374073047787758,0.01631896924140855,0.06257468493360291,0.008149149811032527,0.2790099446770704,0.031780801614905305,0.07881470244509484,0.015169036180986327,0.146093704088059,0.013765616711237856,0.19298258852605107,0.01106096061851876,0.01896319130452735,0.008281320410960722,0.05771877762520537,0.0008505985009691072
288.57715430861725,0.4412305817954114,0.23391574803273302,0.06422564616452874,0.20770268413308424,0.0064084333315448236,0.0427892422020071,0.0037276643406899757,0.15300340756301703,0.023035426286699585,0.2101920917251668,0.01858368677148136,0.12352447186071872,0.03043033399750434,0.12859154684793955,0.005836511969804,0.16022987676923195,0.0030628643737358927,0.03839649138921468,0.00019282008415307772
294.58917835671343,0.4470140650571815,0.17548786726639362,0.1192132786864331,0.2104242097303137,0.009902353671666721,0.031974024356838826,0.005984201231171846,0.15498972918043397,0.021806526287722627,0.2064304520658235,0.01877415653438037,0.10589094211650528,0.04509412875795211,0.09184213024965351,0.014393299245844034,0.16075120545217728,0.008107253214797374,0.029155824604644404,0.0035315058175189613
300.60120240480967,0.45282033517722825,0.27969307847654834,0.09014743391641677,0.1126792483394017,0.013406092830414681,0.043542086672410885,0.0077117245875788715,0.22128037638625156,0.05362874051274153,0.10647633264884465,0.009353889629729177,0.13657629703849924,0.019864028606705116,0.17987967609526678,0.025183636136482796,0.0580229579959537,0.004291389451662642,0.03981525041755155,0.00019441339816344465
306.6132264529058,0.4579635345217856,0.2896312504712304,0.11717741449252214,0.11580053976224479,0.006237488111337624,0.007639088788135877,0.0055506838527431095,0.28509021449271454,0.02479769949920917,0.12629923726167455,0.01108072972711749,0.08736423113186167,0.007404353365636562,0.19710011321781806,0.0034144979263594543,0.07033654052278879,6.221749475428893e-05,0.004174732484894182,5.93534089055151e-05
312.625250501002,0.4633512615366729,0.28711203115540607,0.057743970648854184,0.08724516641705682,0.008716948074788643,0.0885034706750412,0.007327151492179813,0.2451278606762136,0.02062737381408449,0.08393966662822136,0.022551583115195492,0.15812846797411248,0.006273786255499342,0.20146411018932836,0.0006496641218019202,0.0317481627455248,0.007292670586120385,0.08606277659668973,0.0043872052616351805
318.6372745490982,0.46835608502225534,0.21646357832869617,0.12780458748482687,0.16647281383507595,0.005945071732168884,0.005816756072858543,0.009141107524117578,0.21320737720973565,0.056957624642495985,0.1621682455396784,0.004910177482912848,0.08426983330556954,0.01013065679735154,0.11285294247503076,0.011210206713939396,0.11690268832158078,3.970297864974734e-05,0.0033496486653189035,0.0013876362043269358
324.6492985971944,0.473474725710085,0.2525737896187529,0.06403348659051364,0.13999184293815808,0.014112874501507952,0.047382353436653764,0.008430927204328038,0.20691517991677555,0.03756190648417582,0.10597225493467734,0.017429774563927317,0.12885212239818997,0.02979403599216839,0.1505770937569578,0.009734636412557349,0.07271987762758322,0.008001702601888875,0.04339748629493131,0.0013948508454658698
330.66132264529057,0.4784125818990646,0.207761114673161,0.11867982855360733,0.1642897515034062,0.005859688887626666,0.015150427871069657,0.009846606612063921,0.21107178181815478,0.020650708426600314,0.15114225152710017,0.019336735314480748,0.08490515153806245,0.034480789476536225,0.12449372127733772,0.01564626139524876,0.1141845804792758,0.003342538970420244,0.012933313221299706,0.0066616519085341734
336.6733466933868,0.48397061179380374,0.2495211376178816,0.0659577678477789,0.13779776391824794,0.007390544686680818,0.04603077702440349,0.009331397111202972,0.23258737251417902,0.018538106233301963,0.1119147065665182,0.012961273229846764,0.10689492721015167,0.033133002452198065,0.16126391029872436,0.0005932096298678248,0.07926967214773678,0.0020369701190129587,0.04107704858414741,0.005305485633222241
342.685370741483,0.48868366981701244,0.25150296096503716,0.11641378282477029,0.07109871252801835,0.011481830604457892,0.05595436366411597,0.0048646795965872755,0.30864608301935276,0.010227758494265566,0.05326641544625052,0.011002369711197602,0.1089725507924987,0.01920115271942176,0.19682862295323153,0.001719903882822365,0.03105386151103061,0.006194578995250257,0.052172054468982654,0.00028932235957462713
348.69739478957916,0.49428195566986305,0.3209397122404679,0.06187993909571137,0.1043476706750588,0.004252705159088563,0.011482035225913845,0.0028159819338959956,0.30427650824775043,0.04379044422009991,0.07941067704137082,0.014859509993355176,0.055120965881075554,0.008259938946484559,0.2513968956185086,0.008196512167483981,0.057655079624275254,0.0022996203764869753,0.0063135256728977015,0.000892292857926449
354.70941883767534,0.4995439475034607,0.19943503854068018,0.11608907682210264,0.11696026131378608,0.017764903651342336,0.044649669655065234,0.005557102513562311,0.20673946519334807,0.06495078471804062,0.10306515888263008,0.021847090502250904,0.09397255366652475,0.009880999533744337,0.12500460121231602,0.018952233998269966,0.08831113861264822,0.010604619183087463,0.04019331584848106,0.0005218260227663075
360.7214428857715,0.5058754836113283,0.15804004158173185,0.09300282490134984,0.22736218616897386,0.004098573643915604,0.006728075194933052,0.004892814897767078,0.18580424625432285,0.0378403551279043,0.2074040538160608,0.007053717296028426,0.03248916480672096,0.023532979087633937,0.10482514467124912,0.015979133647952757,0.1938672433554231,0.0003748490907083454,0.001579613184433568,0.0019600317296779622
366.7334669338677,0.5113449836009634,0.22578462473247576,0.08494667037709913,0.09343173802611877,0.00675368105326275,0.0750246196548251,0.002713682555254528,0.24845912407608328,0.02375131457962802,0.08787776580124033,0.010586963227237645,0.0912918972732914,0.026687951441555377,0.1929192832858551,0.016153482936245668,0.07988154411200794,0.005475376917703845,0.06912745085749439,0.0014285113263545314
372.74549098196394,0.5178897177847777,0.31900015279982946,0.11303290767939037,0.025658051640374463,0.005160683327714457,0.013713289886822145,0.0055451968810908605,0.37665007699093855,0.011237244399877541,0.012176136603261145,0.012321634270786903,0.030043785376436663,0.039681404573920886,0.273166795870092,0.004452149066933729,0.00858282985964469,0.0006809417750930261,0.008811244637780774,0.0012443730059264256
378.7575150300601,0.5229313765279571,0.3287509303413876,0.06637862416654443,0.030270271561683416,0.007615136888552072,0.03669748916746422,0.007356171346410586,0.3509669257444513,0.010004120218115838,0.022617709942555343,0.011101589124941837,0.054655694532380165,0.02772258390959783,0.29885816631079865,0.0052167039330405,0.015877766142946313,0.0016217482976444086,0.0333258040014584,0.0015657033343987102
384.7695390781563,0.5293410177665714,0.13612820911362922,0.10565322648172787,0.1730685278137043,0.007823975973882683,0.04276220469067191,0.00522283815981198,0.18662156158460066,0.051335222167851115,0.1624270100711302,0.012378773582860539,0.04435847930777087,0.013537935519214533,0.09233855798919138,0.010454118077712269,0.1513247612240976,0.006970253096479535,0.03656230627485387,0.0013103858494323687
390.7815631262525,0.5348087631584365,0.1767406834892153,0.04391077124042403,0.21393381120736404,0.004770159023486288,0.021045612539531237,0.00479019934154208,0.1527095817039602,0.06659268194870123,0.20323653398824645,0.011309955917426768,0.02829469601071217,0.0030477872725162038,0.11329988417506834,0.004627156362800216,0.18817598434271585,0.002172187693905663,0.017376436468807193,0.0005103395667056308
396.7935871743487,0.5405038149368995,0.18290229293832358,0.14200486349060878,0.06694452365119957,0.01475331118709103,0.04596418095636431,0.006927012839512468,0.26999035844050423,0.031579765708194506,0.05932424698871722,0.025781612408153277,0.06232150955063134,0.01049869196689922,0.14048542897510904,0.013938469817047378,0.0405259208898271,0.009729896314967897,0.04253320184590907,0.0024236354972991103
402.8056112224449,0.5452499355741378,0.36750770723557025,0.026646027617538454,0.050982304186443124,0.0013090995205357642,0.005271476788127592,0.0030334490776460824,0.3571165031801337,0.015515708996630722,0.03279842943742725,0.00840275754297772,0.01472237211654306,0.026194293152148756,0.32589069158664435,0.009134537418630935,0.010819589473202097,0.00015085621253596324,0.0009681104370986769,0.0015175686788746834
408.8176352705411,0.550271858163172,0.1581632269018028,0.14892411324887486,0.07014393704659706,0.009610253488512218,0.0590620774456166,0.003824533705423812,0.26277325711920335,0.007223180670149147,0.058761102763583484,0.014589206441587467,0.07803747352654322,0.02834392131576065,0.10821199086486365,0.0013399966036461504,0.02799682365192632,0.006040685513303527,0.05671256348158911,0.0005743311213771342
414.82965931863725,0.5544449940419928,0.1957409460017827,0.03721036806199758,0.18939642715047184,0.002877018019035954,0.014347667059700874,0.005982579665017425,0.18404999540844574,0.013274427543055032,0.15763785799730892,0.01666771715738099,0.03521482151966912,0.03871018633214664,0.12942162279040534,0.001173219880856959,0.1239107560521111,0.0004215693905661785,0.011588837940700595,0.0039629181433614505
420.84168336673343,0.5589557195448583,0.10942728082141684,0.13960567956555528,0.14865495627330919,0.006266141298118412,0.035320752967520457,0.0017694695292205269,0.17328925194569053,0.04009547471580146,0.13304746112228852,0.01542267018753259,0.0617077217734609,0.01748170071036672,0.04453157285505299,0.01238331175757753,0.095000450244341,0.004774527699764641,0.033028047592050115,0.0005522075002096512
426.8537074148296,0.5632139554710103,0.2599839426824049,0.03866430598990287,0.10748827047979738,0.006419709018996602,0.021762299825575433,0.0024675165323113702,0.23818922047252805,0.04073302426942548,0.08849857986051829,0.0075001575480709085,0.05558763819575059,0.0062774241826951795,0.18275690816074566,0.009022209337877663,0.042827513894001024,0.0036203256085799588,0.018667047302507535,0.00030208849563370937
432.86573146292585,0.5665972548277722,0.1817401563460024,0.1307922330747282,0.09134410983535496,0.005527358478756032,0.016957762883810262,0.007041124553574744,0.25115411202945637,0.03022888371322361,0.08501636960693254,0.008857495395205629,0.048927454402339185,0.009218430025069248,0.1184782663029155,0.005525416370129335,0.034106677981872696,0.000876136257984887,0.014441074542935764,0.0038898618212401207
438.87775551102203,0.5704919855338935,0.2166152625425558,0.04014489911659063,0.10743209921014378,0.004315937282665194,0.05911544553007289,0.0018843707840769765,0.17981394079748877,0.0305817325376311,0.0974725104816588,0.013939080720486509,0.09062901290806714,0.01707173702077297,0.13297900277016353,0.0022894599686568828,0.03946589407367189,0.00393545531999638,0.054132642616824586,0.0009997236891005458
444.8897795591182,0.5738703193207049,0.13597364267499276,0.12650676568798536,0.1533837190238967,0.0022435370570786993,0.003155595385970816,0.004866420849369707,0.1787498237885715,0.017407829352874514,0.14696866389912777,0.003806356468956195,0.046917686276607584,0.03227932089315645,0.07034779479479912,0.006253473112937663,0.09236009704120357,0.00032894639424521676,0.0008922486519650098,0.0016093397771040823
450.90180360721445,0.5776135736301579,0.17359472779312907,0.07265331938562154,0.12477348351905383,0.009453442130620132,0.03641953890810523,0.005491914633311414,0.1632861078347847,0.026614171582778883,0.08815708055540364,0.009379661255592234,0.09087194148147842,0.04407746365980335,0.10267895605295474,0.016765155836336487,0.04314235477125775,0.004586081183094003,0.030854147256937095,1.5507593356831855e-05
456.9138276553106,0.5808631829719235,0.17024925581806444,0.08832765391757692,0.14897248436393268,0.0029295860252168526,0.00459802016510254,0.004059816738181908,0.15787909424441607,0.032444795897020574,0.14926951838136593,0.009841273491409562,0.052317057802339854,0.017385077211523377,0.09552785228450064,0.0016608380135715122,0.09306850242743393,0.0019013736655458875,0.0021037225560996946,0.0011989593802571282
462.9258517034068,0.5847585864198379,0.17667855271031815,0.07702850521218647,0.1082441287330344,0.006454536686141085,0.043830029203053796,0.0030056610354269628,0.17229674652726373,0.025438472550983582,0.09705635504765853,0.015462901715433883,0.0962002344654967,0.008786703273324436,0.10525306337859687,0.00521163990322641,0.04038406161881711,0.005038532449803474,0.03949837441500651,0.00043451268644618984
468.937875751503,0.5876676480686936,0.19247982465216204,0.09895954163045793,0.08677096837521048,0.004653450235863001,0.022839172372895063,0.006629394664716518,0.2003892426192141,0.027409057041790204,0.08303631470454552,0.005835903957791323,0.0908691126520678,0.004792720955896088,0.13719036670822618,0.005197563928018455,0.02972086655117621,0.0013049331980350127,0.01825209683678586,0.0024946498737584925
474.94989979959917,0.5914745584006559,0.18772383270128468,0.08644850977562009,0.10489161652018003,0.007526177605478197,0.017403737374090136,0.00453156762268923,0.15821923198576596,0.049462192366437285,0.08990801954964706,0.015577582759373473,0.08760791067554838,0.007750504262570235,0.11300526347030686,0.012103618663407529,0.0426540122092444,0.005789652700033532,0.014680979382724597,0.0020546706192589707
480.96192384769535,0.5948788813564261,0.14396863854804992,0.0849686272680094,0.13249456919428684,0.00572207856858893,0.033082288924935,0.0048849161397019406,0.11417350152891546,0.032615474366827976,0.10957947561408951,0.01826708161160274,0.09807147880777178,0.03241410671436453,0.08276368624820757,0.008906492724196498,0.06944222762689463,0.0030943817315649885,0.02887953545389448,0.002625723652407214
486.9739478957916,0.5987473096367756,0.12074988529299234,0.0887539970092872,0.17495601192122986,0.003218624457805871,0.007099243160029605,0.0064749285218778626,0.11042995466171482,0.00972693310161271,0.15154122659491764,0.01295971771548205,0.08001915305254712,0.03657570523694841,0.0648289614066308,0.0045487652108127385,0.1146247587568577,0.00021238396734080014,0.0036579721020743943,0.004408843478669451
492.98597194388776,0.6021987186514013,0.1847230330296271,0.07257610331245615,0.07943094374382638,0.005712938896323993,0.054344122979280304,0.0010141393870832234,0.15919462268723153,0.010269219102785514,0.06771726953309111,0.01082921202395507,0.127484898167848,0.02230605983368588,0.1351690778926492,0.0002385449231511206,0.03255648184471628,0.004854904089418429,0.05129254222354617,0.0001632032849665714
498.99799599198394,0.6061752797482378,0.23842586286332915,0.09258051522635315,0.05419839007434557,0.0021893087983240905,0.0034988015851472013,0.0029318417042610368,0.23264883028642638,0.010150559073953486,0.037675892780176114,0.013630678386431358,0.08365511006865754,0.0160636496561153,0.19062965861261474,0.002658050602109194,0.01002518849252516,0.00038286623067713846,0.0005814288051255609,0.0016366663851067856
505.0100200400801,0.6095872138120424,0.19899827000414724,0.08333707830797361,0.06572008115045587,0.009534170202919995,0.02919218142322783,0.003631005099231279,0.16340906212146225,0.04801924187135332,0.04811150438533918,0.0181463852891274,0.10487549015132334,0.00785110236935033,0.14216171406918707,0.007861304635630128,0.024981728951925554,0.005739361567918829,0.026018755745935866,0.0011411708669384214
511.0220440881763,0.6137876988898547,0.1068670512769304,0.08959001434510651,0.16978693388768046,0.003703131161287845,0.0142477006032762,0.002017469835861927,0.088783614576713,0.052900166720961025,0.14992299030583253,0.008549449686865817,0.07652773759476628,0.009528342225004708,0.058916912870620695,0.008340924932392522,0.1310152130726076,0.0030287844095489985,0.011808902016383344,0.0007248422098772443
517.0340681362725,0.6178359959226459,0.12617563908358062,0.07158985421768584,0.14611685877757635,0.005812909786832961,0.029380544923074202,0.003088197288602412,0.10735704991643608,0.028541623355814533,0.11817491123429401,0.009577912667382673,0.09532484638393604,0.02318766051948909,0.09338444408634758,0.01306218614266195,0.1058622010397013,0.004715215748989797,0.02543044202525779,0.0014997693118364776
523.0460921843687,0.6219974663625667,0.19038996065037106,0.10549432792310381,0.04437357052212263,0.006742680397349842,0.026872353284010466,0.004129640860473676,0.20360871366834019,0.01498832319492046,0.02632215680234434,0.01485177049211774,0.08907828145071489,0.02915328802899388,0.14999191929488165,0.007347851816086985,0.016952727175036774,0.003257572459303387,0.024215140421175996,0.0011544086373186967
529.058116232465,0.6255565634296075,0.25336661673459493,0.06366805833853396,0.04517092379509689,0.0014074972914426647,0.007734374241074285,0.003095966169648176,0.23746003445824895,0.009449673026290167,0.00984454478439548,0.009204402355001832,0.06934631064998456,0.03913847129646988,0.20621904306324257,0.003771232540227668,0.005546757474098009,0.00021619263859921984,0.004091112395993366,0.0006120710018609608
535.0701402805611,0.629465911851871,0.1398489539171472,0.10012048434862807,0.07885151798457982,0.006089413940246872,0.040709693520024716,0.004914024437500928,0.1771877020250423,0.01924387001056001,0.048506862850390665,0.007262725768850506,0.09515334831489852,0.023179579178385624,0.10651008355279722,0.0025519741929369436,0.04388486383282297,0.003859519726213112,0.03674279630658926,0.0011371735604290593
541.0821643286573,0.6327396704090921,0.12864604259158816,0.06006023951051114,0.1672314454523053,0.002044833499020887,0.005972077888708735,0.0033056906487720205,0.125806312400043,0.04062012111635736,0.11388465564584876,0.008545292140560642,0.0653127741465539,0.013091174141542511,0.06808986818410381,0.009186667467943601,0.11132833663006543,4.761708603877531e-05,0.002585842226531818,0.0002824838178645251
547.0941883767536,0.6364794919820099,0.10194550881554862,0.1152416255882703,0.10339236593626819,0.0060041108406988335,0.0341110540553958,0.0028258427818064107,0.1580201359487178,0.04141550091999224,0.05861197635676072,0.018347231748160994,0.0819032267941924,0.005222436250164033,0.06264982373428286,0.009849149730885944,0.05533201832292492,0.004743647015633197,0.029642773826945846,0.00119479848178881
553.1062124248497,0.6396100684404264,0.21724175384145722,0.03624809256299979,0.09552736506254463,0.002168168870752959,0.006730302247733447,0.002474248974083222,0.2384841775294059,0.027307265949356955,0.03086760822302336,0.00876382117520021,0.04663025539303837,0.008336803289546453,0.17794066454017637,0.006614418114668923,0.029935109886700895,0.0004991018725000652,0.003074258535356873,0.001093986203004152
559.1182364729459,0.6425661432550747,0.11444801705372931,0.1369818302114083,0.07211335730767023,0.004905890185897152,0.025994993225513126,0.0029897687607049446,0.23359861024210307,0.00965837017768325,0.019709523099041996,0.005843718357126306,0.06516779146427502,0.023455843404693474,0.07820650335276277,0.0009054340421311474,0.018167741142580053,0.0009499256043655941,0.02301418727913978,0.0004983426112983673
565.1302605210421,0.6452475757720304,0.17397036972224394,0.028100655345037574,0.11387191850171206,0.003467003591036221,0.03265552292817869,0.002686954139758686,0.18611795044378343,0.008074176548342091,0.04494104114333657,0.018614077464464952,0.06418153961874924,0.03282363900929089,0.10924957232723,8.756414932662297e-05,0.04172606838746197,0.002695626751314712,0.0271638711854387,0.0019493478039560538
571.1422845691383,0.6481067860759396,0.0847435240573821,0.12738106684256745,0.12492505895747848,0.0029925150135950702,0.008761566755649978,0.0030894822973849944,0.18807534505542753,0.013398985046658459,0.06623145610765278,0.013397120283916718,0.03999727027334201,0.0307930371570606,0.04059439153185633,0.005871001254724289,0.0634418524147536,0.0014155032985551995,0.005716577520446373,0.0016998237825300371
577.1543086172345,0.6507145264221443,0.17458307101746237,0.029127941431274826,0.11232674709383257,0.00866088407480362,0.02226600821339833,0.0023208217470814087,0.18433079196245514,0.04480324195915443,0.036256685198072625,0.01025596164311607,0.054476472826170304,0.019162319988884572,0.09955695445685099,0.002965470801483766,0.03269547955884796,0.005368502349209944,0.018681012695527438,7.1683459443637e-05
583.1663326653307,0.6531660787565454,0.10187113311749825,0.12520021942445048,0.11015911484849635,0.001900752675609538,0.004232929030111709,0.0034697721472857555,0.19960192130051368,0.04720751638443308,0.06252217270659399,0.010677157411445596,0.022000353496584947,0.004824799943880792,0.05465336151386089,0.012665546507352942,0.05592419414980161,0.0003405864623195659,0.00036364831467332554,0.0018744841547162446
589.1783567134269,0.656188990957657,0.1814441345202313,0.03133557054184713,0.08065047328367167,0.0052667667931483786,0.04011178559089308,0.005002278312548558,0.22051690032965104,0.010758171887480551,0.02526942151782175,0.018284386458188525,0.06093750889292812,0.008044619956270132,0.1381710187011705,0.0003157433983637399,0.01760214336411526,0.003465693669060426,0.03781435444090461,0.00262121441975927
595.1903807615231,0.6587210883644847,0.11305423548841803,0.1356090158056428,0.07711624153067613,0.0022652042194272514,0.010391643054224957,0.0028425715371233093,0.2225297205563966,0.025064481399556755,0.04577587764670905,0.004932040067659351,0.028577074779015017,0.014399717186175649,0.06650906457929616,0.005597786571628283,0.034966060423894656,0.0001516345681722011,0.00659829075463699,0.00026600728051009244
601.2024048096193,0.6618835023821406,0.17405650264125005,0.049730747963865785,0.08575402429573471,0.003456609866742262,0.022219608573960825,0.0028990042763028774,0.19337454963163617,0.02738685916070805,0.04537884165792949,0.012705116223089032,0.03637850413146115,0.022892626813032602,0.12403074563827764,0.010193097859517056,0.034039113247250105,0.0016608991326097688,0.018692998839905734,0.00020924690295242085
607.2144288577153,0.6645741564699219,0.10961775214683553,0.09026802506273152,0.11074253969946449,0.004272546202894248,0.016621447707575263,0.003903532710574349,0.15467498651847295,0.012386606204298618,0.0837694647856066,0.017181766366208325,0.03339127210131442,0.034021747554174454,0.06112567913462894,0.0052317018373200875,0.07353852168895311,0.002443875870349655,0.01341954379252489,0.0010097516454361782
613.2264529058116,0.6679159783825779,0.12046992145101995,0.07164344577827995,0.12042838409466614,0.0031427353788254487,0.013520603162025408,0.002878931752602437,0.1462453845330079,0.02394438974594761,0.09609197130918025,0.009297150974885777,0.0335623063693491,0.022942818685048674,0.06327967265072582,0.0052783512947943995,0.07737240064895223,0.00028882588835801035,0.009624840883545953,8.244868905906102e-05
619.2384769539078,0.6703604708460866,0.1675618845484956,0.07813195225903279,0.045215108359206245,0.004833684469581714,0.03187955936677639,0.0020173401508174504,0.19767465277186858,0.020785345745627754,0.03612080569665876,0.009816697983373689,0.05727249953371327,0.00796952742266812,0.11962711906080575,0.002639442065108979,0.011837870082492824,0.003584760891952492,0.028450903003500474,0.00037434279031453593
625.250501002004,0.6734332309351458,0.19625582560005375,0.07731360239001533,0.04332729192705751,0.002142682859255845,0.004844949163882599,0.0026824171245862045,0.20601219099485799,0.037265030408462525,0.031170626201234307,0.011968119035090296,0.03364877902668257,0.00650202339852359,0.13934048013628225,0.006626813949505779,0.007913255892954394,0.0007332361018653538,0.0013504204848092554,0.0004359851145400843
631.2625250501002,0.6757830193122868,0.14913381571030437,0.07348349756924041,0.06205018743931593,0.007331072652295849,0.027912692528187004,0.004305714788366878,0.13581747178247294,0.04878862701314571,0.05705689219070647,0.012072081564737918,0.058265713400375445,0.012216194736271942,0.0778366421675674,0.0069807143293692695,0.030058610829629684,0.003407268675197529,0.02335355745906218,0.0007794577765764075
637.2745490981964,0.6789362370549664,0.08503685618192106,0.09036931786437855,0.13267647949052494,0.0014355185086529542,0.007423069021046543,0.0041225218785069725,0.09618785324154497,0.01890131824773774,0.12061582579614306,0.006879636532007495,0.0435500906005142,0.034929038527083546,0.03214822428421783,0.009029092239361543,0.09716311938692522,0.0004214809484260028,0.0038506549758299093,0.0024858337057119474
643.2865731462925,0.6814580243140302,0.13751022286254078,0.0538591332391756,0.09380696740440783,0.004197153372201613,0.02700257344604333,0.002165925361598365,0.11444050883160443,0.00950327907869979,0.08668191793639875,0.010019815065704527,0.06450016312962505,0.03339629164393494,0.0826647926931407,0.002580599441017742,0.05767141641161659,0.002772393240297623,0.022617411507509386,0.000507381080842712
649.2985971943888,0.6841730170722343,0.14571809663205534,0.11113006502965775,0.0381778582799708,0.0037800048422825783,0.013438825045107523,0.0035821330986898305,0.16623683756476548,0.009451413066534815,0.04231489682223795,0.008416567114567168,0.06414729784616997,0.02525997051348845,0.08264420665595242,0.00304390215866326,0.004505242024418392,0.0008557731728538638,0.008995089657504675,0.0007165480438077668
655.310621242485,0.6862860802818004,0.2036992104259855,0.044884096310914876,0.04702523405797926,0.0033999737511199073,0.010792154837652917,0.003913250334545301,0.1782500961270574,0.007493434638579821,0.03552430944919656,0.01063484122441695,0.06335106394718476,0.0184601743317623,0.15249027869732057,0.0006634367767623199,0.0014488430864801848,0.0012049992632570871,0.008089441757483154,0.0013648127076875498
661.3226452905811,0.6887883759714306,0.09674474996829663,0.09503059657735889,0.08506322750105105,0.0036098525920775864,0.027053188200104016,0.0037100091896791767,0.10110279212413992,0.03603004411748923,0.0766717162447272,0.009828248457691483,0.08021555429931009,0.007363268785209456,0.035359137796410894,0.002777981834774363,0.04426376249027939,0.0017376648075987846,0.022267223315321785,0.0005397842572054356
667.3346693386774,0.6909358833421327,0.11056396019499139,0.0543097068663767,0.12853648707458537,0.0036891944701868233,0.006878709157508371,0.005086058894216417,0.07157299468089298,0.049427250866751885,0.10387777319340182,0.009973158269472983,0.06722515869799618,0.006987780949349258,0.04137867622434209,0.008346414942879937,0.07395333655370794,0.0005811636304875101,0.0035414990653566715,0.00154344361065157
673.3466933867736,0.6932084658285075,0.09560913737051228,0.09941035158094683,0.07231039821007729,0.005598830752874697,0.02877130551701309,0.005091510740066069,0.10759980608419867,0.022940977093074046,0.05501612083161969,0.017080476816682046,0.08617482009533209,0.017979333250583707,0.040495276947909414,0.0055455362125273085,0.02733514739707588,0.0033985385921117372,0.02603933712785456,0.0019081413002050003
679.3587174348697,0.6952934632004547,0.1691424951053783,0.04674820450636484,0.07778781929381616,0.002350296415529228,0.004408011588327503,0.004269709890126927,0.14881909287429088,0.004032077220296765,0.05106911886209939,0.014093633020536941,0.06320077675288419,0.02349183806943476,0.11515410360688688,0.0005872576713746154,0.017321958913379742,0.0006517438650389937,0.0002021718644662632,0.00094767073262327
685.370741482966,0.6971823472028744,0.10618005401493125,0.10040875626104052,0.06237556693836908,0.007269409810898057,0.02122162094604295,0.0053622448258411545,0.1332457783958338,0.004910498940558802,0.03991909757618306,0.010501261381229629,0.08635536095189217,0.02788565555142556,0.05494734451038387,0.00127060627793525,0.008436810738257913,0.002498916905112781,0.019087179972096826,7.049690616143519e-05
691.3827655310622,0.698892602454504,0.1206798534433864,0.048405584959124906,0.10981991027594107,0.003445403986600816,0.015737853373308474,0.0030187915071317956,0.11173471297884449,0.01353515277112544,0.06106081231002547,0.015260065550091184,0.07698155401061363,0.022535099924793238,0.061006855224090564,0.0015709731999846302,0.03718619224721542,0.0019244197047263083,0.012920599851478063,6.884698015703164e-05
697.3947895791583,0.7008300970473927,0.07549417491955618,0.0945420808335072,0.10757286186062742,0.004975422457647951,0.013201311384566953,0.003384051496698937,0.09213716498550888,0.044381485183598815,0.06676658348109107,0.01570182744759633,0.07292284898368777,0.0072599928711217995,0.023312485820261818,0.004784344014132685,0.0418998704940525,0.0036208687826350073,0.01014809453453386,0.0010285802030562264
703.4068136272546,0.702710386956485,0.1132163642688654,0.062188040651747385,0.10043675313522982,0.006249759073073907,0.011016066135264319,0.004182629779331585,0.11214193682444946,0.05096334392093153,0.042942034004975094,0.008003958088366453,0.07934517172283351,0.003893168481956347,0.054933721382408686,0.018054510359263618,0.02371808584006915,0.0014209973617224445,0.008543737863180193,3.894849297935233e-05
709.4188376753507,0.7043867312903793,0.09266753053835966,0.09468000674917332,0.09515844912626613,0.0030765922481897205,0.0064564493697045235,0.0035742406779248692,0.14541716747591346,0.015580013279217802,0.052129406270435816,0.004599328699417252,0.06808933651669166,0.00979801646794216,0.05914785917995808,0.000280320202723532,0.030871794528214255,4.2334617987370924e-05,0.002302228553589741,0.0006599779395568472
715.4308617234468,0.7063247707876056,0.12641099836853587,0.04660474325495603,0.08138221144513942,0.0033706673658204568,0.032166325302984196,0.0037402834749557436,0.12316589696425655,0.01341800159585445,0.030013642513405752,0.01012985330477095,0.08940660508114204,0.027541229752962002,0.0776100141324886,0.0010498468924128369,0.01293969785191764,0.0013209380138933212,0.029121009967194935,0.0012492001348234161
721.442885771543,0.708205667422453,0.0892446481680771,0.09863105378743882,0.09178269908534094,0.0037080159225626173,0.0035665751479442764,0.004861340466180164,0.1369081778136766,0.008253074877210841,0.046496544640706496,0.006775561145543383,0.057793899736870574,0.035567074363536025,0.054259073336382385,0.0020772423094611034,0.03493611933702137,0.00015163799279017796,0.00036860853501438314,0.0013295511661649776
727.4549098196393,0.7102198029412874,0.13080688768787668,0.044733808400319444,0.08736615224920212,0.005943085355728784,0.01713077845957031,0.003799484906012308,0.12931996233758117,0.0163591058015752,0.03899887941846865,0.005910739780369626,0.06768868004613245,0.031502829674582525,0.0875430972043608,0.0027210946658064237,0.02435181330165338,0.0024321819642073314,0.013621281363879158,9.397111270540927e-05
733.4669338677354,0.7123985673707686,0.07244758749846707,0.09542263531601701,0.1070116691767378,0.004185080756143954,0.00474934123043061,0.00378511865143213,0.11254043694874206,0.03231342639228974,0.07469742781982905,0.008104027310315854,0.04728363108959911,0.012662483068452721,0.038533283097515705,0.008613800497602754,0.06149401121352653,0.00171919661940641,0.0018089038388023225,0.0008963265001387612
739.4789579158316,0.7150654612364058,0.12358374570395689,0.04438227071888195,0.08529337961970454,0.005153727291044325,0.017396642555396143,0.009124772874607476,0.12760440480514165,0.029006502279985663,0.04932999800750615,0.013515805149597021,0.055523836680411796,0.009953991840949037,0.08465625479201648,0.0019771374578168993,0.04115370517121762,0.0009200282145363871,0.014049847145757854,0.004980415786411384
745.4909819639279,0.7171934873799767,0.11022700414773369,0.09845016169212864,0.04686464614007591,0.003962283016133879,0.01893519011573779,0.004367227508210572,0.17080760065391853,0.030012884369120238,0.017965658969271908,0.008440598619425881,0.05025055776609364,0.005329212242190273,0.09495771818840927,0.0014503168435964883,0.010057685318094568,0.0010650301578228993,0.014995492687263636,0.0004954018162440766
751.503006012024,0.7198538924148837,0.17794223893028357,0.0411869438405905,0.04606575203955823,0.0026793137357516627,0.008139853264509691,0.004132005774419866,0.16854415573869333,0.03080247102665714,0.02205136490957082,0.008315012582442539,0.03551254258917062,0.014920560738579057,0.1413095376147081,0.003978773318787195,0.013036499370098863,0.0007892232824394352,0.005528156034223871,0.00021890922870120927
757.5150300601202,0.7221708424074357,0.08218632339682062,0.09095383296185425,0.07375052248230149,0.007560525372415792,0.016699795126912356,0.006678158252256745,0.12092452578908161,0.015366336703115956,0.04940864219590136,0.017096425663277258,0.04605360270495061,0.028979624536234476,0.051475846233402824,0.007413607368495135,0.03731330009362801,0.0018678609819892168,0.013510220571807221,0.0007789375190598008
763.5270541082164,0.724946150672515,0.09570584733955219,0.04977993932441338,0.11731294932714069,0.0030566956985709558,0.005085790486118662,0.0041126271516863456,0.09881224911516485,0.01133750333240682,0.0958188541216939,0.013606131252192788,0.022825291577169275,0.032653819928854556,0.05889092392999283,7.195317936803435e-05,0.08165878814306811,8.831211169395419e-05,0.0007040243976715718,0.0008482668426036477
769.5390781563126,0.727081790286883,0.09019376571099025,0.07754038049954691,0.07085171502661651,0.005003687016252969,0.026729746952256522,0.002598914507450982,0.12877582209672692,0.023711720475452808,0.05326784046051369,0.009237003879868994,0.043176288201440816,0.014749534599110941,0.057829366360075914,0.007046789120299717,0.037667030629155496,0.0029766465129858863,0.024461729784928443,3.887181256024381e-05
775.5511022044088,0.7296607615477406,0.15228018622643136,0.06644452706722331,0.03850189262855262,0.004195528081363512,0.005175626242375133,0.0037414782063102995,0.1862712741042367,0.020753072148040244,0.021064868231734306,0.009924446546209264,0.024700148109381596,0.007625429312654174,0.12520296119092708,0.0029118398853195033,0.0020777774598576687,0.00016042718748055337,0.0010303972193152653,0.00010306074478588484
781.563126252505,0.731248536187388,0.11716602146011906,0.07289293795834254,0.05196005230579007,0.005195044769774355,0.017084227524024016,0.004453179794558841,0.16405177660200299,0.02423502863099225,0.025041860177303702,0.013693749654436142,0.03624791421226873,0.005481134535605072,0.08054005672663071,0.004680573659108773,0.0043148221792824095,0.0007452791819518994,0.014113787437303108,0.0004991980246264141
787.5751503006012,0.7336302187050692,0.08006865602359829,0.07331260394255687,0.08857719383875527,0.0035437620037464986,0.0178111928081346,0.003056372678136457,0.11633519668855512,0.03791817293642056,0.06933936958540028,0.0059705763076069555,0.02809238951142038,0.008714076265524687,0.04135734534295995,0.006466203011643837,0.04278799383193757,0.0015115716996342268,0.014244218400701747,0.0008661314098655673
793.5871743486974,0.7351558116300418,0.08177008311079739,0.05892658291272424,0.10738121681075592,0.003941169300370734,0.009444931641360383,0.003380204593946809,0.11254278439505068,0.023043360870098045,0.07022243064655194,0.00472396347213721,0.02371351123677376,0.030598137749343824,0.039195348914022696,0.003649695983400123,0.04404148208857772,0.00025284335800439186,0.005294217527443116,0.0003589680403967922
799.5991983967936,0.7368816675392931,0.08135376177375833,0.08921123226209267,0.06483248242640945,0.007735468020093918,0.016416544210767655,0.0035688437675823435,0.1315810889641577,0.003308697457077041,0.04630803649428072,0.013647774181643256,0.03260274618258065,0.03566998918096501,0.03140667875440093,0.0009394747618335059,0.01621324597772052,0.0037068534998034685,0.012960836666270424,0.0003279850146192802
805.6112224448898,0.7381282685742288,0.1418360563290441,0.03446928527317265,0.07513123156026476,0.0025513183802069843,0.004868157596988286,0.0030156822860921756,0.1463452522917488,0.009288954587568342,0.05073027903756075,0.007610076531630703,0.018264387147570477,0.029632781829689852,0.0853181099016297,0.0008833801179363202,0.0117351766064493,0.00020222120399587137,0.00039333498403438535,0.0006661857544807105
811.623246492986,0.7396010040763532,0.07629577263662708,0.0926533563513177,0.05879411778885765,0.00739365938048011,0.020174895862078816,0.005087193904283268,0.1373148334630768,0.017018184026875514,0.044025774656002443,0.006294586252873789,0.036868771636193,0.018876845888623095,0.02578449497651557,0.0002867228445315262,0.007396678987212437,0.002823250600628671,0.015725977309554755,0.0010633375254506432
817.6352705410821,0.740603878666741,0.10416601124669113,0.043942026547503,0.09522063954994603,0.0033135477188506192,0.008023006726042625,0.004730889544223479,0.10468114630331045,0.0453879877385662,0.06794276947683162,0.009650723315964055,0.02455277787742003,0.007180716621164533,0.040531331491490095,0.0010714429925568344,0.030841648314107573,1.0228645097618398e-05,0.003920352848399811,0.0012448081386784622
823.6472945891784,0.7420935019653812,0.05951945424981987,0.09954372521216621,0.07617116759305305,0.0035826712630267227,0.015890841732488045,0.003198637984062789,0.09938046362563434,0.04179260923148454,0.06042200189790877,0.012177030800072364,0.03802350744887874,0.006110885030637939,0.007579204498801483,0.01250843577756704,0.023763698064892737,0.0015941076690807316,0.011371314368900291,0.00033058499879527433
829.6593186372745,0.7434851913109627,0.12204330010910573,0.04009213443844603,0.07630472507925176,0.004592132847435241,0.008422342559421118,0.005060173655375453,0.13079904829998154,0.011682844297536027,0.05371058961308479,0.008903755430279211,0.033815667668869946,0.017602903379283837,0.07085245912975748,5.093755765543823e-05,0.016678026705847875,0.0006259514533509948,0.0035007995960278293,0.001114352296777671
835.6713426853706,0.7445587592690481,0.08043452994910646,0.09439731459493443,0.06238879169205521,0.005201518402043618,0.008153473993538711,0.004865612099271294,0.12090208468923822,0.005767946895338952,0.06345436430685898,0.00806786790702142,0.03718836862021871,0.02006060831227343,0.02555504593150974,8.243957763716327e-05,0.017939295192750337,0.00015349139776744952,0.004120614644121623,0.0002472983416218357
841.6833667334669,0.7459051915591494,0.12513435224973066,0.04041186362099198,0.060637280242789485,0.0035757528201470126,0.02071313981237398,0.0036224196948158142,0.10250316464238612,0.005725198990186609,0.053582091438936115,0.014325538122328303,0.04904865271967937,0.02891016252733241,0.06146557263230378,0.0012042946039028236,0.011854988880261643,0.0019859470378909595,0.01489171438269105,0.000994723442585749
847.6953907815631,0.7470577013335364,0.0799850195655682,0.09140089291367345,0.06778165947949193,0.004337132587234319,0.005779425345843171,0.003658168774650567,0.10009779961473941,0.01250598947799193,0.06284950158089952,0.01059510328098145,0.043837496364874655,0.023056408346974647,0.022833793790436763,0.0017418923437018058,0.026737917067473478,0.0007102324570339691,0.0016993616691119897,0.00027868289930695067
853.7074148296592,0.7484739183117792,0.10711047851099584,0.05934920961769238,0.06009280464782286,0.0075023077641849165,0.012677095969719838,0.004794185177802864,0.07266551055578141,0.04847241161061792,0.0517752975955969,0.008913020023436592,0.060807088031408975,0.008892753871376885,0.03638002461690594,0.014312750295131491,0.01594149835431776,0.0020908568823852125,0.008066696754587188,0.0003418784318363818
859.7194388777555,0.7497762852303139,0.08910709969565288,0.07204584248058081,0.07677447756766902,0.003233759802985024,0.005156066264093501,0.00390646895870233,0.07377384681136974,0.04296633392030153,0.07217333611986841,0.008004207612996465,0.04676245828977629,0.006543532015371159,0.029890067182315776,0.003935471255297475,0.03746288441266585,0.00022823608530861015,0.0003110707285822376,0.0011402104651430018
865.7314629258517,0.7513628309772931,0.11217402628137542,0.059276979343347254,0.051224762690013366,0.004657316425366678,0.018423619838992034,0.0028804644436094535,0.09473731974976039,0.013715568305468752,0.05207279046852607,0.010718917980630132,0.06751336869810882,0.009879203820210047,0.057319924560054324,0.00028195794833829537,0.0181232630937073,0.001527716165658397,0.013990326863054405,0.0003228747572948444
871.7434869739478,0.7525559807845402,0.11301183030479008,0.07405901716773629,0.04060914891492652,0.005076461511631419,0.010537278508204509,0.004150282808168102,0.10002086449819235,0.01351577416453384,0.03791692324272942,0.007216611753845431,0.06262051248962262,0.02615333306653326,0.05687285474685772,0.001448270348642373,0.007932208408372719,0.0006384758452222072,0.005409465597955478,0.0005678827897231595
877.7555110220441,0.7542856758609662,0.12460533477080778,0.0673795774344544,0.03409957247755515,0.0046465501680667855,0.011458016434547852,0.0035252728535989115,0.09489423048695092,0.009289474687127633,0.03475210862825671,0.009660209879490466,0.0627370052308141,0.03438129522639106,0.06909939584366824,0.004859825326318571,0.012022048862023085,0.001765998168267891,0.0056653366896035505,0.000388086402850812
883.7675350701403,0.7557448399477826,0.09458327275962237,0.062108400309546855,0.06519249107519479,0.0055986613102933765,0.01237246387921114,0.004399870718345987,0.0689947309793424,0.012237089732080824,0.06327705344259946,0.010364237472070688,0.06321589892869901,0.02616614949742213,0.041764183677237735,0.0008333335781715827,0.03666999162304539,0.0015943166460765442,0.007121636435876675,0.0010272053877257493
889.7795591182364,0.7576330935371853,0.07996045020013551,0.0744283857707475,0.0691592177545646,0.004648888731878538,0.008350276772283408,0.005819687233202047,0.053082359371537234,0.03178862911510384,0.06973763930034894,0.008267654082848758,0.0638375196639643,0.01565310492900851,0.025874977447148503,0.00860410331694047,0.050548569608720964,0.00011970056839130734,0.0021640970275871867,0.001893291964148468
895.7915831663327,0.7592988895164696,0.11150369521470144,0.05736038616393864,0.03805724951064842,0.0038122452473563005,0.025247277795315125,0.004720256551567753,0.09356161598515347,0.02245098016445646,0.029601147630081797,0.008682064802351702,0.08030274671389141,0.00610255518759282,0.07192158901039503,0.0007150101589218532,0.014278817304754108,0.001697021233326858,0.018970234386936697,0.00125875246187394
901.8036072144289,0.7610904890367713,0.13339385612795987,0.072507494940115,0.018945138895921112,0.003810459883446386,0.006126881846839216,0.004125679268944486,0.12801195515213862,0.023195097007409363,0.013546903270878926,0.006196628408226757,0.0626922058075826,0.005266721316989798,0.09775746695190078,0.002950598355099597,0.0009120276737467133,0.000254457443348164,0.00016234630434439675,6.268616070543404e-05
907.815631262525,0.7625542634571015,0.11153858037816647,0.06181082873718106,0.03825046801055237,0.005501671767325021,0.01475634189970868,0.005587845749961828,0.08935371363115721,0.030593927860462253,0.018484908265064333,0.008422073979978403,0.06885908163881879,0.02173203116741441,0.04805425437671003,0.0035686782399698097,0.00949405309617164,0.0007039096104408284,0.007404789423667537,0.0007767840961985971
913.8276553106213,0.7642632873307518,0.07635386022499308,0.07074145576627602,0.07066658200773318,0.003650923035639999,0.010268606695674226,0.00405528493892854,0.07312926681797248,0.007178725143409098,0.056518236341666014,0.00950888583463179,0.05982306300167052,0.02957853552989517,0.037526596873941595,9.324863136951785e-05,0.04413755260642525,0.001119066304227508,0.004355451287169935,0.0013561869033503178
919.8396793587175,0.7656294333719893,0.08682027523391801,0.05400953802827689,0.07054934079869518,0.0041732709037432415,0.01664510082668234,0.002173040836691842,0.07779823843324593,0.010049558616646886,0.04395961526375294,0.008156789974773412,0.0642479870326415,0.03015837730694686,0.02988153800963982,0.0028275522966937816,0.033830800258330324,0.002191697689163036,0.008794281918095672,9.026254606580878e-05
925.8517034068136,0.7671365375476964,0.08595348573297988,0.08397415669601897,0.042419109257155904,0.0051307704802870824,0.011238784423783703,0.004147155862074892,0.1034643172696887,0.018184203033763332,0.014740387232220284,0.006416638842474186,0.06399427106476949,0.02606364500938445,0.04687425532770492,0.004872085634799043,0.008763889624863484,0.000593667780415127,0.004898071769458831,0.00038637804647355194
931.8637274549098,0.7681478145888769,0.1165982684544227,0.05006378656850405,0.05021664923237761,0.002552486791916231,0.009052968021174971,0.0033680263427244687,0.12327342873241685,0.018118332303644482,0.01389219571877842,0.011489923981451057,0.0554866719386604,0.009591632736168833,0.06313343523467095,0.0005860046278753413,0.006225722455138883,0.00029941958720230895,0.0028500276943063747,0.0006101827864242187
937.875751503006,0.7693948011788492,0.07120599334811449,0.07832548906004225,0.05273911627896851,0.003689127246649304,0.021673402270882602,0.0029720706164907003,0.09520648204416153,0.039509566032402535,0.017935819007107057,0.007450388897527024,0.0665479324329444,0.003955010407005287,0.0299168949457227,0.0009297425803899589,0.010611367813783735,0.000585795948336663,0.01486914492227594,2.890382213300288e-05
943.8877755511021,0.7702944651283373,0.08469344968690959,0.05494511091933853,0.07630418399389206,0.0028275450660344387,0.007581366454760056,0.0033538787507252604,0.08690930392240385,0.031908997032338134,0.034422492233744696,0.00783131415414841,0.05934506510796972,0.009288362421055116,0.016914213476215856,0.00834816316801679,0.025929121272384656,0.00012053961021708994,0.0009908964928510696,4.187029688430915e-06
949.8997995991983,0.7714202038235136,0.05926073575714769,0.08387705656204449,0.06290256580867816,0.004115470120007175,0.01561820486798483,0.002805763060621643,0.10278800822489247,0.007739914125334055,0.02472637957021201,0.015774290978221372,0.05621048347504505,0.021340719802779,0.021129383092110942,0.00020109322054959747,0.015364599053680508,0.0017197625708599686,0.009940583780500894,0.00032298385438065964
955.9118236472946,0.7723130748661702,0.11347499979450726,0.038147668375158685,0.06432033858109257,0.001973311048222516,0.006891669550160277,0.0028789377846861097,0.110463006896425,0.006303320598330613,0.022656576935512977,0.013778855653927337,0.04526502759765057,0.029220137451980915,0.05000939494536396,0.001251545758269069,0.015252698397389474,0.0001201748279712973,0.0002712510237202255,0.0008252087218677366
961.9238476953907,0.7733741785859503,0.055240394422659246,0.09885485131618818,0.05022733795818177,0.004573218440332506,0.013365379351701035,0.0043646399249843,0.12234114994158703,0.006195769907692809,0.01916522373823049,0.007865040580418333,0.0490111522482945,0.02204748499782384,0.020714226850010287,0.0015328461550720303,0.0068159715712661955,0.0010206957569660374,0.007889960749518499,0.0006337723615464729
967.9358717434869,0.774232460469582,0.10974081382670738,0.039131028471708844,0.05579753955386657,0.002224332816917477,0.01537831621420692,0.003495508647008098,0.11930949901482768,0.015388557791013814,0.02303078364451376,0.012344673673191699,0.04495201775439367,0.010742007652474666,0.061679839081817775,0.001548671519401039,0.01057234169908583,0.0006499833923649926,0.009872197954839216,0.0004777277503417989
973.9478957915832,0.7755661098812219,0.05249538797350093,0.09825107481413722,0.058958229993882026,0.002303627653862109,0.009832638360066434,0.0025929313233268203,0.09966564344210307,0.0373006141185528,0.03008869613337428,0.012996577994629851,0.03969757027614701,0.00468478815396851,0.009935912250453585,0.007140978517243243,0.018548073231528836,0.0009231161992858849,0.002711704958362905,0.0006920114508397906
979.9599198396793,0.7766450683072256,0.10692270729699938,0.03721867028090015,0.05915129861872911,0.004721807331522678,0.011385785349185306,0.003954662815435515,0.10100301752512247,0.044278119928825334,0.02764073776257344,0.0071169373746759025,0.036773428212082314,0.006542690889492653,0.045968622672927194,0.0024511058382192417,0.015167986926705018,0.0012891770895748667,0.0059874060727376464,0.0007639394380078259
985.9719438877755,0.7776668302532329,0.053070401341169124,0.08846117502829685,0.06939969195521827,0.001785945782055585,0.006936881485826835,0.002679074154198385,0.10532078616088585,0.0177631923775634,0.04242872529803493,0.004642231683530797,0.02951670009689761,0.022661534129852466,0.014889841447667826,0.0011165155830612284,0.03020297790431309,0.00012228310354423468,3.626515175240374e-05,0.0005884722179704634
991.9839679358718,0.7788708464543364,0.11365311033305131,0.03382625534437149,0.05151592862055412,0.002673760790004381,0.017108320592582358,0.002351777865097667,0.10617266785121166,0.0028651244282267498,0.02808919324031851,0.009569352043588287,0.04140699905697452,0.033025816925341615,0.06256473308073379,0.00028044317140144367,0.009846394397284701,0.0011545796226947154,0.010721141263505509,0.0009547795725543101
997.9959919839679,0.7798568309725243,0.05995743803606168,0.0999173202488592,0.048131499420895084,0.002092217522304486,0.007581313568684788,0.002463380230667971,0.1198551054316787,0.005599484296508315,0.02707791501894794,0.006181306853328099,0.03222267827382948,0.029206679153180693,0.022993546306285622,0.002350693536735707,0.006924556049199348,8.337923600998e-05,0.0008336308539679258,8.412596795001751e-05
1004.0080160320641,0.7809743422041621,0.10843310307568452,0.04057292538001278,0.05036088084924637,0.0031515012220076906,0.014049529468095097,0.0024577178007892998,0.11063481676977947,0.02107804130807997,0.021546105203310947,0.004642080100157183,0.03673034398714308,0.024394270427365083,0.06775978913859605,0.0012839531041490605,0.006770249828577391,0.0008223018330343543,0.006444120975566202,4.934212918080728e-05
1010.0200400801602,0.7820939712190711,0.04274726554446088,0.08599046098250818,0.07499006310350018,0.001895967461184837,0.010269942563105552,0.0020123291261674283,0.08679257388079932,0.039943364646342724,0.04768938788310791,0.00791410103265779,0.028602188370545723,0.006964412967473586,0.008677879015869406,0.01156645291685081,0.03128689010857165,0.00043539772219507004,0.0036803596787587066,0.0003724692066144623
1016.0320641282565,0.7834527077522742,0.06983854102418398,0.059690516759165264,0.07114602923715133,0.0024671468580870414,0.010061469939792149,0.0033435884293441824,0.09050935280208576,0.02663977938214801,0.04680362341867369,0.009957622974338127,0.037898473774810315,0.004738439895668056,0.03172602540402232,0.0008255011861239123,0.028546398764116136,0.00022753422669001167,0.002991885618594532,0.0010238834564791858
1022.0440881763526,0.7842706903027596,0.0718270347222232,0.07044440190355679,0.053531754752222376,0.0033454260550566024,0.014456862643467395,0.0021238296207119725,0.10902952053592695,0.016397798832611513,0.02495833888671015,0.011142018507851788,0.04647028172502042,0.007731351209117506,0.03658321174937782,0.0009794124343037182,0.005391699781057502,0.0016119381176763153,0.007454095120252382,0.0002209549717994224
1028.056112224449,0.7854565765857449,0.09447281483754852,0.06354284549551059,0.045788531341992476,0.0018004877035466518,0.006826212887938357,0.00211253114771674,0.10984260536804134,0.018378730462260396,0.02186253397686908,0.0095145247362338,0.03614459271070749,0.018800436160141237,0.054530531259994346,0.003175730287527009,0.0007492151986404711,0.00035313423577426004,0.0009235182474205434,0.00020489163992230917
1034.068136272545,0.7861340314182746,0.0694097870444502,0.06231976850376117,0.06354386399145263,0.00380310124804085,0.01218373284532521,0.0026057149486932423,0.08874761434518634,0.005941290180314232,0.02618550619160367,0.014080904866733761,0.04630269563528753,0.03260795736259777,0.029002918580975864,0.00033076973204195626,0.0088699602735952,0.0011898403548944551,0.005601579034575754,9.198599604719909e-05
1040.0801603206414,0.7872631674218762,0.05157109647174969,0.06969700560190845,0.0796528313116822,0.0021212768620836532,0.006999582979551918,0.002695039351145769,0.06866560461654506,0.015609181983811476,0.04502552389373057,0.012638830482382277,0.043060401753610124,0.027737289848042176,0.013990829645724932,0.0032787873869111975,0.029560669204489305,0.00016508168830107594,0.0008279201902289032,0.00046327075473665284
1046.0921843687374,0.7880954537370967,0.06665955507135825,0.053560427523172034,0.07100748706405201,0.0023846498089292205,0.016258353321656194,0.002034073473733634,0.06717875445484571,0.029912610727794706,0.03733287995380056,0.01089799847938331,0.058851989425207724,0.007730313221869374,0.022276748398508715,0.004095953522933701,0.019422326447451774,0.0014663103861977402,0.010637147904630368,0.0006803892039839402
1052.1042084168337,0.7891014972017195,0.06106663606894626,0.08563499966692825,0.050843140389063776,0.0030853027727919128,0.007757198629914859,0.0025112252706335466,0.09965772801338592,0.026669388786017566,0.02022331861022073,0.008177718153533051,0.05309449205589434,0.0030758571792269865,0.032110248149818464,0.0003878506864940425,0.0038729326082369065,0.00031082028396458113,0.002174241141233925,3.589886029747447e-05
1058.11623246493,0.789735963116273,0.09638570282533908,0.043042452633103676,0.05755809451671172,0.0019030161616595555,0.008838492068340009,0.0025362786785711783,0.09833430187062746,0.022596494142898722,0.020520556555155067,0.010624817783895629,0.05232455323418324,0.00586331329696509,0.050939727526172984,0.00031663260008312134,0.0027324333326052474,0.00010883479123158483,0.00319882402087282,0.0005496733967466427
1064.1282565130261,0.7907197320239906,0.04502911417452462,0.08458244368335154,0.06204301022167851,0.0026708824018454686,0.0129571751290143,0.001997642365592942,0.06900275822193135,0.01823975113213522,0.027558500125735543,0.008088894091257315,0.06705516639864961,0.019335198006298345,0.010492635964867372,0.0024122907467569303,0.012884928078856982,0.000950544060397892,0.008429103135930286,0.00035726061367806743
1070.1402805611222,0.7913309840590707,0.07434216815254459,0.04617832458003616,0.0773524043672107,0.0017517182083660386,0.007143764208506671,0.0019006364242630798,0.06799961368189436,0.008657211376893154,0.029768965284671055,0.005127455785896708,0.06553572261696058,0.03158004719461141,0.024393837235847017,0.0003185066098926455,0.01645836109544326,6.740594005428047e-05,0.001865629752566529,3.3654431409967164e-05
1076.1523046092186,0.7920687320345173,0.04122441705385879,0.08718916200805912,0.0626220045458854,0.0032254909148491553,0.011632211866634587,0.0020379815761937454,0.0652009914499922,0.006884403194145146,0.024042858671083082,0.008160216202820187,0.07518298325106336,0.028459815196376866,0.0076949339839297755,0.002985730470181213,0.00870871742055075,0.001067422395136787,0.006997617746750889,0.00023308337789989262
1082.1643286573146,0.7927536478074368,0.0860149724674805,0.04624004470924642,0.06489538030812553,0.0015493629300820603,0.005609809824309564,0.0029367819533173234,0.06912294909156741,0.016654968929711193,0.02236375131830545,0.008770282041332046,0.06703672245481915,0.023297678356826144,0.033479060641613295,0.002311166269503389,0.0091938143842681,0.00014295064165649934,0.0002882326224436467,0.0011642325213148575
1088.1763527054109,0.7934303768477965,0.05052693835241389,0.0829994885415288,0.05549684396537842,0.002715957412041951,0.012026043695507086,0.0028043511853320805,0.0834939178563464,0.019182664629552773,0.015293983798620842,0.005592476950209612,0.07421510933628085,0.008791470581191757,0.02027674611086284,0.0007390292348750926,0.003360414531592771,0.0003306566745650147,0.006953201352296829,0.0001485736337780584
1094.188376753507,0.7940338405353519,0.08016585976156901,0.048211524178088765,0.06350479688676425,0.0023567635923690032,0.009350149380896977,0.0023770656649586275,0.06014462583062291,0.03475958049335974,0.023393090641272447,0.007873065069181487,0.07598761529526388,0.0038081821349461656,0.027132063573401265,0.0026657975032545267,0.011565155949134773,0.0006179310067785041,0.00490173834578373,0.0002541251169649031
1100.200400801603,0.7948447977320751,0.05096816998449943,0.07949807164725142,0.06247772226876129,0.0014574388166225655,0.008929655111928015,0.0018241444388604922,0.05692444461576311,0.03173710184697783,0.027665709854877794,0.012366390852207528,0.06743897741939739,0.009022577678699557,0.010990226784140843,0.0014049697593496663,0.014892892177025921,0.0006908338921040767,0.0033098991984238553,0.0002544383561570484
1106.2124248496993,0.795652896748622,0.08298842212410709,0.05215663915452066,0.05799078993193024,0.0026744693767351167,0.0061764023747051,0.0023603802893778754,0.0692089754080322,0.010011197545694675,0.024926104781224073,0.010554459753103342,0.06865228919078165,0.02099407657254016,0.035417159551424895,0.002374738408187553,0.011288229372180688,0.00030832481233585793,0.001554351841033608,0.00034915608657949486
1112.2244488977956,0.7964728674588992,0.058357626874543524,0.078532371351232,0.05645371556710255,0.0014351988932362328,0.006462547813774028,0.0022856720412104885,0.06773392039229643,0.004758880757829198,0.029343823448986235,0.007969581635688722,0.06423099714571064,0.029489929160587597,0.020874455024974377,0.0015400156260516641,0.018525690653166164,4.907701356647288e-05,0.0012827515970195904,0.0002665020623603319
1118.2364729458918,0.7974293661217895,0.08901723193626362,0.05288608266103707,0.042063730560970534,0.0011413923353225562,0.015913838584728977,0.001548357799886181,0.07312172243148894,0.007511641278452698,0.01744967348079823,0.01131718643378412,0.06828061827335828,0.024889791980326672,0.05123063728790593,0.0009851100088724646,0.007642272159576188,0.00017268282862746163,0.010121028492379905,0.0001476558007104312
1124.2484969939878,0.7984191651961137,0.07583366106466168,0.07616284673569634,0.04024080021045568,0.0017590221295356212,0.004725443924490179,0.0028590607390456416,0.07724327304228372,0.02074452842772813,0.023531504307512906,0.011307625003492937,0.05808248858367043,0.010671415439197033,0.03374601044186069,0.0006205025558883158,0.00983700016852403,7.857206371674483e-05,7.220496941287883e-05,0.0010372708514954023
1130.2605210420843,0.7994683599602189,0.08710146741950088,0.05960484927735218,0.03910238882228707,0.0023750254090697835,0.010450002023312414,0.0018979070882574269,0.05761177082164616,0.04598499263895962,0.02445516998433582,0.008059404793618727,0.06012843482422985,0.004291866976989588,0.04121217136837351,0.010495324864956235,0.010299993044852216,0.000623908990277081,0.006123639483188592,0.00020351424035960336
1136.2725450901803,0.8006261809392595,0.05911702772975463,0.0722762816939632,0.05875377437733694,0.0017959952849527924,0.005684905286324028,0.0017458346884075889,0.0611522718271146,0.027752538746109525,0.047417866844653565,0.009150263970409776,0.04871700378131079,0.005183873891140904,0.014041613714584742,0.001232551488808646,0.029945171204417635,0.0005250445570973415,0.0005987120010638912,0.00019154003305103606
1142.2845691382765,0.8017456906659841,0.08519367359959897,0.05363441531512355,0.04616373391640697,0.0023651796449599325,0.008166649334767608,0.0027306575231576904,0.07035739854770366,0.009859804178557426,0.035871326713601104,0.01009390405418128,0.05147663989063922,0.020595235949332016,0.05012374203362053,0.00044250622491019264,0.020388775485141182,0.0006573279961163318,0.003881014364781947,0.001062199115917338
1148.2965931863728,0.8026909393282032,0.07393448715430316,0.08086429272018672,0.030144070302284273,0.0016225070604549046,0.008207206734249097,0.002536496700317419,0.08347086044915826,0.007762450548609448,0.02396920019530988,0.008807551269728396,0.045971024380747315,0.02732797382824229,0.023338590253748404,0.0015522339014592292,0.003910085460331417,0.00046759666570970695,0.003949505806263411,0.0007156635991751175
1154.308617234469,0.8036728994878556,0.10801027566453654,0.050909117200478436,0.026992238894361562,0.0016813130834748432,0.006831807608537818,0.0019023480607537593,0.09281772713026319,0.003071772932741982,0.027332527170534724,0.007727346185529069,0.04140146544671592,0.023976261646358077,0.07006667385993111,7.294938160596813e-05,0.001424054853809364,0.000727066932229474,0.002928722270840833,5.768270324631418e-05
1160.320641282565,0.8045094422626303,0.06399907924928967,0.07530668308777708,0.04205752400097211,0.0022149618577967886,0.009260810732607526,0.002651498808925031,0.07139397735533086,0.01772948926456078,0.03309006814788588,0.009043316978820985,0.04010039593562787,0.024133310055141813,0.006977312258503571,0.004122518333205915,0.011277690116491667,0.0004972227135522913,0.0053518749902521584,0.00032487235187694146
1166.3326653306615,0.8054134721329965,0.07859983850323478,0.05704603885813399,0.0508754203558569,0.0014431216676494137,0.0036381695742957664,0.0029839389078309313,0.06122318523671344,0.03563081470302252,0.04824444088923178,0.008699457569330257,0.030420707296044163,0.010367922172659593,0.02279549251926042,0.0025960490172071142,0.021629608302686412,3.7497509412271542e-06,0.0002827441381760214,0.0009233211514810041
1172.3446893787575,0.8060332423837768,0.07265856786215272,0.0648862785683868,0.04113544614180418,0.0016519411078847936,0.011534073397346573,0.0021004505386465096,0.07455045273988299,0.029197538686928152,0.03958379281965014,0.007727330290978417,0.038131385379873046,0.004776257698908819,0.01178506072491228,9.335814898475022e-05,0.009846091768632725,0.001146179581966454,0.007756557740532225,0.0008210678082290517
1178.3567134268537,0.8067235592728471,0.09898720683396096,0.055070313882979345,0.031312869449918394,0.0020340629331791855,0.0035966903089213855,0.0022752973181922784,0.0921561754497631,0.018508418208415825,0.0343751716950885,0.0056266993421631335,0.028605588145919583,0.014004387885801417,0.04197336854853568,2.8048033381100862e-05,0.002726714497534612,0.00014025432774152132,0.00022956816193941257,0.00024298824215291434
1184.36873747495,0.8071308952253567,0.07476189193531892,0.07107311874134917,0.03556404043936146,0.0017623570165971015,0.007626477240107078,0.0020812194019082697,0.08233713642414345,0.010865026077846904,0.04035700000820276,0.009334901223091831,0.02893859158096341,0.021036449460393646,0.011768753621067603,0.002379270972983746,0.0019759964351246237,0.0003237015908250808,0.0035311673917534643,0.00022869690079624285
1190.3807615230462,0.8078509544690357,0.0804661243613962,0.06088130088341339,0.04067369330503453,0.0016215713870699861,0.0066959035613868905,0.0018104520326621002,0.07925189429192167,0.004755757761745231,0.04243557197677705,0.00829992287470277,0.02550651557398874,0.03189938305182766,0.021576193381493986,0.0007688347512268538,0.01089188531529686,0.0005328549432520631,0.0034075660553805048,0.0004984951360303938
1196.3927855711422,0.8082569881470253,0.06861946239211236,0.06909235229000264,0.04482453264897937,0.0016423334239108966,0.005318294297324489,0.0022460368006436246,0.07957480783919338,0.011824937867003688,0.03984459110533398,0.006136486987421623,0.025099878634190644,0.029262309419830056,0.0076542925638916045,0.004512483471689002,0.009825289725145897,0.00012564798293177837,0.0014384626639880888,0.0006244353434736353
1202.4048096192387,0.8089017159075926,0.06887928448490979,0.07627567183848795,0.03450055122093445,0.0019796186401571294,0.007390901883202129,0.002072256024714719,0.08477881702378538,0.018960819593344207,0.0418419469230401,0.008855292688770434,0.025707555715966605,0.010953852147499433,0.009201663110005483,0.0034215664769468423,0.004081735206040694,0.0008141957578871983,0.003227769318263531,0.0002801161255717244
1208.4168336673347,0.8093215962179425,0.09820007433926524,0.048197909105361245,0.03792091836085901,0.0013314943333549564,0.0033754816967899136,0.0016525259464257964,0.09196637806606953,0.023055561844364792,0.04157017624717934,0.00995934405990441,0.020001386513532286,0.004125557051005811,0.03646334627394944,0.0014035213106838578,0.005359469587999921,0.00014379187412409306,0.00031405381356707353,2.8958556752817354e-05
1214.4288577154307,0.8098803381085465,0.07231359466914718,0.07107306577061726,0.03217856424821534,0.0025845229358914474,0.008895960767098436,0.003073953500482269,0.08047005923228678,0.030446430570291155,0.039261352591026574,0.008856048571715463,0.027538889216034524,0.003546881710097421,0.004484994485412197,0.001334473167315801,0.0025010466166436518,0.000742399703875088,0.004035195929111702,0.0007713680316548951
1220.4408817635272,0.8101677500337452,0.08881032977234106,0.051184835095711013,0.04086592860983323,0.0018337615820874537,0.004660688866101558,0.0024767060401789704,0.07175259086308523,0.02634589290069027,0.040939189570960974,0.009711467307314701,0.024436901328227036,0.016646207995975087,0.018057764886686565,9.75134857483109e-05,0.009208517071697828,4.237374728564313e-05,0.0007562176120214294,0.00019116245994202586
1226.4529058116232,0.8107082631918355,0.06406271647411711,0.07302614337651299,0.03935057563654486,0.0018501217178124004,0.009383694867837513,0.0016184847353379204,0.07250415344120709,0.006165964074345015,0.03494156656971751,0.012928362628272157,0.031287696484127145,0.0314639936104939,0.0018407844129398722,0.0033049591148535226,0.007236065626997819,0.0010843334174969186,0.0052819734184959555,0.0001114047091662913
1232.4649298597194,0.8112407387629932,0.08969908379991161,0.05099236038314412,0.03826595687382349,0.00249364217308541,0.004211355284909066,0.0030968627221312143,0.07364481350117683,0.010631532101962665,0.04145302464577879,0.012146842243025204,0.028812403391560052,0.02207064535350136,0.026181826462486332,0.002059783116221841,0.007169255491133905,0.0001433611794545269,0.0004896750233532642,0.00034212988391674177
1238.4769539078156,0.8116764942039169,0.06436688724261912,0.07562890809292655,0.03764276105466613,0.0021022089664950363,0.005414717438373223,0.003168023001001163,0.07720747925961731,0.015667136951373846,0.03582531962713061,0.009282060770401111,0.03335824080176935,0.016983268385788966,0.00510250866362783,0.0007991940643369455,0.006528828081171164,4.60534434659547e-06,0.0018246049544077083,0.00031762613307450367
1244.4889779559119,0.8123126201841726,0.09448945488250965,0.04826934305979975,0.032027234368706095,0.002189235392886566,0.008644894632206116,0.0020672174797172044,0.08651886543775539,0.015974337740534923,0.028043898759860506,0.009117839873824607,0.039806809121392214,0.008225628882457717,0.05013738526935423,0.0004273386927016451,0.003871070849754663,0.0009318739660309819,0.005337915254995587,0.0005106448469746753
1250.501002004008,0.8130048167123991,0.06613569688700659,0.07591001542351003,0.03648250743386941,0.002149822115326344,0.0043521462859978845,0.0019649951418886915,0.07307735504956503,0.032373840047759575,0.0331260126963336,0.008010818207631436,0.03780785169606789,0.002599305590241433,0.009615400746974211,0.0055341177213836246,0.009504706569516009,0.0001435579866316214,0.0009701357941588958,5.807746604875792e-05
1256.5130260521044,0.8138491262908122,0.08276603687909467,0.05770417079701051,0.0334115478082771,0.0038382348369456936,0.0055431487081499505,0.002887734679708037,0.05729235272438953,0.031088610625541118,0.0299016732899717,0.006985712365674964,0.04603046971683311,0.014852054986775547,0.026891575511278413,0.0038705151885401815,0.009913211390321336,0.000966265845294449,0.002169359808084117,0.0004792242218342765
1262.5250501002004,0.8145485334867124,0.06947256888528125,0.06043326556168216,0.047519384363121836,0.0023902801808299377,0.0036824464713842795,0.0019535210509862857,0.05671566625204236,0.012387586506053594,0.04590008253044841,0.0038607050877119352,0.04338756617530126,0.023199859961728193,0.015388827678207942,0.0011437772195257482,0.02266702647773819,0.00015540723627010993,0.00010863183992798495,0.0003262285239489785
1268.5370741482966,0.815455788709343,0.07739100368137304,0.05993883833660443,0.032012745094218364,0.0032720347659664435,0.009372296640214092,0.0025572927722788113,0.06089425429670409,0.0036115794140475664,0.028710111997874273,0.004313349546478519,0.05294949019881647,0.03406542583673427,0.03459016773065584,0.002169076018087634,0.01163676273172423,0.0005913275562437754,0.005930863053189892,0.00028168557471863135
1274.5490981963928,0.816147510950259,0.08258255733654729,0.06237345335033855,0.027999465758824574,0.0032368245043428332,0.004942407493709218,0.0027177806059767583,0.07096726327083125,0.0047654418379849215,0.01435068106010681,0.0069490171810224315,0.05188694586322526,0.034933139836568546,0.031132460198568173,0.00021752333188634006,0.0023317672609386086,0.00022238481515855237,0.0020695440025887586,2.7583277009917642e-06
1280.561122244489,0.8170228347320826,0.08562616286563292,0.059517610319906135,0.026332308583519697,0.0024547598939782633,0.007068454980337818,0.0019778686245407987,0.06996064389055066,0.02510997136286995,0.017238830310361216,0.0052200042758332385,0.051538408747553666,0.013909306680746882,0.047964963427533376,0.0042760611963471706,0.00249869201762323,0.0001846464262572911,0.003087007874830637,5.749060763936595e-05
1286.573146292585,0.8178039130720955,0.06532535138079601,0.0591836382164112,0.04688259252210722,0.0035150504553908466,0.004422980738805458,0.0028664736143918356,0.04958695716613672,0.03807816801752809,0.03227316871959529,0.005334577175579528,0.05503300226406766,0.001890213584995261,0.011826141518408887,0.003459262767496232,0.01766271113366574,0.00022678263295053224,0.0017498847169451878,2.013714002686762e-05
1292.5851703406815,0.8186656485525181,0.06245664822597661,0.06061415461571286,0.04845717050300259,0.003267764899970862,0.003553764795146057,0.002984848407671073,0.044762362827009974,0.02770482626470964,0.032476049221733444,0.010313644915994574,0.06253291489412612,0.003544553323906286,0.021580121596594372,0.0005343665941111935,0.01983658261829005,4.64082506042189e-05,0.000521155511351791,0.00011034325741520533
1298.5971943887776,0.8193137372301802,0.06799001695089268,0.054488903019235486,0.04268295920258509,0.0030625758213884582,0.009397325593452707,0.0030644821822635795,0.06257979265528649,0.010329595061996471,0.019846095467263347,0.013280881367336083,0.061799545866583025,0.012850352351352594,0.022927629092342968,0.00012428091115271968,0.00798784534464361,0.0007171200479026023,0.005744912204242338,0.00047277625923091636
1304.6092184368738,0.8199690780058688,0.06866048262305312,0.06177580359336824,0.03930257465836276,0.0032534889762912142,0.0035366410007277383,0.003501931142326452,0.06575348483877307,0.00660160118424786,0.011300373671981792,0.007992937491750077,0.06098362206799256,0.027398902739384175,0.0328108291315402,0.0016355769563806714,0.0015943047025619584,8.358601176037925e-05,0.0006485220704056801,1.4767352197893061e-06
1310.62124248497,0.8203879466518543,0.057844068811013644,0.05906130906468908,0.048169450997791984,0.004451349554826046,0.005827300467791456,0.004258574452031532,0.059024073253889024,0.004622429491075033,0.014303976893365976,0.012600478724965879,0.0645042192507114,0.02455687573413643,0.013506443046750388,0.00030617987551821105,0.0015282607659408217,0.0001971666774201551,0.002887685325245845,0.0001694551453125325
1316.6332665330663,0.8208764761363646,0.05278016512942303,0.05753084533891102,0.056414758108006606,0.002913145865875078,0.006187842181374532,0.0032967672400430904,0.0453463862656495,0.01862105262941547,0.019796994705628627,0.013566156439217379,0.06494134623900123,0.016851587584721144,0.010306860722581317,0.0032858667215256163,0.0074165503071421625,0.00016506959054106202,0.002436470370476773,0.0009470617658544014
1322.6452905811623,0.8212606554797123,0.046197593429117854,0.059997834386696994,0.05979016488968241,0.003947348899181219,0.0054621787706349715,0.003344224144971934,0.05006168949243092,0.02821015159666412,0.018998336346365427,0.007681523551016362,0.06778446034996327,0.006003183183845268,0.002854383710501746,0.001399583256424403,0.007224968768294942,0.0007543597987708788,0.0025959581792967374,0.0006393663597652681
1328.6573146292585,0.8216519567264728,0.05379543953684479,0.05711987706817532,0.056055462996628856,0.003797455412987316,0.00455980930501809,0.0030199989538703975,0.07227222431904207,0.023284737210727637,0.014370588382382945,0.005738165705110394,0.05872608373842146,0.00395624391784026,0.018505741471649906,0.0011492119377234109,0.0028985923366034233,0.00022771825924909465,0.0013994555083193412,0.00013418913039642507
1334.6693386773547,0.8218906396547045,0.05074254603665556,0.05831342809880972,0.0593413443723117,0.003404679171158745,0.003959183952254985,0.0023481787141024575,0.06543290712292076,0.021544380855113995,0.015183546542210755,0.008438936223714619,0.05393917165649445,0.013570417944838585,0.014329088379447488,3.52605130565569e-05,0.002921966404969612,0.00037729645880927833,0.0011581985457262503,1.4424185547478548e-05
1340.6813627254508,0.8223296480092304,0.047585816568855556,0.056801404572408155,0.05890320092494255,0.0038430781297851112,0.007655740137046174,0.0028811116577298346,0.05638884992538963,0.012847399478920383,0.01919802537185764,0.004957088926144254,0.06065292639499546,0.023626061893460008,0.010695456545743562,7.186379278103156e-05,0.003756802049879,0.0004406472703680996,0.004672815666436293,1.4830318279894623e-05
1346.6933867735472,0.822561643856189,0.04020922767101298,0.061315685187468806,0.06578841990038391,0.003947461531072654,0.0031692905631129564,0.003008271290757371,0.06558165477233631,0.004127136619362281,0.018672849715468863,0.0028280155923552782,0.05238400171870051,0.03384469772558544,0.008551853565033723,0.0025008120577014914,0.0060541460864750474,6.0434605978234535e-05,0.0004970045249411443,3.477792602162731e-05
1352.7054108216432,0.8230403742325755,0.0403730726156988,0.059149026436445463,0.06525562271952227,0.0031217923693265125,0.006565098566700424,0.0024950130597285137,0.05712950503300476,0.012613891488403934,0.016850569722457173,0.006922120784194163,0.05108535824656689,0.03235818049279508,0.005978680838244823,0.0033297051650320055,0.004937563563996068,0.0006844890519481074,0.0036753946236651076,0.0002984162361477278
1358.7174348697395,0.8233523048557628,0.05013175990029185,0.050949576679311916,0.06588359209526747,0.003531114875136089,0.0026821096882519288,0.0034695419059754054,0.0641443769580524,0.02661874236180391,0.022468101639264836,0.007027012812568682,0.04330866081042457,0.013080800562120253,0.01536386110441517,0.0010767390927268344,0.008356201081515502,0.00016211825752158486,1.867389913697904e-05,0.00018901586890984214
1364.7294589178357,0.8238165080552278,0.039203537518295056,0.06025948055440555,0.0647097049507285,0.004325259128204057,0.003376976490157832,0.004308533302978668,0.07438688393534303,0.02671274103536832,0.019738296544686645,0.005277831663872833,0.04642485331291215,0.0036428854525867023,0.010709686537844137,0.0006896145968836811,0.004689859726798786,0.00012789716229270515,0.0011616225410980166,0.0002625075702848198
1370.741482965932,0.8241557288572325,0.05280907043464398,0.05302123566177271,0.05876911538873293,0.0029368636040150073,0.004748032887679921,0.003559953165920314,0.07170113633601496,0.025500082610236816,0.01955562035499306,0.008801762865244651,0.04651997546485677,0.0037656935114186124,0.027975451852246366,0.002516349367356714,0.003426291016178476,0.00041702824300306245,0.0027153576269227124,0.0003711447379899864
1376.753507014028,0.824796901520661,0.03387247294103218,0.06552238339243915,0.06467868666753962,0.0033594415403068456,0.00413144731785281,0.0036386666201661606,0.0741110377139713,0.019522592052374083,0.02075273288271529,0.013283106364155845,0.03551042741756309,0.012023202048557162,0.006364382344707332,0.002826255945186257,0.005815386907993166,0.0007340975015046138,0.0019120682014410416,0.00033282268416896446
1382.7655310621244,0.8252161495553334,0.050691428012288736,0.04975100888454533,0.06213024091985689,0.003923537565588199,0.004055676822328151,0.004231958240057107,0.07563272909728619,0.008373552989119473,0.01828580427826733,0.010199120534151096,0.034573109333433584,0.027719534212406756,0.023990079044818285,0.0010031150647532017,0.005489223806384333,0.00017691693590910764,0.001511513365402775,0.0004464511861925644
1388.7775551102204,0.8257409442299504,0.024734647569959745,0.06763155316323516,0.07344861951681159,0.0030974789710817366,0.001667584476111959,0.003679172072847366,0.07135092329913957,0.0051726195820312945,0.031215194251388353,0.010617397999341418,0.03206190121083457,0.023841019427312354,0.0004894043748872311,0.0024165558899415292,0.014710072034244365,0.00018705323051092742,0.00010173134624864005,0.0007149036878879378
1394.7895791583167,0.8262545114523582,0.06045912162765422,0.042549217702487006,0.05874122463635949,0.002510265292468648,0.0059765550569694115,0.0035091042317009708,0.07784599686608036,0.010180011276829751,0.021510851766440187,0.012175689673816055,0.03539374142484452,0.01663919753962887,0.0343146860871602,0.0004911829541895271,0.004887061445492517,0.00027804501028750055,0.003397978353115669,0.0006553938031751953
1400.801603206413,0.8266914698194052,0.03272861892954976,0.06954486692006573,0.06215828748715877,0.0034817754712336353,0.001989873304439029,0.0034051080681455075,0.08173061867441668,0.025426641623215028,0.016430652457965,0.009150483135480674,0.03307339927475845,0.007496735014756611,0.005964052279332265,0.0009554023051420643,0.001332668167547406,4.075835519928857e-05,0.00035799138089734074,0.00014409823327374215
1406.8136272545091,0.8271179737042399,0.0661277326269073,0.03986696302768164,0.05643958353953187,0.0031161821243301927,0.004393438814603922,0.002938126162702684,0.0785029250065856,0.04170807429327853,0.017355967831297624,0.007375040074142835,0.025010784213705443,0.0029292348767475727,0.028859560355303765,0.00043107849692746537,0.0022181048717726634,0.0002869278035347074,0.002324859540663242,0.00010350478901086857
1412.8256513026051,0.8275549299292702,0.027831835037310456,0.06563325769242427,0.07142389246212746,0.0026764917540038086,0.0022326985348435076,0.0026468945900176284,0.07370509850429242,0.022607141075200912,0.024351381508598596,0.008516625611661551,0.02786176901343597,0.015403054357537665,0.0008426761713495282,0.0029218897810763867,0.011378237887650144,9.507712960844297e-05,0.0004532710643637647,2.1438662115314243e-05
1418.8376753507014,0.828115877950927,0.052437278154303685,0.04796082614364695,0.06034963961765849,0.003315529654132316,0.003947434800557106,0.0038734136787715,0.0778453390041361,0.007516694736631618,0.023774437536808933,0.007068710091650362,0.031053412154590253,0.024625528525252776,0.02148378300179562,0.0007233411078484621,0.008954747567125766,0.00012145867341514285,0.002092522437481033,0.0007165376803658443
1424.8496993987976,0.8284584554849246,0.033760807559148495,0.06799227350235826,0.057617707963413436,0.0031988748549842787,0.006215932561743731,0.0027559480734242097,0.08277361046429461,0.005833384995745755,0.01839767550240709,0.0074777503233493465,0.02974431690053092,0.027314806328744688,0.005759607882652244,0.0026078520419530985,0.0038686078489758046,0.0007691844773298542,0.004042505615711979,0.00020478176084052813
1430.8617234468936,0.829031749432199,0.06193316854228126,0.049925218953469255,0.051054296762284276,0.0026010138762639534,0.0024352406499247477,0.00301931178357449,0.09287276726665991,0.006397491528887515,0.011125068482606814,0.007201145945664615,0.025495594841373096,0.02787618250260602,0.0325149176760933,0.0004740616242091868,0.00038362082782835945,2.843681958495692e-05,0.0007710959554644563,5.707810898167779e-05
1436.87374749499,0.829314012539159,0.03778957997927452,0.06364478226416752,0.05796824034282985,0.003294317307284683,0.004407228630827688,0.0035818389364536633,0.08866565587725682,0.017498884268140228,0.015022571733294403,0.006812381294165251,0.029581501982126328,0.0131049923058549,0.009660047461918302,0.0037336845352254166,0.002361123041868066,0.00021775340386280653,0.0019222769937005666,0.000190517239989926
1442.885771543086,0.8298304490826437,0.049645099452602565,0.05221475906408945,0.059128441304510906,0.003202034799252458,0.0024300029105140722,0.003549213386383717,0.07569806885111548,0.027607505923782034,0.018764033271981274,0.007034648148691532,0.03733493944181758,0.003730355279965292,0.009998277508903588,0.0011738954202581775,0.006953415876143331,1.2430301423561109e-05,0.0008744682759982868,0.00016218318826754317
1448.8977955911823,0.8300936902030135,0.044327799720932426,0.05367771661146803,0.059259765880451384,0.0027286465985420674,0.006901531756343656,0.0030108492292457785,0.06947971958086453,0.03079929876295295,0.015058377946332854,0.010048875878680296,0.03924555884263614,0.005274478785516564,0.007738666259457967,0.00040355087636598696,0.0040527333859833314,0.0006356628277749277,0.004566577893639948,0.00014057058498869102
1454.9098196392786,0.8303843578467247,0.051241957688025856,0.056628835571478936,0.052384831238270806,0.003628654699039182,0.0018040104036935586,0.003927352552763808,0.08267463769200759,0.0171426321867893,0.013808528904585447,0.007562089374896353,0.03391261899607706,0.014515134998916423,0.009511473933301973,0.0003577163283270566,0.0020325069091928446,5.017980075004259e-07,0.00019729756973295632,0.00013885819415926427
1460.9218436873748,0.8305299586457332,0.0536665590583068,0.05388720273952343,0.05137752249193688,0.0029840136610255275,0.0038668273005949914,0.0036879161028760227,0.07711424601692142,0.003831153833225713,0.00991534023158684,0.007851158094133554,0.03968214647157593,0.031075996706820205,0.014550841522982168,1.4038679503751327e-05,0.0012928298912523112,2.192080596158413e-07,0.0011794357809455378,0.00012308392286638738
1466.9338677354708,0.8308997564709731,0.05209816287184699,0.05521920885543944,0.05015891664372537,0.0029297413350969493,0.0051168979759164636,0.003577315846998817,0.06790211892208489,0.004387124289491646,0.014377106937548177,0.011186067719513216,0.04371084634740977,0.027536979312976318,0.004225925730123828,0.0004594631882491162,0.004376063388364257,0.00020898410442899613,0.0036277037797949633,0.0005850566013646283
1472.9458917835673,0.8310966136769542,0.05226580592891861,0.057133916434072396,0.051243646912607924,0.0027679814864299715,0.002386000465197175,0.0031060350958169725,0.06241386691958531,0.017009703515315226,0.018449879239249428,0.008745163870331172,0.04659873133544376,0.015686041443118155,0.010398887014641587,0.0009716037211386781,0.005796666462975251,1.1689075022133331e-07,0.0003415239696858937,9.558885818918934e-05
1478.9579158316633,0.8314335108601049,0.0547058965830848,0.05874900469011074,0.045549712588856255,0.0031669088711187145,0.003167128202329706,0.003227838204392201,0.06312501823115235,0.029713644241767916,0.013475429606812877,0.007137806664457973,0.04724506618652693,0.007869524209174365,0.0028029756205905434,0.0015467575356824857,0.0032441965964881063,0.0002609158160747303,0.0012946185218201298,0.00017015064754789404
1484.9699398797595,0.8318298722073809,0.06281801786272213,0.055383673779531975,0.04160497611395689,0.0028224254087428013,0.002296047026341319,0.0032449876013210858,0.06897417452655034,0.023804571906605107,0.01531748555653014,0.01042802053538917,0.047554816302735774,0.0020910589648056705,0.025839230861203964,0.0027630548874570207,0.004586391653079778,0.0001603917529155804,0.0003681647814792382,0.0005093264310244756
1490.9819639278558,0.832256603783215,0.06167058653890515,0.056562139573422335,0.038087497031630495,0.0036497605845666006,0.004302827883361479,0.0034705846048960856,0.0599586706486849,0.016698021744912035,0.013500674655450509,0.010158755219780423,0.05678285389628192,0.01064442005167236,0.011100141818471358,0.000950010695704642,0.0037725705273051746,0.00021091890591235586,0.0022117722636812048,0.0001154395390201973
1496.993987975952,0.8326487759133161,0.06368764355929116,0.05979997055157541,0.033600236406597005,0.002944711303871529,0.004362452322514458,0.002956209942831201,0.0498096216911152,0.016883153419231633,0.017060444277856822,0.007786175855603542,0.05563317733233826,0.020178651510535328,0.020629228585307514,0.0026641643122094633,0.005231829285846559,3.853359004132302e-05,0.0020406788749417117,9.952420012627989e-05
1503.006012024048,0.8331742407530233,0.0659803795027416,0.05629784810637942,0.03511688123742437,0.002587914158149146,0.004316525480705514,0.0025262107615739065,0.048183966992450644,0.00543309170094657,0.0233092210052626,0.011095172085270664,0.054803580502468,0.024000726960575473,0.012033550467026716,0.0016492740833996611,0.006560776748939089,0.0004304294703308598,0.002067133982592108,5.3293058894658504e-05
1509.0180360721442,0.833649583355305,0.06418454386985346,0.060743320374410645,0.03232121358394073,0.003263672702789156,0.002584010707643506,0.0032536554060545106,0.040255646732893245,0.01063661498080055,0.020569405723095294,0.01102643014068386,0.057192504388498024,0.02666981467872103,0.015116935876736572,0.0031149352559392924,0.0087460480040007,7.968669179131798e-05,0.0004483977801418643,0.0001817928907149219
1515.0300601202405,0.834219151353548,0.0635852548993474,0.05557626879711029,0.038293517586454634,0.0025950942707879997,0.002817381537549804,0.0029133315551992636,0.04710117155015259,0.018004427275485457,0.026690046866987022,0.008271303632774046,0.052374723853092796,0.013339175467957484,0.012538269038058906,0.0005923163551706208,0.011653488050758345,3.3017330813697635e-05,0.00013943277032605388,3.901647043828806e-05
1521.0420841683367,0.8346689782089972,0.0759029810118424,0.054782272078948306,0.024425559931495557,0.0022595155622432677,0.005200165360885057,0.0027605278455854632,0.05745916392367624,0.022085609569215535,0.021077736239164452,0.006548631762095081,0.055649261022980574,0.0025106192738681837,0.03633248893792334,0.0005721437111050052,0.0034241987711503153,0.00032966596515442826,0.00284042984288095,0.0002455114928277096
1527.0541082164327,0.8352315828592771,0.0689021722045289,0.05838986189806644,0.028588096630695423,0.002392446254988903,0.0036784872221357155,0.0028173529303045825,0.04542491587661186,0.03269444646871637,0.020198164897772496,0.008718436214999122,0.05186716256422586,0.00586529111839428,0.009953507545685955,0.0009436932686041784,0.0015628273123416434,0.00015575489632286958,0.0004730222211055874,2.6696775228043194e-05
1533.0661322645292,0.835597810892071,0.07092495213181732,0.05696770383014104,0.025478727948599733,0.0032194977364260295,0.004659067798559589,0.003152239662382489,0.03847228055192714,0.021815058729183465,0.024646446243461507,0.007664862062285388,0.056991928868192994,0.014811612652875695,0.014886217610382398,0.0033691251440548086,0.0028489959914793635,0.00023100993497806766,0.002146722055175947,0.00010481265212099337
1539.0781563126252,0.8360410873921486,0.05703008466179278,0.05829584480636342,0.04024098251593069,0.0017804863228749607,0.004431924530028755,0.002179589770857804,0.0424213399739866,0.004002474225479253,0.028148982092883534,0.0049340192322287445,0.05116591112490479,0.03328618595836548,0.0059095398433569495,0.0010468540715823091,0.009854506461608228,0.0002917302699635622,0.0004497683815356379,0.00015768793048048118
1545.0901803607214,0.8363177703300614,0.06666234159954175,0.056123266759945785,0.031405852246450594,0.0026529722000357006,0.004241098002140798,0.0025966988618212773,0.042068896878895645,0.007808189826210129,0.02623173445332213,0.005574684018002046,0.04970742647671443,0.03229129801679152,0.012258791463324072,0.0012968499283602297,0.0055403288294659575,0.00021653808360505024,0.001302744733417923,5.824652519216615e-05
1551.1022044088177,0.836603656379323,0.05644340461831164,0.06348157285639743,0.033851771171242016,0.002152563027202703,0.005259781718865373,0.002207250228655015,0.05030075641860488,0.009651845966819351,0.02942875702094209,0.008963162760474805,0.04817229344459317,0.01687952800923987,0.0048996228484372,0.00018026305067759862,0.0010408685908035358,0.000439110264434749,0.0014152485039891868,0.0002084353171029825
1557.1142284569137,0.8368442340050222,0.07270750591257233,0.05157604456322494,0.030429760529076012,0.0018866992281588227,0.004687868047530923,0.0018678877144118755,0.06077729373626303,0.019484401978550305,0.025310138957466935,0.00677122668033255,0.0433649492465094,0.007447755395852672,0.02250825974210285,0.0033147724977738544,0.00029468553824133316,0.00017326403265102832,0.001307862278565286,0.00013766942201715057
1563.12625250501,0.8371931999093841,0.05105951142699622,0.06611368460453367,0.037051092949414395,0.001720330839806242,0.004979756116320806,0.0018824241535416487,0.05783292215862044,0.028922390304165713,0.02718790829825387,0.007418491893596998,0.03919171618982888,0.0022533712461470933,0.0005388573793102081,0.0014577239207934898,0.0026432334490384267,0.0002145633747708816,0.0010703899969999092,5.72007537237863e-05
1569.1382765531062,0.8374154183051412,0.0638689205884172,0.05424792524645864,0.03722854007201574,0.0017996981327220705,0.003593823989145827,0.0018456736660961656,0.05698512021015163,0.024226931104860943,0.027592753070002692,0.012080831182859568,0.033106325270369816,0.008592620856611005,0.009631021203018229,0.0011817566098719446,0.003956320759956452,6.40041791913295e-06,5.42474461507115e-05,0.00017186916862938542
1575.1503006012024,0.8375825070492251,0.05437959193200405,0.06084028541522741,0.03681761154414437,0.0014473591833147927,0.007251907312121333,0.0016807375639598698,0.05990201086426476,0.010998832338060297,0.02675668120704191,0.01205330756184283,0.032420244769597206,0.020286416209964825,0.0003052767078389871,0.0004320217090741354,0.002161618851237377,0.00034309567148140875,0.0032418065728961193,0.0002665931801439212
1581.1623246492986,0.8378091732741871,0.06330910658313021,0.05462967543495477,0.037009262609540676,0.0014959740236139447,0.0038668005407903987,0.0018800075337796272,0.06801167945991533,0.0019869782110194926,0.03171503211385331,0.009262799062519991,0.027466550149738263,0.02374778772876323,0.013298059982958261,0.00011712383908442737,0.000547326746277415,4.2110275870904444e-05,8.018505380837162e-06,0.0001599872687834761
1587.1743486973949,0.8379095772603731,0.058557136962820416,0.05905868484946468,0.0362663231407879,0.0018646563149902536,0.0044154391663667625,0.0019281823051937412,0.06863199128923182,0.006962656308988942,0.027188135599897332,0.012302001449007888,0.023613948661071252,0.02339168943142649,0.006228706965626081,0.0004093183362094872,0.00014752988545843352,0.0001191971226027445,0.0008524279306247323,4.952137729569397e-05
1593.1863727454909,0.838125549443689,0.058872670820182035,0.0522550895901248,0.042987795419403244,0.0010500820952930399,0.0052666619650960644,0.0014421506662085875,0.06290244125221582,0.02587041173112695,0.02723898915160263,0.011560296924601551,0.021299387519566143,0.013002923977194667,0.004918386937637829,0.0008983782539365507,0.0029670078570946373,0.00020923750025486282,0.0010696247856320517,3.263920160972503e-05
1599.198396793587,0.8382696053138535,0.05334249095866918,0.06006771699601119,0.0404307225211008,0.0013576745797181983,0.00449277070672231,0.002039018923921739,0.07171706290360655,0.031987144990404094,0.02899263239843222,0.006627453393689485,0.019644396618063723,0.0027617043819473486,0.003927605144927156,0.0014989462171593518,0.0038114817377744078,0.00014315619761004497,0.001038860424754943,0.00021189250008785777
1605.2104208416833,0.8386157284156873,0.04773974458144384,0.06319743980710227,0.04225734109219703,0.0010874262205904732,0.005409169201534733,0.0016931506814414645,0.08166663130335523,0.021081135510128,0.026624794591110654,0.00704214950109559,0.018341135780105277,0.006628424898515043,0.006484420684018005,0.0038082448292334798,0.0014164414181098701,0.00012118460312534537,0.0009952226828718544,6.34411671364247e-05
1611.2224448897796,0.8388594811125801,0.0646195397589891,0.05263799024617712,0.0372577654399434,0.0010583030577366816,0.003959444194542379,0.0016074761900288015,0.07993501243002832,0.013923514462779615,0.03075228219251323,0.006712842495657157,0.016854111228058844,0.012962756078380301,0.02371529810269104,0.00021108736271871796,0.0024937634413530483,3.7904455066116983e-06,0.00030022423773389976,4.692830107153497e-05
1617.2344689378756,0.8392179544921157,0.04520156740843283,0.06523132366571634,0.041220946953926134,0.0010521677201998133,0.006396342717420689,0.0016796970421862915,0.07824903162148927,0.008734157363527069,0.026269664807965047,0.004311022854725772,0.016054522819096567,0.027163646041078383,0.0024466868697725977,0.0009137710048035497,0.002206651774058422,0.0001191112322941853,0.0018229112849212322,0.0005473533606644796
1623.246492985972,0.8394352481084295,0.06211768569736821,0.052378135205915485,0.038960863591314614,0.0011146063611693305,0.004471604653624055,0.0015218563821766007,0.07848632971165134,0.002359972102977139,0.024075833550850346,0.0048059700600438324,0.0156907991798861,0.03514584728615954,0.02358783953659978,0.0012643448755699294,0.0034264775286783193,3.289906465319734e-05,0.0003163821834958093,0.0006563087711682718
1629.258517034068,0.8398985131295725,0.04369818207249489,0.06503030505357045,0.04373652251058064,0.0010340724509518787,0.005996703706997705,0.0006057010758297189,0.07148507905937514,0.013689095731302232,0.02838170054101258,0.007046229654074641,0.017757576419793458,0.02174180546486724,0.001220018663543911,0.0017162536892360758,0.0039805738268653915,0.0003335739014040435,0.0015046778669872587,3.0237554519816772e-05
1635.2705410821643,0.8402463696463103,0.06423315982469267,0.0481120078885963,0.04099033673104585,0.0011578438085396044,0.004278106836624445,0.0009821752641886736,0.06810460632257354,0.02955886720290498,0.030043759999278684,0.006472323943327705,0.01754633898943726,0.008027733896165384,0.020242949569905844,0.001659693658444082,0.007284393277870097,5.364831582560847e-05,0.0001556496930411286,0.00010549518636524434
1641.2825651302605,0.8406529767874781,0.04375037696597781,0.0639877626968495,0.044324252189424984,0.0011044225806411808,0.0050946771845469235,0.0010855315950794543,0.0691895034380799,0.0306013230992852,0.02724539000392344,0.008054310701938218,0.02088055676048743,0.003375939208805653,0.005284684497956758,0.00025287748507375827,0.006246229518308544,9.250410462833776e-06,0.0005245649295242492,0.00031491526016525417
1647.2945891783568,0.8410787579746372,0.06757840014699905,0.04713754111675402,0.035709197406139176,0.0008618912854188122,0.006629458992598281,0.0010047530774513552,0.07574828177641994,0.02041291712407462,0.02047887906822355,0.010021900953420596,0.022172010433175182,0.010087252670046802,0.039250954097194916,5.304983466768222e-05,0.002278468730913384,0.00014848244318315724,0.002416152186019097,0.00029894683463411396
1653.3066132264528,0.8415885741997193,0.0417248752953808,0.07111066589386932,0.03903829250960118,0.0008200374380792734,0.0048048376369173055,0.0009127170264305849,0.07177089603084161,0.009833799803487668,0.019808435796807872,0.010199363556432393,0.02638658463388304,0.02041234597882588,0.005445850703108055,0.003047275734272187,0.0023978929555586066,5.269548000267461e-05,0.00021016432447849539,0.00011727161252032787
1659.318637274549,0.842025715474932,0.06047204653546254,0.05013486914067679,0.0390117973355726,0.0014573729877948966,0.005222706779786325,0.001675491745772402,0.06107983119747974,0.008045914319524207,0.02394835736866288,0.011204900632544437,0.029990274835141974,0.0237050061717123,0.02496115041492043,0.0013599944672231278,0.0035416995372744343,0.0001307005163042033,0.000692996900445872,0.0004947101423594789
1665.3306613226453,0.8424820614751108,0.035094382405172,0.06597323202894374,0.04915764607619111,0.0009103005391872287,0.0047483387868204555,0.0016340386885720143,0.05412733424648248,0.010247508036805244,0.030414211744392187,0.011561802240333811,0.03230991669067027,0.018857165566202556,0.0019904720228544706,0.001934770058450336,0.012219570814236722,0.00016797990008498477,1.7237847060718484e-05,0.00017441143405317114
1671.3426853707413,0.842908063003881,0.0567979798635866,0.04807170565918575,0.042699022443498894,0.001448835519887267,0.006292816324348059,0.001781577185609587,0.05576663890446453,0.017322115702841565,0.02204836990955371,0.008707541645220921,0.041419435022216795,0.01182783581181864,0.024684971896005853,0.000777493015533861,0.005809560471264791,0.0003917614658831223,0.0018618148337387406,7.644737037063315e-05
1677.3547094188377,0.8432560900737184,0.03943134981561542,0.06601563416208919,0.04351940941993354,0.001224137401402552,0.004739176784966865,0.0018142023422711368,0.060872434860030786,0.022649958232005794,0.016720745550415878,0.008506784643423986,0.0439590799583293,0.004034906682072953,0.008490469962820903,0.0016387956242810064,0.0010206876120331704,7.839087727932756e-06,0.00027677626050092764,4.3152980032340696e-06
1683.3667334669337,0.8435614168229337,0.05575268817445819,0.04777917060043467,0.04384684513237795,0.0011050032605352167,0.006189325669244235,0.0017655503400132344,0.04743247645073648,0.029698430510172173,0.016493299829889504,0.007591421029024412,0.04883233386181338,0.0063906214954275505,0.014856997519926673,0.0016658196824425383,0.0005857130577408367,0.00013235128204764298,0.001975411586820729,0.0004119942436180673
1689.37875751503,0.8438109678998045,0.03264603074984414,0.06682524926352122,0.04908255411925069,0.0012202026440521604,0.005042021487502325,0.0013729738360220532,0.039426186664419105,0.02168530272413314,0.020821775326872537,0.005244010905637317,0.05343288100721719,0.015578875471913325,0.001985236777343375,0.0010467304760943287,0.0025087260261930457,2.8246251403553727e-05,0.00074241653874132,0.00012726437585997035
1695.3907815631262,0.8439868538152288,0.050558700052981326,0.04866943172964387,0.05006146148419678,0.0013196410102053117,0.004240421598468093,0.001163490309273017,0.04128919637170042,0.006025446360901011,0.017059961592579036,0.005514995058227504,0.05639828256984662,0.029725264231513813,0.005985585385323804,0.0013644776802856726,0.0025480773258845296,2.4072329366774606e-05,0.00021427304814903165,0.00010447580216463805
1701.4028056112224,0.8441207888383794,0.03244958326881804,0.06782140873508172,0.04727439680812903,0.0014831364766193056,0.005917591184830537,0.0009330946881392204,0.03894531536392218,0.0033057308653984844,0.018676779331350032,0.006876330438195709,0.05782478793982839,0.030250267222923052,0.0007538447664750392,4.0441712834128294e-05,0.002534782421461315,0.0004962010249798075,0.0017009255265163401,0.00022799807590047602
1707.4148296593185,0.8442805182654168,0.05332678688564393,0.0460642305044526,0.0496238459279844,0.0012170505900315546,0.004481293448387935,0.0010062743780800334,0.045448227794175636,0.009369578864976233,0.01802687106555066,0.005172125201345355,0.056618619684904385,0.021084059123628183,0.01072633396396459,0.00012310536199865125,0.0003430328664026036,6.801860124540089e-05,0.00042788694170174896,0.00013812202593506295
1713.426853707415,0.8443836952486348,0.03362676401086504,0.06836757390699164,0.045877957661889124,0.0018474866164850472,0.004851926950167909,0.0010445956049636755,0.04129168092480727,0.023939162027900966,0.015543591972106825,0.005229871178975518,0.05916043884181414,0.010451559805757713,0.0026751892788769204,0.0008245394284563239,0.00024230506162744214,0.0001736855065262354,0.0008733128274436758,7.573793920000382e-05
1719.438877755511,0.8445316809605499,0.04990451386665615,0.04632148086207407,0.05191274952469731,0.0011488365747083376,0.005074213054962057,0.0011065251563491475,0.02711706770492995,0.032015688979744425,0.01929698237581397,0.007583955585146575,0.06558014870133665,0.003874475692475495,0.0024183660476640913,0.0007678728193483845,0.0020297141920893142,0.00012014210152605424,0.0009700787283197151,0.0003429032867272046
1725.4509018036072,0.8446645957946705,0.033548430089502174,0.06702209941847126,0.04652839235114252,0.001637794401633044,0.0050843362395822655,0.0015143517049949476,0.03669786266375607,0.01947908647056565,0.01660176071028147,0.008350571334161656,0.06316484730707735,0.01104127571948402,0.0006223459522146333,0.0024333594067269516,0.0014215931908226522,0.00013353419171255332,0.0010509021964245201,0.00042661176240254027
1731.4629258517034,0.8448113943841604,0.04910796269727924,0.04786613001573029,0.05017094508483645,0.0014599676486420383,0.004843314248036538,0.0017402859213113964,0.04218424607998138,0.008246294471799347,0.016320932292596638,0.007153806337745736,0.058610370681307526,0.022672955752405334,0.007582633753417569,0.0001720754875654573,0.001299648724670671,0.00012076103517862197,0.0004389338643538395,0.00035171508744002804
1737.4749498997996,0.8449018329971039,0.03795117201061726,0.06657221157256184,0.042869090950251355,0.0016944727793573324,0.0041811126089403424,0.0018301070811644704,0.0391260405362848,0.0060413712824312705,0.021364267981720163,0.008512912845584225,0.05669037540243187,0.023363198954440268,0.003864531746743983,0.0009874928826338742,0.002137467804373405,4.254065548242006e-05,0.00036408422771824333,7.497881966263553e-05
1743.4869739478956,0.8451200842719476,0.04946577039747997,0.04734391923013325,0.049321541676542215,0.001465641326578244,0.005643400340751156,0.0016396427565642025,0.04210589593023556,0.005749255126639393,0.01843938652328504,0.01105264901535998,0.05685520115107846,0.020677527981450596,0.00834058857563241,0.0010989674821475233,0.0022741160155042507,0.00015273691561221408,0.0010049599949522275,5.918609453196597e-05
1749.498997995992,0.8452611456393143,0.03841746736411648,0.0672936620733047,0.041100478842902,0.002001755532475951,0.003734814321088605,0.0021906762267947374,0.045786742872141226,0.01617684855440537,0.01692182167081306,0.008051147383387863,0.0549493362407893,0.012852957639145643,0.0036295738197964673,0.0008293063823534827,0.002216800171782928,4.856107453678085e-06,7.734791292690341e-07,0.00022298342374502459
1755.5110220440881,0.8455410346752208,0.04551813961930011,0.05106539852465984,0.049476811920399495,0.001081506011406767,0.006172456532315991,0.0011446527166938413,0.04936696579232074,0.030905440072779743,0.017665099592393416,0.007803209322010836,0.045030330081481114,0.0036879204637901893,0.006560168755429416,0.0035215116462808255,0.001738132539985734,0.00020996621239368604,0.0016041879156641016,4.779541595054601e-05
1761.5230460921841,0.8457222971815977,0.04702403631114141,0.05724857279943184,0.04222201073245088,0.00215800305360616,0.003716275742636643,0.0019088041791321332,0.05060287291694128,0.02842745976783497,0.01810777485468225,0.008942688382286824,0.04214518672853144,0.006051720168122299,0.008877369717162955,0.0007150036667133863,0.003786307433392063,4.1573293979465754e-05,0.00012154875160879049,8.956196122828419e-05
1767.5350701402806,0.845934655037433,0.04500729352835381,0.053047035660866174,0.04788941682706087,0.0016656838221733566,0.004820622406135843,0.0016352927179737757,0.05095764126080545,0.01519919882177651,0.02014367257931159,0.008639049334966977,0.045421358979495785,0.013704423986207505,0.0032603486617283598,8.18723364057517e-05,0.0026827522065148014,6.118380703040816e-05,0.00013402782423379008,0.00010362886556198704
1773.5470941883766,0.846052428057423,0.052084513310056216,0.0559939954566772,0.03783814379420425,0.002009944617436389,0.004430824396468787,0.001590150367731095,0.0570650025469367,0.008171625698698925,0.014441197405577824,0.007260104419790563,0.039519057347705736,0.027490584523864194,0.0111989695528632,0.0020722367495376415,0.0010903097570925287,0.00010998992329451569,0.0007995775898389273,0.0001554644413506254
1779.5591182364728,0.8463305081754842,0.04592146427069224,0.05537801165990056,0.04405569654166456,0.0016768399655742523,0.005439443043964397,0.0011980363427168464,0.06274242438971833,0.00555605375207717,0.012875244368962443,0.00877705760875372,0.03409419151338563,0.02962452019161557,0.00454139542682629,0.0001637182650066751,0.0020386845057942834,0.0002707393500216945,0.0011031027289906627,2.537803201838493e-05
1785.571142284569,0.8464799898555014,0.05312796577395972,0.053576083805562356,0.03854938428400669,0.0022492383459435327,0.0041182249835887055,0.0018991129514345996,0.06463408931642305,0.018045952443049042,0.016815372548121904,0.007988267019017866,0.02928173919018601,0.01675458962769775,0.01051683275659837,0.0005998262820709001,0.002737027980333103,4.588440902193326e-05,0.0003041018742367877,0.00022978530728445153
1791.5831663326653,0.8468210186526425,0.03987715014958357,0.06184537378126047,0.04415829015763655,0.001662880513118425,0.004280874043390121,0.0013544127023655224,0.07238905111438185,0.018365433568573074,0.017064372727219806,0.0069021631288497904,0.03029160659416724,0.0081663542141629,0.003952036775435843,0.002736500030242111,0.005778961213091671,7.132483464783752e-05,0.00030237625212514957,3.498274232003968e-05
1797.5951903807613,0.8471797148011038,0.05825185227301857,0.04913630432058853,0.035890866254241156,0.0017426510218883763,0.005658659716976537,0.002139951612180178,0.08268670859619999,0.01658871867471088,0.011804813548730355,0.006371826945700684,0.03101289802368261,0.004355319409868814,0.028795018458064276,0.0012560575656252009,0.002137224064490578,0.000118925568797064,0.0019013798699497415,0.000508742198642536
1803.6072144288578,0.8475204318950433,0.04153041551535512,0.06723157668358165,0.03588684307964418,0.0021929532612169162,0.0035708107831204936,0.0020669687820353967,0.0775317696374112,0.02755637079945486,0.009811336703392695,0.006422698086680305,0.021887812433167706,0.009269580444846987,0.00024238313792489296,0.0022133153347973834,0.0005845471786000856,0.00012790351198675503,0.00017350220512294906,0.00012240309920207227
1809.6192384769538,0.8477288017720886,0.06533892155195782,0.04299372156843413,0.035596091809988406,0.0014660568903544513,0.005030452283934597,0.0018459541232390606,0.07412696713057376,0.015751599465693995,0.006915413009080785,0.007720884423340028,0.022916725028780185,0.024839609170439696,0.01446132972834525,0.0006531552804849702,0.0006421922030004209,5.554403290267535e-05,0.0009941781501324168,0.00014642131466100747
1815.63126252505,0.847943811627513,0.04352242365216603,0.0628912576798439,0.038084123787170895,0.0021741047014591113,0.0031449162930365887,0.002239362258807202,0.07555913907554745,0.0029622794102063497,0.012572227684091554,0.00703779610127424,0.025102493294906693,0.028822252806457407,0.00019060909332426585,0.0009229849122985528,0.003497753271733789,1.9891751765088226e-05,0.00012562254883456965,2.3541115741502622e-05
1821.6432865731463,0.8481282611295885,0.06318702281691824,0.041830761430149556,0.038118625841253626,0.0020688003135177647,0.004405136012627515,0.002261392455941519,0.07165426058757093,0.010532216969542423,0.010835454615918219,0.0063426327552666755,0.028284514325086125,0.02422265961702385,0.011485813488760967,0.0002424901914007625,0.0022699826551196138,0.00010751122571599367,0.0006274148718232592,3.349982857012853e-05
1827.6553106212425,0.8482725413415378,0.044582185569934284,0.06349352707897687,0.03396871652339868,0.002375690357220435,0.004866041771429487,0.0024412973574990623,0.07405075128034828,0.020436205112122935,0.006407410289788903,0.008793276041150698,0.027164228902251945,0.014875587032796046,0.0002607143955712878,0.00014055291336027574,0.0013532203125046017,0.00018543238534536873,0.0017410210455989772,0.00019085153723698091
1833.6673346693385,0.8484728063713544,0.06546469659895705,0.0411750534980456,0.03699116602891891,0.001814468470404303,0.004184184787908206,0.0018976242444080367,0.08002621883420315,0.028706703777271008,0.006383010604860482,0.009251640321917722,0.0233915450629263,0.003768075027463455,0.015793252385251293,0.0007035582856693295,0.0004716902399693845,9.932935645028014e-05,0.0005657410157492665,4.6218075551128854e-05
1839.679358717435,0.8486328362628216,0.04163909486363351,0.06837607483317189,0.03226031063191012,0.002806091026598437,0.0037171641157727558,0.0025684282660882792,0.0772404089112514,0.0201776065242038,0.0065398335313609,0.007724200870639028,0.0344232351961586,0.005261878703561262,0.003829620678411157,0.002631216506172229,0.0005213118225371254,4.707634673647224e-05,0.0007294276219782491,0.00016199369413646942
1845.691382765531,0.8489119260185,0.05994508722110286,0.044225359243297686,0.03854311970353959,0.002071824291351465,0.004302574103039393,0.0020001094191657715,0.07008155758703813,0.011910512122174864,0.009291293009475551,0.011371730841013821,0.03763794005586478,0.010795040365929627,0.006482366435459971,0.002068839634939995,0.0016966768085306986,6.254082547375101e-05,0.0006555435584027603,3.333847385249868e-05
1851.7034068136272,0.8490076057259827,0.046224631610551056,0.06362450057543337,0.03206957251593014,0.0026884139143724026,0.0041041900010895405,0.002281085656637672,0.06188194676248853,0.010804292868768215,0.010365004987387075,0.012544696841371335,0.03649682931719998,0.018899623496799033,0.004153602217625302,0.000361535019750948,0.0011747829458838596,0.00028457414758683447,0.001045693625300952,1.9433323571975378e-05
1857.7154308617235,0.8491930909620863,0.05850715559177409,0.04681566417193405,0.03679085232443862,0.0026380840875636267,0.00345744429619689,0.0025977085660033915,0.0637448841805345,0.004931449030556571,0.006471845817074863,0.009050626298847909,0.04029359446284932,0.0263145092480475,0.004934679561787667,0.0007453393415092026,0.00045148689399658625,2.442788920667853e-05,0.00013624864341968266,2.2450561908555432e-05
1863.7274549098197,0.8493119756152651,0.05242641457005757,0.059140008766873906,0.02970573602326156,0.003144705950704748,0.003415694194656038,0.002855464879178116,0.061074466062152985,0.010742215524524966,0.008363673449791182,0.009175378061188214,0.04356749025930029,0.0177648010277743,0.014120462678197655,0.001347917064269173,0.0005565365952563572,6.147313932406727e-05,0.0005094586292129923,7.573221956365046e-05
1869.7394789579157,0.8495813964684518,0.05794448427490658,0.04347768923207204,0.038322143160122404,0.002569699159892492,0.004846628215609012,0.0032579594889427252,0.04553553619385772,0.02160890646180516,0.012992673250470835,0.009821423840746723,0.05309869291520822,0.007361370869456605,0.004368273285583686,0.00044072941452400963,0.002224144030023813,0.00011555256737725397,0.0014676369800658213,0.0004321937725632131
1875.751503006012,0.849725615597467,0.05116988519420053,0.058925157433084546,0.030598837990115396,0.0032739666167608417,0.003015938559609559,0.0032905986087592865,0.04434409901840949,0.03274582304032708,0.014413587003371994,0.006180004762104454,0.04853289769747116,0.0040579728808459664,0.004792421431171973,0.002159892142718292,0.003126816685942936,2.0141158517335074e-05,0.00011130927162675362,0.00026369262311850086
1881.7635270541082,0.8500376758920175,0.05395850236774429,0.04723058723827383,0.03881800188443752,0.002962741323949222,0.0038557331911362337,0.0031367581024386265,0.04260393905165014,0.025593624661209517,0.015603913673718252,0.0057309757509604875,0.04887244594036514,0.011557425030076176,0.006939001597097037,0.0015803258248391092,0.0023630705927110605,0.000346192581269495,0.0008297690054289967,0.0002865932452922807
1887.7755511022042,0.8502440929657051,0.052574501640692564,0.055965328371405915,0.031495998953175335,0.003099665958635435,0.0031792451322042595,0.0034411669781783793,0.03879297191722126,0.006640766870232544,0.01612592004548522,0.006761355577274109,0.056646633904310316,0.02478825871976845,0.013721858038488952,0.0002069068722973939,0.004614223245987231,0.00014109813410954672,0.00010145479775431048,0.0002586311255307237
1893.7875751503007,0.8505359918585426,0.05071041742434941,0.049251033043750884,0.03931491715032376,0.0034978559121712147,0.0031620940388517814,0.003527690572007126,0.03566645225639992,0.003681311836347927,0.017423948252089042,0.005656490852445294,0.05922908197654533,0.02780672296762667,0.006475568719017466,0.0004019805239307769,0.0026275541155914,5.0602439733176576e-05,0.0005394750572360888,0.00013884173273467367
1899.7995991983967,0.8506982972552938,0.0549348003930889,0.05478784023741612,0.030277540563082326,0.003039680357621511,0.0031956514539843326,0.003066189739509848,0.03387107135821911,0.006896079915354372,0.02037970452548534,0.005398893342893254,0.06154740797422891,0.021208545628522046,0.01443262447754665,6.881735728773265e-05,0.0007180077373449309,3.978170328705739e-05,0.00042141076759897916,3.272620479131216e-05
1905.811623246493,0.850981697796333,0.04740001602159763,0.05056941928330076,0.0409580439512311,0.0031929442684009157,0.003957974069827537,0.002939904609305603,0.0249877874183762,0.021155132637129488,0.019333721966347597,0.007820657647791662,0.0616805060247719,0.014040496509246686,0.0042202594000346535,0.0011818048653376562,0.001804145236026608,0.00020716570477332988,0.0015668971390315441,2.2751891743181077e-05
1911.8236472945891,0.8511824081371555,0.04843519687120374,0.05382872055208136,0.03663856353442106,0.003377553161834912,0.0029079010080438924,0.003629656735256138,0.02077317362938949,0.02955654302810245,0.021976712908533282,0.008258186151441802,0.06347587162229057,0.004777104523083528,0.0025597251518243375,0.004655161212714605,0.004105706278366551,8.071976978012138e-06,1.4374300071561017e-05,0.0002492943840147656
1917.8356713426854,0.8514219030561537,0.043931711446598104,0.050791758382659445,0.04485233110326156,0.003760797969669539,0.0018768735676311784,0.0033646244740230084,0.024577611965868478,0.018709751257114247,0.023960247982567205,0.009258843473812775,0.06601859600608963,0.006053046258390504,0.0078090151822808335,0.00019812738062452724,0.004120971535064825,8.468867138511646e-05,8.423838295413119e-05,6.612209073461684e-05
1923.8476953907814,0.8515542777932072,0.05011597457324839,0.051516714246336616,0.03739885366973336,0.002625875902366542,0.003867368060563429,0.002920935754541173,0.028326158504697774,0.01598305233800716,0.023755922421070864,0.010056028551014964,0.058612266434193934,0.011712293957804805,0.007099194667164651,0.0011570845418242257,0.0011923511268673026,0.00016604909855348306,0.0009250958564606601,9.277461316425016e-05
1929.8597194388778,0.8517242761234929,0.043990671650466474,0.05391446199916129,0.04129252453992003,0.0035027966172452357,0.002252910387313381,0.0033223586823976146,0.025851282524797528,0.008036186470496882,0.026119442137084285,0.010804785441504386,0.059095811019089894,0.018368216283531046,0.0032270828862909005,0.0005047031520500823,4.175879460805936e-05,2.1310908871190203e-05,0.0005358760179835531,1.6000265447343843e-05
1935.8717434869739,0.8517904363401644,0.04810620846372487,0.050184256476271435,0.04061123905086482,0.002926473406299629,0.0033428280135318297,0.0030385582491398596,0.026930758944586772,0.004826878111864857,0.022563053856282125,0.010994883905721188,0.058792705761235985,0.024101283080141506,0.0026729345032106963,0.001038931249371035,0.0003750193275200988,7.574864563044403e-05,0.0006636207070965643,6.265786658269791e-05
1941.88376753507,0.8519447721378725,0.041882418035009826,0.05439128645105304,0.043791562186187113,0.003003046884772192,0.0018018213863576727,0.003185092918744473,0.029888561257020652,0.013656215079723177,0.0251600118353967,0.009116397426912191,0.05299051027894869,0.01724353198412289,0.0037436893307064597,0.0004221660275782203,0.002970315999041794,4.184673035372779e-05,0.0002727043198558749,3.1524652378365677e-06
1947.8957915831663,0.8520269663049638,0.04781571100833952,0.046170242994499656,0.044706131362637805,0.0029928057066660038,0.00314730035470942,0.0031408422681807233,0.03083189016505158,0.023410838029523078,0.02542783458266389,0.00750273225489823,0.05262235064798483,0.008177388014911514,0.0032887936337771895,0.00025200188821872493,0.0010977307412282924,2.379601773224347e-05,0.0008332476642550746,0.00010592205188890911
1953.9078156312626,0.8521053467550063,0.04187402791430685,0.05491996156886341,0.041597132520584335,0.0032235255821129634,0.0028250953501354767,0.0034549103089874817,0.03807032341604421,0.026268677498720014,0.02665349569564672,0.007864325938558167,0.044335097372915716,0.004702733323105689,0.00045451526766929597,0.0007309381421020176,0.000435446091394847,0.00017966774695416988,0.001119085335867722,0.00010104620827382838
1959.9198396793586,0.8521838624817976,0.04798120429691496,0.04518513611879663,0.046017112711057455,0.00279759577689988,0.0028804871595486223,0.0029546014549816793,0.04052063225380148,0.018190700657318787,0.027408139112957697,0.006786066778616786,0.04417350745192241,0.010737091263582058,0.0053735658896035725,0.0011579388867815187,0.0001495814843070517,9.339366765704916e-05,0.0008475858599062205,0.00013018434974988052
1965.931863727455,0.8522926275534385,0.0425891436190272,0.0568587555818924,0.03992268395106458,0.002873051527564793,0.0022910247985592443,0.003172712968450129,0.044669062927668465,0.011067515007816787,0.022737853063842767,0.005862451668208726,0.03916079932857933,0.02420969045044228,0.0014287769707841938,0.0006758922637100076,0.0003722581941037782,2.3370266442704808e-05,0.00017916352165063792,5.699985475553758e-05
1971.943887775551,0.8523587524832397,0.044806231794690635,0.04745512927570794,0.04724193667601217,0.002961583597991696,0.0020851371523768723,0.0030912290199777786,0.0500665778682789,0.007466841459782093,0.023985215086351003,0.0073279915886076095,0.03217201327185634,0.026622608241881132,0.0036716388111647635,0.0003834522233832783,0.0003567728886221341,2.9541716928707292e-05,0.00012077848036453,4.374853251714959e-06
1977.9559118236473,0.8524589015265461,0.041507114736801576,0.05830098274051015,0.03855969954672922,0.0024747514441313067,0.003979828031135318,0.0027187219741430834,0.05579173890411207,0.007523829632251634,0.027386044272799913,0.006999905745572959,0.02982031660435904,0.020019263314355034,0.0037691593459171398,0.0012178307613864969,0.0008653432851929027,0.00021154709141942335,0.0020042101907878124,4.3127250779763664e-05
1983.9679358717435,0.8527156644174637,0.04544350200604884,0.048175926764046466,0.046263539626831926,0.002660617585136315,0.001634625310373544,0.0031061242900957604,0.06708555665159745,0.012800366699509408,0.024180136982899808,0.007058358335441669,0.022509948884317985,0.013649968028766519,0.009744297761288183,0.0022042347763799315,8.825604617249195e-05,5.764507865919821e-05,5.604228113550684e-06,0.00023231123612114986
1989.9799599198395,0.8528253554495578,0.0471184616951072,0.054849795841077846,0.037587847366091665,0.002517532356709853,0.0022250445549911423,0.002875962736461272,0.06553549542964765,0.02266152651984806,0.024620578467408186,0.008550497442757586,0.021691846932319396,0.004114699758458103,0.008790431264741612,9.692015927496274e-05,0.00022509570605924197,4.4136600770019834e-06,0.0002262521637277186,0.00010762887699441481
1995.9919839679358,0.8530279331742936,0.04631180585380418,0.04610219043254318,0.046964988166723724,0.0024517404781897977,0.00234955628924211,0.002791785605200249,0.0579208845370516,0.032175168062828344,0.024603165598352416,0.009030157152554476,0.016604528693448955,0.006638162781467454,0.0036146826090866896,0.0009511349311435164,0.002216539561785191,9.689522910065801e-05,0.0008753990005709421,9.192112632667222e-05
2002.0040080160322,0.8531307553076426,0.049658611194126505,0.051554261415230195,0.03842881795017253,0.0023051338044181935,0.002302729385197502,0.0026196909432093934,0.06736420047872904,0.01745964963818602,0.024648585792662568,0.008980433714469525,0.012159644124740712,0.016256730943566444,0.006468131975185703,0.0009227463762756673,0.0020929049835736405,8.29082620213684e-05,0.00046460904341588384,1.834766171816479e-05
2008.0160320641282,0.8534258515946531,0.044762618720224044,0.051998543408781975,0.042494485062030435,0.002569502606597394,0.001866905515224432,0.002882093092485554,0.06944989122137805,0.005534639965282199,0.027130129472905308,0.009675071883314243,0.0124843052975387,0.022300110564925337,0.007230732473421083,0.00033483554275409537,0.001570737953471043,1.7064544779224158e-05,0.00017762091329294276,9.5920398057389e-05
2014.0280561122242,0.8535821106672228,0.05734245915789965,0.0470766774854644,0.035110755188200476,0.0021014623564012546,0.0021994920907856754,0.002587043054022704,0.06904773883183327,0.009751845888382602,0.024869508498260265,0.008577209094295704,0.009827602118646339,0.02434398490135597,0.015542720976969822,0.00016989612478039988,0.003956262490954123,8.450120955863907e-05,0.0005110200455525886,0.00013641099293509
2020.0400801603205,0.8539758002333052,0.0455325828472035,0.05484205708909258,0.038813020467174435,0.0024279876360318448,0.0019430213967921725,0.0024655303303972994,0.07454031221256664,0.01236080479277359,0.024123537354641185,0.008541547497790396,0.010884617419886097,0.015573380489033924,0.010575891234210828,0.0006593631049481864,0.003264252918720644,6.917666143723632e-05,0.00047303347187762035,3.470974982511716e-05
2026.052104208417,0.854177478802906,0.05820162195626079,0.048798293639826976,0.032006436220166135,0.0019470207594499494,0.001756852833120557,0.003112295788266658,0.07383375896996935,0.021455568563567444,0.02270913846319322,0.009459697230606013,0.008811423645939915,0.009552934323815116,0.01835202668481739,0.0013688897174092204,0.001616790063980817,4.863133673657817e-06,0.00022352193325638067,0.0007858804210619126
2032.064128256513,0.8547093466269673,0.04057110494386532,0.06202000516985683,0.03657927981425497,0.002047110911247638,0.0019143258476605803,0.0021588266861446944,0.07303031319906751,0.023546425721683296,0.02350756459695194,0.007833896320169205,0.012133598547710369,0.005238854987447724,0.007576462075192838,0.005278693602234754,0.002349964433640439,0.00010614504958646447,0.0006184842416002453,4.508959313958096e-06
2038.0761523046092,0.8549664903440487,0.05944745794789462,0.042712206698861145,0.03626501767008098,0.002159636912934654,0.00163172031502045,0.002817470111156885,0.06775436466446985,0.01935547642991971,0.027913605146094034,0.0067039577242884495,0.015717777628613178,0.007588328062563502,0.018688810589480687,4.6764809739384094e-05,0.005035330711507763,5.28269904545394e-05,9.235826929674433e-05,0.0002152534314816547
2044.0881763527052,0.8553524703524312,0.03808237295898623,0.06259259620660267,0.03712435236806317,0.0023987243769650873,0.001809985615169529,0.002639498121779487,0.05755275735268155,0.015097855493493567,0.022621054280506734,0.009455293483772617,0.018305287574471495,0.021615281462640207,0.004145774620467119,0.0011457489910727727,0.005190898703974985,2.8946341033808795e-05,0.00012060059378152433,9.270805970708793e-05
2050.100200400802,0.8555399987540687,0.06464313077322549,0.038420905182630784,0.034534619414407684,0.0019694211781916557,0.002572096067441476,0.0023198286300314497,0.06026644344005125,0.003929132098413713,0.021907503309141246,0.008530191294091658,0.023018321461487242,0.026808409642743447,0.018171933664868422,0.00047138587250379675,0.0018443689994422387,0.00011371814245096792,0.0007590004780698974,0.00018319229143957274
2056.112224448898,0.8558542933258937,0.040848760151213595,0.06358843295027837,0.03283935857532263,0.0020129325994842416,0.00264583481777285,0.0022103875800318865,0.060111477852213324,0.008199349689381007,0.02219201516797966,0.006058987715533031,0.0272225207015521,0.020361355547444452,0.004803838668447288,0.0005347420160885652,0.0003928814839391055,8.945508675421193e-05,0.0007748521143231788,5.624810636158122e-05
2062.124248496994,0.8559610417972625,0.06194439657800677,0.03789974614893997,0.037218648375546365,0.002446815892468458,0.002133606823171071,0.0023957443846023287,0.0478536406170982,0.022231626961823164,0.018597162567262522,0.008580623072738248,0.03152369236908053,0.015252212614732313,0.00605870012054252,0.00043838927598375697,0.0010207975151847067,4.463963255386407e-05,0.00042613177124935773,7.355282045139483e-06
2068.13627254509,0.8561915656912881,0.040192430671910195,0.06281809398254211,0.03469614757605129,0.0016718921821574858,0.0023642317915665316,0.002065638104481766,0.04570060632661232,0.025701162129289135,0.022095773534123373,0.008717145509926128,0.036791199687499734,0.004802547121258675,0.006254761300143908,0.0010954899746827007,0.0021979387974564537,5.710195907182725e-05,5.9470431037560616e-05,0.00018221212070985757
2074.1482965931864,0.856318921085044,0.05687666675375597,0.040154207949937466,0.039725145029557166,0.002151814605051821,0.0023794258016397343,0.002393818775011153,0.04887391884582537,0.02094268366576383,0.01944255187729566,0.004953794848748408,0.041288455201101734,0.008179674476218294,0.010139890410090798,0.0002931061813929053,0.001260783811967771,0.0001988327904395675,0.0007928606108231298,0.00010510758003394391
2080.160320641283,0.8564724632406062,0.0363831919554954,0.06659625175134298,0.03382393730690129,0.0019215529812385498,0.002888488309041161,0.0019141144553717676,0.04117481249744665,0.011778393711885493,0.01899351247247775,0.006294707232764599,0.04856075800227587,0.01672535284254078,0.00012649480021912642,0.0018201114113045812,0.00048627780240472043,2.1304558136922555e-05,0.0001904562550357833,9.920596789015798e-05
2086.172344689379,0.8565458069451666,0.0528310153427574,0.0407655435770024,0.04272739102962063,0.002062397641092519,0.002835621784129855,0.002232223680228017,0.03244995234693021,0.00659130123036412,0.021305649070960747,0.008413969134022441,0.05263933314163203,0.022053988130921274,0.0029389266982901576,7.305822715420121e-05,2.034756243039126e-05,5.23259782056644e-05,0.0006946305029216736,0.0002690338660825252
2092.184368737475,0.856608107238393,0.03796349605235154,0.0644941127551901,0.03401565378917789,0.001732207347173133,0.003353802187646495,0.0018326206300651182,0.029772273661687033,0.006333887111936959,0.015940256064759968,0.005350979210524546,0.05777716804238871,0.02821732867030706,0.00014872620943980704,0.0003860111123156828,0.0003958441151076195,7.815492696625862e-05,0.0005294714315026228,0.00029263311086144843
2098.196392785571,0.85665304708377,0.049718825426390945,0.04295782527874119,0.043945292319602265,0.0022400652453629117,0.0023975852962423595,0.002087359349887556,0.02515605731425673,0.012757603587403049,0.016830956443365925,0.006090843441021682,0.06270860831723103,0.019802883812948806,0.0007891351674954504,0.0017334515405256227,0.0001647319345357252,5.9974478915030536e-05,0.00018105824894584316,0.00038029154862420075
2104.2084168336673,0.8567105987716429,0.041090449668706015,0.061115616339508565,0.03415047532501663,0.0016094005544671467,0.003882315926688987,0.0014411434139670548,0.024363798161738615,0.02178412531588273,0.01931707480093696,0.008996330534070287,0.06150153019214875,0.007326542223577069,4.907931042294497e-05,0.0015544881737548403,0.00032351085758356617,0.00012690898092199363,0.0009183469006250446,2.5838966651170153e-05
2110.2204408817634,0.8567814478117818,0.04877710173280383,0.044330081164856275,0.04416299876515932,0.0014664260487990243,0.0027819654758824866,0.001699979000714651,0.02902737123816352,0.020569554784988127,0.01673027477570825,0.007700137543335213,0.06269993742873534,0.00649127641728514,0.004487301565758845,0.0002894807640160182,0.0001026463150270087,1.8613316461660929e-06,0.0003024342969873484,0.0002513667323593503
2116.23246492986,0.8568452932705949,0.042058346209639164,0.06096148916049755,0.03423707512263463,0.0015989130521047751,0.00274496986359347,0.0015539133209327512,0.026178153844831246,0.019407995364966093,0.01868041622840201,0.007457986906959543,0.06411667857200619,0.007313475812237257,0.0015621585385831261,0.001032560345644269,0.0005221560346346345,4.918857488125898e-06,0.00013259568442567464,3.220026542992996e-05
2122.244488977956,0.8569274478873736,0.04623218868731823,0.04577654546121707,0.04516613271007035,0.0012939642452236956,0.0033460706286437287,0.0012576503801505511,0.020980505497138226,0.012476426132222052,0.01614189662365727,0.011405596463751834,0.06338426267967032,0.01868386471618393,0.0019093752728655778,0.00029524755468580656,0.0015063435676495505,4.9984991640336544e-05,0.0003027931721311929,2.9581593669847162e-05
2128.2565130260523,0.8569816839720477,0.04010260445550223,0.06008678414173956,0.03630548140146002,0.0014453490182974292,0.00348017183041483,0.0015979251805354527,0.024428501603159247,0.004802815262733006,0.015298193902815602,0.010792338990983362,0.06299729401226287,0.024699172255995442,0.00042509137088536626,0.00034028690194746867,0.0010163745681896837,0.00011014456328613942,0.0010874618899306848,7.001282062021125e-05
2134.2685370741483,0.8570843798043514,0.04681303342040889,0.04637604855898072,0.043765073238327616,0.0012606802055345407,0.0034188297900913604,0.0012819549823025727,0.029715436419266595,0.010313398571973694,0.01885516703446743,0.008452170786510747,0.05890262212492451,0.01667682525850272,0.003269232577635957,0.0002794696488912311,0.0007105331015774509,4.9053866687273014e-05,0.00018445414169647995,9.666936899116986e-05
2140.2805611222443,0.8571531816221949,0.040565262715525734,0.058463310875329105,0.037831657140067546,0.0014792882774068063,0.0029361238146410956,0.0015711755548318048,0.029454649753377964,0.01718311652616827,0.015820942621789513,0.008752479753657953,0.06021379449673461,0.011421835226073774,0.0023415565259520786,0.0019064016624334005,0.001192366406465989,1.7464330898430707e-05,0.0004139986121582167,0.00011892598639494218
2146.2925851703403,0.8572671828498619,0.0478977994571531,0.04684677924022501,0.04202537072149713,0.0009169357839770599,0.0037274096480286786,0.001318522299253842,0.033437695860051374,0.022962626923629097,0.014827978628347945,0.008601114463233082,0.057419808658872806,0.005483592616000529,0.005900453449515667,0.0009657650007175925,0.0009513661254286268,4.7236697839372694e-06,0.0002089752598976569,0.0001696777578065456
2152.3046092184372,0.8574047826436698,0.03653793418921166,0.06166626171644971,0.03915646849592293,0.001315282241418063,0.0030927611356106233,0.0008265095777139083,0.040578948262341596,0.024151325960710037,0.014115026487689008,0.004997116083685593,0.05025622059460638,0.008496579967294285,0.002004116780543446,0.004726793698911105,0.001285242037677751,5.229886933797023e-05,0.00012037321773049049,5.500451407149682e-06
2158.3166332665332,0.8576440717511451,0.04618086343940633,0.0503677356444818,0.039699931342309626,0.0009210765627047832,0.003991422619136338,0.001194898640813138,0.048279212819239734,0.01347428182288147,0.012824689829432922,0.004578064322677411,0.043580811561755216,0.019618867892865263,0.008268235247578798,0.00029481395399709123,0.0010952590345533622,0.0001291281547859475,0.0005887331782559442,0.00014888681344638494
2164.3286573146293,0.8577608168839892,0.03841808319080679,0.056833609680189794,0.041431059513430596,0.0010899653179022792,0.00372378827798519,0.0007426771356932617,0.05152097068653968,0.006049765763677805,0.01753226014750364,0.005808339203128708,0.03915610437639822,0.022171742938759877,0.006085401923818759,0.00023929302340449437,0.0029160760840314572,2.321021214735232e-05,0.00019491570375083613,5.1565371567267045e-05
2170.3406813627253,0.8579751523594633,0.047957386328342,0.05154310251209787,0.03693410262147428,0.001103830303622487,0.003717981412432704,0.0007684444625643925,0.057377798374016936,0.003884270527170336,0.013407202436289699,0.004326627291090626,0.0360410260495017,0.02698792296246442,0.00628908596791498,0.00030601209279446236,0.0019294207221655644,3.1321117167348347e-06,0.00014133916801197056,6.754504735545362e-05
2176.3527054108217,0.8580898244327845,0.04158117366808908,0.0536149017158246,0.04067220541604724,0.0008986303742348307,0.004237676177666875,0.0009055882153496819,0.06448811857578426,0.011836922165135572,0.00832665419653738,0.005018204488643474,0.029403293725735438,0.02283698241537618,0.009937498734601558,0.0003522037388238934,0.00041840069607583345,0.00015088014272697628,0.0006940039767269742,0.0003126524812961069
2182.3647294589177,0.858301031262346,0.050126167322442274,0.05122246171138965,0.03449050829866269,0.0010703567475697454,0.0038446836180058394,0.0009447910395804756,0.06347998352181132,0.029358502191955932,0.01040727777944347,0.007672331380450802,0.02249849584188125,0.008282378022107892,0.0034418320928058127,0.0012815606319831088,0.0004333977463871378,4.206316512991951e-05,0.0001670291412241444,0.00015884037625644182
2188.376753507014,0.8583640978972502,0.04233570298203535,0.04955237400133497,0.04390427191681904,0.0009604018962941387,0.004102948140962729,0.0007802031653001116,0.06398879831889066,0.03031457651908222,0.009878768842876974,0.007857262589987923,0.02388232954637074,0.005714166285537831,0.0026451214963629775,0.002104557775196979,0.0010533234865271965,2.2918089864687797e-05,0.00011659151313262578,7.293779793442087e-05
2194.38877755511,0.8585840630484362,0.04430342045658684,0.05635898544733368,0.034993919697503664,0.0010382849602571026,0.00370745059657999,0.0010138757932993544,0.08069452517525964,0.013341142227225032,0.010599485861583586,0.00892047725900061,0.01890565531181393,0.008954651116677837,0.00846098007945324,0.00034131312149952484,0.001613149682100113,3.712574600218369e-05,2.9919731620545257e-05,5.302679595020245e-05
2200.400801603206,0.8587409781319207,0.042326911729384395,0.048804836806065864,0.043968183882664894,0.0008140987368348672,0.0044991520227309605,0.0008458386903950428,0.0805455425018682,0.00866092281465444,0.008210498466956838,0.011489587129447233,0.015677480953148575,0.016674990002000737,0.011008633345775815,0.0019330687582729674,0.0007958348790102341,0.00014383650691425314,0.0005090127879296787,0.00010955275922982919
2206.4128256513027,0.8589175202029163,0.041821680272351315,0.06094400566762598,0.03264488343154662,0.0009332045790234472,0.0040536966088195936,0.0006850092377132121,0.08157898291719477,0.009968712232665126,0.00530689878643522,0.011100682705128252,0.011711655203531884,0.02141554795212491,0.001482643862900926,8.103748997322836e-05,8.510348597236302e-05,1.7358635332415356e-06,5.459547604543532e-07,8.92690131085727e-06
2212.4248496993987,0.858987731737033,0.043158127776643754,0.047875836259016244,0.0439663229908078,0.0008536215811950738,0.004240643820557029,0.0009177158347437511,0.08777063504489928,0.007604582527274258,0.007099652098534688,0.010402400356065204,0.01263310025682494,0.015501897979365286,0.007710574191151287,0.0005284160703976774,0.00014299749022838874,7.595396130405593e-05,0.0005203182472825712,8.590245335616305e-06
2218.4368737474947,0.8591746591287999,0.04173689404940331,0.05973351795324422,0.03371576312820745,0.0007110541440287673,0.004219651425271267,0.0007084601710416302,0.08193437182560803,0.01635793867851838,0.008217413127867692,0.009438010508095715,0.015270811239795318,0.009606795491311505,0.005145759113796858,0.003038471753802585,0.0005390958931370686,1.1800908983904074e-05,8.197095298705348e-05,4.176064702110685e-06
2224.448897795591,0.8593364621086841,0.04254071455325027,0.04643790387093488,0.04546507133876371,0.0009622009587213502,0.00436859536882829,0.0008890518008138621,0.0805354716651286,0.02338930934675589,0.007417873602898802,0.007958820970791166,0.01614155678764268,0.005220505518095202,0.006154667187702385,0.0009572438282857079,0.0003256482195455335,2.100463678515578e-05,0.00026741706317048424,8.683893278258918e-05
2230.4609218436876,0.8593923883009409,0.04224545050365179,0.05674251874496321,0.0353893309867759,0.0008794972556942575,0.004363637232404994,0.0009871769755653995,0.07877846809510923,0.02771362149087514,0.006774495795975834,0.005825562474028772,0.01305880860425749,0.008456655238809093,0.0010777172995228277,0.00011783436068094304,6.59217613557557e-05,7.702396783021408e-05,0.00022934609912995705,0.00010916304697921557
2236.4729458917836,0.8595075889239523,0.04382706075225577,0.04499628098255012,0.04556714554871559,0.0007894275586834006,0.004688277046800472,0.0006242191870385902,0.07057012107016983,0.017229460194795432,0.005827213127034341,0.006036991183778081,0.01945349342358765,0.0213751320766786,0.008364553586691722,0.00031625356979605215,0.00012045259966188211,0.00010568295041519435,0.0005502207149250808,1.6362128400237115e-05
2242.4849699398796,0.8595921844779465,0.04037883905236623,0.057235199666333544,0.036272458318659676,0.0011743669723313119,0.004339068845675751,0.0010078826666831957,0.07315028996339079,0.0028950197998613147,0.009994863475458755,0.006680841646073292,0.022952993644550605,0.024733806992714942,0.00223210828499453,0.00011786359956287998,0.0009669577586557416,0.00010040366518489682,0.0003069463485268272,0.00020321814012878625
2248.4969939879757,0.8597452781027053,0.0401436960445352,0.04837198062313509,0.04533974218140059,0.0007114867866244439,0.004904744466613778,0.0007830717949814847,0.06318357025053704,0.009856973096475421,0.011064158489654937,0.005247967856858699,0.026745732583578125,0.024156319620186367,0.007104979430815215,0.0006108214784781245,0.000923879059350424,5.4513570204310124e-05,0.00033810490407584564,3.385925102797991e-05
2254.509018036072,0.8598492517993173,0.04109225033264862,0.05500552893799321,0.03753242344496215,0.0012714249830093269,0.0042438265650618714,0.0010052939370035754,0.061152891380052164,0.017046771930890787,0.010928031563343326,0.006434203680090229,0.027916426945390503,0.016672422700911745,0.0019116147990541651,0.0011742801191457263,0.0019817767646338512,0.00014382403934722152,0.0004120037139739827,7.692685649548139e-05
2260.5210420841686,0.8601155373988452,0.03562688307564841,0.05414689501025412,0.04348740282425875,0.0007398011711421138,0.00497686437932587,0.0009066161405214786,0.059199516998730536,0.020472650351289333,0.011287242540377555,0.008704509385997343,0.032807005950548786,0.007413537374207202,0.010848499500796431,0.0019967321778128614,0.0014196223397671258,0.00010965196625836013,0.00012319885170834858,0.00013026800944094182
2266.5330661322646,0.8602434233345577,0.04203465683711304,0.051438800692630314,0.03941014837259699,0.001330849073686911,0.004249964633663138,0.0012921570557478835,0.04996861769833454,0.020501138783942177,0.01235677413463304,0.007401271345020388,0.043928374232455,0.005600400471053145,0.008029107075568755,0.0010976009874144519,0.0012962832192317556,2.632825177129765e-06,6.800607178017744e-05,8.403741762372661e-05
2272.5450901803606,0.8604699516753659,0.03544652627797763,0.05368514586944211,0.04275993115515958,0.0009038215111859053,0.005735272369119186,0.000999351141745811,0.04386627808152693,0.017144644181074024,0.0148561547240669,0.008690857526642101,0.04745434835417148,0.007517765457148795,0.0052431794012996295,0.0018508262620353703,0.0010632031336109654,3.7175988420276015e-05,0.0008495667525979348,0.0001242400642550281
2278.557114228457,0.860554682765643,0.039960578548585673,0.04923702159740928,0.04231782241607165,0.001446829783093876,0.005060330226968257,0.0014227346622244271,0.03692561769806876,0.013375344515636654,0.015769973975310568,0.010634792646775287,0.045869483549980584,0.0168701048485813,0.002403727533624179,5.479424268550195e-05,0.0005968686158152679,1.5801255149428464e-05,9.777111221907395e-05,4.489881295411856e-05
2284.569138276553,0.8607179468377764,0.03342258480730444,0.054659708062796554,0.04273733264489206,0.0012677501579748984,0.00586868192628176,0.0013259955629698762,0.02818634050891965,0.007217654604842787,0.014280748920092245,0.009881869733878843,0.05425349481090724,0.02546194458357881,0.0051885005082169975,0.0008588927770456965,0.0015223018706250313,7.479140355664006e-05,0.0005294339786774717,9.529550615144364e-06
2290.581162324649,0.8608047625560814,0.037266608683503066,0.04694898492317902,0.046442687580493386,0.0014677375352016963,0.005311980702151122,0.0017572380193865865,0.028248244035818697,0.009547762727836102,0.019072492220634774,0.008150554644293784,0.056932321744863956,0.017243862070467568,0.0016845026775607602,0.0007382665335141656,0.0032643328398378815,7.846833015533804e-05,0.00024303180562556078,0.00023314676465348562
2296.5931863727455,0.8609136655508646,0.03514445909869039,0.05455593578695701,0.040840659887663444,0.001670071643132172,0.004982714788460613,0.0018924932442279851,0.024376119557624445,0.015285126490995558,0.01794554294308165,0.008122161894433032,0.06242406068236233,0.010933322880634599,0.0048906932716313075,0.0001333528226927902,0.0005995215542612303,3.0945275823016536e-05,4.5034436528302115e-05,0.0002572572770929236
2302.605210420842,0.8609770977819786,0.03631758109487483,0.047485621706215994,0.04698338295946734,0.0013310788050467307,0.00527951802629353,0.0016257196261195489,0.024522772045830615,0.02399883394341106,0.018946371835373232,0.008614754285723596,0.0578002390170752,0.005139931090604264,0.00122380598667169,0.0009034254470350888,8.599669877918631e-05,7.4053001448708724e-06,5.1583499008233034e-05,8.374513861377126e-05
2308.617234468938,0.8610776634394323,0.03555497140628439,0.054743055888761986,0.03957086499316981,0.0015901360193279355,0.005762469795866205,0.00170083845715382,0.02237938011553106,0.024664819347531036,0.018775741833925337,0.00680118308498112,0.059228229915809595,0.007072982262785995,0.0029807532712571596,0.001153321661871395,4.719071979244802e-05,9.945018529833389e-05,0.0006723975398598677,0.00011221612792201028
2314.629258517034,0.8611241191256626,0.03409339303298268,0.047087715920810715,0.04838975774402034,0.001894355578096193,0.005518079422296495,0.0018925791761275983,0.018572994681926972,0.012190173445335545,0.01666771764050328,0.006816857420693404,0.06524049490463497,0.01938764278123983,0.00026455470379251685,0.0005522155096761856,0.0005714672742412023,0.00011997822605527841,5.706308717577111e-05,0.00019197798896852726
2320.64128256513,0.8611784747945851,0.036229369954810055,0.05455704287872145,0.03843352597848717,0.0018100704692152532,0.005740432851358574,0.002051083072818962,0.020222280137922353,0.006358070433540065,0.021281656864665856,0.008765487044371708,0.06069476241871984,0.02149926830619164,0.0015389626151548234,0.00019795967287045314,0.0010437258289452908,4.990880637892256e-05,0.00024831297726569327,0.0001298468594378125
2326.653306613226,0.8612078334146099,0.03572645271774301,0.04587951803408664,0.047190964428283036,0.001846265493237148,0.006479806494604871,0.0016691594174318635,0.022492204543053458,0.006221610718261537,0.021525757437833987,0.007436138259125089,0.05899281196217865,0.02212364366493385,0.0004128802744944206,0.0004409933238198615,0.00024673696820006553,6.33631228059591e-05,0.0007860344028274533,1.5170291538275158e-05
2332.665330661323,0.8612495774202049,0.03811748263208298,0.05510133307370367,0.03559261183080158,0.0020227525755778155,0.005810529774434543,0.00210571269319101,0.027297897728528635,0.012973290603483388,0.018812300734465357,0.006091746721400354,0.056620708965349396,0.016954477826564455,0.0011005726300736254,0.00034884478744245197,6.844039651519727e-05,6.668528854018209e-05,0.00027475470504132463,9.953097381959861e-05
2338.677354709419,0.8613095053834514,0.037754121371813665,0.04653752045269331,0.04410232050377808,0.0019978591301361218,0.0063192840869464376,0.001979389071177678,0.030273965925402022,0.01971409232447306,0.020745036983133337,0.008916640713545325,0.0532309206072037,0.0058098380627878525,0.0024111520729610237,0.002854577355445479,4.779119756150237e-05,0.00010182977885228265,0.000606367789343913,0.00021235632764535014
2344.689378757515,0.8614206849856932,0.03848440965128944,0.056153215682901166,0.034243529774034796,0.0019273457386337974,0.005761096976194921,0.002009717191249228,0.03395504114816171,0.020662137185356793,0.019268438523838548,0.008380394919213233,0.04942773950995731,0.006885563727775749,0.004023143681267301,0.0004676886258326381,0.00029078326236762765,2.3857573985937846e-05,1.8341156956787058e-05,0.00015065068027714714
2350.701402805611,0.8615131195809576,0.042022788799631616,0.044483997230815385,0.041792503572225026,0.0018766722469127028,0.006429741313857882,0.0018811772555963288,0.04218646964709687,0.018802392300178498,0.020848477520252363,0.006197045816259695,0.040049229693721655,0.010403265441529868,0.0035760782943089417,0.00023604053472320207,4.924763909119019e-05,0.00011111587621950504,0.0003565029840642731,1.6794389899925e-05
2356.7134268537075,0.8615484245283322,0.038459819207435075,0.05658781856351282,0.03282669844336068,0.0024013925079759604,0.006029829425021124,0.002146017324358443,0.04436858721146598,0.00863239152779401,0.02324822267482597,0.007854011791689122,0.03654286442615704,0.017805497839731982,0.0006217503062068913,0.00012101443424492615,0.00011698903483998128,3.1841182788665405e-05,0.0006892337987007124,4.461890376277052e-05
2362.7254509018035,0.8616367035868853,0.04884725559554304,0.041586779804495315,0.03720370717067009,0.0013808137168612189,0.00737574839759225,0.0019689917279491886,0.04372575623235896,0.005276034831273653,0.018485917309932393,0.009079610096591851,0.03288728032933523,0.028908697613619014,0.005399889503177595,0.00026327014976477574,0.00011456781573016739,5.5494595785800456e-05,0.00020281321739517945,0.0001749505730534496
2368.7374749499,0.861683862173682,0.04125532643519181,0.05495630936895078,0.03131366734390431,0.0027529852146296724,0.00551562269251136,0.0025222267711263375,0.050565803685821545,0.012007097960434377,0.021867704919169013,0.006399656125034259,0.027107727581866303,0.020368147553988778,0.0009598324417303956,7.975090163321904e-05,0.0009301725903924243,4.387621077333212e-05,2.3593666025132197e-05,0.00015378007810723545
2374.749498997996,0.8617856842288373,0.053165415527203344,0.04081417693841529,0.032874348576508915,0.0016890896061156396,0.007529296132664559,0.0021419889902511047,0.05102438842606125,0.02225817230272366,0.02315029318372205,0.007268774379911126,0.023386025381675304,0.01112666209706546,0.005413823593442176,0.000722698643670289,0.0007080333670353871,3.6894598337615724e-05,0.00041897022552293416,3.803970654345739e-05
2380.7615230460924,0.8618925280757889,0.04091212437942655,0.05678690252489725,0.02861665535891748,0.002626932669324706,0.006424544113537541,0.0027403128781035716,0.05881758395584208,0.023739818681422435,0.021687633882829925,0.009727740309408208,0.017503977710953696,0.006630717383750758,0.0006753052077370339,0.0023020022874061866,0.0007139988151508639,8.627150051501756e-05,0.0007266328979813978,9.177180205292813e-05
2386.7735470941884,0.8621552165459113,0.056056996703092415,0.043394443367950675,0.027051798860960787,0.0017382797619130532,0.007262345308129268,0.002340919452038398,0.0721739735222109,0.014232437663907924,0.02321878763830316,0.008167215129388266,0.014400431716428757,0.00565193778384559,0.01729979750879667,0.0011575059228097488,0.0008161697232581676,1.4537906476860127e-05,4.995777263202152e-05,0.0003813503318645903
2392.7855711422844,0.8623121938106643,0.042039600014872794,0.05753197495578846,0.0270705308260517,0.002277946731101563,0.006423865125414183,0.0023438885361029365,0.06906983281327678,0.013061386401729845,0.02033312530573471,0.009182925667201934,0.010871284818022102,0.015169251183366272,0.004137290437300562,0.0008970576469396893,0.0015599198003879446,2.5513773347559396e-05,0.00014704690460917765,1.7436893839596604e-05
2398.7975951903804,0.8626039509860625,0.057651300326121466,0.04457509664321676,0.023735770805743562,0.001992657987690495,0.007482862447986326,0.001958360803174784,0.06778670367786814,0.008708856553553652,0.023324804097233,0.011962596040289266,0.006872802840035194,0.01874028580495414,0.01537163736750286,0.0005789814289755837,0.001680754115223432,6.712238473212651e-05,0.00036159019717989195,8.738877805100902e-06
2404.8096192384774,0.8627512179410919,0.04574484528505025,0.054726420870487125,0.0253220842831178,0.002052743410045377,0.007115446095199554,0.0022872421150038607,0.0722043128533065,0.004893520694254471,0.025692800908418675,0.009677900901187298,0.006239441225043513,0.0185408054766935,0.00354272586333403,0.0014472429324795465,0.0013457992061555151,3.20180355099091e-05,7.368482741831199e-05,0.00017996566254237323
2410.8216432865734,0.8630999975077291,0.05847538524820327,0.046487590514994015,0.020619175075135474,0.0025557968431941945,0.006579381415670886,0.0021826733950688487,0.0686287720701345,0.01503464409251024,0.021218365267810423,0.008645735207118027,0.005434537070136747,0.01793794878455676,0.013911683476426547,0.0016548829518144325,0.0017172001466159853,2.4281634541468445e-05,0.00032818251004753036,3.288436339272955e-05
2416.8336673346694,0.8632443165345073,0.05281223245210039,0.04621732415126861,0.025664272442005427,0.0020430587698809515,0.007841884482720428,0.0021769111675127707,0.06379567952480389,0.02446065854272663,0.02451612845296638,0.009649834680466221,0.007586546227605958,0.006746836036919517,0.005616079892768514,3.5182557930260364e-06,0.0029959210293812283,0.00018417894818918614,0.0003535889092832355,0.00014445848245892443
2422.8456913827654,0.8634701297225007,0.0603332209902771,0.04567841249772599,0.018351397468607436,0.0028669597125153042,0.006667021206471817,0.0026328584018975487,0.06527882122470215,0.02693540600159967,0.021725998800597102,0.007254483175805549,0.00780175449338564,0.007533406581405098,0.011947672121651662,0.0007534326808613811,0.0014708024253513156,1.7748441380590928e-08,0.0002089825676749549,0.00011804640345310822
2428.8577154308614,0.8636209678801398,0.05047159122193964,0.04895342903712106,0.02502791697753538,0.0018776377715319615,0.00794270634432608,0.0021057507674017645,0.0650514848602703,0.018497728399370552,0.022061062492524253,0.00579908606546685,0.009929849488889182,0.015039820813334753,0.0015340413385638153,0.002396230218269621,0.0005998160545773901,1.9463227512731392e-05,2.4768653440394757e-05,8.944388875849878e-05
2434.869739478958,0.8639106358368487,0.05550027688492651,0.05028914296120134,0.018001725311356246,0.002666570313445639,0.007032247149930351,0.002599401542287043,0.06542782082865264,0.005665891372534104,0.02436744628281018,0.006618207331256924,0.014948797499301912,0.019061200848591364,0.016045408977785863,0.0005500188313153565,0.00044783805147407244,6.052236337522672e-05,0.0009139227138090475,7.633012166557832e-06
2440.8817635270543,0.8640479683787934,0.047703290583842886,0.04803108625372755,0.027567843003493204,0.0021392017381329145,0.008197502488628588,0.0023131075533773244,0.05858374770961566,0.007636081251794501,0.019613514278304163,0.00494718586965767,0.017842552448344196,0.027328950063486287,0.0026976505306030626,0.00023251912192988967,0.0015962423598157864,4.413659915180165e-06,4.718729828774226e-05,3.0245375110370987e-05
2446.8937875751503,0.8642366388523967,0.05319321370217024,0.051359728246862656,0.018730098933039768,0.00277200359905467,0.006901437597115274,0.002806879069356727,0.055775415255858975,0.008441433368084013,0.020893286596572393,0.004921556948907886,0.02404021877759298,0.02169145020058309,0.010024812714661486,0.0009429108283659175,0.0009670364759131404,1.4000962056307145e-05,3.4222377158047474e-05,0.00010684346215191692
2452.9058116232463,0.8643486792642793,0.04847529881519776,0.046286641204699934,0.02809302904422088,0.002331726658597024,0.007845602919102317,0.002619022093898698,0.05288537975780085,0.013198095508928793,0.024153768918407786,0.007230920540761991,0.028211849052946616,0.009971306956870558,0.004352492572540346,0.0009424476132576205,0.0006787615709260742,0.00015712925234863973,0.0004055437111006125,7.654969931777761e-05
2458.917835671343,0.8645124577508251,0.05129682448009641,0.050350420721933714,0.020110349836955834,0.002985210060061479,0.008098140703168031,0.0026465964469549234,0.041397196967402794,0.0252533544243724,0.020267522069727626,0.006589160850647575,0.03480735617635904,0.007172951760660948,0.0017717257015038344,0.003268093635737791,4.8449224340642454e-05,1.2475637300318006e-05,0.000782860675740766,3.111893278866209e-05
2464.929859719439,0.8645515224998231,0.04930298820995108,0.04291441256009905,0.029828382315314653,0.0027872434124293684,0.00774994121142178,0.002865509790956436,0.03597238397316853,0.023273075124149376,0.020926339283984432,0.0084454459662041,0.04037978539631091,0.006451447756355023,9.40043922923675e-05,0.00017129480998186877,1.2746521248751176e-05,7.23893778755199e-06,0.00016803492665735739,3.9046814494241575e-05
2470.941883767535,0.8646073056114428,0.049552303325074494,0.0494943179347821,0.02348350712346392,0.002910912818914507,0.00732597757606045,0.002625675610257227,0.034763516744480354,0.01445567236772937,0.018106868117306163,0.01066151038455177,0.04074896473730117,0.01665616203718386,0.004325964950885699,0.00012312065405598673,9.019364526532626e-05,9.034288990267576e-05,0.0003361306991898165,5.593966169667112e-05
2476.9539078156313,0.8646694301657918,0.04651679840445956,0.04471994750915777,0.031269607957951195,0.0027523238865983734,0.007627348702327508,0.002444543373709758,0.030424343823439757,0.0049203078376723304,0.01976751934083022,0.010520091890860131,0.04784545731498817,0.02185284962641356,0.0017769511646079316,0.0003968603708997797,0.00010663944150520209,4.287690098260719e-05,0.00023361395904488306,5.644890814123259e-05
2482.9659318637277,0.8646994297595145,0.04514481754945003,0.05039927020379559,0.02652517278158598,0.002929913067008416,0.007569890443847859,0.002731506194793558,0.029056617266029323,0.005918686768201654,0.023358579579891292,0.010363970576245869,0.05088134524041707,0.015721370809696232,0.00039754325222188713,8.567855399186036e-05,9.984812772195444e-06,9.172980488705937e-06,0.0002304622289066539,4.5135992703389286e-05
2488.9779559118238,0.8647241384216169,0.04462834731110791,0.0457643215992802,0.0318770539565191,0.0028887325726047186,0.007434228880487959,0.0026831772583791424,0.02401667294835579,0.014502553216092928,0.01940975774283829,0.010523398873948642,0.05419077978953006,0.012632699007613315,0.001929387569349345,1.2144576272589661e-05,7.786083710776917e-05,2.615439939538558e-05,0.0003645690597287678,0.0001337157170544472
2494.9899799599198,0.8647942251436367,0.04271659412647256,0.04860227617331797,0.03061338878253265,0.0029715386364597145,0.007643759976451279,0.002658217161125179,0.02190331037400527,0.020335390322423114,0.01907160959619364,0.008971959804457929,0.05857573146244931,0.006347773296830083,0.0026146113404967135,0.0015312120850909249,0.00046113791768454047,0.00013455928627529971,0.0002933088487205938,7.17427819017649e-06
2501.002004008016,0.8648763903804261,0.040900290969758266,0.04714158892783085,0.03307203275585941,0.0033808466826474254,0.007366001957072739,0.003262848326401238,0.021015729515747483,0.023555030106549774,0.01856713725965325,0.007139419347802649,0.05868175223850815,0.006164541151308616,0.0005914536313663497,0.001868034056234308,0.0003803929855807664,1.4418784668035185e-05,3.857562872547296e-05,8.777907451090769e-05
2507.0140280561122,0.8649186343751722,0.038863011746654366,0.046812309631861275,0.03507602364513621,0.002646647621916974,0.008697692289909943,0.0029856806893447095,0.016912167732881248,0.01562057134038894,0.019259056385352035,0.005708653760746344,0.06361635127414711,0.013964565131307803,0.0003114470729915023,0.001107677088941004,0.0001718086775743967,7.650902573931736e-05,0.0010803908877895564,6.00160355330852e-06
2513.0260521042087,0.8649785023361005,0.04124210474422739,0.04704078979713835,0.03372303735145301,0.0032091927937467853,0.0068336534322311245,0.0029727195450984876,0.019124825003181946,0.007420688563792939,0.021840749875694895,0.0053095551113953275,0.06221806678775935,0.01910761232207067,0.002518903345662952,4.165895816410466e-05,0.0001819395721895835,1.4116863042787699e-05,0.00016892979590942954,2.0544199452748654e-05
2519.0380761523047,0.8650035628926815,0.035202476926750756,0.047654343191134346,0.03891254540711818,0.0025201213976286828,0.0077442486002236,0.0029627015844586723,0.01953748199724881,0.00624331581896279,0.017043523469893032,0.005019922226412798,0.06034040233833382,0.02681179125646297,0.00040008566536683693,0.0004016295941870904,0.0003864099369030342,1.0127241487294408e-05,9.986223900733297e-05,4.446267636453582e-05
2525.0501002004007,0.865061740437874,0.03994793156136114,0.04758228617493938,0.03424239920391619,0.0031727509891899927,0.006657187196610933,0.003335704436103869,0.022256842953823113,0.01050812098868406,0.015638750233037107,0.004502221568284965,0.05845953344526633,0.023572790373025915,0.0038097385800074258,0.0015056290705457527,0.0003478849173205312,1.6828214769698952e-05,0.0001947722108668299,8.865799665809277e-05
2531.0621242484967,0.8651617862309885,0.03298833627802799,0.047928954282420395,0.041588491583666745,0.002372973091709767,0.007971566708056153,0.001987891825125978,0.02797115152318368,0.019046987204900032,0.0188158581865476,0.0060077194775944144,0.053398969861958454,0.009597527514822839,0.0010050968689744152,0.0017753959197921246,0.0009613257725395168,0.0003407320774701387,0.0007122643346349196,5.7600449658743295e-05
2537.074148296593,0.8652983974703371,0.040628204465907994,0.04738360596820697,0.034547236905285425,0.0031329561098933935,0.005726967216653538,0.003282631863710892,0.02806989522314626,0.023039122900676858,0.016771793874270555,0.006863456481210405,0.05394265970132715,0.0060146743490269786,0.004657051556448852,8.820521914130832e-05,0.0007274288878899185,2.0308883579299305e-05,7.797904288427273e-05,0.00035670150017427424
2543.086172344689,0.8653615080440277,0.03297185181316466,0.04597345902535768,0.04390257628796479,0.002061457159636882,0.007772051083758085,0.0019570965860854746,0.032268963682206483,0.021623497509459445,0.016840202580160626,0.007674450079377155,0.04976278657851205,0.006468591526251802,0.002056314597763004,0.0004087048993553524,0.0011712815464154942,1.1010496997768396e-05,0.00036859971556179254,9.274498211569966e-05
2549.0981963927857,0.8654813668723634,0.04108155541806548,0.046814236204711396,0.03554323819851887,0.0028746189444620643,0.005824985156967218,0.002379999204906584,0.04016544204525295,0.011878611318423047,0.012908023272304172,0.008144892093933029,0.04475941804351281,0.016662246354205608,0.007702754332919162,0.0004635635624995619,0.0008912389223980006,5.0203421579013344e-05,0.0002603065168073234,6.0088596289931004e-05
2555.1102204408817,0.8655693296729237,0.03066033293644574,0.0483593820354344,0.04438346774098484,0.002106747318610042,0.007026624324646262,0.0018941159709500272,0.04105395798253426,0.006572669557937266,0.011255113908749111,0.009815046635321505,0.041681840017381504,0.02405204222514766,0.0006672979495919078,0.0006713310860286952,0.00034052278037161694,0.00011654748207599415,0.00038527986375378777,2.7481111443084815e-05
2561.122244488978,0.8657099689177932,0.03937322931018546,0.04766536966345303,0.03640163913106925,0.002489876715682994,0.00611619953475161,0.0022437167270593214,0.04658349904281641,0.010279223137143278,0.013741049948998248,0.010177806682231052,0.035688129925309744,0.017820322345702928,0.006533729432791789,0.00014428062183516265,0.0006692662282909477,1.9790197211967512e-05,0.00013968830770989718,0.0001671617149388969
2567.134268537074,0.8657927654336157,0.031409942075343325,0.046740624919159035,0.04522191439748912,0.0020350889615483076,0.006688929778223979,0.0021107344346153675,0.050685638637772534,0.01501664587673328,0.013120508728511476,0.008443652196692098,0.035557833640825195,0.011382955485844547,6.567659805764267e-05,0.002511961700288436,0.0022102504236682073,6.768973117267577e-05,0.000444611516634927,0.0002078441459235604
2573.14629258517,0.8659676455579948,0.03601588933579732,0.05101199321490323,0.0368629548054063,0.0021863248002160305,0.00576482263437342,0.002190369651303703,0.06251647075832857,0.018793779415379488,0.009445518914078245,0.00854846519227166,0.028239189347208222,0.00648893081473383,0.01046150954333312,0.0005563072526412115,0.0006433718960424026,1.0353995795623176e-05,3.5613191898458894e-05,9.680240638109727e-05
2579.158316633266,0.866110982495272,0.03241186545764362,0.04715555210154658,0.044449980527474564,0.0019269862421636744,0.005668050173568994,0.002276583002325275,0.06928326819517766,0.019713924029609947,0.007647351588202756,0.00874537474089148,0.022539802546741462,0.0059592964040993965,0.002753402501467018,0.00331101530794303,0.00039964591011749484,0.00010833673451351441,0.00019819957653305768,0.00020922563329069197
2585.170340681363,0.8662676287950158,0.0350325017277068,0.049930252288607244,0.03860910041926172,0.001655314752818937,0.006580106122032763,0.0019250958945515942,0.06453032570033082,0.021300442888970084,0.007564493260912171,0.006710831286354448,0.021938820942991495,0.011687457125420044,0.006315703509634633,5.639815458018986e-06,5.898876083734397e-05,5.0381159358817135e-05,0.00044399904085280675,0.0001159869652370427
2591.182364729459,0.8663292289735427,0.03324654492546411,0.04503987170266309,0.04546550264100795,0.002313054589393348,0.004917763185222359,0.0026880339827010896,0.06814955659557001,0.011576197862820985,0.00950898137034799,0.006959001577601546,0.019605075859857126,0.017871957760254284,0.0019011602822834957,2.118188948322284e-05,0.0002494908952901009,5.9643063011551405e-05,0.00028891560894680373,2.0396483852066478e-05
2597.194388777555,0.8664389592654977,0.034604144532551506,0.04851878066320717,0.04133670700832013,0.0014420164842553764,0.005775855188262961,0.0018835368579000044,0.07179507286333948,0.0035444565917325905,0.007028907206171874,0.007684754625202792,0.017578269716317946,0.025929579731732467,0.005588036152837741,0.000566446946174993,0.00032004659413815197,4.213762476086914e-06,1.3286834151203774e-05,4.116586122863876e-06
2603.206412825651,0.8665047379325893,0.03643514930727917,0.042938270595421234,0.04479492812457493,0.0020466920113752438,0.005149150978207649,0.002131071050547493,0.07096569006281342,0.013855451448247697,0.005941408734210313,0.0064361242178020825,0.014355689739652004,0.02194089786468021,0.002449029533454772,2.1758713554042665e-06,6.811651164869953e-05,5.0501527862678186e-05,0.0002262122010566973,0.0002649765449193839
2609.2184368737476,0.8665570399913487,0.03367944621615209,0.04856345134101979,0.04219143212879352,0.0015742638112896448,0.005437746393040517,0.0019966201183509646,0.07512342068260701,0.02123478553089909,0.00716183838467186,0.006222597975835152,0.013701522011688484,0.009998795422944918,0.0008646421522050311,0.0002244228138626343,0.00019456085046673562,0.00010578094714641209,0.00034749784175871373,0.00026548274299657506
2615.2304609218436,0.8666453984480771,0.03767441898154492,0.04465940627809892,0.042651807717024856,0.0020336447786235773,0.004851384597297836,0.0014839391993281094,0.06971179443121507,0.024766135715509247,0.007066583031831684,0.007252364398081042,0.018103912494203088,0.0064538114810780735,0.008022266207489094,0.0015050729492478553,0.00012312723833118853,0.00011558365889360135,0.000560664008611102,7.511215058194599e-06
2621.24248496994,0.866809344049211,0.030454938711393664,0.05176517532570506,0.042903761363165434,0.0014331548883009747,0.005045048744536553,0.0015885769176825605,0.07396242970852106,0.017375806893163787,0.009521402155674381,0.0072304476868084114,0.017882827617645064,0.007217741888971558,0.0035786968122626583,0.001320020812348416,0.0006090650412674313,2.159919820392195e-05,0.00013328412782646456,0.00021020877952778046
2627.254509018036,0.8669669682973825,0.0352289258284296,0.04818006076931027,0.04177760454537302,0.0017132585366238472,0.004689300046346542,0.0014438819765292966,0.07564614495539074,0.009757360917238547,0.007825176054148031,0.0066176885210003445,0.01743921396902894,0.01574744728580597,0.009077513328484478,0.0009836287839049393,0.00020326124069303843,2.1793923944826707e-05,0.00013041382081809038,3.0029347259475827e-05
2633.2665330661325,0.867067526118599,0.030480124294747134,0.05004840497450747,0.04468125037577812,0.0017000821432945179,0.004675155113669874,0.0013474569793990357,0.06539066585798757,0.00839658189023608,0.0077453638148179795,0.00751623432153412,0.020190083285726152,0.023693544711094264,0.0007651497364516836,0.0006831943269201033,0.0006195203359752152,0.00018467819464152037,0.00024070439269364752,5.946133361909078e-05
2639.2785571142285,0.8672074822868521,0.03566599026404101,0.04890307249599985,0.040326199757492555,0.00146536899333313,0.004890474381788854,0.001541411820487618,0.061899551086644036,0.005683438875614265,0.011245150763218496,0.008706245871463526,0.02513175086263201,0.020126380253570674,0.009749332507810439,0.0008054995408391291,0.00056004847698728,3.466181916020317e-05,0.00014801527860636285,0.0002749866715086498
2645.2905811623245,0.8673143081660144,0.03271504623752715,0.04623166945458987,0.045773882102849536,0.0018762102266309784,0.004447706860864683,0.0016411769515181287,0.05373665950975534,0.012888646231879988,0.011475402574845731,0.007628981689716735,0.03239462482436649,0.014561377003416065,0.0006112324068212533,0.001778746593742709,0.0007590098567999213,6.576491019488997e-05,0.00042079417507974155,3.0428595087009313e-05
2651.3026052104206,0.8674400303408896,0.0383860741419657,0.04759555199240005,0.03845871850436841,0.0016522122910223374,0.004605757273682875,0.0018616554556657432,0.04772642350305996,0.02538452549262531,0.011001754347197341,0.007710806253531874,0.03323225673092168,0.007504203331768948,0.005542024366560403,0.0011198787077873744,0.00025072985247634233,2.3034451010958516e-05,0.00047117312249740856,0.0002851137536818957
2657.314629258517,0.8675298851766696,0.034218011677275256,0.044150948443186386,0.04629534754232783,0.0015251225862082795,0.004901520276146728,0.0013791642981805098,0.046731721711640195,0.02571061259904887,0.012459824588412756,0.009164766649567604,0.03316537538148903,0.005237813893166541,3.2749463496133585e-05,0.0001316518082195814,0.0009093763804185711,8.698291659633005e-05,0.0004636770057190021,4.4049796181646224e-05
2663.3266533066135,0.8676228683342421,0.03805299928195075,0.05008790648197437,0.03672617569889853,0.0015358706670462225,0.0042614449910035965,0.0017127345448790631,0.04063730385597302,0.014799010159885903,0.012204023026131406,0.008948258511652315,0.04266315799304957,0.01312537811906031,0.007243672684112978,0.00048485631037363704,0.0011325087045736019,2.179314634322153e-06,2.38995514072277e-05,0.00010426626887198247
2669.3386773547095,0.8677120107205224,0.033212501315433476,0.0456774399949192,0.046071598238168775,0.0014684267829920324,0.004425715835375512,0.0014323071125830885,0.03607148942049524,0.006967180399709819,0.016837798526520138,0.009270956657105197,0.047803889514499466,0.015336674761142225,0.00024364734645503924,0.00016465008133379575,0.0012408009818286035,5.4928568867430856e-05,0.00022516778738801863,7.196391681017714e-05
2675.3507014028055,0.8677895696426947,0.037944057777348446,0.05241251119467978,0.03460763364462675,0.0016492510129432316,0.004178203119032601,0.0014187736086688114,0.03372767655761703,0.005463618674799469,0.01450385889247338,0.009522699455351261,0.048915612203723736,0.02007696457333474,0.005653655996570114,0.0004947469162936718,0.0001096079062008567,7.09514011098311e-06,0.00015708646627827678,8.352183516870416e-05
2681.3627254509015,0.8678607460339297,0.03523638218297815,0.04532153232787708,0.04440439330840362,0.0013816317768953507,0.004456238536389557,0.0013390758335208297,0.030194489770527015,0.009702514809159807,0.012506772165656406,0.008874316498425983,0.05114821083561804,0.019712949886677343,0.0006702931097872142,0.0009233187690036025,4.770476641304043e-05,6.253196948046295e-05,0.00018413050968848113,4.135533683093682e-05
2687.374749498998,0.86796171014751,0.03780888542413136,0.05408165305940681,0.03291158943794044,0.0015773438369980912,0.004239938174850071,0.0014188799191575114,0.025926278459917327,0.016933648643703343,0.015632445131454367,0.00753459495055468,0.057328115806465144,0.008683206860389436,0.004216516921531677,0.001606799250123686,0.00029623347591939723,1.733836253323354e-05,0.00012797874596632774,0.000162210859100833
2693.3867735470944,0.8680353093407855,0.03969675314285692,0.04323272421117128,0.04184753830698074,0.001637537472365432,0.004069678425772365,0.0014804591000618828,0.019289652441328874,0.019208885204927032,0.015842344775402573,0.0068256874553781,0.06447422162622775,0.006323899155944287,0.0005303152268087187,0.0011987838162331708,0.0010213624946217269,0.00015123064471162426,0.0005610235087905696,0.0002933746218206929
2699.3987975951904,0.8680909104126212,0.040049567389947284,0.053587359461156565,0.03169456957034385,0.0012832938904026767,0.004142153851119088,0.0011521454244033994,0.018560702084066665,0.020683962150137576,0.016797459862033584,0.005579733431412174,0.06159802312315776,0.008689208936565093,0.0005744314164876587,0.001341918485406813,0.0003095801839062438,2.997262928416797e-05,3.5716029489703363e-06,3.8395662601236256e-05
2705.4108216432865,0.8681240728322495,0.04344911165850571,0.04386711163672309,0.03801756079706723,0.001501180767453898,0.003842732939901915,0.001198229368092581,0.021224212214737324,0.014121797786265013,0.016947890478718548,0.005400439623690866,0.05682575034730989,0.017355836717022788,0.0005506120037394448,8.902429645627536e-05,9.5323953180752e-05,2.3502121439390373e-05,0.0003051050242445912,9.870678912475275e-05
2711.422845691383,0.8681605286626515,0.04071500527537064,0.054387128211688326,0.030416087528128122,0.0009809222997204693,0.004432843100782155,0.0009074849216523525,0.021753266368395602,0.003909411445252365,0.012875736223371553,0.005362708268642843,0.05960819689669367,0.028330152134986037,0.0018714191956020142,0.00013038058989158454,6.829842977540285e-05,0.00015226596981542996,0.0002873073099474293,4.567754598398521e-05
2717.434869739479,0.8681990758622573,0.04811209466526763,0.04379806740045701,0.03360719129080283,0.001454791004974736,0.003563111706511485,0.0012656680697226608,0.020926545514614606,0.006482028915770113,0.01760365608028357,0.005374589294499352,0.05928408330271675,0.022130021029851978,0.0009284293581863449,0.0003695234394913252,7.867001114256772e-05,2.7898091621999822e-05,0.000123546474910854,5.3523774587074924e-05
2723.446893787575,0.8682217721437705,0.041518125592242675,0.05481222728915031,0.029206524027464723,0.0008804504832608105,0.004300943474855512,0.0010599569892488622,0.02268114961072838,0.013607670451142239,0.018927651208650514,0.006551353733524639,0.056160428689457795,0.013849974162719334,0.0013353839980374106,2.539576021380595e-05,2.134122590009703e-05,3.4953961145552154e-05,1.3014744178809117e-05,8.749294077298521e-05
2729.4589178356714,0.8682645360760076,0.05346298544205279,0.04283017456550997,0.02902417464296017,0.0012252113559645017,0.004050232846936154,0.0011426850705620142,0.025638819784046866,0.021898825388740523,0.01593396683485914,0.0072923287983829195,0.05193755908232581,0.009033964035630344,0.0011173010562160039,0.0007616816134713657,8.668048375919262e-05,7.749446416727416e-05,0.0006367092768032524,0.00010775549088537125
2735.470941883768,0.8683118290415802,0.042646512056763675,0.05384186339400777,0.02864533470064101,0.0010883643470003582,0.004305035813141484,0.0011610606468588143,0.028835788624170182,0.023019849106626716,0.01730556429016999,0.007950691719679949,0.050047944248493785,0.004528332969272493,0.00020245517280895558,0.001619082407286099,0.00010662575478173126,1.505096875833891e-05,0.0001998871264267652,9.404234121893918e-05
2741.482965931864,0.8683633251166376,0.054842273098431704,0.044797555648927186,0.02511190139166176,0.000991856365698282,0.004770030869912726,0.0011230575087243697,0.031429733847889364,0.013315610442324493,0.01660498487166731,0.01045696781705464,0.04844238857240722,0.011386989332013006,0.003923194416757619,0.0014482487136104154,0.0003811972595367723,5.90935546445399e-05,0.0002186843391606446,5.465102858883086e-05
2747.49498997996,0.8684533172419824,0.0421693345473028,0.05455619017127952,0.028630355725559564,0.0012020732867617653,0.003988615959365595,0.0010001130677420977,0.03443651762000343,0.008808834698062748,0.02047693440486061,0.011877847934024558,0.04064292061048706,0.015303627490572928,0.00039768209579588534,0.0009878719225894469,0.0005659084638346642,4.6735694376552004e-05,1.4434705720640423e-05,1.3682275030846413e-06
2753.507014028056,0.8685367190563459,0.05701471370420819,0.04583123147851682,0.022260460702241056,0.0006623051156208368,0.0047147301513307885,0.000979839791730129,0.04158522623207893,0.006924653031268761,0.021932676708882423,0.010898578322779793,0.03420473764307093,0.01591740900556699,0.0057010728603020255,0.0004493454152140249,0.0003171738481507511,1.720855859189297e-06,0.00036119660522654405,6.144978910596959e-05
2759.519038076152,0.8686299442844349,0.04240899374914376,0.05565690986107831,0.027212041994118544,0.0011809755125263247,0.0038655822574555445,0.0010455523412361844,0.0488950641311918,0.007064667554019576,0.01744382982238907,0.010760274154778114,0.029523749406890773,0.017682470646289326,0.00033985999450832923,0.000841532536849254,0.00048064084790388014,5.479857059452115e-06,6.515032627200964e-05,1.9172075400609776e-05
2765.531062124249,0.8687796994505049,0.06074697319037357,0.044733998708563746,0.019708542876308535,0.000620755621473112,0.004578876369735708,0.0008311537830340682,0.05418183620790636,0.01454091205935197,0.019640273312233576,0.009702431653524956,0.02415799559772,0.008996851718751869,0.01673438004397238,0.0011583005918889867,0.0005180143367923261,5.21418710264627e-05,0.00020095264456758972,8.220877976496604e-05
2771.543086172345,0.8689781350329973,0.04511967664762643,0.0523058712677975,0.02744914164583366,0.0010444833648927667,0.00390917495603506,0.0011935170848110215,0.05414652025236667,0.02308680296386442,0.022681048725982582,0.007159862355052316,0.019819349440405323,0.0041282812293251215,0.00024176676188692118,0.0005285449296239429,0.0018573041735055204,4.456821366846841e-05,5.219209827118476e-05,0.0001358588464838806
2777.555110220441,0.8691234170444074,0.06118695502412404,0.04335624954792407,0.01992541474368593,0.0009739286576413307,0.0044594780918376965,0.000974556890372976,0.05102121926861705,0.026979698279900374,0.023260894662202148,0.006736812005099387,0.013899668763801644,0.008978289975965432,0.008923462790488803,0.0005848480357393106,0.001120932160420651,7.111316461654279e-05,0.00021355461962657295,3.833327340994402e-05
2783.567134268537,0.8692773507857529,0.04560327258104842,0.050570282629404134,0.028243822100543967,0.0008399668277082161,0.004476051715239727,0.0009892533602958264,0.057855384016035315,0.012402851586612385,0.024792619376820788,0.005690621740151137,0.011651367122024449,0.01832980537259622,0.0012348847407067003,0.0009880454378465454,0.0015725773615828825,1.630216293247945e-05,0.00010969316379023658,1.3676746053680174e-05
2789.5791583166333,0.8694335639079523,0.058442557513234315,0.04453497605813522,0.021285712368781576,0.0009200582319889576,0.004182133781956806,0.001200998137943872,0.06483552380405326,0.0027900418422263555,0.01963731819087757,0.004050789893912161,0.009165966003374848,0.03008679635759654,0.0152625357575626,3.505625057007623e-05,0.0018503440364905218,1.1961978678365816e-05,0.00022503823086579864,0.00011538798542725679
2795.5911823647293,0.8696309880027784,0.04258236723677551,0.05232838408759275,0.029066035861727575,0.0007850352317206998,0.00453305249579887,0.0010741370835993464,0.061008279112337784,0.009853546678294058,0.023029232940540097,0.005479968875260064,0.007169168161055382,0.02382881622972736,0.0006549870958156117,0.00030898039783170425,0.0013000477299446869,4.0031867665152295e-05,4.451134726376639e-05,0.000160540370859882
2801.603206412826,0.8697702261057059,0.05653619121784235,0.04514268150107721,0.021971699598205486,0.000888117902476141,0.0046102920679838115,0.0010807916067022397,0.06568483769657893,0.015022157355741238,0.025622180747650925,0.006565722243764767,0.005641202349468584,0.011693673501082793,0.01608515670523778,0.001115658827787224,0.0006553344211360466,2.070557315498142e-06,0.00022190019157213283,7.908135121517692e-05
2807.615230460922,0.8700524067061792,0.03889201866026435,0.05529775730736119,0.029536529214543885,0.0007829199911331308,0.004341533452870618,0.0010968346676406514,0.06956369921623455,0.019393606107472622,0.02285538335804986,0.005824225708477905,0.0050363091320880715,0.007274369771490794,0.0014051456120353298,0.002878744712292258,0.0012497078167360148,1.5285222352739333e-05,0.00010191156972100283,4.786336442884472e-05
2813.6272545090183,0.8702694868261402,0.05368822892277517,0.04512910645326651,0.024562482090293797,0.0007387019691528613,0.004391634957071215,0.0012203587812934776,0.0670456946870259,0.018519647674323382,0.02190232130920329,0.008781583684261714,0.008182968017557898,0.005298297801480859,0.016544183459743348,0.0010699542078272475,0.0007915955509792687,2.7994747282655552e-05,0.00025331755611766524,9.985819065598426e-05
2819.6392785571143,0.870447961683818,0.04074773810848225,0.050388249679246704,0.03198641786956714,0.0009413869995517187,0.0044434915111308815,0.0010447541481964345,0.06207937543793521,0.016692997751263854,0.02147701226147991,0.010880870730780532,0.008518546499570961,0.009903235635144654,8.620311506159141e-05,0.0005376384410485795,0.0016450612895094082,8.958245360795173e-06,2.3080796211774476e-05,8.659010803982932e-06
2825.6513026052103,0.8705195011898862,0.05074823215255971,0.043295343997587464,0.02888867523455743,0.0006868144279782643,0.004818777322953296,0.0010426556744704636,0.05754359965614732,0.012398899331414852,0.02308994741680188,0.009470495044556387,0.00995897707467107,0.017018580286515126,0.008706292503819772,2.0288538303270966e-05,0.0004128618527223645,1.956203692846537e-05,0.00012316264963160687,2.1775779696847008e-05
2831.6633266533063,0.8706625613392177,0.03753406168192629,0.0511970587068078,0.03412568130549315,0.001028549271502959,0.004168761673627212,0.0012833260214178575,0.05496816644258351,0.004317099336489274,0.02474925602413331,0.011176117809426424,0.015508511061382933,0.0186182879867598,0.0012891428732624795,0.0007952811426036787,0.0004956922331192939,1.1720277742385742e-05,3.9153153024223605e-05,5.161544924172245e-05
2837.6753507014027,0.8707550985502385,0.04578430160046162,0.04274404045928312,0.03361785673110301,0.0007212414097335059,0.005476497610037437,0.0009009636391358156,0.05003754053718324,0.011760171330635654,0.019725801109444545,0.011229963948419432,0.01915125198182087,0.017340172542250773,0.006043857683259697,0.0005692608547625043,0.0003700674116841979,7.759961771747419e-06,0.000531797552765494,2.591404083127597e-05
2843.687374749499,0.8708352293091042,0.03743365909837456,0.049698320598802206,0.03526926099729962,0.0010375690363545315,0.004460669896288703,0.001265291063769155,0.04743916741462282,0.020751290435279422,0.019444698841840243,0.007862997982699297,0.02457500625419327,0.009091609762253728,0.001273987931376608,7.882876566214871e-05,0.00012328975607775157,1.6478222712228895e-05,8.994026646361111e-06,5.4950346355095565e-05
2849.699398797595,0.8708795791223455,0.04082580305248564,0.044641436080158,0.03691118281951449,0.0010297046271130238,0.0046733022767646735,0.0010389920216117687,0.049291059331071745,0.020953154680802055,0.020075675729126666,0.007778825916918215,0.025558118548431135,0.005463586671297781,0.0056192422276507385,0.00105392502889071,3.792117868225405e-05,5.869758558500727e-05,6.164525139149384e-05,5.186210052492773e-05
2855.7114228456912,0.8710280348820949,0.0353270800938094,0.051590363144944376,0.03521238340867559,0.0008419735787234322,0.005010217606126964,0.0009899472856184576,0.04058255785248314,0.018545648682136193,0.022040871692808165,0.008290783337885958,0.031901607554431215,0.007610495998153562,0.0030461582898304576,0.0020175051056624603,0.00013082535614204822,3.138717187773514e-05,0.0001345611560674419,1.8052788384562213e-05
2861.7234468937872,0.8710933393156594,0.03636210046329863,0.045114928018505064,0.03995434951103976,0.0013234597732261102,0.004840394356033848,0.0013114285622299418,0.03596060706481282,0.009849389208129177,0.02154107159435062,0.005556501795428167,0.040695878514973194,0.015303212506639373,0.002550361047068988,0.0005199365855489502,0.0002502776630103073,9.328146895993453e-06,0.0002454565455371153,4.5813631237514147e-05
2867.7354709418837,0.8711580498394722,0.03441238668252501,0.05099706473491387,0.03610535142880612,0.0010677402699423404,0.0051483590532210525,0.0011110479911120724,0.03414485213063757,0.005986929019422261,0.017034076785707376,0.00527822889799713,0.04143039857367408,0.024967464753082053,0.0023254101382160657,0.00019768911331622709,0.0003115366951341495,2.507989340073092e-06,0.00010759578796951956,4.103073409035962e-05
2873.74749498998,0.8712127645580662,0.033904746802434355,0.043686527651650923,0.04393068430644749,0.0014864515159882035,0.0044192446068999185,0.0013595805585054613,0.02677113582802352,0.0060511504381227125,0.018917076376678364,0.006860513741412801,0.046216266404829745,0.0239710926528592,0.003321106820629841,0.0009321959402442997,8.590797119197594e-05,5.52847352028431e-05,0.0001574144750608841,3.425524327345627e-05
2879.759519038076,0.8712972152067587,0.03355408946080074,0.05013392490336663,0.03693093147166375,0.0012655258272930075,0.005407343809215652,0.0014109693208937903,0.02353601559105104,0.014622407815116183,0.02045003191758042,0.006092537083821278,0.0499957040491231,0.014006088336541562,0.0006293801494104339,0.001078502099143163,0.0002817124748071578,8.774965146454322e-06,0.00013741756386322535,8.12350926711674e-05
2885.771543086172,0.871323512524764,0.0334572200412526,0.041442611637846155,0.04560244547651654,0.0018065043926435015,0.004584341287973711,0.0017833646389958226,0.021517768488657,0.020433544231829102,0.01921078811271295,0.005883475103566571,0.05497856260966082,0.006652348928801871,0.00016564039345995916,0.0009355570262072367,0.0003432907628401181,2.408726450133812e-05,0.00041386461828005514,3.118243526427659e-05
2891.7835671342687,0.8713849064503669,0.034838303277371786,0.04935135622804472,0.036450168386527516,0.0015323323560744173,0.004879407299801855,0.0015635260018049147,0.019241267947011812,0.021031783190775487,0.018925809075121376,0.007715326659189774,0.05663382279587243,0.005067083881654331,0.004465327879251881,3.729144265071916e-05,9.490710977337381e-05,3.8641541954560234e-05,0.0002479363683359443,6.693301605600226e-05
2897.7955911823647,0.8714310268294753,0.03281600136509184,0.041904838803948435,0.04569385219782256,0.001831274910797445,0.00446060235537458,0.0018624035374819336,0.021192130931629843,0.017260515149441772,0.016598156831864715,0.00836094243625639,0.052018989992448694,0.013138237828875384,0.0008483220150890102,0.00020997236362003206,0.0006774845770125983,3.2379204162689545e-05,0.00010776361609273394,2.8635627626448693e-05
2903.8076152304607,0.8715028670214974,0.032325184025278675,0.0511877237270448,0.0363245543488339,0.0018966524001322869,0.004832392821724534,0.0019306256554805685,0.01935434020847554,0.007799197671267811,0.017948303002723327,0.0075100809030426135,0.057034520250659825,0.018850690942325655,0.002453855742462797,0.0009253895704334984,0.00022568295258001834,7.95423395771317e-06,0.00013479184315432375,2.1840794599858274e-05
2909.819639278557,0.8715487662247798,0.03438391263178805,0.04128291566023371,0.04428369326485351,0.002010504252476609,0.004927118456387511,0.0015630895094731155,0.018041487590813473,0.005750213051565456,0.020051718184074786,0.008672518442890033,0.057063814835359446,0.018871481670509324,0.0003404578844172465,0.00028001959844638577,0.0008334375210446169,0.00020135083747605732,0.00045394934762354685,8.059847159595184e-05
2915.8316633266536,0.8716261711790174,0.032478736366431386,0.05105795367390313,0.03614497329577124,0.0019874105034251464,0.004544322581930073,0.002160432399514064,0.019850685705255642,0.008971203967245427,0.01579949718806192,0.008929207152628304,0.05701969042020715,0.017803544387576593,0.004162612051652324,0.0001342012895692285,0.0008691436475574297,2.0994866378176787e-06,0.00013553857332094897,0.00022928484688935268
2921.8436873747496,0.8716913922696147,0.037833188322894486,0.03962131810744952,0.04210767315278437,0.0021732370826803697,0.004846475618643104,0.0017267154459258511,0.022480008569790565,0.018339561160201343,0.015951207996264555,0.007567868933378138,0.054214188692325624,0.009755772378417469,0.0013972301244812623,0.001500291125533046,0.0007055651958288306,3.970508720755488e-06,0.00011001210163127909,3.868587783886998e-05
2927.8557114228456,0.8717833652135166,0.032829198385170816,0.051053863927149605,0.03510773052520174,0.00249730281286847,0.004648943523718868,0.002079595612366167,0.02615245037256652,0.02306787042237643,0.014294591291405357,0.0077590825094142135,0.05115062909456972,0.005792011096143425,0.003705592720905713,0.0017592519619021147,0.00020982571393067908,0.00012072223176703274,0.0004420557394667532,0.00021367333485089706
2933.8677354709416,0.8718960707462015,0.039112162014271326,0.041583149326647695,0.03837351724348426,0.00219309805536918,0.0049807662555303505,0.0018612363584882597,0.028854372260272917,0.015672396980685028,0.015327421247393388,0.008808838041606282,0.05190906982842933,0.007531830895404133,0.0007632059709797954,0.0011652111832232718,0.0007293613253252861,0.000123443806287582,0.00038097056130275136,5.718774363443927e-05
2939.879759519038,0.8719732102657832,0.033823926926391815,0.050170503463716765,0.035134110536065445,0.002361452954597734,0.004598831698699237,0.0019379641547383928,0.03172326224372205,0.012731889457022165,0.01511853633794587,0.008300025016150837,0.04710247279606293,0.01305060388330554,0.005230586259039196,3.9956797826265226e-05,0.0009283555037589682,8.868268795867592e-06,0.00010980661889358045,0.0001279580552993141
2945.8917835671346,0.8720626405306929,0.04045461708995911,0.04310754765122375,0.035116363587697055,0.0020795764381424434,0.005121261688092463,0.002057993014184953,0.039527930978907305,0.006182386155816187,0.011784319605151005,0.007479181286106751,0.04094859003127693,0.02201495141204158,0.0008317021433413526,0.0003787423828330279,0.0014349714163223492,4.3864885007719865e-05,0.00025650488286738164,0.00020914714303796073
2951.9038076152306,0.8721430002132324,0.03590741171507336,0.04864977930299707,0.03408687976061228,0.0024905047930793307,0.004644211950021354,0.002078212264977138,0.04492811552668961,0.005027632292551418,0.011181247311831738,0.007773470620916186,0.03796898390054909,0.020977550134222478,0.007860734591121934,0.0005707941587970112,9.485917147755558e-05,3.800282717497977e-05,0.00036431772547968947,2.97234960294773e-05
2957.9158316633266,0.8722719850929113,0.04386117590461145,0.04257837241130245,0.03212129730562386,0.0019373011792122924,0.005027181972165604,0.002202686134166068,0.04691910262923243,0.015031561224510189,0.01138441458559383,0.008028460974400305,0.03292086288656805,0.013443612606776897,0.0005839298780076337,0.0010285697854621972,0.00013900693284522606,6.41989949928225e-05,2.4703270463752554e-05,0.00010638226689384299
2963.927855711423,0.8723299860941937,0.03995890432175518,0.04432724410353894,0.033804082652747904,0.002513412883609543,0.004891573877116669,0.00217479606703098,0.045984890349911066,0.023080380567927602,0.008909256570155835,0.0065017866784245325,0.03439978331270542,0.008793916426674772,0.003416561950585116,0.00012797260752331566,0.0002537916457654421,5.269771970222959e-05,0.000428037781017219,5.126888309358747e-05
2969.939879759519,0.8723787118616421,0.04656260424560265,0.04137485190054154,0.02987670296759568,0.00210318387495505,0.005308706604221828,0.002395238545433837,0.05075941843594336,0.02564699742054295,0.009966813403108852,0.006204005966226264,0.02895364651916479,0.006090406393364378,0.0007702454475131044,0.0009690989826602858,0.000410168470008152,3.085065539342807e-05,0.0003926911603374447,0.0001635530681086635
2975.951903807615,0.8724434891320142,0.03906252697211199,0.04540395730735279,0.033728094428629396,0.002582493930293924,0.00432169283904127,0.0024577453905491064,0.05872844438506678,0.01342918670520337,0.0069904314636650994,0.006522853502682437,0.026440364705001884,0.015445230106358902,0.0033098962511135714,0.0010197747140599418,3.9249561577384275e-05,1.6000231266730288e-06,6.188442784404327e-05,5.500773681031584e-05
2981.9639278557115,0.8725325019906104,0.043360981073401174,0.04606246655426394,0.028650130217300562,0.0019401040708882469,0.005616092663567265,0.0018377234299611215,0.0627045830221658,0.006685412064996102,0.007283762226989723,0.0055525842048257884,0.023926560862663367,0.021314595627741514,0.0040760466882561385,0.0008276494598003116,1.9092145390665103e-05,2.46484693219115e-05,0.00010430734351252668,4.909033864431884e-05
2987.9759519038075,0.8726332719638016,0.037515728391863734,0.045905738041463764,0.03426835555244658,0.0025661888563641277,0.0047131001800797614,0.0023976170139732586,0.06245449824620902,0.008100660443647448,0.00973847043820938,0.0060040881411217075,0.02231879649164067,0.01875021427536299,0.003874242733842161,0.0001680856081504027,0.0004165150428674406,0.0001414978002983651,0.000665523103489671,1.8765697513232385e-05
2993.987975951904,0.8727341719030602,0.04328448435086246,0.0471616686104606,0.027665473087564126,0.0020947743798924658,0.0053193312597074535,0.0017400964084455612,0.06455192019689812,0.0076084995586134145,0.0065415768461410066,0.0074343051073999305,0.02257410614435739,0.01855542024352281,0.0054250807905421375,0.0012014465914750075,0.00014164788511663264,9.217926446155033e-05,0.00022225061230742276,5.516954133699434e-05
3000.0,0.8728752462224667,0.038531192925527744,0.04515295994925465,0.034518245252133206,0.0021491456120872944,0.00440101515840868,0.0023721948801145817,0.06763346851157304,0.015083058579312556,0.00640746841207985,0.006895818441183049,0.018591966736394416,0.01251297309698326,0.0039298646375983196,0.0017109864476834967,0.00019357573067797605,1.348098006067627e-05,7.341483381640328e-05,0.0004924765725239336
